CO_MUNICIPIO,NO_MUNICIPIO,SG_UF,MES_REFERENCIA,QT_FAMILIAS_POBREZA_FAIXA_PBF,QT_FAMILIAS_ATE_MEIO_SM,QT_FAMILIAS_ACIMA_MEIO_SM
120001,ACRELÂNDIA,AC,08/2026,1911,2864,1444
120005,ASSIS BRASIL,AC,08/2026,1830,2385,558
120010,BRASILÉIA,AC,08/2026,5087,6309,2006
120013,BUJARI,AC,08/2026,1757,2703,1135
120017,CAPIXABA,AC,08/2026,1768,2460,1289
120020,CRUZEIRO DO SUL,AC,08/2026,13266,17567,4186
120025,EPITACIOLÂNDIA,AC,08/2026,2412,3476,1335
120030,FEIJÓ,AC,08/2026,5446,7470,1315
120032,JORDÃO,AC,08/2026,1660,2014,345
120033,MÂNCIO LIMA,AC,08/2026,4570,5357,895
120034,MANOEL URBANO,AC,08/2026,2436,3130,981
120035,MARECHAL THAUMATURGO,AC,08/2026,3372,4135,811
120038,PLÁCIDO DE CASTRO,AC,08/2026,1860,2792,1294
120039,PORTO WALTER,AC,08/2026,2195,2578,441
120040,RIO BRANCO,AC,08/2026,39639,57364,26791
120042,RODRIGUES ALVES,AC,08/2026,2819,3537,786
120043,SANTA ROSA DO PURUS,AC,08/2026,1019,1340,421
120045,SENADOR GUIOMARD,AC,08/2026,3003,4173,1939
120050,SENA MADUREIRA,AC,08/2026,8496,10944,2681
120060,TARAUACÁ,AC,08/2026,8451,10622,2338
120070,XAPURI,AC,08/2026,2546,3649,1364
120080,PORTO ACRE,AC,08/2026,4334,5293,1920
270010,ÁGUA BRANCA,AL,08/2026,2844,3889,1526
270020,ANADIA,AL,08/2026,3627,4221,1253
270030,ARAPIRACA,AL,08/2026,26095,35566,13396
270040,ATALAIA,AL,08/2026,5831,7806,3254
270050,BARRA DE SANTO ANTÔNIO,AL,08/2026,4065,4689,1583
270060,BARRA DE SÃO MIGUEL,AL,08/2026,1185,1756,819
270070,BATALHA,AL,08/2026,4622,5271,1374
270080,BELÉM,AL,08/2026,715,984,571
270090,BELO MONTE,AL,08/2026,1703,1929,453
270100,BOCA DA MATA,AL,08/2026,4690,5679,2088
270110,BRANQUINHA,AL,08/2026,1746,2356,1185
270120,CACIMBINHAS,AL,08/2026,1574,2195,694
270130,CAJUEIRO,AL,08/2026,3570,4414,1737
270135,CAMPESTRE,AL,08/2026,1361,1668,630
270140,CAMPO ALEGRE,AL,08/2026,5263,6649,3066
270150,CAMPO GRANDE,AL,08/2026,2844,3093,629
270160,CANAPI,AL,08/2026,3535,4314,912
270170,CAPELA,AL,08/2026,1743,2522,1073
270180,CARNEIROS,AL,08/2026,2123,2535,716
270190,CHÃ PRETA,AL,08/2026,2180,2384,633
270200,COITÉ DO NÓIA,AL,08/2026,2026,2549,907
270210,COLÔNIA LEOPOLDINA,AL,08/2026,4576,5163,1401
270220,COQUEIRO SECO,AL,08/2026,932,1257,536
270230,CORURIPE,AL,08/2026,8856,11133,4567
270235,CRAÍBAS,AL,08/2026,5489,6703,2109
270240,DELMIRO GOUVEIA,AL,08/2026,7994,10798,4762
270250,DOIS RIACHOS,AL,08/2026,2629,3153,1136
270255,ESTRELA DE ALAGOAS,AL,08/2026,3420,4153,1744
270260,FEIRA GRANDE,AL,08/2026,4627,5616,1368
270270,FELIZ DESERTO,AL,08/2026,666,893,373
270280,FLEXEIRAS,AL,08/2026,2082,2808,1488
270290,GIRAU DO PONCIANO,AL,08/2026,7624,8821,1862
270300,IBATEGUARA,AL,08/2026,2445,3116,1409
270310,IGACI,AL,08/2026,4162,5538,2086
270320,IGREJA NOVA,AL,08/2026,3639,4873,2191
270330,INHAPI,AL,08/2026,4000,4720,1334
270340,JACARÉ DOS HOMENS,AL,08/2026,1305,1510,583
270350,JACUÍPE,AL,08/2026,1112,1447,758
270360,JAPARATINGA,AL,08/2026,2878,3288,966
270370,JARAMATAIA,AL,08/2026,983,1275,382
270375,JEQUIÁ DA PRAIA,AL,08/2026,2736,3203,1021
270380,JOAQUIM GOMES,AL,08/2026,4346,5216,1981
270390,JUNDIÁ,AL,08/2026,951,1136,453
270400,JUNQUEIRO,AL,08/2026,3451,5008,1933
270410,LAGOA DA CANOA,AL,08/2026,3785,4777,1705
270420,LIMOEIRO DE ANADIA,AL,08/2026,6209,7212,1682
270430,MACEIÓ,AL,08/2026,107676,151186,81176
270440,MAJOR ISIDORO,AL,08/2026,2799,3777,1506
270450,MARAGOGI,AL,08/2026,6292,7744,2201
270460,MARAVILHA,AL,08/2026,2552,3036,1393
270470,MARECHAL DEODORO,AL,08/2026,8845,11610,4639
270480,MARIBONDO,AL,08/2026,1970,2599,1125
270490,MAR VERMELHO,AL,08/2026,529,730,271
270500,MATA GRANDE,AL,08/2026,4098,4803,988
270510,MATRIZ DE CAMARAGIBE,AL,08/2026,4205,5258,1912
270520,MESSIAS,AL,08/2026,2001,3084,1520
270530,MINADOR DO NEGRÃO,AL,08/2026,1074,1302,548
270540,MONTEIRÓPOLIS,AL,08/2026,1628,1996,686
270550,MURICI,AL,08/2026,3641,5242,2656
270560,NOVO LINO,AL,08/2026,2233,2702,1071
270570,OLHO DÁGUA DAS FLORES,AL,08/2026,3670,4548,1802
270580,OLHO DÁGUA DO CASADO,AL,08/2026,2134,2549,903
270590,OLHO DÁGUA GRANDE,AL,08/2026,1119,1312,260
270600,OLIVENÇA,AL,08/2026,2447,2873,639
270610,OURO BRANCO,AL,08/2026,2689,3233,819
270620,PALESTINA,AL,08/2026,997,1207,439
270630,PALMEIRA DOS ÍNDIOS,AL,08/2026,13946,17041,5484
270640,PÃO DE AÇÚCAR,AL,08/2026,3867,5061,1980
270642,PARICONHA,AL,08/2026,2044,2814,1035
270644,PARIPUEIRA,AL,08/2026,2344,3294,1085
270650,PASSO DE CAMARAGIBE,AL,08/2026,2493,3227,1256
270660,PAULO JACINTO,AL,08/2026,1371,1731,520
270670,PENEDO,AL,08/2026,12580,15894,7321
270680,PIAÇABUÇU,AL,08/2026,5570,6079,1502
270690,PILAR,AL,08/2026,6605,8557,4003
270700,PINDOBA,AL,08/2026,382,508,212
270710,PIRANHAS,AL,08/2026,4341,5666,1838
270720,POÇO DAS TRINCHEIRAS,AL,08/2026,2944,3515,993
270730,PORTO CALVO,AL,08/2026,4182,5420,2260
270740,PORTO DE PEDRAS,AL,08/2026,1804,2267,709
270750,PORTO REAL DO COLÉGIO,AL,08/2026,5032,5816,1381
270760,QUEBRANGULO,AL,08/2026,2002,2628,1043
270770,RIO LARGO,AL,08/2026,13088,18461,10357
270780,ROTEIRO,AL,08/2026,1573,1903,533
270790,SANTA LUZIA DO NORTE,AL,08/2026,1423,1693,631
270800,SANTANA DO IPANEMA,AL,08/2026,7853,10042,3704
270810,SANTANA DO MUNDAÚ,AL,08/2026,2088,2722,1354
270820,SÃO BRÁS,AL,08/2026,1419,1760,574
270830,SÃO JOSÉ DA LAJE,AL,08/2026,3007,3920,1828
270840,SÃO JOSÉ DA TAPERA,AL,08/2026,5473,7127,2468
270850,SÃO LUÍS DO QUITUNDE,AL,08/2026,6030,7150,2162
270860,SÃO MIGUEL DOS CAMPOS,AL,08/2026,8675,11117,5466
270870,SÃO MIGUEL DOS MILAGRES,AL,08/2026,1500,2060,1047
270880,SÃO SEBASTIÃO,AL,08/2026,6298,7835,2596
270890,SATUBA,AL,08/2026,2154,3217,1430
270895,SENADOR RUI PALMEIRA,AL,08/2026,2834,3430,960
270900,TANQUE DARCA,AL,08/2026,996,1283,536
270910,TAQUARANA,AL,08/2026,3574,4463,1615
270915,TEOTÔNIO VILELA,AL,08/2026,5802,7975,3821
270920,TRAIPU,AL,08/2026,4105,5390,1996
270930,UNIÃO DOS PALMARES,AL,08/2026,9646,13383,7068
270940,VIÇOSA,AL,08/2026,4599,5697,2055
130002,ALVARÃES,AM,08/2026,3107,3940,943
130006,AMATURÁ,AM,08/2026,2410,3232,1175
130008,ANAMÃ,AM,08/2026,2583,3129,776
130010,ANORI,AM,08/2026,4124,4621,1224
130014,APUÍ,AM,08/2026,1901,3002,1800
130020,ATALAIA DO NORTE,AM,08/2026,1721,2626,829
130030,AUTAZES,AM,08/2026,15834,17670,4142
130040,BARCELOS,AM,08/2026,2998,4054,1305
130050,BARREIRINHA,AM,08/2026,5545,7196,1681
130060,BENJAMIN CONSTANT,AM,08/2026,7176,8892,1974
130063,BERURI,AM,08/2026,5506,6251,1437
130068,BOA VISTA DO RAMOS,AM,08/2026,3596,4330,913
130070,BOCA DO ACRE,AM,08/2026,5879,7506,2416
130080,BORBA,AM,08/2026,6287,7781,1847
130083,CAAPIRANGA,AM,08/2026,2345,2895,792
130090,CANUTAMA,AM,08/2026,2991,3878,1240
130100,CARAUARI,AM,08/2026,5899,7292,1701
130110,CAREIRO,AM,08/2026,5308,7097,3052
130115,CAREIRO DA VÁRZEA,AM,08/2026,4065,5157,1535
130120,COARI,AM,08/2026,14003,17520,4706
130130,CODAJÁS,AM,08/2026,3745,5032,1652
130140,EIRUNEPÉ,AM,08/2026,5882,7477,1727
130150,ENVIRA,AM,08/2026,4003,4791,952
130160,FONTE BOA,AM,08/2026,7007,7851,1137
130165,GUAJARÁ,AM,08/2026,3135,3830,539
130170,HUMAITÁ,AM,08/2026,12052,14233,5531
130180,IPIXUNA,AM,08/2026,4732,5228,491
130185,IRANDUBA,AM,08/2026,13542,16840,6174
130190,ITACOATIARA,AM,08/2026,13608,19360,7287
130195,ITAMARATI,AM,08/2026,1921,2636,511
130200,ITAPIRANGA,AM,08/2026,1757,2527,1184
130210,JAPURÁ,AM,08/2026,1334,1842,484
130220,JURUÁ,AM,08/2026,2915,3230,949
130230,JUTAÍ,AM,08/2026,4587,5801,929
130240,LÁBREA,AM,08/2026,12228,14105,4156
130250,MANACAPURU,AM,08/2026,19233,25021,6477
130255,MANAQUIRI,AM,08/2026,3928,4720,1837
130260,MANAUS,AM,08/2026,262809,362470,155863
130270,MANICORÉ,AM,08/2026,7095,10191,3407
130280,MARAÃ,AM,08/2026,2794,3671,685
130290,MAUÉS,AM,08/2026,13876,16021,4974
130300,NHAMUNDÁ,AM,08/2026,4145,4965,1587
130310,NOVA OLINDA DO NORTE,AM,08/2026,5528,6958,2268
130320,NOVO AIRÃO,AM,08/2026,1998,3170,1252
130330,NOVO ARIPUANÃ,AM,08/2026,3890,4727,1477
130340,PARINTINS,AM,08/2026,20299,24654,6923
130350,PAUINI,AM,08/2026,2912,3851,628
130353,PRESIDENTE FIGUEIREDO,AM,08/2026,5052,6790,3148
130356,RIO PRETO DA EVA,AM,08/2026,3038,4406,1501
130360,SANTA ISABEL DO RIO NEGRO,AM,08/2026,2274,2887,681
130370,SANTO ANTÔNIO DO IÇÁ,AM,08/2026,3524,5575,1322
130380,SÃO GABRIEL DA CACHOEIRA,AM,08/2026,7580,10184,1635
130390,SÃO PAULO DE OLIVENÇA,AM,08/2026,7005,8456,1926
130395,SÃO SEBASTIÃO DO UATUMÃ,AM,08/2026,2354,2777,870
130400,SILVES,AM,08/2026,2011,2580,911
130406,TABATINGA,AM,08/2026,9793,13437,3562
130410,TAPAUÁ,AM,08/2026,4014,5449,1487
130420,TEFÉ,AM,08/2026,11395,15971,5321
130423,TONANTINS,AM,08/2026,3357,4337,916
130426,UARINI,AM,08/2026,3849,4258,978
130430,URUCARÁ,AM,08/2026,3487,4262,1354
130440,URUCURITUBA,AM,08/2026,4735,5411,1436
160005,SERRA DO NAVIO,AP,08/2026,733,977,554
160010,AMAPÁ,AP,08/2026,1954,2297,574
160015,PEDRA BRANCA DO AMAPARI,AP,08/2026,2439,3013,1077
160020,CALÇOENE,AP,08/2026,1891,2460,858
160021,CUTIAS,AP,08/2026,943,1264,500
160023,FERREIRA GOMES,AP,08/2026,863,1282,561
160025,ITAUBAL,AP,08/2026,2352,2568,680
160027,LARANJAL DO JARI,AP,08/2026,7057,8843,3689
160030,MACAPÁ,AP,08/2026,68625,89753,35563
160040,MAZAGÃO,AP,08/2026,5070,6364,1897
160050,OIAPOQUE,AP,08/2026,6605,8844,3095
160053,PORTO GRANDE,AP,08/2026,3658,4525,1760
160055,PRACUÚBA,AP,08/2026,1163,1309,267
160060,SANTANA,AP,08/2026,17260,23815,9998
160070,TARTARUGALZINHO,AP,08/2026,2745,3502,1376
160080,VITÓRIA DO JARI,AP,08/2026,2223,2898,844
290010,ABAÍRA,BA,08/2026,1678,2043,1312
290020,ABARÉ,BA,08/2026,4015,4911,1286
290030,ACAJUTIBA,BA,08/2026,2998,3691,1395
290035,ADUSTINA,BA,08/2026,3193,3902,1412
290040,ÁGUA FRIA,BA,08/2026,4826,5366,1832
290050,ÉRICO CARDOSO,BA,08/2026,1295,1751,831
290060,AIQUARA,BA,08/2026,851,1110,694
290070,ALAGOINHAS,BA,08/2026,23669,31030,14172
290080,ALCOBAÇA,BA,08/2026,4395,5995,2702
290090,ALMADINA,BA,08/2026,1320,1520,1022
290100,AMARGOSA,BA,08/2026,4865,7538,3813
290110,AMÉLIA RODRIGUES,BA,08/2026,2860,4330,2383
290115,AMÉRICA DOURADA,BA,08/2026,2807,3741,1428
290120,ANAGÉ,BA,08/2026,5585,6453,2534
290130,ANDARAÍ,BA,08/2026,2415,3166,1452
290135,ANDORINHA,BA,08/2026,3317,3983,2196
290140,ANGICAL,BA,08/2026,2756,3286,1513
290150,ANGUERA,BA,08/2026,2188,2589,1120
290160,ANTAS,BA,08/2026,2728,3160,857
290170,ANTÔNIO CARDOSO,BA,08/2026,2445,2952,1138
290180,ANTÔNIO GONÇALVES,BA,08/2026,2101,2514,1012
290190,APORÁ,BA,08/2026,3962,4630,1196
290195,APUAREMA,BA,08/2026,1542,1926,903
290200,ARACATU,BA,08/2026,2260,3149,1972
290205,ARAÇÁS,BA,08/2026,3091,3742,1376
290210,ARACI,BA,08/2026,11736,14073,4312
290220,ARAMARI,BA,08/2026,2430,2998,1264
290225,ARATACA,BA,08/2026,1871,2216,1208
290230,ARATUÍPE,BA,08/2026,2742,3181,612
290240,AURELINO LEAL,BA,08/2026,2612,3259,1285
290250,BAIANÓPOLIS,BA,08/2026,2553,3166,1330
290260,BAIXA GRANDE,BA,08/2026,4088,4809,1716
290265,BANZAÊ,BA,08/2026,1747,2588,1272
290270,BARRA,BA,08/2026,8612,10812,2959
290280,BARRA DA ESTIVA,BA,08/2026,4032,5406,1939
290290,BARRA DO CHOÇA,BA,08/2026,4289,7374,4301
290300,BARRA DO MENDES,BA,08/2026,2650,3304,1758
290310,BARRA DO ROCHA,BA,08/2026,1942,2107,942
290320,BARREIRAS,BA,08/2026,17045,25097,12804
290323,BARRO ALTO,BA,08/2026,2897,3549,1519
290327,BARROCAS,BA,08/2026,3263,4109,1805
290330,BARRO PRETO,BA,08/2026,1978,2167,860
290340,BELMONTE,BA,08/2026,4074,5051,2419
290350,BELO CAMPO,BA,08/2026,3334,4381,2048
290360,BIRITINGA,BA,08/2026,4141,4792,1756
290370,BOA NOVA,BA,08/2026,3171,3727,1984
290380,BOA VISTA DO TUPIM,BA,08/2026,4046,4765,1982
290390,BOM JESUS DA LAPA,BA,08/2026,9361,13117,5244
290395,BOM JESUS DA SERRA,BA,08/2026,2057,2696,1349
290400,BONINAL,BA,08/2026,2178,2818,1325
290405,BONITO,BA,08/2026,2843,3978,1464
290410,BOQUIRA,BA,08/2026,3599,4611,2442
290420,BOTUPORÃ,BA,08/2026,1771,2395,1185
290430,BREJÕES,BA,08/2026,2792,3354,1395
290440,BREJOLÂNDIA,BA,08/2026,1385,1895,1078
290450,BROTAS DE MACAÚBAS,BA,08/2026,2493,2908,1332
290460,BRUMADO,BA,08/2026,5316,9898,6934
290470,BUERAREMA,BA,08/2026,2793,3649,1965
290475,BURITIRAMA,BA,08/2026,4958,5970,2162
290480,CAATIBA,BA,08/2026,1237,1581,939
290485,CABACEIRAS DO PARAGUAÇU,BA,08/2026,3562,4406,1124
290490,CACHOEIRA,BA,08/2026,7036,8605,2561
290500,CACULÉ,BA,08/2026,1878,3243,1990
290510,CAÉM,BA,08/2026,2937,3286,1043
290515,CAETANOS,BA,08/2026,2452,3013,1031
290520,CAETITÉ,BA,08/2026,7585,10400,4866
290530,CAFARNAUM,BA,08/2026,3685,4463,1476
290540,CAIRU,BA,08/2026,3985,4895,1142
290550,CALDEIRÃO GRANDE,BA,08/2026,4100,4392,1096
290560,CAMACAN,BA,08/2026,3161,4624,3040
290570,CAMAÇARI,BA,08/2026,45505,58467,25423
290580,CAMAMU,BA,08/2026,6185,7978,2516
290590,CAMPO ALEGRE DE LOURDES,BA,08/2026,5172,6466,2076
290600,CAMPO FORMOSO,BA,08/2026,13811,17523,7411
290610,CANÁPOLIS,BA,08/2026,1575,2059,865
290620,CANARANA,BA,08/2026,4801,5881,2137
290630,CANAVIEIRAS,BA,08/2026,6941,8739,3328
290640,CANDEAL,BA,08/2026,1665,1986,1025
290650,CANDEIAS,BA,08/2026,13538,16308,5513
290660,CANDIBA,BA,08/2026,1993,2753,1530
290670,CÂNDIDO SALES,BA,08/2026,6316,7451,3623
290680,CANSANÇÃO,BA,08/2026,8164,10033,3712
290682,CANUDOS,BA,08/2026,3851,4665,1418
290685,CAPELA DO ALTO ALEGRE,BA,08/2026,2046,2644,1607
290687,CAPIM GROSSO,BA,08/2026,4825,6864,2767
290689,CARAÍBAS,BA,08/2026,1530,2153,1398
290690,CARAVELAS,BA,08/2026,3578,4809,2524
290700,CARDEAL DA SILVA,BA,08/2026,2521,2879,1026
290710,CARINHANHA,BA,08/2026,7235,8626,3001
290720,CASA NOVA,BA,08/2026,15679,19542,5866
290730,CASTRO ALVES,BA,08/2026,4572,6051,2343
290740,CATOLÂNDIA,BA,08/2026,690,828,350
290750,CATU,BA,08/2026,9880,12089,5752
290755,CATURAMA,BA,08/2026,1130,1577,791
290760,CENTRAL,BA,08/2026,2957,3929,1941
290770,CHORROCHÓ,BA,08/2026,2702,3063,889
290780,CÍCERO DANTAS,BA,08/2026,4895,6374,2750
290790,CIPÓ,BA,08/2026,3558,4367,1726
290800,COARACI,BA,08/2026,3651,4568,2828
290810,COCOS,BA,08/2026,3371,4223,1967
290820,CONCEIÇÃO DA FEIRA,BA,08/2026,3517,4617,1990
290830,CONCEIÇÃO DO ALMEIDA,BA,08/2026,2608,3494,1526
290840,CONCEIÇÃO DO COITÉ,BA,08/2026,10578,15540,6817
290850,CONCEIÇÃO DO JACUÍPE,BA,08/2026,6232,7957,3431
290860,CONDE,BA,08/2026,5681,6739,2111
290870,CONDEÚBA,BA,08/2026,2872,3827,2297
290880,CONTENDAS DO SINCORÁ,BA,08/2026,775,1158,569
290890,CORAÇÃO DE MARIA,BA,08/2026,6404,7584,2526
290900,CORDEIROS,BA,08/2026,1140,1681,1056
290910,CORIBE,BA,08/2026,3467,4052,1830
290920,CORONEL JOÃO SÁ,BA,08/2026,3222,4193,1179
290930,CORRENTINA,BA,08/2026,4562,6009,2732
290940,COTEGIPE,BA,08/2026,2671,3160,1303
290950,CRAVOLÂNDIA,BA,08/2026,937,1213,605
290960,CRISÓPOLIS,BA,08/2026,4488,5475,1568
290970,CRISTÓPOLIS,BA,08/2026,2061,2696,1086
290980,CRUZ DAS ALMAS,BA,08/2026,10403,13415,5426
290990,CURAÇÁ,BA,08/2026,7687,9371,2859
291000,DÁRIO MEIRA,BA,08/2026,1944,2507,1173
291005,DIAS DÁVILA,BA,08/2026,11816,15011,5953
291010,DOM BASÍLIO,BA,08/2026,1716,2480,1354
291020,DOM MACEDO COSTA,BA,08/2026,788,1085,507
291030,ELÍSIO MEDRADO,BA,08/2026,1227,1702,683
291040,ENCRUZILHADA,BA,08/2026,3797,4817,2278
291050,ENTRE RIOS,BA,08/2026,8386,10192,3826
291060,ESPLANADA,BA,08/2026,6301,7887,2851
291070,EUCLIDES DA CUNHA,BA,08/2026,13305,15941,5998
291072,EUNÁPOLIS,BA,08/2026,13031,20010,14252
291075,FÁTIMA,BA,08/2026,3751,4783,1429
291077,FEIRA DA MATA,BA,08/2026,850,1316,799
291080,FEIRA DE SANTANA,BA,08/2026,81693,115631,60056
291085,FILADÉLFIA,BA,08/2026,4364,5139,2117
291090,FIRMINO ALVES,BA,08/2026,1110,1400,747
291100,FLORESTA AZUL,BA,08/2026,1877,2293,1439
291110,FORMOSA DO RIO PRETO,BA,08/2026,3837,5114,2038
291120,GANDU,BA,08/2026,5049,6523,2511
291125,GAVIÃO,BA,08/2026,1424,1649,630
291130,GENTIO DO OURO,BA,08/2026,1890,2434,1195
291140,GLÓRIA,BA,08/2026,2206,3266,2507
291150,GONGOGI,BA,08/2026,1971,2169,1124
291160,GOVERNADOR MANGABEIRA,BA,08/2026,2901,4191,2069
291165,GUAJERU,BA,08/2026,1032,1442,1056
291170,GUANAMBI,BA,08/2026,11943,17967,10756
291180,GUARATINGA,BA,08/2026,5322,5978,2895
291185,HELIÓPOLIS,BA,08/2026,2736,3241,1034
291190,IAÇU,BA,08/2026,4330,5898,2373
291200,IBIASSUCÊ,BA,08/2026,1124,1792,1342
291210,IBICARAÍ,BA,08/2026,4966,5964,3476
291220,IBICOARA,BA,08/2026,3207,4464,1805
291230,IBICUÍ,BA,08/2026,2850,3448,1680
291240,IBIPEBA,BA,08/2026,2991,3648,1547
291250,IBIPITANGA,BA,08/2026,1648,2576,1365
291260,IBIQUERA,BA,08/2026,1264,1409,507
291270,IBIRAPITANGA,BA,08/2026,3413,4542,2071
291280,IBIRAPUÃ,BA,08/2026,1443,2019,1309
291290,IBIRATAIA,BA,08/2026,3004,4100,2353
291300,IBITIARA,BA,08/2026,2379,3111,1455
291310,IBITITÁ,BA,08/2026,4218,5090,1781
291320,IBOTIRAMA,BA,08/2026,4796,6166,2583
291330,ICHU,BA,08/2026,1260,1631,714
291340,IGAPORÃ,BA,08/2026,2427,3347,1714
291345,IGRAPIÚNA,BA,08/2026,2327,2910,863
291350,IGUAÍ,BA,08/2026,4125,5184,2599
291360,ILHÉUS,BA,08/2026,19603,30219,17378
291370,INHAMBUPE,BA,08/2026,6382,7997,2692
291380,IPECAETÁ,BA,08/2026,3550,4249,1565
291390,IPIAÚ,BA,08/2026,8457,10215,5674
291400,IPIRÁ,BA,08/2026,11258,14387,6680
291410,IPUPIARA,BA,08/2026,2122,2584,1358
291420,IRAJUBA,BA,08/2026,1299,1521,820
291430,IRAMAIA,BA,08/2026,1829,2304,888
291440,IRAQUARA,BA,08/2026,4692,6202,2396
291450,IRARÁ,BA,08/2026,8547,9694,2642
291460,IRECÊ,BA,08/2026,12895,16668,6645
291465,ITABELA,BA,08/2026,5607,6946,2798
291470,ITABERABA,BA,08/2026,13611,17024,7163
291480,ITABUNA,BA,08/2026,21237,31596,19360
291490,ITACARÉ,BA,08/2026,5387,6595,2195
291500,ITAETÉ,BA,08/2026,4068,4574,1584
291510,ITAGI,BA,08/2026,3509,4053,1883
291520,ITAGIBÁ,BA,08/2026,2813,3633,2060
291530,ITAGIMIRIM,BA,08/2026,1126,1515,999
291535,ITAGUAÇU DA BAHIA,BA,08/2026,2591,3582,1728
291540,ITAJU DO COLÔNIA,BA,08/2026,1386,1635,869
291550,ITAJUÍPE,BA,08/2026,3917,4871,2744
291560,ITAMARAJU,BA,08/2026,7589,12129,8470
291570,ITAMARI,BA,08/2026,1478,1782,782
291580,ITAMBÉ,BA,08/2026,3079,4523,3082
291590,ITANAGRA,BA,08/2026,1966,2272,856
291600,ITANHÉM,BA,08/2026,2869,3806,2209
291610,ITAPARICA,BA,08/2026,5236,6168,2332
291620,ITAPÉ,BA,08/2026,1549,2002,896
291630,ITAPEBI,BA,08/2026,1994,2354,1361
291640,ITAPETINGA,BA,08/2026,10131,14131,9136
291650,ITAPICURU,BA,08/2026,7291,8799,2704
291660,ITAPITANGA,BA,08/2026,1064,1438,898
291670,ITAQUARA,BA,08/2026,1221,1654,734
291680,ITARANTIM,BA,08/2026,2440,3376,1580
291685,ITATIM,BA,08/2026,3131,4053,1647
291690,ITIRUÇU,BA,08/2026,2521,3050,1505
291700,ITIÚBA,BA,08/2026,8504,9742,2976
291710,ITORORÓ,BA,08/2026,3321,4271,2367
291720,ITUAÇU,BA,08/2026,2987,4040,1453
291730,ITUBERÁ,BA,08/2026,5820,6699,1894
291733,IUIU,BA,08/2026,1939,2533,1234
291735,JABORANDI,BA,08/2026,1384,1904,1047
291740,JACARACI,BA,08/2026,2195,2922,2237
291750,JACOBINA,BA,08/2026,15916,19390,8230
291760,JAGUAQUARA,BA,08/2026,4806,8755,5192
291770,JAGUARARI,BA,08/2026,5340,6840,3456
291780,JAGUARIPE,BA,08/2026,4560,5368,1219
291790,JANDAÍRA,BA,08/2026,2176,2677,744
291800,JEQUIÉ,BA,08/2026,19234,29081,17144
291810,JEREMOABO,BA,08/2026,8400,10001,3292
291820,JIQUIRIÇÁ,BA,08/2026,2693,3481,1125
291830,JITAÚNA,BA,08/2026,3361,3943,1801
291835,JOÃO DOURADO,BA,08/2026,3808,5641,2328
291840,JUAZEIRO,BA,08/2026,38468,50416,17347
291845,JUCURUÇU,BA,08/2026,2134,2589,1110
291850,JUSSARA,BA,08/2026,4093,4646,1666
291855,JUSSARI,BA,08/2026,1475,1705,857
291860,JUSSIAPE,BA,08/2026,1191,1578,1062
291870,LAFAIETE COUTINHO,BA,08/2026,531,858,765
291875,LAGOA REAL,BA,08/2026,1970,2683,1097
291880,LAJE,BA,08/2026,4457,5366,1542
291890,LAJEDÃO,BA,08/2026,736,1009,952
291900,LAJEDINHO,BA,08/2026,769,973,416
291905,LAJEDO DO TABOCAL,BA,08/2026,1201,1585,616
291910,LAMARÃO,BA,08/2026,2651,3058,1120
291915,LAPÃO,BA,08/2026,4980,6539,2477
291920,LAURO DE FREITAS,BA,08/2026,26596,34849,13623
291930,LENÇÓIS,BA,08/2026,1683,2258,967
291940,LICÍNIO DE ALMEIDA,BA,08/2026,1581,2372,1753
291950,LIVRAMENTO DE NOSSA SENHORA,BA,08/2026,5511,7974,3325
291955,LUÍS EDUARDO MAGALHÃES,BA,08/2026,14725,19344,7272
291960,MACAJUBA,BA,08/2026,2703,3196,1280
291970,MACARANI,BA,08/2026,3107,3957,2161
291980,MACAÚBAS,BA,08/2026,6516,8613,3804
291990,MACURURÉ,BA,08/2026,1728,2030,567
291992,MADRE DE DEUS,BA,08/2026,2945,3641,1573
291995,MAETINGA,BA,08/2026,1744,2095,1029
292000,MAIQUINIQUE,BA,08/2026,1823,2151,1159
292010,MAIRI,BA,08/2026,4285,4947,1697
292020,MALHADA,BA,08/2026,3731,4526,1574
292030,MALHADA DE PEDRAS,BA,08/2026,1424,1954,896
292040,MANOEL VITORINO,BA,08/2026,2973,3783,1837
292045,MANSIDÃO,BA,08/2026,3070,3473,1086
292050,MARACÁS,BA,08/2026,3839,5475,2869
292060,MARAGOGIPE,BA,08/2026,11128,12731,2654
292070,MARAÚ,BA,08/2026,5810,6906,1938
292080,MARCIONÍLIO SOUZA,BA,08/2026,2903,3281,1081
292090,MASCOTE,BA,08/2026,2637,3238,1961
292100,MATA DE SÃO JOÃO,BA,08/2026,7140,9822,5331
292105,MATINA,BA,08/2026,1886,2503,1013
292110,MEDEIROS NETO,BA,08/2026,3332,4674,2891
292120,MIGUEL CALMON,BA,08/2026,3941,5181,2408
292130,MILAGRES,BA,08/2026,2082,2686,1164
292140,MIRANGABA,BA,08/2026,4691,5266,2066
292145,MIRANTE,BA,08/2026,1931,2467,1079
292150,MONTE SANTO,BA,08/2026,13126,15595,5580
292160,MORPARÁ,BA,08/2026,1567,2013,946
292170,MORRO DO CHAPÉU,BA,08/2026,4159,6174,2854
292180,MORTUGABA,BA,08/2026,1360,2099,1366
292190,MUCUGÊ,BA,08/2026,2063,2604,1040
292200,MUCURI,BA,08/2026,2778,5582,4372
292205,MULUNGU DO MORRO,BA,08/2026,3152,3590,1069
292210,MUNDO NOVO,BA,08/2026,5240,5859,1788
292220,MUNIZ FERREIRA,BA,08/2026,1613,1967,705
292225,MUQUÉM DO SÃO FRANCISCO,BA,08/2026,2814,3321,1040
292230,MURITIBA,BA,08/2026,5771,7147,2688
292240,MUTUÍPE,BA,08/2026,3633,4856,1749
292250,NAZARÉ,BA,08/2026,4620,6065,2143
292260,NILO PEÇANHA,BA,08/2026,2717,3295,895
292265,NORDESTINA,BA,08/2026,2830,3508,1093
292270,NOVA CANAÃ,BA,08/2026,3027,3736,1691
292273,NOVA FÁTIMA,BA,08/2026,1823,2290,980
292275,NOVA IBIÁ,BA,08/2026,1112,1485,631
292280,NOVA ITARANA,BA,08/2026,2115,2422,797
292285,NOVA REDENÇÃO,BA,08/2026,1819,2156,937
292290,NOVA SOURE,BA,08/2026,5264,6412,2313
292300,NOVA VIÇOSA,BA,08/2026,5264,7732,4479
292303,NOVO HORIZONTE,BA,08/2026,2378,2929,1206
292305,NOVO TRIUNFO,BA,08/2026,1929,2288,649
292310,OLINDINA,BA,08/2026,5186,6228,2023
292320,OLIVEIRA DOS BREJINHOS,BA,08/2026,4048,5187,2466
292330,OURIÇANGAS,BA,08/2026,1711,2045,761
292335,OUROLÂNDIA,BA,08/2026,4024,4747,1616
292340,PALMAS DE MONTE ALTO,BA,08/2026,3420,4725,2853
292350,PALMEIRAS,BA,08/2026,2296,2733,834
292360,PARAMIRIM,BA,08/2026,3370,4428,1729
292370,PARATINGA,BA,08/2026,8396,9416,2275
292380,PARIPIRANGA,BA,08/2026,5000,6311,1985
292390,PAU BRASIL,BA,08/2026,3728,4080,1494
292400,PAULO AFONSO,BA,08/2026,16112,21550,9566
292405,PÉ DE SERRA,BA,08/2026,3528,4131,1610
292410,PEDRÃO,BA,08/2026,1587,1847,650
292420,PEDRO ALEXANDRE,BA,08/2026,4431,4934,1489
292430,PIATÃ,BA,08/2026,2662,3774,2295
292440,PILÃO ARCADO,BA,08/2026,8491,9774,2110
292450,PINDAÍ,BA,08/2026,2285,3101,1987
292460,PINDOBAÇU,BA,08/2026,5190,6040,2096
292465,PINTADAS,BA,08/2026,1676,2268,910
292467,PIRAÍ DO NORTE,BA,08/2026,1659,2021,528
292470,PIRIPÁ,BA,08/2026,1429,1994,1149
292480,PIRITIBA,BA,08/2026,4730,5379,1518
292490,PLANALTINO,BA,08/2026,1314,1746,1184
292500,PLANALTO,BA,08/2026,4465,5833,3273
292510,POÇÕES,BA,08/2026,8746,11523,5993
292520,POJUCA,BA,08/2026,5191,6600,2789
292525,PONTO NOVO,BA,08/2026,5220,5872,1868
292530,PORTO SEGURO,BA,08/2026,20551,31549,16065
292540,POTIRAGUÁ,BA,08/2026,2261,2583,723
292550,PRADO,BA,08/2026,4256,6759,3887
292560,PRESIDENTE DUTRA,BA,08/2026,3417,4112,1616
292570,PRESIDENTE JÂNIO QUADROS,BA,08/2026,2270,2929,1304
292575,PRESIDENTE TANCREDO NEVES,BA,08/2026,6037,7213,1378
292580,QUEIMADAS,BA,08/2026,5954,7054,2186
292590,QUIJINGUE,BA,08/2026,5331,6526,2485
292593,QUIXABEIRA,BA,08/2026,1725,2263,1474
292595,RAFAEL JAMBEIRO,BA,08/2026,4479,5315,1993
292600,REMANSO,BA,08/2026,7851,9923,3994
292610,RETIROLÂNDIA,BA,08/2026,3396,4066,1421
292620,RIACHÃO DAS NEVES,BA,08/2026,4522,5545,2212
292630,RIACHÃO DO JACUÍPE,BA,08/2026,6040,7851,3704
292640,RIACHO DE SANTANA,BA,08/2026,4788,6789,3206
292650,RIBEIRA DO AMPARO,BA,08/2026,3150,3704,1111
292660,RIBEIRA DO POMBAL,BA,08/2026,7879,10456,3069
292665,RIBEIRÃO DO LARGO,BA,08/2026,1765,2158,928
292670,RIO DE CONTAS,BA,08/2026,1909,2636,1244
292680,RIO DO ANTÔNIO,BA,08/2026,2606,3264,1543
292690,RIO DO PIRES,BA,08/2026,1056,1600,1088
292700,RIO REAL,BA,08/2026,6421,8543,4315
292710,RODELAS,BA,08/2026,4043,4237,536
292720,RUY BARBOSA,BA,08/2026,5586,7147,3123
292730,SALINAS DA MARGARIDA,BA,08/2026,5286,5965,1524
292740,SALVADOR,BA,08/2026,304614,411758,190978
292750,SANTA BÁRBARA,BA,08/2026,5412,6502,2474
292760,SANTA BRÍGIDA,BA,08/2026,2759,3564,1339
292770,SANTA CRUZ CABRÁLIA,BA,08/2026,5276,7013,3269
292780,SANTA CRUZ DA VITÓRIA,BA,08/2026,1179,1455,827
292790,SANTA INÊS,BA,08/2026,2135,2654,1324
292800,SANTALUZ,BA,08/2026,8297,10473,3912
292805,SANTA LUZIA,BA,08/2026,2277,2891,1147
292810,SANTA MARIA DA VITÓRIA,BA,08/2026,7885,9941,4657
292820,SANTANA,BA,08/2026,3696,5080,2635
292830,SANTANÓPOLIS,BA,08/2026,2261,2717,826
292840,SANTA RITA DE CÁSSIA,BA,08/2026,7787,8845,2887
292850,SANTA TEREZINHA,BA,08/2026,1762,2357,936
292860,SANTO AMARO,BA,08/2026,14010,16251,5815
292870,SANTO ANTÔNIO DE JESUS,BA,08/2026,12673,18636,9049
292880,SANTO ESTÊVÃO,BA,08/2026,7891,10784,4522
292890,SÃO DESIDÉRIO,BA,08/2026,5473,6944,2496
292895,SÃO DOMINGOS,BA,08/2026,2092,2503,1042
292900,SÃO FÉLIX,BA,08/2026,1954,2591,911
292905,SÃO FÉLIX DO CORIBE,BA,08/2026,2894,3661,1908
292910,SÃO FELIPE,BA,08/2026,4688,5635,1926
292920,SÃO FRANCISCO DO CONDE,BA,08/2026,8242,9761,3273
292925,SÃO GABRIEL,BA,08/2026,3396,4472,1945
292930,SÃO GONÇALO DOS CAMPOS,BA,08/2026,4170,6435,3092
292935,SÃO JOSÉ DA VITÓRIA,BA,08/2026,1565,1939,877
292937,SÃO JOSÉ DO JACUÍPE,BA,08/2026,1866,2456,910
292940,SÃO MIGUEL DAS MATAS,BA,08/2026,1960,2456,1026
292950,SÃO SEBASTIÃO DO PASSÉ,BA,08/2026,5173,6996,3595
292960,SAPEAÇU,BA,08/2026,3856,4756,2089
292970,SÁTIRO DIAS,BA,08/2026,3131,3929,1205
292975,SAUBARA,BA,08/2026,3203,3851,1225
292980,SAÚDE,BA,08/2026,3108,3442,1105
292990,SEABRA,BA,08/2026,7496,10179,4090
293000,SEBASTIÃO LARANJEIRAS,BA,08/2026,1442,1889,799
293010,SENHOR DO BONFIM,BA,08/2026,13974,17508,8187
293015,SERRA DO RAMALHO,BA,08/2026,5399,7371,3342
293020,SENTO SÉ,BA,08/2026,8670,10178,2501
293030,SERRA DOURADA,BA,08/2026,2728,3810,1899
293040,SERRA PRETA,BA,08/2026,2936,3648,1968
293050,SERRINHA,BA,08/2026,18002,22044,8180
293060,SERROLÂNDIA,BA,08/2026,2534,3217,1530
293070,SIMÕES FILHO,BA,08/2026,20953,26906,11466
293075,SÍTIO DO MATO,BA,08/2026,2999,3490,903
293076,SÍTIO DO QUINTO,BA,08/2026,2807,3357,844
293077,SOBRADINHO,BA,08/2026,3747,5271,2554
293080,SOUTO SOARES,BA,08/2026,3178,3944,1326
293090,TABOCAS DO BREJO VELHO,BA,08/2026,1739,2414,1322
293100,TANHAÇU,BA,08/2026,3639,4819,2289
293105,TANQUE NOVO,BA,08/2026,2940,3954,1372
293110,TANQUINHO,BA,08/2026,1575,1971,728
293120,TAPEROÁ,BA,08/2026,3972,4716,1186
293130,TAPIRAMUTÁ,BA,08/2026,3231,3662,1082
293135,TEIXEIRA DE FREITAS,BA,08/2026,12595,22429,17263
293140,TEODORO SAMPAIO,BA,08/2026,1941,2263,900
293150,TEOFILÂNDIA,BA,08/2026,3482,4516,2291
293160,TEOLÂNDIA,BA,08/2026,2755,3207,809
293170,TERRA NOVA,BA,08/2026,3791,4307,1811
293180,TREMEDAL,BA,08/2026,3291,4075,1729
293190,TUCANO,BA,08/2026,15078,17048,4489
293200,UAUÁ,BA,08/2026,6482,7708,3409
293210,UBAÍRA,BA,08/2026,3886,4826,1881
293220,UBAITABA,BA,08/2026,3587,4666,2508
293230,UBATÃ,BA,08/2026,2895,3597,2150
293240,UIBAÍ,BA,08/2026,3112,3902,1537
293245,UMBURANAS,BA,08/2026,3200,3770,1236
293250,UNA,BA,08/2026,3073,4212,2417
293260,URANDI,BA,08/2026,2951,3888,1678
293270,URUÇUCA,BA,08/2026,4951,5809,2379
293280,UTINGA,BA,08/2026,4243,4785,1517
293290,VALENÇA,BA,08/2026,13250,17695,6256
293300,VALENTE,BA,08/2026,4815,6094,2522
293305,VÁRZEA DA ROÇA,BA,08/2026,2908,3583,1983
293310,VÁRZEA DO POÇO,BA,08/2026,1833,2193,810
293315,VÁRZEA NOVA,BA,08/2026,3423,3966,1478
293317,VARZEDO,BA,08/2026,1900,2365,752
293320,VERA CRUZ,BA,08/2026,12750,14468,4808
293325,VEREDA,BA,08/2026,1052,1455,773
293330,VITÓRIA DA CONQUISTA,BA,08/2026,45042,67763,38137
293340,WAGNER,BA,08/2026,1468,1906,912
293345,WANDERLEY,BA,08/2026,1966,2971,1360
293350,WENCESLAU GUIMARÃES,BA,08/2026,4685,5595,1621
293360,XIQUE-XIQUE,BA,08/2026,11799,13416,4239
230010,ABAIARA,CE,08/2026,1828,2371,1109
230015,ACARAPE,CE,08/2026,2589,3614,1105
230020,ACARAÚ,CE,08/2026,13253,16065,3614
230030,ACOPIARA,CE,08/2026,8755,10821,4590
230040,AIUABA,CE,08/2026,2979,3732,1540
230050,ALCÂNTARAS,CE,08/2026,1217,1954,945
230060,ALTANEIRA,CE,08/2026,1548,2011,1113
230070,ALTO SANTO,CE,08/2026,2508,3401,2006
230075,AMONTADA,CE,08/2026,8016,10361,2775
230080,ANTONINA DO NORTE,CE,08/2026,1920,2283,899
230090,APUIARÉS,CE,08/2026,2726,3309,899
230100,AQUIRAZ,CE,08/2026,13905,19431,6360
230110,ARACATI,CE,08/2026,8284,13661,5264
230120,ARACOIABA,CE,08/2026,4353,6190,2943
230125,ARARENDÁ,CE,08/2026,1913,2649,1026
230130,ARARIPE,CE,08/2026,4043,5264,2351
230140,ARATUBA,CE,08/2026,2005,2780,1252
230150,ARNEIROZ,CE,08/2026,901,1334,491
230160,ASSARÉ,CE,08/2026,4281,5544,2365
230170,AURORA,CE,08/2026,3761,5151,2787
230180,BAIXIO,CE,08/2026,1031,1342,695
230185,BANABUIÚ,CE,08/2026,3078,4132,1673
230190,BARBALHA,CE,08/2026,7970,12692,7345
230195,BARREIRA,CE,08/2026,4026,5404,1489
230200,BARRO,CE,08/2026,3485,4536,2453
230205,BARROQUINHA,CE,08/2026,3525,4426,1328
230210,BATURITÉ,CE,08/2026,6538,8556,2387
230220,BEBERIBE,CE,08/2026,10350,13279,3859
230230,BELA CRUZ,CE,08/2026,5124,6611,1603
230240,BOA VIAGEM,CE,08/2026,8313,11067,4988
230250,BREJO SANTO,CE,08/2026,6718,9608,2739
230260,CAMOCIM,CE,08/2026,10387,14427,4394
230270,CAMPOS SALES,CE,08/2026,3836,5674,3195
230280,CANINDÉ,CE,08/2026,15203,18960,6373
230290,CAPISTRANO,CE,08/2026,3321,4272,1417
230300,CARIDADE,CE,08/2026,3903,4707,1456
230310,CARIRÉ,CE,08/2026,2682,3785,1996
230320,CARIRIAÇU,CE,08/2026,5212,6984,2758
230330,CARIÚS,CE,08/2026,3096,3911,1937
230340,CARNAUBAL,CE,08/2026,2484,3594,1359
230350,CASCAVEL,CE,08/2026,11825,16398,5427
230360,CATARINA,CE,08/2026,1873,2445,1265
230365,CATUNDA,CE,08/2026,2616,2986,849
230370,CAUCAIA,CE,08/2026,58829,78062,26648
230380,CEDRO,CE,08/2026,3829,5090,2360
230390,CHAVAL,CE,08/2026,2192,3031,909
230393,CHORÓ,CE,08/2026,2225,2926,1459
230395,CHOROZINHO,CE,08/2026,3537,4860,1796
230400,COREAÚ,CE,08/2026,4027,5379,1949
230410,CRATEÚS,CE,08/2026,9333,13152,5919
230420,CRATO,CE,08/2026,18317,27078,14595
230423,CROATÁ,CE,08/2026,3103,4184,1586
230425,CRUZ,CE,08/2026,5334,6939,1435
230426,DEPUTADO IRAPUAN PINHEIRO,CE,08/2026,1503,2004,1432
230427,ERERÊ,CE,08/2026,1007,1374,977
230428,EUSÉBIO,CE,08/2026,6336,9433,3082
230430,FARIAS BRITO,CE,08/2026,2901,3935,2076
230435,FORQUILHA,CE,08/2026,2888,4532,2799
230440,FORTALEZA,CE,08/2026,305225,422238,167448
230445,FORTIM,CE,08/2026,2704,3623,1142
230450,FRECHEIRINHA,CE,08/2026,2436,3475,1458
230460,GENERAL SAMPAIO,CE,08/2026,1595,1966,617
230465,GRAÇA,CE,08/2026,2818,3599,1676
230470,GRANJA,CE,08/2026,8452,11776,2865
230480,GRANJEIRO,CE,08/2026,1022,1372,698
230490,GROAÍRAS,CE,08/2026,1446,2202,1219
230495,GUAIÚBA,CE,08/2026,3685,5099,2248
230500,GUARACIABA DO NORTE,CE,08/2026,7664,9797,3225
230510,GUARAMIRANGA,CE,08/2026,1057,1423,692
230520,HIDROLÂNDIA,CE,08/2026,3685,4626,1485
230523,HORIZONTE,CE,08/2026,6357,14267,10333
230526,IBARETAMA,CE,08/2026,2758,3443,1539
230530,IBIAPINA,CE,08/2026,3667,4956,1754
230533,IBICUITINGA,CE,08/2026,3166,3780,1989
230535,ICAPUÍ,CE,08/2026,2783,4204,1278
230540,ICÓ,CE,08/2026,11214,14062,4517
230550,IGUATU,CE,08/2026,14224,19755,9456
230560,INDEPENDÊNCIA,CE,08/2026,5365,6235,2937
230565,IPAPORANGA,CE,08/2026,1872,2602,883
230570,IPAUMIRIM,CE,08/2026,2314,2847,1244
230580,IPU,CE,08/2026,10214,11880,3828
230590,IPUEIRAS,CE,08/2026,6822,8822,3734
230600,IRACEMA,CE,08/2026,2054,2932,1389
230610,IRAUÇUBA,CE,08/2026,4967,6339,1890
230620,ITAIÇABA,CE,08/2026,1148,1656,941
230625,ITAITINGA,CE,08/2026,7560,11756,3850
230630,ITAPAJÉ,CE,08/2026,8033,11026,3330
230640,ITAPIPOCA,CE,08/2026,18854,25724,7288
230650,ITAPIÚNA,CE,08/2026,3657,4641,1776
230655,ITAREMA,CE,08/2026,9000,10941,2031
230660,ITATIRA,CE,08/2026,4286,5569,1951
230670,JAGUARETAMA,CE,08/2026,3366,4223,2467
230680,JAGUARIBARA,CE,08/2026,1720,2373,1306
230690,JAGUARIBE,CE,08/2026,3834,5681,2607
230700,JAGUARUANA,CE,08/2026,6468,8440,4057
230710,JARDIM,CE,08/2026,4994,6498,2166
230720,JATI,CE,08/2026,1068,1576,679
230725,JIJOCA DE JERICOACOARA,CE,08/2026,3864,5653,1639
230730,JUAZEIRO DO NORTE,CE,08/2026,31342,51501,26283
230740,JUCÁS,CE,08/2026,3928,5361,2469
230750,LAVRAS DA MANGABEIRA,CE,08/2026,5251,6584,3364
230760,LIMOEIRO DO NORTE,CE,08/2026,8166,11232,4891
230763,MADALENA,CE,08/2026,2931,3965,1511
230765,MARACANAÚ,CE,08/2026,30002,44175,16978
230770,MARANGUAPE,CE,08/2026,17852,23621,9959
230780,MARCO,CE,08/2026,4934,6943,1731
230790,MARTINÓPOLE,CE,08/2026,2635,3303,744
230800,MASSAPÊ,CE,08/2026,6229,8720,2701
230810,MAURITI,CE,08/2026,7566,9965,3788
230820,MERUOCA,CE,08/2026,2084,3153,1389
230830,MILAGRES,CE,08/2026,4620,6052,2489
230835,MILHÃ,CE,08/2026,2481,3038,1558
230837,MIRAÍMA,CE,08/2026,3329,3923,1318
230840,MISSÃO VELHA,CE,08/2026,7114,9077,3002
230850,MOMBAÇA,CE,08/2026,7317,9460,3044
230860,MONSENHOR TABOSA,CE,08/2026,4280,4992,2692
230870,MORADA NOVA,CE,08/2026,11348,14315,6123
230880,MORAÚJO,CE,08/2026,1414,1947,601
230890,MORRINHOS,CE,08/2026,3372,4739,1004
230900,MUCAMBO,CE,08/2026,2076,2994,1515
230910,MULUNGU,CE,08/2026,2308,2754,858
230920,NOVA OLINDA,CE,08/2026,2653,3692,2112
230930,NOVA RUSSAS,CE,08/2026,4317,6057,2945
230940,NOVO ORIENTE,CE,08/2026,6682,7825,2295
230945,OCARA,CE,08/2026,4491,6081,2061
230950,ORÓS,CE,08/2026,4484,5541,2131
230960,PACAJUS,CE,08/2026,7170,11611,4791
230970,PACATUBA,CE,08/2026,9917,14779,5689
230980,PACOTI,CE,08/2026,2278,2885,1254
230990,PACUJÁ,CE,08/2026,1120,1536,614
231000,PALHANO,CE,08/2026,1871,2458,1438
231010,PALMÁCIA,CE,08/2026,2153,2627,1526
231020,PARACURU,CE,08/2026,6985,9144,2775
231025,PARAIPABA,CE,08/2026,6811,8509,2219
231030,PARAMBU,CE,08/2026,4060,5998,3232
231040,PARAMOTI,CE,08/2026,2602,3122,1094
231050,PEDRA BRANCA,CE,08/2026,8018,9885,4842
231060,PENAFORTE,CE,08/2026,1960,2474,825
231070,PENTECOSTE,CE,08/2026,5709,7583,1816
231080,PEREIRO,CE,08/2026,2168,3109,1520
231085,PINDORETAMA,CE,08/2026,4303,5811,1823
231090,PIQUET CARNEIRO,CE,08/2026,2336,3235,1766
231095,PIRES FERREIRA,CE,08/2026,1369,1858,1008
231100,PORANGA,CE,08/2026,1885,2625,1104
231110,PORTEIRAS,CE,08/2026,2788,3854,1078
231120,POTENGI,CE,08/2026,1911,2509,1108
231123,POTIRETAMA,CE,08/2026,1209,1666,749
231126,QUITERIANÓPOLIS,CE,08/2026,3794,4730,2341
231130,QUIXADÁ,CE,08/2026,17773,22682,9798
231135,QUIXELÔ,CE,08/2026,2845,3723,1404
231140,QUIXERAMOBIM,CE,08/2026,12004,16330,6356
231150,QUIXERÉ,CE,08/2026,2246,4059,2023
231160,REDENÇÃO,CE,08/2026,4501,6407,2256
231170,RERIUTABA,CE,08/2026,2980,4059,1861
231180,RUSSAS,CE,08/2026,9120,13798,6750
231190,SABOEIRO,CE,08/2026,2669,3469,1932
231195,SALITRE,CE,08/2026,3129,4397,1835
231200,SANTANA DO ACARAÚ,CE,08/2026,5995,7310,2501
231210,SANTANA DO CARIRI,CE,08/2026,3568,4451,1909
231220,SANTA QUITÉRIA,CE,08/2026,8584,10834,5125
231230,SÃO BENEDITO,CE,08/2026,6617,9415,2895
231240,SÃO GONÇALO DO AMARANTE,CE,08/2026,8152,11581,4247
231250,SÃO JOÃO DO JAGUARIBE,CE,08/2026,1012,1304,1059
231260,SÃO LUÍS DO CURU,CE,08/2026,2411,3111,1210
231270,SENADOR POMPEU,CE,08/2026,3577,4764,1731
231280,SENADOR SÁ,CE,08/2026,1297,1824,634
231290,SOBRAL,CE,08/2026,21569,33734,12881
231300,SOLONÓPOLE,CE,08/2026,2378,3262,1384
231310,TABULEIRO DO NORTE,CE,08/2026,5027,6753,4244
231320,TAMBORIL,CE,08/2026,3947,5389,2256
231325,TARRAFAS,CE,08/2026,1276,1714,1138
231330,TAUÁ,CE,08/2026,7290,10120,5546
231335,TEJUÇUOCA,CE,08/2026,4001,4900,1339
231340,TIANGUÁ,CE,08/2026,10859,16414,5482
231350,TRAIRI,CE,08/2026,12995,15713,4045
231355,TURURU,CE,08/2026,3537,4457,1760
231360,UBAJARA,CE,08/2026,5789,7722,2877
231370,UMARI,CE,08/2026,1199,1603,668
231375,UMIRIM,CE,08/2026,2958,3980,1247
231380,URUBURETAMA,CE,08/2026,4442,5567,1185
231390,URUOCA,CE,08/2026,2383,3218,940
231395,VARJOTA,CE,08/2026,3087,4128,1499
231400,VÁRZEA ALEGRE,CE,08/2026,7012,9294,3880
231410,VIÇOSA DO CEARÁ,CE,08/2026,12721,15785,5368
530010,BRASÍLIA,DF,08/2026,189459,280687,157407
320010,AFONSO CLÁUDIO,ES,08/2026,1475,3505,2611
320013,ÁGUIA BRANCA,ES,08/2026,749,1316,1021
320016,ÁGUA DOCE DO NORTE,ES,08/2026,1546,2138,1528
320020,ALEGRE,ES,08/2026,2749,4027,2897
320030,ALFREDO CHAVES,ES,08/2026,608,1169,1224
320035,ALTO RIO NOVO,ES,08/2026,1154,1573,787
320040,ANCHIETA,ES,08/2026,2401,3794,2220
320050,APIACÁ,ES,08/2026,850,1307,1203
320060,ARACRUZ,ES,08/2026,6038,10881,9889
320070,ATÍLIO VIVACQUA,ES,08/2026,682,1315,1337
320080,BAIXO GUANDU,ES,08/2026,2292,3748,2858
320090,BARRA DE SÃO FRANCISCO,ES,08/2026,2984,5159,4533
320100,BOA ESPERANÇA,ES,08/2026,1687,2593,1703
320110,BOM JESUS DO NORTE,ES,08/2026,1075,1815,1738
320115,BREJETUBA,ES,08/2026,587,1762,860
320120,CACHOEIRO DE ITAPEMIRIM,ES,08/2026,10446,17340,14607
320130,CARIACICA,ES,08/2026,32693,50522,32845
320140,CASTELO,ES,08/2026,1312,2739,2191
320150,COLATINA,ES,08/2026,4369,10016,10968
320160,CONCEIÇÃO DA BARRA,ES,08/2026,4569,6496,3684
320170,CONCEIÇÃO DO CASTELO,ES,08/2026,776,1385,1020
320180,DIVINO DE SÃO LOURENÇO,ES,08/2026,329,679,406
320190,DOMINGOS MARTINS,ES,08/2026,901,2604,2102
320200,DORES DO RIO PRETO,ES,08/2026,497,1023,703
320210,ECOPORANGA,ES,08/2026,1834,3248,2301
320220,FUNDÃO,ES,08/2026,1697,2760,2393
320225,GOVERNADOR LINDENBERG,ES,08/2026,748,1290,917
320230,GUAÇUÍ,ES,08/2026,2914,4562,3364
320240,GUARAPARI,ES,08/2026,5306,12955,10100
320245,IBATIBA,ES,08/2026,806,2666,2115
320250,IBIRAÇU,ES,08/2026,1127,1772,2273
320255,IBITIRAMA,ES,08/2026,1515,2086,743
320260,ICONHA,ES,08/2026,536,1001,926
320265,IRUPI,ES,08/2026,754,1806,1294
320270,ITAGUAÇU,ES,08/2026,1023,1560,1143
320280,ITAPEMIRIM,ES,08/2026,6039,8239,4637
320290,ITARANA,ES,08/2026,360,818,745
320300,IÚNA,ES,08/2026,1553,3727,2223
320305,JAGUARÉ,ES,08/2026,2799,4701,2932
320310,JERÔNIMO MONTEIRO,ES,08/2026,1015,1590,1374
320313,JOÃO NEIVA,ES,08/2026,688,1445,1763
320316,LARANJA DA TERRA,ES,08/2026,558,1195,881
320320,LINHARES,ES,08/2026,3236,12956,10961
320330,MANTENÓPOLIS,ES,08/2026,1496,2301,1392
320332,MARATAÍZES,ES,08/2026,5415,7699,4299
320334,MARECHAL FLORIANO,ES,08/2026,398,1150,1561
320335,MARILÂNDIA,ES,08/2026,584,1301,1371
320340,MIMOSO DO SUL,ES,08/2026,2929,4279,3414
320350,MONTANHA,ES,08/2026,2349,3580,2781
320360,MUCURICI,ES,08/2026,624,1008,919
320370,MUNIZ FREIRE,ES,08/2026,1519,2505,1474
320380,MUQUI,ES,08/2026,1595,2256,1274
320390,NOVA VENÉCIA,ES,08/2026,3990,6408,4866
320400,PANCAS,ES,08/2026,1507,2415,1667
320405,PEDRO CANÁRIO,ES,08/2026,2520,3896,2828
320410,PINHEIROS,ES,08/2026,2076,3602,2482
320420,PIÚMA,ES,08/2026,2375,3812,2702
320425,PONTO BELO,ES,08/2026,1212,1590,1057
320430,PRESIDENTE KENNEDY,ES,08/2026,1524,2348,1794
320435,RIO BANANAL,ES,08/2026,681,2069,980
320440,RIO NOVO DO SUL,ES,08/2026,605,1031,769
320450,SANTA LEOPOLDINA,ES,08/2026,1100,1679,985
320455,SANTA MARIA DE JETIBÁ,ES,08/2026,1446,3296,2349
320460,SANTA TERESA,ES,08/2026,742,1504,1183
320465,SÃO DOMINGOS DO NORTE,ES,08/2026,761,1316,1033
320470,SÃO GABRIEL DA PALHA,ES,08/2026,1549,3338,2942
320480,SÃO JOSÉ DO CALÇADO,ES,08/2026,1649,2172,1701
320490,SÃO MATEUS,ES,08/2026,9576,17585,15289
320495,SÃO ROQUE DO CANAÃ,ES,08/2026,249,1010,927
320500,SERRA,ES,08/2026,37724,61573,43350
320501,SOORETAMA,ES,08/2026,1347,3109,3069
320503,VARGEM ALTA,ES,08/2026,671,1706,1697
320506,VENDA NOVA DO IMIGRANTE,ES,08/2026,724,1814,1857
320510,VIANA,ES,08/2026,6104,9704,7228
320515,VILA PAVÃO,ES,08/2026,796,1307,839
320517,VILA VALÉRIO,ES,08/2026,1345,2146,1013
320520,VILA VELHA,ES,08/2026,25057,40773,30522
320530,VITÓRIA,ES,08/2026,18582,27766,20136
520005,ABADIA DE GOIÁS,GO,08/2026,2447,4044,1980
520010,ABADIÂNIA,GO,08/2026,1143,2118,1766
520013,ACREÚNA,GO,08/2026,823,2344,2758
520015,ADELÂNDIA,GO,08/2026,143,335,313
520017,ÁGUA FRIA DE GOIÁS,GO,08/2026,549,889,801
520020,ÁGUA LIMPA,GO,08/2026,308,429,283
520025,ÁGUAS LINDAS DE GOIÁS,GO,08/2026,24095,37141,17798
520030,ALEXÂNIA,GO,08/2026,4212,5435,2984
520050,ALOÂNDIA,GO,08/2026,118,242,303
520055,ALTO HORIZONTE,GO,08/2026,629,1010,1119
520060,ALTO PARAÍSO DE GOIÁS,GO,08/2026,1249,1776,1044
520080,ALVORADA DO NORTE,GO,08/2026,740,1469,1064
520082,AMARALINA,GO,08/2026,317,556,572
520085,AMERICANO DO BRASIL,GO,08/2026,469,780,577
520090,AMORINÓPOLIS,GO,08/2026,380,520,509
520110,ANÁPOLIS,GO,08/2026,6902,27740,37489
520120,ANHANGUERA,GO,08/2026,70,129,157
520130,ANICUNS,GO,08/2026,1458,2668,2639
520140,APARECIDA DE GOIÂNIA,GO,08/2026,18842,45768,39234
520145,APARECIDA DO RIO DOCE,GO,08/2026,116,382,388
520150,APORÉ,GO,08/2026,389,571,596
520160,ARAÇU,GO,08/2026,359,622,567
520170,ARAGARÇAS,GO,08/2026,1661,2710,2442
520180,ARAGOIÂNIA,GO,08/2026,1927,2644,1407
520215,ARAGUAPAZ,GO,08/2026,842,1221,939
520235,ARENÓPOLIS,GO,08/2026,325,529,504
520250,ARUANÃ,GO,08/2026,376,1371,1155
520260,AURILÂNDIA,GO,08/2026,197,393,488
520280,AVELINÓPOLIS,GO,08/2026,356,579,476
520310,BALIZA,GO,08/2026,576,803,608
520320,BARRO ALTO,GO,08/2026,884,1439,1606
520330,BELA VISTA DE GOIÁS,GO,08/2026,3003,4256,2509
520340,BOM JARDIM DE GOIÁS,GO,08/2026,894,1406,1324
520350,BOM JESUS DE GOIÁS,GO,08/2026,1424,2376,1998
520355,BONFINÓPOLIS,GO,08/2026,714,1431,1124
520357,BONÓPOLIS,GO,08/2026,482,732,554
520360,BRAZABRANTES,GO,08/2026,324,542,465
520380,BRITÂNIA,GO,08/2026,318,745,1042
520390,BURITI ALEGRE,GO,08/2026,360,845,985
520393,BURITI DE GOIÁS,GO,08/2026,323,529,460
520396,BURITINÓPOLIS,GO,08/2026,547,742,382
520400,CABECEIRAS,GO,08/2026,1024,1405,741
520410,CACHOEIRA ALTA,GO,08/2026,783,1260,1204
520420,CACHOEIRA DE GOIÁS,GO,08/2026,211,287,205
520425,CACHOEIRA DOURADA,GO,08/2026,487,884,1077
520430,CAÇU,GO,08/2026,956,1619,1990
520440,CAIAPÔNIA,GO,08/2026,568,1672,2498
520450,CALDAS NOVAS,GO,08/2026,4909,10220,10390
520455,CALDAZINHA,GO,08/2026,301,618,551
520460,CAMPESTRE DE GOIÁS,GO,08/2026,510,742,379
520465,CAMPINAÇU,GO,08/2026,533,712,473
520470,CAMPINORTE,GO,08/2026,1281,2024,1445
520480,CAMPO ALEGRE DE GOIÁS,GO,08/2026,552,890,737
520485,CAMPO LIMPO DE GOIÁS,GO,08/2026,1207,1609,709
520490,CAMPOS BELOS,GO,08/2026,2429,3389,2084
520495,CAMPOS VERDES,GO,08/2026,884,1165,763
520500,CARMO DO RIO VERDE,GO,08/2026,844,1268,1240
520505,CASTELÂNDIA,GO,08/2026,498,695,446
520510,CATALÃO,GO,08/2026,5917,9460,7027
520520,CATURAÍ,GO,08/2026,675,1003,651
520530,CAVALCANTE,GO,08/2026,1209,2165,1539
520540,CERES,GO,08/2026,836,1809,2282
520545,CEZARINA,GO,08/2026,534,1056,870
520547,CHAPADÃO DO CÉU,GO,08/2026,914,1375,923
520549,CIDADE OCIDENTAL,GO,08/2026,10452,15360,8253
520551,COCALZINHO DE GOIÁS,GO,08/2026,3335,4443,2359
520552,COLINAS DO SUL,GO,08/2026,574,867,675
520570,CÓRREGO DO OURO,GO,08/2026,234,369,398
520580,CORUMBÁ DE GOIÁS,GO,08/2026,1193,1713,1410
520590,CORUMBAÍBA,GO,08/2026,636,1009,780
520620,CRISTALINA,GO,08/2026,6343,9215,5474
520630,CRISTIANÓPOLIS,GO,08/2026,409,693,503
520640,CRIXÁS,GO,08/2026,830,1632,1466
520650,CROMÍNIA,GO,08/2026,500,707,523
520660,CUMARI,GO,08/2026,252,370,422
520670,DAMIANÓPOLIS,GO,08/2026,639,906,529
520680,DAMOLÂNDIA,GO,08/2026,513,702,429
520690,DAVINÓPOLIS,GO,08/2026,227,348,372
520710,DIORAMA,GO,08/2026,122,233,322
520725,DOVERLÂNDIA,GO,08/2026,620,1003,921
520735,EDEALINA,GO,08/2026,413,690,570
520740,EDÉIA,GO,08/2026,919,1681,1548
520750,ESTRELA DO NORTE,GO,08/2026,366,589,490
520753,FAINA,GO,08/2026,697,1151,822
520760,FAZENDA NOVA,GO,08/2026,801,1096,599
520780,FIRMINÓPOLIS,GO,08/2026,688,1179,1080
520790,FLORES DE GOIÁS,GO,08/2026,1536,2360,1932
520800,FORMOSA,GO,08/2026,9934,15933,11261
520810,FORMOSO,GO,08/2026,402,722,604
520815,GAMELEIRA DE GOIÁS,GO,08/2026,192,438,442
520830,DIVINÓPOLIS DE GOIÁS,GO,08/2026,940,1264,719
520840,GOIANÁPOLIS,GO,08/2026,1371,2494,1568
520850,GOIANDIRA,GO,08/2026,329,567,707
520860,GOIANÉSIA,GO,08/2026,3121,7411,8094
520870,GOIÂNIA,GO,08/2026,65096,115366,105023
520880,GOIANIRA,GO,08/2026,5087,8951,5837
520890,GOIÁS,GO,08/2026,2035,3154,2704
520910,GOIATUBA,GO,08/2026,1416,3503,3490
520915,GOUVELÂNDIA,GO,08/2026,462,667,551
520920,GUAPÓ,GO,08/2026,2510,3569,2272
520929,GUARAÍTA,GO,08/2026,241,487,381
520940,GUARANI DE GOIÁS,GO,08/2026,489,752,557
520945,GUARINOS,GO,08/2026,177,307,364
520960,HEITORAÍ,GO,08/2026,634,915,572
520970,HIDROLÂNDIA,GO,08/2026,2145,3927,3161
520980,HIDROLINA,GO,08/2026,300,504,391
520990,IACIARA,GO,08/2026,2107,2693,1477
520993,INACIOLÂNDIA,GO,08/2026,349,677,917
520995,INDIARA,GO,08/2026,860,1768,1552
521000,INHUMAS,GO,08/2026,2779,5721,6025
521010,IPAMERI,GO,08/2026,1927,3278,2839
521015,IPIRANGA DE GOIÁS,GO,08/2026,282,456,424
521020,IPORÁ,GO,08/2026,1761,3452,4306
521030,ISRAELÂNDIA,GO,08/2026,281,428,428
521040,ITABERAÍ,GO,08/2026,3132,6263,5138
521056,ITAGUARI,GO,08/2026,350,787,618
521060,ITAGUARU,GO,08/2026,434,746,554
521080,ITAJÁ,GO,08/2026,230,517,800
521090,ITAPACI,GO,08/2026,948,2055,2202
521100,ITAPIRAPUÃ,GO,08/2026,948,1399,966
521120,ITAPURANGA,GO,08/2026,1498,3496,3086
521130,ITARUMÃ,GO,08/2026,367,699,907
521140,ITAUÇU,GO,08/2026,779,1220,1141
521150,ITUMBIARA,GO,08/2026,6533,10216,9897
521160,IVOLÂNDIA,GO,08/2026,412,535,398
521170,JANDAIA,GO,08/2026,337,785,726
521180,JARAGUÁ,GO,08/2026,4019,7103,4524
521190,JATAÍ,GO,08/2026,4515,8615,8405
521200,JAUPACI,GO,08/2026,271,491,435
521205,JESÚPOLIS,GO,08/2026,348,508,273
521210,JOVIÂNIA,GO,08/2026,197,534,666
521220,JUSSARA,GO,08/2026,1641,2811,2460
521225,LAGOA SANTA,GO,08/2026,296,396,243
521230,LEOPOLDO DE BULHÕES,GO,08/2026,1006,1435,846
521250,LUZIÂNIA,GO,08/2026,20671,34167,21594
521260,MAIRIPOTABA,GO,08/2026,308,473,357
521270,MAMBAÍ,GO,08/2026,1457,1829,868
521280,MARA ROSA,GO,08/2026,833,1524,1119
521290,MARZAGÃO,GO,08/2026,207,367,370
521295,MATRINCHÃ,GO,08/2026,748,1047,683
521300,MAURILÂNDIA,GO,08/2026,855,1330,1019
521305,MIMOSO DE GOIÁS,GO,08/2026,314,475,390
521308,MINAÇU,GO,08/2026,1452,2786,2970
521310,MINEIROS,GO,08/2026,3128,7297,8837
521340,MOIPORÁ,GO,08/2026,138,217,248
521350,MONTE ALEGRE DE GOIÁS,GO,08/2026,1689,1965,849
521370,MONTES CLAROS DE GOIÁS,GO,08/2026,382,889,867
521375,MONTIVIDIU,GO,08/2026,605,1238,1362
521377,MONTIVIDIU DO NORTE,GO,08/2026,632,818,501
521380,MORRINHOS,GO,08/2026,997,4053,6109
521385,MORRO AGUDO DE GOIÁS,GO,08/2026,264,489,421
521390,MOSSÂMEDES,GO,08/2026,246,592,581
521400,MOZARLÂNDIA,GO,08/2026,1537,2375,1840
521405,MUNDO NOVO,GO,08/2026,384,768,898
521410,MUTUNÓPOLIS,GO,08/2026,414,665,419
521440,NAZÁRIO,GO,08/2026,573,1026,855
521450,NERÓPOLIS,GO,08/2026,2163,4198,2980
521460,NIQUELÂNDIA,GO,08/2026,1523,4128,5445
521470,NOVA AMÉRICA,GO,08/2026,386,632,576
521480,NOVA AURORA,GO,08/2026,160,291,392
521483,NOVA CRIXÁS,GO,08/2026,1008,1788,1327
521486,NOVA GLÓRIA,GO,08/2026,776,1217,878
521487,NOVA IGUAÇU DE GOIÁS,GO,08/2026,258,363,272
521490,NOVA ROMA,GO,08/2026,427,615,394
521500,NOVA VENEZA,GO,08/2026,931,1564,1041
521520,NOVO BRASIL,GO,08/2026,413,606,446
521523,NOVO GAMA,GO,08/2026,8156,13056,7743
521525,NOVO PLANALTO,GO,08/2026,469,729,548
521530,ORIZONA,GO,08/2026,681,1458,1496
521540,OURO VERDE DE GOIÁS,GO,08/2026,301,527,336
521550,OUVIDOR,GO,08/2026,309,817,1515
521560,PADRE BERNARDO,GO,08/2026,2511,4509,3232
521565,PALESTINA DE GOIÁS,GO,08/2026,203,378,424
521570,PALMEIRAS DE GOIÁS,GO,08/2026,1955,3769,3424
521580,PALMELO,GO,08/2026,190,314,360
521590,PALMINÓPOLIS,GO,08/2026,338,581,544
521600,PANAMÁ,GO,08/2026,214,357,392
521630,PARANAIGUARA,GO,08/2026,586,1106,1080
521640,PARAÚNA,GO,08/2026,460,1224,1131
521645,PEROLÂNDIA,GO,08/2026,114,322,447
521680,PETROLINA DE GOIÁS,GO,08/2026,719,1155,793
521690,PILAR DE GOIÁS,GO,08/2026,223,367,251
521710,PIRACANJUBA,GO,08/2026,1532,2606,2127
521720,PIRANHAS,GO,08/2026,787,1355,1717
521730,PIRENÓPOLIS,GO,08/2026,1187,3090,3106
521740,PIRES DO RIO,GO,08/2026,2204,3720,3222
521760,PLANALTINA,GO,08/2026,11517,17034,8774
521770,PONTALINA,GO,08/2026,587,2001,2052
521800,PORANGATU,GO,08/2026,2336,5306,5063
521805,PORTEIRÃO,GO,08/2026,190,471,712
521810,PORTELÂNDIA,GO,08/2026,364,509,466
521830,POSSE,GO,08/2026,3619,5272,2826
521839,PROFESSOR JAMIL,GO,08/2026,462,666,501
521850,QUIRINÓPOLIS,GO,08/2026,1532,4348,5250
521860,RIALMA,GO,08/2026,650,1248,1398
521870,RIANÁPOLIS,GO,08/2026,288,584,630
521878,RIO QUENTE,GO,08/2026,248,517,564
521880,RIO VERDE,GO,08/2026,10283,19928,18294
521890,RUBIATABA,GO,08/2026,772,1802,2307
521900,SANCLERLÂNDIA,GO,08/2026,478,976,1042
521910,SANTA BÁRBARA DE GOIÁS,GO,08/2026,637,1013,798
521920,SANTA CRUZ DE GOIÁS,GO,08/2026,219,384,338
521925,SANTA FÉ DE GOIÁS,GO,08/2026,325,570,593
521930,SANTA HELENA DE GOIÁS,GO,08/2026,2276,3844,3418
521935,SANTA ISABEL,GO,08/2026,448,692,602
521940,SANTA RITA DO ARAGUAIA,GO,08/2026,554,881,701
521945,SANTA RITA DO NOVO DESTINO,GO,08/2026,290,458,521
521950,SANTA ROSA DE GOIÁS,GO,08/2026,243,445,427
521960,SANTA TEREZA DE GOIÁS,GO,08/2026,277,458,405
521970,SANTA TEREZINHA DE GOIÁS,GO,08/2026,1058,1717,1029
521971,SANTO ANTÔNIO DA BARRA,GO,08/2026,199,462,659
521973,SANTO ANTÔNIO DE GOIÁS,GO,08/2026,665,1173,991
521975,SANTO ANTÔNIO DO DESCOBERTO,GO,08/2026,8224,12000,7878
521980,SÃO DOMINGOS,GO,08/2026,1292,1724,1152
521990,SÃO FRANCISCO DE GOIÁS,GO,08/2026,809,1144,723
522000,SÃO JOÃO DALIANÇA,GO,08/2026,992,1986,1265
522005,SÃO JOÃO DA PARAÚNA,GO,08/2026,156,262,254
522010,SÃO LUÍS DE MONTES BELOS,GO,08/2026,1619,3513,3510
522015,SÃO LUIZ DO NORTE,GO,08/2026,662,956,713
522020,SÃO MIGUEL DO ARAGUAIA,GO,08/2026,2038,3548,3513
522026,SÃO MIGUEL DO PASSA QUATRO,GO,08/2026,244,508,488
522028,SÃO PATRÍCIO,GO,08/2026,273,378,271
522040,SÃO SIMÃO,GO,08/2026,1194,2053,2368
522045,SENADOR CANEDO,GO,08/2026,7771,17329,13186
522050,SERRANÓPOLIS,GO,08/2026,555,881,665
522060,SILVÂNIA,GO,08/2026,1550,2649,2140
522068,SIMOLÂNDIA,GO,08/2026,837,1228,654
522070,SÍTIO DABADIA,GO,08/2026,721,868,439
522100,TAQUARAL DE GOIÁS,GO,08/2026,296,605,510
522108,TERESINA DE GOIÁS,GO,08/2026,961,1126,593
522119,TEREZÓPOLIS DE GOIÁS,GO,08/2026,1405,1746,874
522130,TRÊS RANCHOS,GO,08/2026,287,443,365
522140,TRINDADE,GO,08/2026,9019,18967,17237
522145,TROMBAS,GO,08/2026,295,481,368
522150,TURVÂNIA,GO,08/2026,276,570,612
522155,TURVELÂNDIA,GO,08/2026,433,665,453
522157,UIRAPURU,GO,08/2026,357,567,355
522160,URUAÇU,GO,08/2026,1476,4203,5269
522170,URUANA,GO,08/2026,1707,2451,1439
522180,URUTAÍ,GO,08/2026,254,547,465
522185,VALPARAÍSO DE GOIÁS,GO,08/2026,7818,19974,15671
522190,VARJÃO,GO,08/2026,324,567,513
522200,VIANÓPOLIS,GO,08/2026,859,1628,1457
522205,VICENTINÓPOLIS,GO,08/2026,534,1116,961
522220,VILA BOA,GO,08/2026,551,831,608
522230,VILA PROPÍCIO,GO,08/2026,605,964,846
210005,AÇAILÂNDIA,MA,08/2026,10194,16117,10167
210010,AFONSO CUNHA,MA,08/2026,1965,2209,366
210015,ÁGUA DOCE DO MARANHÃO,MA,08/2026,2571,3111,826
210020,ALCÂNTARA,MA,08/2026,5799,6493,2080
210030,ALDEIAS ALTAS,MA,08/2026,3770,4799,1080
210040,ALTAMIRA DO MARANHÃO,MA,08/2026,1773,1937,417
210043,ALTO ALEGRE DO MARANHÃO,MA,08/2026,4094,5365,1477
210047,ALTO ALEGRE DO PINDARÉ,MA,08/2026,4849,6098,2195
210050,ALTO PARNAÍBA,MA,08/2026,1609,2149,930
210055,AMAPÁ DO MARANHÃO,MA,08/2026,1594,2003,621
210060,AMARANTE DO MARANHÃO,MA,08/2026,5763,7419,1581
210070,ANAJATUBA,MA,08/2026,6293,7072,1405
210080,ANAPURUS,MA,08/2026,3863,4331,729
210083,APICUM-AÇU,MA,08/2026,5089,5542,1269
210087,ARAGUANÃ,MA,08/2026,2102,2533,545
210090,ARAIOSES,MA,08/2026,7326,9022,1815
210095,ARAME,MA,08/2026,4246,5739,1382
210100,ARARI,MA,08/2026,4616,5974,1793
210110,AXIXÁ,MA,08/2026,3296,3658,607
210120,BACABAL,MA,08/2026,16351,22228,9077
210125,BACABEIRA,MA,08/2026,3372,4306,1237
210130,BACURI,MA,08/2026,3276,3742,1370
210135,BACURITUBA,MA,08/2026,1285,1440,541
210140,BALSAS,MA,08/2026,10961,16876,10192
210150,BARÃO DE GRAJAÚ,MA,08/2026,3727,4413,1277
210160,BARRA DO CORDA,MA,08/2026,13652,18284,7305
210170,BARREIRINHAS,MA,08/2026,12629,16085,3826
210173,BELÁGUA,MA,08/2026,2102,2370,339
210177,BELA VISTA DO MARANHÃO,MA,08/2026,2470,3031,714
210180,BENEDITO LEITE,MA,08/2026,1124,1325,455
210190,BEQUIMÃO,MA,08/2026,4410,5294,1904
210193,BERNARDO DO MEARIM,MA,08/2026,878,1192,350
210197,BOA VISTA DO GURUPI,MA,08/2026,1775,2100,551
210200,BOM JARDIM,MA,08/2026,6365,7925,2034
210203,BOM JESUS DAS SELVAS,MA,08/2026,4414,5811,1932
210207,BOM LUGAR,MA,08/2026,2497,3047,990
210210,BREJO,MA,08/2026,6462,7871,1418
210215,BREJO DE AREIA,MA,08/2026,2247,2510,446
210220,BURITI,MA,08/2026,7204,8074,1323
210230,BURITI BRAVO,MA,08/2026,5410,6006,1570
210232,BURITICUPU,MA,08/2026,8172,10841,3735
210235,BURITIRANA,MA,08/2026,2072,2725,889
210237,CACHOEIRA GRANDE,MA,08/2026,3874,4165,1018
210240,CAJAPIÓ,MA,08/2026,2042,2527,650
210250,CAJARI,MA,08/2026,5328,6165,1262
210255,CAMPESTRE DO MARANHÃO,MA,08/2026,1649,2214,991
210260,CÂNDIDO MENDES,MA,08/2026,3994,5020,1444
210270,CANTANHEDE,MA,08/2026,3080,3949,1116
210275,CAPINZAL DO NORTE,MA,08/2026,2196,2625,698
210280,CAROLINA,MA,08/2026,3890,4931,1991
210290,CARUTAPERA,MA,08/2026,5819,6956,1827
210300,CAXIAS,MA,08/2026,10972,23687,9032
210310,CEDRAL,MA,08/2026,2507,2932,843
210312,CENTRAL DO MARANHÃO,MA,08/2026,2360,2741,717
210315,CENTRO DO GUILHERME,MA,08/2026,3004,3364,616
210317,CENTRO NOVO DO MARANHÃO,MA,08/2026,3612,4225,767
210320,CHAPADINHA,MA,08/2026,22966,25547,5453
210325,CIDELÂNDIA,MA,08/2026,2494,2972,1003
210330,CODÓ,MA,08/2026,16562,22883,10278
210340,COELHO NETO,MA,08/2026,8219,10165,2993
210350,COLINAS,MA,08/2026,8151,9453,2213
210355,CONCEIÇÃO DO LAGO-AÇU,MA,08/2026,3006,3653,730
210360,COROATÁ,MA,08/2026,9366,12376,3700
210370,CURURUPU,MA,08/2026,8450,9399,3921
210375,DAVINÓPOLIS,MA,08/2026,1384,2376,1447
210380,DOM PEDRO,MA,08/2026,4278,5104,1556
210390,DUQUE BACELAR,MA,08/2026,3232,3610,570
210400,ESPERANTINÓPOLIS,MA,08/2026,3059,3948,1261
210405,ESTREITO,MA,08/2026,3687,5923,2697
210407,FEIRA NOVA DO MARANHÃO,MA,08/2026,1296,1686,676
210408,FERNANDO FALCÃO,MA,08/2026,2346,2825,551
210409,FORMOSA DA SERRA NEGRA,MA,08/2026,3049,3814,925
210410,FORTALEZA DOS NOGUEIRAS,MA,08/2026,2437,3105,1404
210420,FORTUNA,MA,08/2026,3188,3872,1122
210430,GODOFREDO VIANA,MA,08/2026,1957,2334,604
210440,GONÇALVES DIAS,MA,08/2026,3502,3980,1052
210450,GOVERNADOR ARCHER,MA,08/2026,1719,2080,558
210455,GOVERNADOR EDISON LOBÃO,MA,08/2026,2419,3780,1887
210460,GOVERNADOR EUGÊNIO BARROS,MA,08/2026,2154,2767,994
210462,GOVERNADOR LUIZ ROCHA,MA,08/2026,1203,1545,549
210465,GOVERNADOR NEWTON BELLO,MA,08/2026,2021,2441,673
210467,GOVERNADOR NUNES FREIRE,MA,08/2026,4796,5819,1523
210470,GRAÇA ARANHA,MA,08/2026,1059,1359,698
210480,GRAJAÚ,MA,08/2026,13348,16917,4427
210490,GUIMARÃES,MA,08/2026,2057,2544,963
210500,HUMBERTO DE CAMPOS,MA,08/2026,5561,6778,1305
210510,ICATU,MA,08/2026,6525,7292,1557
210515,IGARAPÉ DO MEIO,MA,08/2026,2521,3299,947
210520,IGARAPÉ GRANDE,MA,08/2026,1858,2424,810
210530,IMPERATRIZ,MA,08/2026,28165,42050,24713
210535,ITAIPAVA DO GRAJAÚ,MA,08/2026,3485,3906,918
210540,ITAPECURU MIRIM,MA,08/2026,8498,12341,4629
210542,ITINGA DO MARANHÃO,MA,08/2026,4393,5329,2753
210545,JATOBÁ,MA,08/2026,1794,2071,558
210547,JENIPAPO DOS VIEIRAS,MA,08/2026,2925,3674,730
210550,JOÃO LISBOA,MA,08/2026,3505,5022,2180
210560,JOSELÂNDIA,MA,08/2026,2854,3478,946
210565,JUNCO DO MARANHÃO,MA,08/2026,1141,1396,492
210570,LAGO DA PEDRA,MA,08/2026,8449,10036,2351
210580,LAGO DO JUNCO,MA,08/2026,2121,2497,751
210590,LAGO VERDE,MA,08/2026,2868,3612,963
210592,LAGOA DO MATO,MA,08/2026,2473,2800,520
210594,LAGO DOS RODRIGUES,MA,08/2026,1715,2158,675
210596,LAGOA GRANDE DO MARANHÃO,MA,08/2026,2149,2948,843
210598,LAJEADO NOVO,MA,08/2026,1602,1829,413
210600,LIMA CAMPOS,MA,08/2026,1961,2650,1120
210610,LORETO,MA,08/2026,2085,2590,1018
210620,LUÍS DOMINGUES,MA,08/2026,2152,2450,855
210630,MAGALHÃES DE ALMEIDA,MA,08/2026,2492,3170,820
210632,MARACAÇUMÉ,MA,08/2026,4641,5475,1305
210635,MARAJÁ DO SENA,MA,08/2026,1514,1813,288
210637,MARANHÃOZINHO,MA,08/2026,2297,2845,946
210640,MATA ROMA,MA,08/2026,4006,4613,807
210650,MATINHA,MA,08/2026,5576,6326,1528
210660,MATÕES,MA,08/2026,5788,7083,2111
210663,MATÕES DO NORTE,MA,08/2026,1653,2307,763
210667,MILAGRES DO MARANHÃO,MA,08/2026,1627,1915,391
210670,MIRADOR,MA,08/2026,5250,6022,1373
210675,MIRANDA DO NORTE,MA,08/2026,4675,5485,1390
210680,MIRINZAL,MA,08/2026,4889,5229,1247
210690,MONÇÃO,MA,08/2026,6388,7481,2290
210700,MONTES ALTOS,MA,08/2026,1762,2254,852
210710,MORROS,MA,08/2026,4349,5044,1063
210720,NINA RODRIGUES,MA,08/2026,2608,3045,819
210725,NOVA COLINAS,MA,08/2026,869,1136,515
210730,NOVA IORQUE,MA,08/2026,1125,1263,448
210735,NOVA OLINDA DO MARANHÃO,MA,08/2026,3335,4051,972
210740,OLHO DÁGUA DAS CUNHÃS,MA,08/2026,3986,4752,1324
210745,OLINDA NOVA DO MARANHÃO,MA,08/2026,3278,3847,731
210750,PAÇO DO LUMIAR,MA,08/2026,16142,23726,9399
210760,PALMEIRÂNDIA,MA,08/2026,6365,6835,1411
210770,PARAIBANO,MA,08/2026,4267,4905,1506
210780,PARNARAMA,MA,08/2026,5084,6582,2541
210790,PASSAGEM FRANCA,MA,08/2026,3476,4218,1200
210800,PASTOS BONS,MA,08/2026,3710,4329,1199
210805,PAULINO NEVES,MA,08/2026,3439,4410,1011
210810,PAULO RAMOS,MA,08/2026,4297,5151,1087
210820,PEDREIRAS,MA,08/2026,3602,5809,2368
210825,PEDRO DO ROSÁRIO,MA,08/2026,7686,8469,1639
210830,PENALVA,MA,08/2026,7551,8686,1856
210840,PERI MIRIM,MA,08/2026,4158,4541,1383
210845,PERITORÓ,MA,08/2026,4284,5026,1443
210850,PINDARÉ-MIRIM,MA,08/2026,5352,6888,2246
210860,PINHEIRO,MA,08/2026,18252,21938,6623
210870,PIO XII,MA,08/2026,4848,5787,1576
210880,PIRAPEMAS,MA,08/2026,3162,3774,1057
210890,POÇÃO DE PEDRAS,MA,08/2026,3871,4399,1196
210900,PORTO FRANCO,MA,08/2026,1929,3850,2603
210905,PORTO RICO DO MARANHÃO,MA,08/2026,2147,2332,489
210910,PRESIDENTE DUTRA,MA,08/2026,4328,6761,2630
210920,PRESIDENTE JUSCELINO,MA,08/2026,2680,3047,630
210923,PRESIDENTE MÉDICI,MA,08/2026,1291,1605,481
210927,PRESIDENTE SARNEY,MA,08/2026,4412,5290,1064
210930,PRESIDENTE VARGAS,MA,08/2026,2370,2850,879
210940,PRIMEIRA CRUZ,MA,08/2026,2165,2920,715
210945,RAPOSA,MA,08/2026,7319,8756,2462
210950,RIACHÃO,MA,08/2026,3585,4598,1962
210955,RIBAMAR FIQUENE,MA,08/2026,928,1309,599
210960,ROSÁRIO,MA,08/2026,6009,8374,3115
210970,SAMBAÍBA,MA,08/2026,1090,1346,655
210975,SANTA FILOMENA DO MARANHÃO,MA,08/2026,1040,1388,272
210980,SANTA HELENA,MA,08/2026,7423,8845,2518
210990,SANTA INÊS,MA,08/2026,10506,15938,7401
211000,SANTA LUZIA,MA,08/2026,9952,12609,3791
211003,SANTA LUZIA DO PARUÁ,MA,08/2026,5584,6425,1645
211010,SANTA QUITÉRIA DO MARANHÃO,MA,08/2026,5533,6572,1471
211020,SANTA RITA,MA,08/2026,9282,10529,2425
211023,SANTANA DO MARANHÃO,MA,08/2026,1691,2103,471
211027,SANTO AMARO DO MARANHÃO,MA,08/2026,3341,3871,687
211030,SANTO ANTÔNIO DOS LOPES,MA,08/2026,3094,3686,728
211040,SÃO BENEDITO DO RIO PRETO,MA,08/2026,4128,4769,876
211050,SÃO BENTO,MA,08/2026,6839,8186,2355
211060,SÃO BERNARDO,MA,08/2026,6657,7619,1586
211065,SÃO DOMINGOS DO AZEITÃO,MA,08/2026,1601,1913,805
211070,SÃO DOMINGOS DO MARANHÃO,MA,08/2026,6808,8428,2787
211080,SÃO FÉLIX DE BALSAS,MA,08/2026,824,1048,458
211085,SÃO FRANCISCO DO BREJÃO,MA,08/2026,1652,2019,913
211090,SÃO FRANCISCO DO MARANHÃO,MA,08/2026,2509,2897,685
211100,SÃO JOÃO BATISTA,MA,08/2026,6324,6968,1087
211102,SÃO JOÃO DO CARÚ,MA,08/2026,2582,3160,606
211105,SÃO JOÃO DO PARAÍSO,MA,08/2026,1791,2236,648
211107,SÃO JOÃO DO SOTER,MA,08/2026,3434,4117,1260
211110,SÃO JOÃO DOS PATOS,MA,08/2026,4541,5544,2133
211120,SÃO JOSÉ DE RIBAMAR,MA,08/2026,25372,36320,13343
211125,SÃO JOSÉ DOS BASÍLIOS,MA,08/2026,1168,1499,472
211130,SÃO LUÍS,MA,08/2026,117996,165737,73257
211140,SÃO LUÍS GONZAGA DO MARANHÃO,MA,08/2026,3560,4371,1506
211150,SÃO MATEUS DO MARANHÃO,MA,08/2026,6213,8329,2937
211153,SÃO PEDRO DA ÁGUA BRANCA,MA,08/2026,1597,2244,1521
211157,SÃO PEDRO DOS CRENTES,MA,08/2026,944,1268,348
211160,SÃO RAIMUNDO DAS MANGABEIRAS,MA,08/2026,3307,4495,2023
211163,SÃO RAIMUNDO DO DOCA BEZERRA,MA,08/2026,1112,1385,353
211167,SÃO ROBERTO,MA,08/2026,1047,1333,275
211170,SÃO VICENTE FERRER,MA,08/2026,5354,6089,1355
211172,SATUBINHA,MA,08/2026,1763,2178,615
211174,SENADOR ALEXANDRE COSTA,MA,08/2026,3053,3354,644
211176,SENADOR LA ROCQUE,MA,08/2026,2986,3628,1441
211178,SERRANO DO MARANHÃO,MA,08/2026,4142,4439,940
211180,SÍTIO NOVO,MA,08/2026,2895,3830,846
211190,SUCUPIRA DO NORTE,MA,08/2026,2539,2930,904
211195,SUCUPIRA DO RIACHÃO,MA,08/2026,998,1245,384
211200,TASSO FRAGOSO,MA,08/2026,1055,1543,891
211210,TIMBIRAS,MA,08/2026,4561,5598,1367
211220,TIMON,MA,08/2026,25954,35127,15007
211223,TRIZIDELA DO VALE,MA,08/2026,2687,4169,1545
211227,TUFILÂNDIA,MA,08/2026,1350,1633,435
211230,TUNTUM,MA,08/2026,6995,8459,2479
211240,TURIAÇU,MA,08/2026,9961,10955,1802
211245,TURILÂNDIA,MA,08/2026,5844,6437,1128
211250,TUTÓIA,MA,08/2026,12024,14649,3350
211260,URBANO SANTOS,MA,08/2026,6988,8130,1784
211270,VARGEM GRANDE,MA,08/2026,6465,8874,2297
211280,VIANA,MA,08/2026,9732,12171,3210
211285,VILA NOVA DOS MARTÍRIOS,MA,08/2026,1501,2001,616
211290,VITÓRIA DO MEARIM,MA,08/2026,5674,7063,1989
211300,VITORINO FREIRE,MA,08/2026,4836,6229,1964
211400,ZÉ DOCA,MA,08/2026,7036,9570,3730
310010,ABADIA DOS DOURADOS,MG,08/2026,427,672,551
310020,ABAETÉ,MG,08/2026,1688,2672,2090
310030,ABRE CAMPO,MG,08/2026,1411,1873,790
310040,ACAIACA,MG,08/2026,420,627,409
310050,AÇUCENA,MG,08/2026,932,1363,739
310060,ÁGUA BOA,MG,08/2026,1662,2389,1107
310070,ÁGUA COMPRIDA,MG,08/2026,187,258,189
310080,AGUANIL,MG,08/2026,321,537,383
310090,ÁGUAS FORMOSAS,MG,08/2026,3520,4367,2009
310100,ÁGUAS VERMELHAS,MG,08/2026,2844,3402,1409
310110,AIMORÉS,MG,08/2026,2299,3567,2347
310120,AIURUOCA,MG,08/2026,144,409,408
310130,ALAGOA,MG,08/2026,326,415,160
310140,ALBERTINA,MG,08/2026,226,338,151
310150,ALÉM PARAÍBA,MG,08/2026,2819,4383,3251
310160,ALFENAS,MG,08/2026,5685,8654,6468
310163,ALFREDO VASCONCELOS,MG,08/2026,262,764,599
310170,ALMENARA,MG,08/2026,5503,7635,4442
310180,ALPERCATA,MG,08/2026,917,1336,988
310190,ALPINÓPOLIS,MG,08/2026,668,1468,823
310200,ALTEROSA,MG,08/2026,1040,1609,940
310205,ALTO CAPARAÓ,MG,08/2026,665,1019,628
310210,ALTO RIO DOCE,MG,08/2026,1186,1721,969
310220,ALVARENGA,MG,08/2026,578,832,553
310230,ALVINÓPOLIS,MG,08/2026,1304,1883,1254
310240,ALVORADA DE MINAS,MG,08/2026,735,954,439
310250,AMPARO DO SERRA,MG,08/2026,711,912,440
310260,ANDRADAS,MG,08/2026,1103,2436,2569
310270,CACHOEIRA DE PAJEÚ,MG,08/2026,1820,2217,1079
310280,ANDRELÂNDIA,MG,08/2026,1092,1766,1273
310285,ANGELÂNDIA,MG,08/2026,844,1448,886
310290,ANTÔNIO CARLOS,MG,08/2026,871,1336,823
310300,ANTÔNIO DIAS,MG,08/2026,577,1086,1065
310310,ANTÔNIO PRADO DE MINAS,MG,08/2026,129,193,185
310320,ARAÇAÍ,MG,08/2026,133,233,286
310330,ARACITABA,MG,08/2026,200,316,348
310340,ARAÇUAÍ,MG,08/2026,2894,5519,4599
310350,ARAGUARI,MG,08/2026,6145,10245,8975
310360,ARANTINA,MG,08/2026,488,616,237
310370,ARAPONGA,MG,08/2026,696,1274,447
310375,ARAPORÃ,MG,08/2026,437,728,551
310380,ARAPUÁ,MG,08/2026,124,201,199
310390,ARAÚJOS,MG,08/2026,447,715,396
310400,ARAXÁ,MG,08/2026,4870,8372,8073
310410,ARCEBURGO,MG,08/2026,278,603,508
310420,ARCOS,MG,08/2026,2337,3744,3361
310430,AREADO,MG,08/2026,816,1357,1060
310440,ARGIRITA,MG,08/2026,241,407,484
310445,ARICANDUVA,MG,08/2026,791,1049,586
310450,ARINOS,MG,08/2026,2072,3076,2286
310460,ASTOLFO DUTRA,MG,08/2026,732,1411,1077
310470,ATALÉIA,MG,08/2026,1526,2191,1162
310480,AUGUSTO DE LIMA,MG,08/2026,484,691,518
310490,BAEPENDI,MG,08/2026,1138,2041,1502
310500,BALDIM,MG,08/2026,697,1301,690
310510,BAMBUÍ,MG,08/2026,1106,1854,1548
310520,BANDEIRA,MG,08/2026,296,629,839
310530,BANDEIRA DO SUL,MG,08/2026,149,466,521
310540,BARÃO DE COCAIS,MG,08/2026,1331,2296,1362
310550,BARÃO DE MONTE ALTO,MG,08/2026,567,859,726
310560,BARBACENA,MG,08/2026,7683,12553,10694
310570,BARRA LONGA,MG,08/2026,528,814,740
310590,BARROSO,MG,08/2026,2082,3178,2299
310600,BELA VISTA DE MINAS,MG,08/2026,689,1127,865
310610,BELMIRO BRAGA,MG,08/2026,85,277,351
310620,BELO HORIZONTE,MG,08/2026,121523,184406,137105
310630,BELO ORIENTE,MG,08/2026,1964,3188,2973
310640,BELO VALE,MG,08/2026,700,1118,795
310650,BERILO,MG,08/2026,1192,1705,1252
310660,BERTÓPOLIS,MG,08/2026,916,1194,505
310665,BERIZAL,MG,08/2026,1052,1263,531
310670,BETIM,MG,08/2026,25077,45875,38177
310680,BIAS FORTES,MG,08/2026,397,555,320
310690,BICAS,MG,08/2026,1381,2001,1635
310700,BIQUINHAS,MG,08/2026,241,339,232
310710,BOA ESPERANÇA,MG,08/2026,2126,4443,3749
310720,BOCAINA DE MINAS,MG,08/2026,697,918,476
310730,BOCAIÚVA,MG,08/2026,5489,7918,4516
310740,BOM DESPACHO,MG,08/2026,3388,5384,3212
310750,BOM JARDIM DE MINAS,MG,08/2026,590,963,734
310760,BOM JESUS DA PENHA,MG,08/2026,331,498,376
310770,BOM JESUS DO AMPARO,MG,08/2026,470,795,559
310780,BOM JESUS DO GALHO,MG,08/2026,2062,2767,1490
310790,BOM REPOUSO,MG,08/2026,1021,1746,692
310800,BOM SUCESSO,MG,08/2026,389,1493,1360
310810,BONFIM,MG,08/2026,716,1032,640
310820,BONFINÓPOLIS DE MINAS,MG,08/2026,479,798,895
310825,BONITO DE MINAS,MG,08/2026,1758,2213,1081
310830,BORDA DA MATA,MG,08/2026,1216,1887,1432
310840,BOTELHOS,MG,08/2026,859,1533,1019
310850,BOTUMIRIM,MG,08/2026,744,1007,583
310855,BRASILÂNDIA DE MINAS,MG,08/2026,1962,2728,1748
310860,BRASÍLIA DE MINAS,MG,08/2026,3844,5758,2780
310870,BRÁS PIRES,MG,08/2026,535,714,361
310880,BRAÚNAS,MG,08/2026,429,611,336
310890,BRAZÓPOLIS,MG,08/2026,465,1294,1145
310900,BRUMADINHO,MG,08/2026,1613,3184,2962
310910,BUENO BRANDÃO,MG,08/2026,444,1414,1187
310920,BUENÓPOLIS,MG,08/2026,929,1431,860
310925,BUGRE,MG,08/2026,523,727,582
310930,BURITIS,MG,08/2026,2054,3819,3268
310940,BURITIZEIRO,MG,08/2026,4607,5667,3100
310945,CABECEIRA GRANDE,MG,08/2026,767,1069,822
310950,CABO VERDE,MG,08/2026,405,1075,1045
310960,CACHOEIRA DA PRATA,MG,08/2026,176,372,466
310970,CACHOEIRA DE MINAS,MG,08/2026,279,742,567
310980,CACHOEIRA DOURADA,MG,08/2026,121,221,343
310990,CAETANÓPOLIS,MG,08/2026,721,1166,763
311000,CAETÉ,MG,08/2026,2151,3384,2132
311010,CAIANA,MG,08/2026,552,855,511
311020,CAJURI,MG,08/2026,485,765,636
311030,CALDAS,MG,08/2026,786,1314,1075
311040,CAMACHO,MG,08/2026,158,246,146
311050,CAMANDUCAIA,MG,08/2026,1415,2270,1927
311060,CAMBUÍ,MG,08/2026,1302,2323,2111
311070,CAMBUQUIRA,MG,08/2026,865,1585,1383
311080,CAMPANÁRIO,MG,08/2026,496,659,441
311090,CAMPANHA,MG,08/2026,959,1801,1128
311100,CAMPESTRE,MG,08/2026,975,1903,1416
311110,CAMPINA VERDE,MG,08/2026,552,1552,3126
311115,CAMPO AZUL,MG,08/2026,744,962,281
311120,CAMPO BELO,MG,08/2026,3327,5334,4250
311130,CAMPO DO MEIO,MG,08/2026,816,1406,1173
311140,CAMPO FLORIDO,MG,08/2026,728,1194,1254
311150,CAMPOS ALTOS,MG,08/2026,665,1111,602
311160,CAMPOS GERAIS,MG,08/2026,1372,2759,2435
311170,CANAÃ,MG,08/2026,598,862,421
311180,CANÁPOLIS,MG,08/2026,410,865,1128
311190,CANA VERDE,MG,08/2026,355,653,464
311200,CANDEIAS,MG,08/2026,732,1549,1238
311205,CANTAGALO,MG,08/2026,440,687,445
311210,CAPARAÓ,MG,08/2026,628,895,297
311220,CAPELA NOVA,MG,08/2026,536,725,254
311230,CAPELINHA,MG,08/2026,1981,5512,4130
311240,CAPETINGA,MG,08/2026,607,902,553
311250,CAPIM BRANCO,MG,08/2026,746,1139,910
311260,CAPINÓPOLIS,MG,08/2026,882,1475,1627
311265,CAPITÃO ANDRADE,MG,08/2026,600,860,576
311270,CAPITÃO ENÉAS,MG,08/2026,1839,2702,1263
311280,CAPITÓLIO,MG,08/2026,333,804,1093
311290,CAPUTIRA,MG,08/2026,1111,1692,594
311300,CARAÍ,MG,08/2026,2451,3427,1545
311310,CARANAÍBA,MG,08/2026,280,376,197
311320,CARANDAÍ,MG,08/2026,1396,2398,968
311330,CARANGOLA,MG,08/2026,2939,4505,3180
311340,CARATINGA,MG,08/2026,3332,7752,5015
311350,CARBONITA,MG,08/2026,745,1293,1133
311360,CAREAÇU,MG,08/2026,437,754,589
311370,CARLOS CHAGAS,MG,08/2026,1895,2870,2338
311380,CARMÉSIA,MG,08/2026,223,351,253
311390,CARMO DA CACHOEIRA,MG,08/2026,654,1371,701
311400,CARMO DA MATA,MG,08/2026,715,1124,968
311410,CARMO DE MINAS,MG,08/2026,614,1383,954
311420,CARMO DO CAJURU,MG,08/2026,541,1216,886
311430,CARMO DO PARANAÍBA,MG,08/2026,1236,2511,2442
311440,CARMO DO RIO CLARO,MG,08/2026,287,2182,1592
311450,CARMÓPOLIS DE MINAS,MG,08/2026,1251,1971,1616
311455,CARNEIRINHO,MG,08/2026,443,681,719
311460,CARRANCAS,MG,08/2026,126,318,361
311470,CARVALHÓPOLIS,MG,08/2026,158,326,267
311480,CARVALHOS,MG,08/2026,638,803,399
311490,CASA GRANDE,MG,08/2026,140,240,170
311500,CASCALHO RICO,MG,08/2026,241,370,268
311510,CÁSSIA,MG,08/2026,1428,2338,1928
311520,CONCEIÇÃO DA BARRA DE MINAS,MG,08/2026,387,541,256
311530,CATAGUASES,MG,08/2026,3610,6273,6435
311535,CATAS ALTAS,MG,08/2026,523,740,692
311540,CATAS ALTAS DA NORUEGA,MG,08/2026,326,448,179
311545,CATUJI,MG,08/2026,1348,1801,1014
311547,CATUTI,MG,08/2026,958,1249,636
311550,CAXAMBU,MG,08/2026,1234,2184,1337
311560,CEDRO DO ABAETÉ,MG,08/2026,92,147,186
311570,CENTRAL DE MINAS,MG,08/2026,573,860,591
311580,CENTRALINA,MG,08/2026,811,1226,993
311590,CHÁCARA,MG,08/2026,326,526,307
311600,CHALÉ,MG,08/2026,867,1127,429
311610,CHAPADA DO NORTE,MG,08/2026,1268,1798,1204
311615,CHAPADA GAÚCHA,MG,08/2026,2527,3159,1479
311620,CHIADOR,MG,08/2026,193,380,337
311630,CIPOTÂNEA,MG,08/2026,613,929,504
311640,CLARAVAL,MG,08/2026,390,600,407
311650,CLARO DOS POÇÕES,MG,08/2026,843,1313,787
311660,CLÁUDIO,MG,08/2026,1094,2157,1789
311670,COIMBRA,MG,08/2026,574,1034,824
311680,COLUNA,MG,08/2026,1317,1803,979
311690,COMENDADOR GOMES,MG,08/2026,249,367,277
311700,COMERCINHO,MG,08/2026,1156,1484,767
311710,CONCEIÇÃO DA APARECIDA,MG,08/2026,318,995,696
311720,CONCEIÇÃO DAS PEDRAS,MG,08/2026,259,383,110
311730,CONCEIÇÃO DAS ALAGOAS,MG,08/2026,2089,3429,3055
311740,CONCEIÇÃO DE IPANEMA,MG,08/2026,698,898,351
311750,CONCEIÇÃO DO MATO DENTRO,MG,08/2026,1689,2664,1885
311760,CONCEIÇÃO DO PARÁ,MG,08/2026,342,587,522
311770,CONCEIÇÃO DO RIO VERDE,MG,08/2026,802,1512,1246
311780,CONCEIÇÃO DOS OUROS,MG,08/2026,573,1148,1042
311783,CÔNEGO MARINHO,MG,08/2026,1358,1713,946
311787,CONFINS,MG,08/2026,213,449,376
311790,CONGONHAL,MG,08/2026,479,1069,952
311800,CONGONHAS,MG,08/2026,2140,4006,3761
311810,CONGONHAS DO NORTE,MG,08/2026,561,746,450
311820,CONQUISTA,MG,08/2026,519,762,842
311830,CONSELHEIRO LAFAIETE,MG,08/2026,3484,7454,5975
311840,CONSELHEIRO PENA,MG,08/2026,1683,2769,2011
311850,CONSOLAÇÃO,MG,08/2026,227,317,151
311860,CONTAGEM,MG,08/2026,43224,63370,43325
311870,COQUEIRAL,MG,08/2026,728,1165,719
311880,CORAÇÃO DE JESUS,MG,08/2026,3483,4866,2321
311890,CORDISBURGO,MG,08/2026,1014,1417,854
311900,CORDISLÂNDIA,MG,08/2026,382,548,273
311910,CORINTO,MG,08/2026,2576,3780,1897
311920,COROACI,MG,08/2026,1154,1610,801
311930,COROMANDEL,MG,08/2026,2079,3188,2400
311940,CORONEL FABRICIANO,MG,08/2026,5045,9144,8024
311950,CORONEL MURTA,MG,08/2026,1222,1752,1135
311960,CORONEL PACHECO,MG,08/2026,175,301,297
311970,CORONEL XAVIER CHAVES,MG,08/2026,92,266,198
311980,CÓRREGO DANTA,MG,08/2026,113,220,339
311990,CÓRREGO DO BOM JESUS,MG,08/2026,164,310,304
311995,CÓRREGO FUNDO,MG,08/2026,126,339,842
312000,CÓRREGO NOVO,MG,08/2026,468,596,316
312010,COUTO DE MAGALHÃES DE MINAS,MG,08/2026,748,1007,895
312015,CRISÓLITA,MG,08/2026,779,1039,425
312020,CRISTAIS,MG,08/2026,668,1337,1205
312030,CRISTÁLIA,MG,08/2026,1458,1715,708
312040,CRISTIANO OTONI,MG,08/2026,330,530,331
312050,CRISTINA,MG,08/2026,562,1072,379
312060,CRUCILÂNDIA,MG,08/2026,371,634,594
312070,CRUZEIRO DA FORTALEZA,MG,08/2026,290,529,395
312080,CRUZÍLIA,MG,08/2026,1727,2387,1311
312083,CUPARAQUE,MG,08/2026,523,732,367
312087,CURRAL DE DENTRO,MG,08/2026,1730,2086,839
312090,CURVELO,MG,08/2026,5615,9079,6310
312100,DATAS,MG,08/2026,895,1281,722
312110,DELFIM MOREIRA,MG,08/2026,645,939,398
312120,DELFINÓPOLIS,MG,08/2026,360,755,639
312125,DELTA,MG,08/2026,1315,1714,874
312130,DESCOBERTO,MG,08/2026,571,867,666
312140,DESTERRO DE ENTRE RIOS,MG,08/2026,282,614,396
312150,DESTERRO DO MELO,MG,08/2026,345,495,323
312160,DIAMANTINA,MG,08/2026,4073,6851,5630
312170,DIOGO DE VASCONCELOS,MG,08/2026,378,558,384
312180,DIONÍSIO,MG,08/2026,753,1106,619
312190,DIVINÉSIA,MG,08/2026,376,637,403
312200,DIVINO,MG,08/2026,1941,3253,1935
312210,DIVINO DAS LARANJEIRAS,MG,08/2026,631,853,586
312220,DIVINOLÂNDIA DE MINAS,MG,08/2026,1078,1464,655
312230,DIVINÓPOLIS,MG,08/2026,8732,16431,16252
312235,DIVISA ALEGRE,MG,08/2026,1186,1625,862
312240,DIVISA NOVA,MG,08/2026,280,600,368
312245,DIVISÓPOLIS,MG,08/2026,2426,2786,1019
312247,DOM BOSCO,MG,08/2026,329,535,486
312250,DOM CAVATI,MG,08/2026,261,587,517
312260,DOM JOAQUIM,MG,08/2026,576,778,413
312270,DOM SILVÉRIO,MG,08/2026,421,609,499
312280,DOM VIÇOSO,MG,08/2026,236,398,199
312290,DONA EUSÉBIA,MG,08/2026,446,841,542
312300,DORES DE CAMPOS,MG,08/2026,453,938,675
312310,DORES DE GUANHÃES,MG,08/2026,706,941,466
312320,DORES DO INDAIÁ,MG,08/2026,525,1160,1333
312330,DORES DO TURVO,MG,08/2026,459,738,423
312340,DORESÓPOLIS,MG,08/2026,123,181,126
312350,DOURADOQUARA,MG,08/2026,140,206,145
312352,DURANDÉ,MG,08/2026,990,1398,468
312360,ELÓI MENDES,MG,08/2026,1557,2626,1922
312370,ENGENHEIRO CALDAS,MG,08/2026,1028,1536,1259
312380,ENGENHEIRO NAVARRO,MG,08/2026,1092,1486,818
312385,ENTRE FOLHAS,MG,08/2026,788,1099,629
312390,ENTRE RIOS DE MINAS,MG,08/2026,823,1462,1089
312400,ERVÁLIA,MG,08/2026,1305,2843,1394
312410,ESMERALDAS,MG,08/2026,9545,13960,8256
312420,ESPERA FELIZ,MG,08/2026,1882,3347,1957
312430,ESPINOSA,MG,08/2026,4750,6394,3323
312440,ESPÍRITO SANTO DO DOURADO,MG,08/2026,816,1142,350
312450,ESTIVA,MG,08/2026,585,1061,832
312460,ESTRELA DALVA,MG,08/2026,228,345,240
312470,ESTRELA DO INDAIÁ,MG,08/2026,104,239,280
312480,ESTRELA DO SUL,MG,08/2026,532,798,685
312490,EUGENÓPOLIS,MG,08/2026,1216,1855,1134
312500,EWBANK DA CÂMARA,MG,08/2026,518,737,500
312510,EXTREMA,MG,08/2026,1699,3540,4056
312520,FAMA,MG,08/2026,160,260,199
312530,FARIA LEMOS,MG,08/2026,494,634,351
312540,FELÍCIO DOS SANTOS,MG,08/2026,724,1062,774
312550,SÃO GONÇALO DO RIO PRETO,MG,08/2026,377,529,495
312560,FELISBURGO,MG,08/2026,969,1368,724
312570,FELIXLÂNDIA,MG,08/2026,1115,1955,1686
312580,FERNANDES TOURINHO,MG,08/2026,212,387,415
312590,FERROS,MG,08/2026,701,1191,636
312595,FERVEDOURO,MG,08/2026,927,1802,872
312600,FLORESTAL,MG,08/2026,437,753,843
312610,FORMIGA,MG,08/2026,1691,3849,4052
312620,FORMOSO,MG,08/2026,1434,1832,1116
312630,FORTALEZA DE MINAS,MG,08/2026,135,253,189
312640,FORTUNA DE MINAS,MG,08/2026,290,448,344
312650,FRANCISCO BADARÓ,MG,08/2026,1049,1356,1128
312660,FRANCISCO DUMONT,MG,08/2026,756,1013,531
312670,FRANCISCO SÁ,MG,08/2026,3727,4808,2663
312675,FRANCISCÓPOLIS,MG,08/2026,543,823,409
312680,FREI GASPAR,MG,08/2026,921,1244,534
312690,FREI INOCÊNCIO,MG,08/2026,1282,1777,1354
312695,FREI LAGONEGRO,MG,08/2026,697,848,393
312700,FRONTEIRA,MG,08/2026,899,1470,1271
312705,FRONTEIRA DOS VALES,MG,08/2026,1723,1839,556
312707,FRUTA DE LEITE,MG,08/2026,596,866,687
312710,FRUTAL,MG,08/2026,2683,5254,5163
312720,FUNILÂNDIA,MG,08/2026,465,758,495
312730,GALILÉIA,MG,08/2026,646,977,748
312733,GAMELEIRAS,MG,08/2026,874,1166,756
312735,GLAUCILÂNDIA,MG,08/2026,340,550,463
312737,GOIABEIRA,MG,08/2026,491,611,413
312738,GOIANÁ,MG,08/2026,316,595,602
312740,GONÇALVES,MG,08/2026,139,288,278
312750,GONZAGA,MG,08/2026,581,956,626
312760,GOUVEIA,MG,08/2026,619,1266,848
312770,GOVERNADOR VALADARES,MG,08/2026,12944,24294,25055
312780,GRÃO MOGOL,MG,08/2026,1547,2242,1262
312790,GRUPIARA,MG,08/2026,31,88,153
312800,GUANHÃES,MG,08/2026,3792,5165,2980
312810,GUAPÉ,MG,08/2026,596,1129,914
312820,GUARACIABA,MG,08/2026,929,1261,843
312825,GUARACIAMA,MG,08/2026,978,1221,738
312830,GUARANÉSIA,MG,08/2026,709,1373,1164
312840,GUARANI,MG,08/2026,567,1017,664
312850,GUARARÁ,MG,08/2026,480,703,491
312860,GUARDA-MOR,MG,08/2026,470,800,710
312870,GUAXUPÉ,MG,08/2026,2099,3914,3924
312880,GUIDOVAL,MG,08/2026,864,1259,782
312890,GUIMARÂNIA,MG,08/2026,967,1432,1096
312900,GUIRICEMA,MG,08/2026,626,967,695
312910,GURINHATÃ,MG,08/2026,530,736,671
312920,HELIODORA,MG,08/2026,275,621,494
312930,IAPU,MG,08/2026,1022,1601,1316
312940,IBERTIOGA,MG,08/2026,486,759,463
312950,IBIÁ,MG,08/2026,1637,2368,1687
312960,IBIAÍ,MG,08/2026,1226,1593,796
312965,IBIRACATU,MG,08/2026,777,1137,798
312970,IBIRACI,MG,08/2026,1009,1476,797
312980,IBIRITÉ,MG,08/2026,10758,18855,13551
312990,IBITIÚRA DE MINAS,MG,08/2026,177,314,284
313000,IBITURUNA,MG,08/2026,202,339,268
313005,ICARAÍ DE MINAS,MG,08/2026,1334,1895,800
313010,IGARAPÉ,MG,08/2026,2776,4686,2988
313020,IGARATINGA,MG,08/2026,235,856,588
313030,IGUATAMA,MG,08/2026,356,592,580
313040,IJACI,MG,08/2026,518,838,450
313050,ILICÍNEA,MG,08/2026,748,1401,862
313055,IMBÉ DE MINAS,MG,08/2026,1131,1482,590
313060,INCONFIDENTES,MG,08/2026,462,875,665
313065,INDAIABIRA,MG,08/2026,1123,1507,604
313070,INDIANÓPOLIS,MG,08/2026,318,616,369
313080,INGAÍ,MG,08/2026,173,281,220
313090,INHAPIM,MG,08/2026,3321,4366,2465
313100,INHAÚMA,MG,08/2026,715,1032,620
313110,INIMUTABA,MG,08/2026,658,1119,964
313115,IPABA,MG,08/2026,928,1789,1253
313120,IPANEMA,MG,08/2026,1844,2695,1878
313130,IPATINGA,MG,08/2026,12561,20027,15293
313140,IPIAÇU,MG,08/2026,443,590,464
313150,IPUIÚNA,MG,08/2026,211,725,932
313160,IRAÍ DE MINAS,MG,08/2026,453,954,826
313170,ITABIRA,MG,08/2026,3898,7324,6194
313180,ITABIRINHA,MG,08/2026,1559,2037,1270
313190,ITABIRITO,MG,08/2026,2025,3303,2578
313200,ITACAMBIRA,MG,08/2026,654,854,477
313210,ITACARAMBI,MG,08/2026,2617,3531,1788
313220,ITAGUARA,MG,08/2026,561,1129,1213
313230,ITAIPÉ,MG,08/2026,2013,2516,844
313240,ITAJUBÁ,MG,08/2026,4049,7297,5908
313250,ITAMARANDIBA,MG,08/2026,3139,4947,2959
313260,ITAMARATI DE MINAS,MG,08/2026,299,545,480
313270,ITAMBACURI,MG,08/2026,2616,3677,2213
313280,ITAMBÉ DO MATO DENTRO,MG,08/2026,245,366,303
313290,ITAMOGI,MG,08/2026,453,921,562
313300,ITAMONTE,MG,08/2026,932,1540,1131
313310,ITANHANDU,MG,08/2026,543,1123,925
313320,ITANHOMI,MG,08/2026,560,1299,964
313330,ITAOBIM,MG,08/2026,2205,3298,2482
313340,ITAPAGIPE,MG,08/2026,897,1291,1028
313350,ITAPECERICA,MG,08/2026,903,1609,1551
313360,ITAPEVA,MG,08/2026,643,1135,936
313370,ITATIAIUÇU,MG,08/2026,694,1261,1431
313375,ITAÚ DE MINAS,MG,08/2026,406,928,1229
313380,ITAÚNA,MG,08/2026,2647,4451,3316
313390,ITAVERAVA,MG,08/2026,535,743,361
313400,ITINGA,MG,08/2026,2079,2794,1706
313410,ITUETA,MG,08/2026,914,1210,688
313420,ITUIUTABA,MG,08/2026,4035,9008,12032
313430,ITUMIRIM,MG,08/2026,641,894,485
313440,ITURAMA,MG,08/2026,4467,5717,3591
313450,ITUTINGA,MG,08/2026,265,470,433
313460,JABOTICATUBAS,MG,08/2026,1240,2155,1102
313470,JACINTO,MG,08/2026,1788,2343,1197
313480,JACUÍ,MG,08/2026,533,875,778
313490,JACUTINGA,MG,08/2026,720,1549,2064
313500,JAGUARAÇU,MG,08/2026,180,339,364
313505,JAÍBA,MG,08/2026,6499,8398,3766
313507,JAMPRUCA,MG,08/2026,600,873,546
313510,JANAÚBA,MG,08/2026,6950,11382,8472
313520,JANUÁRIA,MG,08/2026,9566,12949,6578
313530,JAPARAÍBA,MG,08/2026,156,358,452
313535,JAPONVAR,MG,08/2026,1306,1880,1090
313540,JECEABA,MG,08/2026,381,619,471
313545,JENIPAPO DE MINAS,MG,08/2026,640,1006,595
313550,JEQUERI,MG,08/2026,1400,1938,886
313560,JEQUITAÍ,MG,08/2026,1730,2091,986
313570,JEQUITIBÁ,MG,08/2026,528,816,378
313580,JEQUITINHONHA,MG,08/2026,3375,4542,2552
313590,JESUÂNIA,MG,08/2026,587,881,580
313600,JOAÍMA,MG,08/2026,2777,3478,1493
313610,JOANÉSIA,MG,08/2026,548,749,351
313620,JOÃO MONLEVADE,MG,08/2026,2968,4737,2835
313630,JOÃO PINHEIRO,MG,08/2026,4365,6461,4474
313640,JOAQUIM FELÍCIO,MG,08/2026,678,904,641
313650,JORDÂNIA,MG,08/2026,815,1332,690
313652,JOSÉ GONÇALVES DE MINAS,MG,08/2026,484,715,377
313655,JOSÉ RAYDAN,MG,08/2026,549,780,423
313657,JOSENÓPOLIS,MG,08/2026,594,778,468
313660,NOVA UNIÃO,MG,08/2026,672,966,529
313665,JUATUBA,MG,08/2026,2890,4311,3006
313670,JUIZ DE FORA,MG,08/2026,25642,43120,31948
313680,JURAMENTO,MG,08/2026,550,827,513
313690,JURUAIA,MG,08/2026,429,875,537
313695,JUVENÍLIA,MG,08/2026,1015,1340,818
313700,LADAINHA,MG,08/2026,2130,2702,1180
313710,LAGAMAR,MG,08/2026,603,824,753
313720,LAGOA DA PRATA,MG,08/2026,2309,4513,4206
313730,LAGOA DOS PATOS,MG,08/2026,625,862,473
313740,LAGOA DOURADA,MG,08/2026,734,1578,706
313750,LAGOA FORMOSA,MG,08/2026,1345,1983,1272
313753,LAGOA GRANDE,MG,08/2026,518,1183,1202
313760,LAGOA SANTA,MG,08/2026,3401,5813,3962
313770,LAJINHA,MG,08/2026,2148,3388,1629
313780,LAMBARI,MG,08/2026,1610,2694,2262
313790,LAMIM,MG,08/2026,314,490,285
313800,LARANJAL,MG,08/2026,406,767,646
313810,LASSANCE,MG,08/2026,1136,1466,948
313820,LAVRAS,MG,08/2026,4594,9027,9599
313830,LEANDRO FERREIRA,MG,08/2026,225,353,192
313835,LEME DO PRADO,MG,08/2026,404,650,500
313840,LEOPOLDINA,MG,08/2026,2950,6135,5385
313850,LIBERDADE,MG,08/2026,496,729,429
313860,LIMA DUARTE,MG,08/2026,1373,2286,1498
313862,LIMEIRA DO OESTE,MG,08/2026,240,484,978
313865,LONTRA,MG,08/2026,1394,1993,956
313867,LUISBURGO,MG,08/2026,694,1192,564
313868,LUISLÂNDIA,MG,08/2026,1060,1392,663
313870,LUMINÁRIAS,MG,08/2026,428,702,555
313880,LUZ,MG,08/2026,1018,1661,1466
313890,MACHACALIS,MG,08/2026,1240,1589,868
313900,MACHADO,MG,08/2026,2054,3843,4039
313910,MADRE DE DEUS DE MINAS,MG,08/2026,272,544,438
313920,MALACACHETA,MG,08/2026,1466,2452,1123
313925,MAMONAS,MG,08/2026,663,1112,683
313930,MANGA,MG,08/2026,2843,4091,2409
313940,MANHUAÇU,MG,08/2026,3295,7906,5516
313950,MANHUMIRIM,MG,08/2026,2701,3751,2149
313960,MANTENA,MG,08/2026,2509,3731,3160
313970,MARAVILHAS,MG,08/2026,915,1268,820
313980,MAR DE ESPANHA,MG,08/2026,544,1169,871
313990,MARIA DA FÉ,MG,08/2026,1227,1888,1192
314000,MARIANA,MG,08/2026,5906,8337,5743
314010,MARILAC,MG,08/2026,699,958,511
314015,MÁRIO CAMPOS,MG,08/2026,975,1758,1224
314020,MARIPÁ DE MINAS,MG,08/2026,132,357,406
314030,MARLIÉRIA,MG,08/2026,328,549,542
314040,MARMELÓPOLIS,MG,08/2026,393,512,189
314050,MARTINHO CAMPOS,MG,08/2026,1229,1736,1169
314053,MARTINS SOARES,MG,08/2026,1222,1663,785
314055,MATA VERDE,MG,08/2026,1650,1999,799
314060,MATERLÂNDIA,MG,08/2026,708,954,658
314070,MATEUS LEME,MG,08/2026,2113,3456,2112
314080,MATIAS BARBOSA,MG,08/2026,1011,1648,1301
314085,MATIAS CARDOSO,MG,08/2026,1423,2032,1055
314090,MATIPÓ,MG,08/2026,2420,3786,1554
314100,MATO VERDE,MG,08/2026,1722,2388,1437
314110,MATOZINHOS,MG,08/2026,2113,3572,2365
314120,MATUTINA,MG,08/2026,202,313,486
314130,MEDEIROS,MG,08/2026,318,461,392
314140,MEDINA,MG,08/2026,2240,3388,2366
314150,MENDES PIMENTEL,MG,08/2026,587,891,693
314160,MERCÊS,MG,08/2026,944,1594,1128
314170,MESQUITA,MG,08/2026,428,654,587
314180,MINAS NOVAS,MG,08/2026,2536,3909,2692
314190,MINDURI,MG,08/2026,257,444,316
314200,MIRABELA,MG,08/2026,1817,2586,1502
314210,MIRADOURO,MG,08/2026,624,1181,949
314220,MIRAÍ,MG,08/2026,857,1469,1155
314225,MIRAVÂNIA,MG,08/2026,608,854,580
314230,MOEDA,MG,08/2026,327,606,525
314240,MOEMA,MG,08/2026,553,897,599
314250,MONJOLOS,MG,08/2026,222,339,321
314260,MONSENHOR PAULO,MG,08/2026,293,812,497
314270,MONTALVÂNIA,MG,08/2026,1798,2667,1252
314280,MONTE ALEGRE DE MINAS,MG,08/2026,1561,2362,2009
314290,MONTE AZUL,MG,08/2026,3033,3990,1882
314300,MONTE BELO,MG,08/2026,708,1279,898
314310,MONTE CARMELO,MG,08/2026,1226,2653,2357
314315,MONTE FORMOSO,MG,08/2026,563,820,455
314320,MONTE SANTO DE MINAS,MG,08/2026,1057,2072,1769
314330,MONTES CLAROS,MG,08/2026,23874,46985,34752
314340,MONTE SIÃO,MG,08/2026,1349,2061,1471
314345,MONTEZUMA,MG,08/2026,1086,1427,762
314350,MORADA NOVA DE MINAS,MG,08/2026,277,682,986
314360,MORRO DA GARÇA,MG,08/2026,205,409,400
314370,MORRO DO PILAR,MG,08/2026,419,565,348
314380,MUNHOZ,MG,08/2026,675,990,616
314390,MURIAÉ,MG,08/2026,6142,10715,9079
314400,MUTUM,MG,08/2026,1431,3134,2138
314410,MUZAMBINHO,MG,08/2026,836,1962,1811
314420,NACIP RAYDAN,MG,08/2026,262,437,408
314430,NANUQUE,MG,08/2026,2671,4680,4063
314435,NAQUE,MG,08/2026,995,1407,1147
314437,NATALÂNDIA,MG,08/2026,492,697,454
314440,NATÉRCIA,MG,08/2026,243,433,317
314450,NAZARENO,MG,08/2026,635,1012,767
314460,NEPOMUCENO,MG,08/2026,1807,2993,1926
314465,NINHEIRA,MG,08/2026,1626,2154,1210
314467,NOVA BELÉM,MG,08/2026,451,744,472
314470,NOVA ERA,MG,08/2026,991,1623,1531
314480,NOVA LIMA,MG,08/2026,3652,6599,5565
314490,NOVA MÓDICA,MG,08/2026,468,686,458
314500,NOVA PONTE,MG,08/2026,960,1559,1482
314505,NOVA PORTEIRINHA,MG,08/2026,1200,1678,935
314510,NOVA RESENDE,MG,08/2026,915,1865,957
314520,NOVA SERRANA,MG,08/2026,3121,8476,5308
314530,NOVO CRUZEIRO,MG,08/2026,3114,4565,2011
314535,NOVO ORIENTE DE MINAS,MG,08/2026,1705,2202,1058
314537,NOVORIZONTE,MG,08/2026,650,961,597
314540,OLARIA,MG,08/2026,189,304,242
314545,OLHOS-DÁGUA,MG,08/2026,1027,1322,651
314550,OLÍMPIO NORONHA,MG,08/2026,252,436,398
314560,OLIVEIRA,MG,08/2026,2271,3758,2948
314570,OLIVEIRA FORTES,MG,08/2026,166,268,143
314580,ONÇA DE PITANGUI,MG,08/2026,185,350,302
314585,ORATÓRIOS,MG,08/2026,306,512,482
314587,ORIZÂNIA,MG,08/2026,1335,1873,963
314590,OURO BRANCO,MG,08/2026,1642,2935,2241
314600,OURO FINO,MG,08/2026,858,1759,1961
314610,OURO PRETO,MG,08/2026,3898,7082,5209
314620,OURO VERDE DE MINAS,MG,08/2026,1560,1887,798
314625,PADRE CARVALHO,MG,08/2026,963,1224,705
314630,PADRE PARAÍSO,MG,08/2026,2190,3131,1868
314640,PAINEIRAS,MG,08/2026,502,658,413
314650,PAINS,MG,08/2026,283,463,514
314655,PAI PEDRO,MG,08/2026,613,1000,724
314660,PAIVA,MG,08/2026,165,231,171
314670,PALMA,MG,08/2026,731,1022,695
314675,PALMÓPOLIS,MG,08/2026,1025,1377,569
314690,PAPAGAIOS,MG,08/2026,1105,1907,1220
314700,PARACATU,MG,08/2026,5156,8754,7195
314710,PARÁ DE MINAS,MG,08/2026,3417,5977,5351
314720,PARAGUAÇU,MG,08/2026,532,1431,1438
314730,PARAISÓPOLIS,MG,08/2026,918,1645,2247
314740,PARAOPEBA,MG,08/2026,1600,2745,1611
314750,PASSABÉM,MG,08/2026,184,263,144
314760,PASSA QUATRO,MG,08/2026,534,1224,1331
314770,PASSA TEMPO,MG,08/2026,250,583,689
314780,PASSA VINTE,MG,08/2026,245,312,175
314790,PASSOS,MG,08/2026,4961,8537,4445
314795,PATIS,MG,08/2026,832,1141,571
314800,PATOS DE MINAS,MG,08/2026,4968,8830,7347
314810,PATROCÍNIO,MG,08/2026,4350,8108,7711
314820,PATROCÍNIO DO MURIAÉ,MG,08/2026,461,759,539
314830,PAULA CÂNDIDO,MG,08/2026,983,1495,857
314840,PAULISTAS,MG,08/2026,447,682,371
314850,PAVÃO,MG,08/2026,1561,1855,943
314860,PEÇANHA,MG,08/2026,2004,2682,1326
314870,PEDRA AZUL,MG,08/2026,3917,4965,3059
314875,PEDRA BONITA,MG,08/2026,1264,1633,437
314880,PEDRA DO ANTA,MG,08/2026,293,502,362
314890,PEDRA DO INDAIÁ,MG,08/2026,178,329,292
314900,PEDRA DOURADA,MG,08/2026,421,600,469
314910,PEDRALVA,MG,08/2026,540,1158,982
314915,PEDRAS DE MARIA DA CRUZ,MG,08/2026,1192,1736,901
314920,PEDRINÓPOLIS,MG,08/2026,368,495,422
314930,PEDRO LEOPOLDO,MG,08/2026,2230,4518,4120
314940,PEDRO TEIXEIRA,MG,08/2026,172,289,224
314950,PEQUERI,MG,08/2026,206,400,318
314960,PEQUI,MG,08/2026,452,634,538
314970,PERDIGÃO,MG,08/2026,834,1296,812
314980,PERDIZES,MG,08/2026,1264,1803,1005
314990,PERDÕES,MG,08/2026,814,1696,1750
314995,PERIQUITO,MG,08/2026,669,1237,968
315000,PESCADOR,MG,08/2026,440,674,442
315010,PIAU,MG,08/2026,256,388,206
315015,PIEDADE DE CARATINGA,MG,08/2026,1552,2129,731
315020,PIEDADE DE PONTE NOVA,MG,08/2026,289,488,515
315030,PIEDADE DO RIO GRANDE,MG,08/2026,306,511,421
315040,PIEDADE DOS GERAIS,MG,08/2026,687,886,374
315050,PIMENTA,MG,08/2026,345,721,636
315053,PINGO DÁGUA,MG,08/2026,636,903,613
315057,PINTÓPOLIS,MG,08/2026,1123,1559,889
315060,PIRACEMA,MG,08/2026,288,571,434
315070,PIRAJUBA,MG,08/2026,477,732,493
315080,PIRANGA,MG,08/2026,1589,2350,1926
315090,PIRANGUÇU,MG,08/2026,349,621,395
315100,PIRANGUINHO,MG,08/2026,538,917,843
315110,PIRAPETINGA,MG,08/2026,1051,1620,1405
315120,PIRAPORA,MG,08/2026,5473,8520,6071
315130,PIRAÚBA,MG,08/2026,903,1466,958
315140,PITANGUI,MG,08/2026,2032,2868,1492
315150,PIUMHI,MG,08/2026,1683,3065,3157
315160,PLANURA,MG,08/2026,1022,1398,1024
315170,POÇO FUNDO,MG,08/2026,408,1076,1030
315180,POÇOS DE CALDAS,MG,08/2026,4241,8817,11136
315190,POCRANE,MG,08/2026,1189,1540,739
315200,POMPÉU,MG,08/2026,1778,3787,2817
315210,PONTE NOVA,MG,08/2026,2379,4608,4257
315213,PONTO CHIQUE,MG,08/2026,649,848,367
315217,PONTO DOS VOLANTES,MG,08/2026,1208,1891,1259
315220,PORTEIRINHA,MG,08/2026,4293,7067,5138
315230,PORTO FIRME,MG,08/2026,1736,2209,1000
315240,POTÉ,MG,08/2026,1231,2030,1292
315250,POUSO ALEGRE,MG,08/2026,6022,10735,9562
315260,POUSO ALTO,MG,08/2026,311,525,397
315270,PRADOS,MG,08/2026,276,741,546
315280,PRATA,MG,08/2026,1403,2482,2576
315290,PRATÁPOLIS,MG,08/2026,472,740,665
315300,PRATINHA,MG,08/2026,335,467,269
315310,PRESIDENTE BERNARDES,MG,08/2026,488,783,540
315320,PRESIDENTE JUSCELINO,MG,08/2026,192,408,326
315330,PRESIDENTE KUBITSCHEK,MG,08/2026,304,479,376
315340,PRESIDENTE OLEGÁRIO,MG,08/2026,1149,1839,1478
315350,ALTO JEQUITIBÁ,MG,08/2026,481,1318,780
315360,PRUDENTE DE MORAIS,MG,08/2026,683,1230,953
315370,QUARTEL GERAL,MG,08/2026,135,374,385
315380,QUELUZITO,MG,08/2026,58,145,99
315390,RAPOSOS,MG,08/2026,608,975,728
315400,RAUL SOARES,MG,08/2026,1906,2936,1779
315410,RECREIO,MG,08/2026,620,1180,982
315415,REDUTO,MG,08/2026,659,1252,740
315420,RESENDE COSTA,MG,08/2026,413,969,817
315430,RESPLENDOR,MG,08/2026,1082,2060,1623
315440,RESSAQUINHA,MG,08/2026,433,669,463
315445,RIACHINHO,MG,08/2026,1140,1520,1092
315450,RIACHO DOS MACHADOS,MG,08/2026,1055,1526,1118
315460,RIBEIRÃO DAS NEVES,MG,08/2026,27716,41426,21853
315470,RIBEIRÃO VERMELHO,MG,08/2026,178,342,472
315480,RIO ACIMA,MG,08/2026,691,1078,976
315490,RIO CASCA,MG,08/2026,845,1666,1572
315500,RIO DOCE,MG,08/2026,189,332,428
315510,RIO DO PRADO,MG,08/2026,828,1077,514
315520,RIO ESPERA,MG,08/2026,782,950,421
315530,RIO MANSO,MG,08/2026,581,731,421
315540,RIO NOVO,MG,08/2026,515,1024,898
315550,RIO PARANAÍBA,MG,08/2026,694,1244,898
315560,RIO PARDO DE MINAS,MG,08/2026,4809,6168,2209
315570,RIO PIRACICABA,MG,08/2026,1033,1634,1565
315580,RIO POMBA,MG,08/2026,1393,2356,1546
315590,RIO PRETO,MG,08/2026,779,1014,499
315600,RIO VERMELHO,MG,08/2026,1034,1707,1265
315610,RITÁPOLIS,MG,08/2026,423,704,642
315620,ROCHEDO DE MINAS,MG,08/2026,217,383,238
315630,RODEIRO,MG,08/2026,586,984,676
315640,ROMARIA,MG,08/2026,228,328,160
315645,ROSÁRIO DA LIMEIRA,MG,08/2026,570,808,506
315650,RUBELITA,MG,08/2026,1216,1511,814
315660,RUBIM,MG,08/2026,837,1411,916
315670,SABARÁ,MG,08/2026,7375,12403,9350
315680,SABINÓPOLIS,MG,08/2026,1528,2266,1354
315690,SACRAMENTO,MG,08/2026,1295,2269,2863
315700,SALINAS,MG,08/2026,4311,6703,4455
315710,SALTO DA DIVISA,MG,08/2026,693,1120,874
315720,SANTA BÁRBARA,MG,08/2026,2383,3480,2162
315725,SANTA BÁRBARA DO LESTE,MG,08/2026,1258,1680,848
315727,SANTA BÁRBARA DO MONTE VERDE,MG,08/2026,300,461,334
315730,SANTA BÁRBARA DO TUGÚRIO,MG,08/2026,233,445,318
315733,SANTA CRUZ DE MINAS,MG,08/2026,716,1126,627
315737,SANTA CRUZ DE SALINAS,MG,08/2026,599,789,618
315740,SANTA CRUZ DO ESCALVADO,MG,08/2026,508,761,751
315750,SANTA EFIGÊNIA DE MINAS,MG,08/2026,592,882,441
315760,SANTA FÉ DE MINAS,MG,08/2026,522,718,516
315765,SANTA HELENA DE MINAS,MG,08/2026,1385,1663,491
315770,SANTA JULIANA,MG,08/2026,866,1318,721
315780,SANTA LUZIA,MG,08/2026,15602,24732,14926
315790,SANTA MARGARIDA,MG,08/2026,1867,3118,1276
315800,SANTA MARIA DE ITABIRA,MG,08/2026,639,1114,754
315810,SANTA MARIA DO SALTO,MG,08/2026,790,1094,847
315820,SANTA MARIA DO SUAÇUÍ,MG,08/2026,1480,2138,1188
315830,SANTANA DA VARGEM,MG,08/2026,337,739,805
315840,SANTANA DE CATAGUASES,MG,08/2026,340,588,499
315850,SANTANA DE PIRAPAMA,MG,08/2026,613,911,506
315860,SANTANA DO DESERTO,MG,08/2026,178,406,255
315870,SANTANA DO GARAMBÉU,MG,08/2026,304,392,209
315880,SANTANA DO JACARÉ,MG,08/2026,290,655,566
315890,SANTANA DO MANHUAÇU,MG,08/2026,893,1516,645
315895,SANTANA DO PARAÍSO,MG,08/2026,2343,4212,3521
315900,SANTANA DO RIACHO,MG,08/2026,616,859,374
315910,SANTANA DOS MONTES,MG,08/2026,485,589,230
315920,SANTA RITA DE CALDAS,MG,08/2026,312,675,867
315930,SANTA RITA DE JACUTINGA,MG,08/2026,540,736,490
315935,SANTA RITA DE MINAS,MG,08/2026,680,1068,640
315940,SANTA RITA DE IBITIPOCA,MG,08/2026,248,433,289
315950,SANTA RITA DO ITUETO,MG,08/2026,889,1148,444
315960,SANTA RITA DO SAPUCAÍ,MG,08/2026,1264,2849,3086
315970,SANTA ROSA DA SERRA,MG,08/2026,263,420,228
315980,SANTA VITÓRIA,MG,08/2026,1367,2210,2608
315990,SANTO ANTÔNIO DO AMPARO,MG,08/2026,1013,2190,1588
316000,SANTO ANTÔNIO DO AVENTUREIRO,MG,08/2026,305,521,365
316010,SANTO ANTÔNIO DO GRAMA,MG,08/2026,264,460,293
316020,SANTO ANTÔNIO DO ITAMBÉ,MG,08/2026,572,756,299
316030,SANTO ANTÔNIO DO JACINTO,MG,08/2026,1407,2032,1121
316040,SANTO ANTÔNIO DO MONTE,MG,08/2026,677,1871,1710
316045,SANTO ANTÔNIO DO RETIRO,MG,08/2026,1653,1888,662
316050,SANTO ANTÔNIO DO RIO ABAIXO,MG,08/2026,239,349,278
316060,SANTO HIPÓLITO,MG,08/2026,393,541,382
316070,SANTOS DUMONT,MG,08/2026,2934,4862,3146
316080,SÃO BENTO ABADE,MG,08/2026,512,777,386
316090,SÃO BRÁS DO SUAÇUÍ,MG,08/2026,207,361,467
316095,SÃO DOMINGOS DAS DORES,MG,08/2026,651,1064,622
316100,SÃO DOMINGOS DO PRATA,MG,08/2026,868,1645,1291
316105,SÃO FÉLIX DE MINAS,MG,08/2026,387,616,423
316110,SÃO FRANCISCO,MG,08/2026,8019,11097,5368
316120,SÃO FRANCISCO DE PAULA,MG,08/2026,362,671,804
316130,SÃO FRANCISCO DE SALES,MG,08/2026,447,706,677
316140,SÃO FRANCISCO DO GLÓRIA,MG,08/2026,347,657,607
316150,SÃO GERALDO,MG,08/2026,796,1272,1149
316160,SÃO GERALDO DA PIEDADE,MG,08/2026,512,733,362
316165,SÃO GERALDO DO BAIXIO,MG,08/2026,418,594,391
316170,SÃO GONÇALO DO ABAETÉ,MG,08/2026,761,1085,672
316180,SÃO GONÇALO DO PARÁ,MG,08/2026,396,969,1022
316190,SÃO GONÇALO DO RIO ABAIXO,MG,08/2026,697,1303,1901
316200,SÃO GONÇALO DO SAPUCAÍ,MG,08/2026,2190,3220,1974
316210,SÃO GOTARDO,MG,08/2026,2065,3712,3205
316220,SÃO JOÃO BATISTA DO GLÓRIA,MG,08/2026,198,471,688
316225,SÃO JOÃO DA LAGOA,MG,08/2026,1038,1294,692
316230,SÃO JOÃO DA MATA,MG,08/2026,354,466,216
316240,SÃO JOÃO DA PONTE,MG,08/2026,3509,4834,2320
316245,SÃO JOÃO DAS MISSÕES,MG,08/2026,1978,2902,1081
316250,SÃO JOÃO DEL REI,MG,08/2026,4146,7779,6071
316255,SÃO JOÃO DO MANHUAÇU,MG,08/2026,1710,2298,945
316257,SÃO JOÃO DO MANTENINHA,MG,08/2026,896,1192,819
316260,SÃO JOÃO DO ORIENTE,MG,08/2026,1100,1592,1078
316265,SÃO JOÃO DO PACUÍ,MG,08/2026,591,805,501
316270,SÃO JOÃO DO PARAÍSO,MG,08/2026,2241,3541,1766
316280,SÃO JOÃO EVANGELISTA,MG,08/2026,1488,2307,1364
316290,SÃO JOÃO NEPOMUCENO,MG,08/2026,1610,3034,2711
316292,SÃO JOAQUIM DE BICAS,MG,08/2026,3817,5358,2913
316294,SÃO JOSÉ DA BARRA,MG,08/2026,418,766,590
316295,SÃO JOSÉ DA LAPA,MG,08/2026,1940,2900,2092
316300,SÃO JOSÉ DA SAFIRA,MG,08/2026,669,888,556
316310,SÃO JOSÉ DA VARGINHA,MG,08/2026,360,587,447
316320,SÃO JOSÉ DO ALEGRE,MG,08/2026,253,497,489
316330,SÃO JOSÉ DO DIVINO,MG,08/2026,507,685,450
316340,SÃO JOSÉ DO GOIABAL,MG,08/2026,615,925,864
316350,SÃO JOSÉ DO JACURI,MG,08/2026,910,1161,500
316360,SÃO JOSÉ DO MANTIMENTO,MG,08/2026,355,493,220
316370,SÃO LOURENÇO,MG,08/2026,2302,4333,3511
316380,SÃO MIGUEL DO ANTA,MG,08/2026,1033,1276,717
316390,SÃO PEDRO DA UNIÃO,MG,08/2026,317,542,301
316400,SÃO PEDRO DOS FERROS,MG,08/2026,418,772,909
316410,SÃO PEDRO DO SUAÇUÍ,MG,08/2026,782,1027,508
316420,SÃO ROMÃO,MG,08/2026,1417,1768,785
316430,SÃO ROQUE DE MINAS,MG,08/2026,446,705,501
316440,SÃO SEBASTIÃO DA BELA VISTA,MG,08/2026,209,519,443
316443,SÃO SEBASTIÃO DA VARGEM ALEGRE,MG,08/2026,214,397,346
316447,SÃO SEBASTIÃO DO ANTA,MG,08/2026,1499,1805,634
316450,SÃO SEBASTIÃO DO MARANHÃO,MG,08/2026,1091,1609,988
316460,SÃO SEBASTIÃO DO OESTE,MG,08/2026,585,959,479
316470,SÃO SEBASTIÃO DO PARAÍSO,MG,08/2026,2737,5099,3647
316480,SÃO SEBASTIÃO DO RIO PRETO,MG,08/2026,122,187,115
316490,SÃO SEBASTIÃO DO RIO VERDE,MG,08/2026,132,224,240
316500,SÃO TIAGO,MG,08/2026,485,1038,919
316510,SÃO TOMÁS DE AQUINO,MG,08/2026,373,623,338
316520,SÃO THOMÉ DAS LETRAS,MG,08/2026,327,701,611
316530,SÃO VICENTE DE MINAS,MG,08/2026,650,964,653
316540,SAPUCAÍ-MIRIM,MG,08/2026,496,862,660
316550,SARDOÁ,MG,08/2026,1076,1359,522
316553,SARZEDO,MG,08/2026,1951,3387,2844
316555,SETUBINHA,MG,08/2026,1665,2171,848
316556,SEM-PEIXE,MG,08/2026,327,438,317
316557,SENADOR AMARAL,MG,08/2026,949,1455,448
316560,SENADOR CORTES,MG,08/2026,108,274,285
316570,SENADOR FIRMINO,MG,08/2026,709,1139,853
316580,SENADOR JOSÉ BENTO,MG,08/2026,56,141,172
316590,SENADOR MODESTINO GONÇALVES,MG,08/2026,634,864,571
316600,SENHORA DE OLIVEIRA,MG,08/2026,732,951,330
316610,SENHORA DO PORTO,MG,08/2026,383,511,332
316620,SENHORA DOS REMÉDIOS,MG,08/2026,1307,1755,862
316630,SERICITA,MG,08/2026,1036,1518,486
316640,SERITINGA,MG,08/2026,91,160,108
316650,SERRA AZUL DE MINAS,MG,08/2026,594,838,415
316660,SERRA DA SAUDADE,MG,08/2026,36,70,69
316670,SERRA DOS AIMORÉS,MG,08/2026,735,1194,949
316680,SERRA DO SALITRE,MG,08/2026,1223,1689,1217
316690,SERRANIA,MG,08/2026,311,750,779
316695,SERRANÓPOLIS DE MINAS,MG,08/2026,571,835,557
316700,SERRANOS,MG,08/2026,346,434,235
316710,SERRO,MG,08/2026,1812,2862,1680
316720,SETE LAGOAS,MG,08/2026,12967,20000,12774
316730,SILVEIRÂNIA,MG,08/2026,207,361,306
316740,SILVIANÓPOLIS,MG,08/2026,516,727,474
316750,SIMÃO PEREIRA,MG,08/2026,194,307,242
316760,SIMONÉSIA,MG,08/2026,2585,3748,1402
316770,SOBRÁLIA,MG,08/2026,797,1011,579
316780,SOLEDADE DE MINAS,MG,08/2026,166,478,317
316790,TABULEIRO,MG,08/2026,253,523,367
316800,TAIOBEIRAS,MG,08/2026,2842,5553,3101
316805,TAPARUBA,MG,08/2026,734,904,477
316810,TAPIRA,MG,08/2026,433,580,423
316820,TAPIRAÍ,MG,08/2026,142,215,261
316830,TAQUARAÇU DE MINAS,MG,08/2026,506,679,480
316840,TARUMIRIM,MG,08/2026,1821,2347,1395
316850,TEIXEIRAS,MG,08/2026,1196,1755,1369
316860,TEÓFILO OTONI,MG,08/2026,10041,16744,12476
316870,TIMÓTEO,MG,08/2026,3321,5808,4875
316880,TIRADENTES,MG,08/2026,583,954,545
316890,TIROS,MG,08/2026,559,845,599
316900,TOCANTINS,MG,08/2026,1385,2372,1951
316905,TOCOS DO MOJI,MG,08/2026,282,402,245
316910,TOLEDO,MG,08/2026,467,864,636
316920,TOMBOS,MG,08/2026,1074,1429,848
316930,TRÊS CORAÇÕES,MG,08/2026,2658,6382,5121
316935,TRÊS MARIAS,MG,08/2026,2182,3669,3040
316940,TRÊS PONTAS,MG,08/2026,2780,4810,2728
316950,TUMIRITINGA,MG,08/2026,1039,1392,774
316960,TUPACIGUARA,MG,08/2026,2743,3678,2933
316970,TURMALINA,MG,08/2026,2042,3451,2264
316980,TURVOLÂNDIA,MG,08/2026,512,806,450
316990,UBÁ,MG,08/2026,5076,9898,8194
317000,UBAÍ,MG,08/2026,2216,2722,1000
317005,UBAPORANGA,MG,08/2026,1260,1915,1088
317010,UBERABA,MG,08/2026,15862,24384,19040
317020,UBERLÂNDIA,MG,08/2026,29019,52031,50933
317030,UMBURATIBA,MG,08/2026,318,475,279
317040,UNAÍ,MG,08/2026,3091,7011,8090
317043,UNIÃO DE MINAS,MG,08/2026,332,479,463
317047,URUANA DE MINAS,MG,08/2026,409,642,640
317050,URUCÂNIA,MG,08/2026,375,809,923
317052,URUCUIA,MG,08/2026,1300,1787,1341
317057,VARGEM ALEGRE,MG,08/2026,1283,1544,916
317060,VARGEM BONITA,MG,08/2026,135,232,364
317065,VARGEM GRANDE DO RIO PARDO,MG,08/2026,696,998,562
317070,VARGINHA,MG,08/2026,3375,6620,3895
317075,VARJÃO DE MINAS,MG,08/2026,729,1024,553
317080,VÁRZEA DA PALMA,MG,08/2026,3454,5035,3294
317090,VARZELÂNDIA,MG,08/2026,3346,4355,1767
317100,VAZANTE,MG,08/2026,1001,1683,1571
317103,VERDELÂNDIA,MG,08/2026,1535,1973,1114
317107,VEREDINHA,MG,08/2026,666,1010,749
317110,VERÍSSIMO,MG,08/2026,290,416,390
317115,VERMELHO NOVO,MG,08/2026,639,960,488
317120,VESPASIANO,MG,08/2026,10968,16371,10704
317130,VIÇOSA,MG,08/2026,4128,7594,5589
317140,VIEIRAS,MG,08/2026,450,689,520
317150,MATHIAS LOBATO,MG,08/2026,572,703,448
317160,VIRGEM DA LAPA,MG,08/2026,1250,2097,1752
317170,VIRGÍNIA,MG,08/2026,964,1501,995
317180,VIRGINÓPOLIS,MG,08/2026,385,995,1050
317190,VIRGOLÂNDIA,MG,08/2026,520,771,475
317200,VISCONDE DO RIO BRANCO,MG,08/2026,2103,4261,3691
317210,VOLTA GRANDE,MG,08/2026,625,849,540
317220,WENCESLAU BRAZ,MG,08/2026,219,319,195
500020,ÁGUA CLARA,MS,08/2026,1526,2446,2657
500025,ALCINÓPOLIS,MS,08/2026,531,750,766
500060,AMAMBAI,MS,08/2026,6271,8376,4325
500070,ANASTÁCIO,MS,08/2026,2056,3772,3319
500080,ANAURILÂNDIA,MS,08/2026,608,1012,1109
500085,ANGÉLICA,MS,08/2026,856,1367,1429
500090,ANTÔNIO JOÃO,MS,08/2026,754,1592,1188
500100,APARECIDA DO TABOADO,MS,08/2026,1804,3266,2660
500110,AQUIDAUANA,MS,08/2026,5502,8681,7145
500124,ARAL MOREIRA,MS,08/2026,1657,2248,1146
500150,BANDEIRANTES,MS,08/2026,924,1252,914
500190,BATAGUASSU,MS,08/2026,1433,2962,3198
500200,BATAYPORÃ,MS,08/2026,974,1458,1653
500210,BELA VISTA,MS,08/2026,2986,4094,2679
500215,BODOQUENA,MS,08/2026,668,1070,1048
500220,BONITO,MS,08/2026,1878,3034,2230
500230,BRASILÂNDIA,MS,08/2026,1016,1668,1596
500240,CAARAPÓ,MS,08/2026,1334,2975,2094
500260,CAMAPUÃ,MS,08/2026,1390,2038,2050
500270,CAMPO GRANDE,MS,08/2026,52849,93354,87032
500280,CARACOL,MS,08/2026,384,862,793
500290,CASSILÂNDIA,MS,08/2026,919,1989,2486
500295,CHAPADÃO DO SUL,MS,08/2026,1282,2826,2899
500310,CORGUINHO,MS,08/2026,303,647,805
500315,CORONEL SAPUCAIA,MS,08/2026,4500,5282,1888
500320,CORUMBÁ,MS,08/2026,10460,15747,11626
500325,COSTA RICA,MS,08/2026,3239,4590,3911
500330,COXIM,MS,08/2026,2737,4519,4124
500345,DEODÁPOLIS,MS,08/2026,798,1368,1569
500348,DOIS IRMÃOS DO BURITI,MS,08/2026,1349,2018,1490
500350,DOURADINA,MS,08/2026,412,731,883
500370,DOURADOS,MS,08/2026,11792,21599,14541
500375,ELDORADO,MS,08/2026,779,1536,1674
500380,FÁTIMA DO SUL,MS,08/2026,820,2103,2778
500390,FIGUEIRÃO,MS,08/2026,259,431,512
500400,GLÓRIA DE DOURADOS,MS,08/2026,551,1080,1208
500410,GUIA LOPES DA LAGUNA,MS,08/2026,792,1496,1424
500430,IGUATEMI,MS,08/2026,522,1514,1909
500440,INOCÊNCIA,MS,08/2026,326,622,984
500450,ITAPORÃ,MS,08/2026,755,1490,1479
500460,ITAQUIRAÍ,MS,08/2026,458,2045,2999
500470,IVINHEMA,MS,08/2026,782,2023,2496
500480,JAPORÃ,MS,08/2026,1609,2110,794
500490,JARAGUARI,MS,08/2026,423,747,864
500500,JARDIM,MS,08/2026,1228,2872,2521
500510,JATEÍ,MS,08/2026,306,466,420
500515,JUTI,MS,08/2026,741,1142,907
500520,LADÁRIO,MS,08/2026,2241,3006,1578
500525,LAGUNA CARAPÃ,MS,08/2026,622,947,643
500540,MARACAJU,MS,08/2026,1677,3671,4073
500560,MIRANDA,MS,08/2026,3893,5028,2778
500568,MUNDO NOVO,MS,08/2026,2756,4215,3548
500570,NAVIRAÍ,MS,08/2026,3322,6149,6154
500580,NIOAQUE,MS,08/2026,1528,2470,2033
500600,NOVA ALVORADA DO SUL,MS,08/2026,1276,2531,2678
500620,NOVA ANDRADINA,MS,08/2026,3686,6004,6783
500625,NOVO HORIZONTE DO SUL,MS,08/2026,224,403,405
500627,PARAÍSO DAS ÁGUAS,MS,08/2026,115,424,539
500630,PARANAÍBA,MS,08/2026,1964,4174,5764
500635,PARANHOS,MS,08/2026,2112,2894,1206
500640,PEDRO GOMES,MS,08/2026,981,1259,942
500660,PONTA PORÃ,MS,08/2026,8557,16178,12990
500690,PORTO MURTINHO,MS,08/2026,1150,2068,1885
500710,RIBAS DO RIO PARDO,MS,08/2026,898,2312,2652
500720,RIO BRILHANTE,MS,08/2026,1475,3222,3740
500730,RIO NEGRO,MS,08/2026,258,611,737
500740,RIO VERDE DE MATO GROSSO,MS,08/2026,1671,2843,2472
500750,ROCHEDO,MS,08/2026,457,797,836
500755,SANTA RITA DO PARDO,MS,08/2026,309,682,1051
500769,SÃO GABRIEL DO OESTE,MS,08/2026,857,2415,3959
500770,SETE QUEDAS,MS,08/2026,639,1178,790
500780,SELVÍRIA,MS,08/2026,319,769,1109
500790,SIDROLÂNDIA,MS,08/2026,3372,6042,6444
500793,SONORA,MS,08/2026,1061,1756,1287
500795,TACURU,MS,08/2026,1308,2039,1231
500797,TAQUARUSSU,MS,08/2026,316,520,707
500800,TERENOS,MS,08/2026,1098,2200,2666
500830,TRÊS LAGOAS,MS,08/2026,6501,13077,13196
500840,VICENTINA,MS,08/2026,466,844,782
510010,ACORIZAL,MT,08/2026,777,1104,839
510020,ÁGUA BOA,MT,08/2026,560,1714,3151
510025,ALTA FLORESTA,MT,08/2026,3236,5543,5816
510030,ALTO ARAGUAIA,MT,08/2026,800,1575,1982
510035,ALTO BOA VISTA,MT,08/2026,430,753,541
510040,ALTO GARÇAS,MT,08/2026,1047,1618,1322
510050,ALTO PARAGUAI,MT,08/2026,1137,1536,1131
510060,ALTO TAQUARI,MT,08/2026,462,911,917
510080,APIACÁS,MT,08/2026,397,1072,829
510100,ARAGUAIANA,MT,08/2026,296,465,416
510120,ARAGUAINHA,MT,08/2026,122,168,191
510125,ARAPUTANGA,MT,08/2026,516,1283,1241
510130,ARENÁPOLIS,MT,08/2026,789,1221,1096
510140,ARIPUANÃ,MT,08/2026,1188,2311,1455
510160,BARÃO DE MELGAÇO,MT,08/2026,1606,1878,969
510170,BARRA DO BUGRES,MT,08/2026,2616,3818,2828
510180,BARRA DO GARÇAS,MT,08/2026,6404,9703,8182
510183,BOA ESPERANÇA DO NORTE,MT,08/2026,143,297,187
510185,BOM JESUS DO ARAGUAIA,MT,08/2026,657,1107,727
510190,BRASNORTE,MT,08/2026,605,1452,1585
510250,CÁCERES,MT,08/2026,7037,11908,8430
510260,CAMPINÁPOLIS,MT,08/2026,1701,2338,662
510263,CAMPO NOVO DO PARECIS,MT,08/2026,771,2461,3157
510267,CAMPO VERDE,MT,08/2026,1199,3223,4212
510268,CAMPOS DE JÚLIO,MT,08/2026,159,723,963
510269,CANABRAVA DO NORTE,MT,08/2026,382,633,548
510270,CANARANA,MT,08/2026,730,1822,1854
510279,CARLINDA,MT,08/2026,266,859,1355
510285,CASTANHEIRA,MT,08/2026,427,809,737
510300,CHAPADA DOS GUIMARÃES,MT,08/2026,2327,3240,2014
510305,CLÁUDIA,MT,08/2026,784,1310,1007
510310,COCALINHO,MT,08/2026,566,901,625
510320,COLÍDER,MT,08/2026,914,2234,3189
510325,COLNIZA,MT,08/2026,1064,3408,2612
510330,COMODORO,MT,08/2026,2116,2845,1676
510335,CONFRESA,MT,08/2026,2603,4274,2644
510336,CONQUISTA DOESTE,MT,08/2026,300,470,407
510337,COTRIGUAÇU,MT,08/2026,571,1105,866
510340,CUIABÁ,MT,08/2026,36479,64320,56333
510343,CURVELÂNDIA,MT,08/2026,503,759,653
510345,DENISE,MT,08/2026,631,935,797
510350,DIAMANTINO,MT,08/2026,980,2064,2327
510360,DOM AQUINO,MT,08/2026,665,1053,799
510370,FELIZ NATAL,MT,08/2026,1071,1548,809
510380,FIGUEIRÓPOLIS DOESTE,MT,08/2026,338,438,393
510385,GAÚCHA DO NORTE,MT,08/2026,1237,1520,646
510390,GENERAL CARNEIRO,MT,08/2026,896,1218,816
510395,GLÓRIA DOESTE,MT,08/2026,354,463,375
510410,GUARANTÃ DO NORTE,MT,08/2026,2902,4205,2905
510420,GUIRATINGA,MT,08/2026,1232,1662,1478
510450,INDIAVAÍ,MT,08/2026,144,243,320
510452,IPIRANGA DO NORTE,MT,08/2026,670,999,669
510454,ITANHANGÁ,MT,08/2026,475,823,754
510455,ITAÚBA,MT,08/2026,293,588,583
510460,ITIQUIRA,MT,08/2026,717,1224,1053
510480,JACIARA,MT,08/2026,1859,2978,3012
510490,JANGADA,MT,08/2026,889,1267,826
510500,JAURU,MT,08/2026,417,831,893
510510,JUARA,MT,08/2026,1472,2817,2613
510515,JUÍNA,MT,08/2026,1716,3640,2792
510517,JURUENA,MT,08/2026,739,1311,1047
510520,JUSCIMEIRA,MT,08/2026,588,1095,1875
510523,LAMBARI DOESTE,MT,08/2026,406,638,566
510525,LUCAS DO RIO VERDE,MT,08/2026,2785,5850,6844
510530,LUCIARA,MT,08/2026,414,552,321
510550,VILA BELA DA SANTÍSSIMA TRINDADE,MT,08/2026,1443,2158,1517
510558,MARCELÂNDIA,MT,08/2026,807,1448,1054
510560,MATUPÁ,MT,08/2026,389,1396,1596
510562,MIRASSOL DOESTE,MT,08/2026,2592,3955,3553
510590,NOBRES,MT,08/2026,1744,2522,1958
510600,NORTELÂNDIA,MT,08/2026,474,741,701
510610,NOSSA SENHORA DO LIVRAMENTO,MT,08/2026,1241,1932,1803
510615,NOVA BANDEIRANTES,MT,08/2026,666,1675,1397
510617,NOVA NAZARÉ,MT,08/2026,762,984,430
510618,NOVA LACERDA,MT,08/2026,680,1017,807
510619,NOVA SANTA HELENA,MT,08/2026,132,317,398
510620,NOVA BRASILÂNDIA,MT,08/2026,362,688,992
510621,NOVA CANAÃ DO NORTE,MT,08/2026,233,838,1071
510622,NOVA MUTUM,MT,08/2026,906,3073,4092
510623,NOVA OLÍMPIA,MT,08/2026,1401,2075,1853
510624,NOVA UBIRATÃ,MT,08/2026,175,677,829
510625,NOVA XAVANTINA,MT,08/2026,1338,2526,2739
510626,NOVO MUNDO,MT,08/2026,370,890,859
510627,NOVO HORIZONTE DO NORTE,MT,08/2026,192,378,481
510628,NOVO SÃO JOAQUIM,MT,08/2026,484,857,671
510629,PARANAÍTA,MT,08/2026,352,975,1299
510630,PARANATINGA,MT,08/2026,1380,2472,2179
510631,NOVO SANTO ANTÔNIO,MT,08/2026,312,430,283
510637,PEDRA PRETA,MT,08/2026,1136,2361,2242
510642,PEIXOTO DE AZEVEDO,MT,08/2026,3197,4911,3203
510645,PLANALTO DA SERRA,MT,08/2026,260,545,557
510650,POCONÉ,MT,08/2026,3868,5569,4125
510665,PONTAL DO ARAGUAIA,MT,08/2026,484,875,930
510670,PONTE BRANCA,MT,08/2026,256,346,281
510675,PONTES E LACERDA,MT,08/2026,2393,4569,4061
510677,PORTO ALEGRE DO NORTE,MT,08/2026,1037,1682,1173
510680,PORTO DOS GAÚCHOS,MT,08/2026,157,372,561
510682,PORTO ESPERIDIÃO,MT,08/2026,902,1559,1020
510685,PORTO ESTRELA,MT,08/2026,323,450,354
510700,POXORÉU,MT,08/2026,1552,2535,2250
510704,PRIMAVERA DO LESTE,MT,08/2026,3049,6731,7358
510706,QUERÊNCIA,MT,08/2026,2218,3151,1759
510710,SÃO JOSÉ DOS QUATRO MARCOS,MT,08/2026,859,1704,1928
510715,RESERVA DO CABAÇAL,MT,08/2026,186,350,362
510718,RIBEIRÃO CASCALHEIRA,MT,08/2026,998,1485,1270
510719,RIBEIRÃOZINHO,MT,08/2026,211,345,326
510720,RIO BRANCO,MT,08/2026,347,568,513
510724,SANTA CARMEM,MT,08/2026,323,625,561
510726,SANTO AFONSO,MT,08/2026,328,446,354
510729,SÃO JOSÉ DO POVO,MT,08/2026,95,279,567
510730,SÃO JOSÉ DO RIO CLARO,MT,08/2026,826,1672,1436
510735,SÃO JOSÉ DO XINGU,MT,08/2026,725,1035,596
510740,SÃO PEDRO DA CIPA,MT,08/2026,433,600,590
510757,RONDOLÂNDIA,MT,08/2026,201,412,272
510760,RONDONÓPOLIS,MT,08/2026,9435,22406,28443
510770,ROSÁRIO OESTE,MT,08/2026,2460,3118,2132
510774,SANTA CRUZ DO XINGU,MT,08/2026,245,378,293
510775,SALTO DO CÉU,MT,08/2026,146,423,633
510776,SANTA RITA DO TRIVELATO,MT,08/2026,131,339,494
510777,SANTA TEREZINHA,MT,08/2026,629,1021,707
510779,SANTO ANTÔNIO DO LESTE,MT,08/2026,387,553,444
510780,SANTO ANTÔNIO DO LEVERGER,MT,08/2026,1752,2763,2316
510785,SÃO FÉLIX DO ARAGUAIA,MT,08/2026,885,1445,1364
510787,SAPEZAL,MT,08/2026,929,2410,2266
510788,SERRA NOVA DOURADA,MT,08/2026,206,331,313
510790,SINOP,MT,08/2026,2625,13684,15430
510792,SORRISO,MT,08/2026,3024,8392,8632
510794,TABAPORÃ,MT,08/2026,434,854,687
510795,TANGARÁ DA SERRA,MT,08/2026,4937,9122,8177
510800,TAPURAH,MT,08/2026,484,1046,889
510805,TERRA NOVA DO NORTE,MT,08/2026,453,957,1078
510810,TESOURO,MT,08/2026,402,517,413
510820,TORIXORÉU,MT,08/2026,329,491,477
510830,UNIÃO DO SUL,MT,08/2026,473,759,494
510835,VALE DE SÃO DOMINGOS,MT,08/2026,212,410,435
510840,VÁRZEA GRANDE,MT,08/2026,29008,43560,35399
510850,VERA,MT,08/2026,597,1245,1394
510860,VILA RICA,MT,08/2026,923,1955,1617
510880,NOVA GUARITA,MT,08/2026,196,483,430
510885,NOVA MARILÂNDIA,MT,08/2026,203,392,381
510890,NOVA MARINGÁ,MT,08/2026,337,628,481
510895,NOVA MONTE VERDE,MT,08/2026,615,968,950
150010,ABAETETUBA,PA,08/2026,38409,45238,14678
150013,ABEL FIGUEIREDO,PA,08/2026,1416,1691,689
150020,ACARÁ,PA,08/2026,12941,15790,3931
150030,AFUÁ,PA,08/2026,8804,10547,2308
150034,ÁGUA AZUL DO NORTE,PA,08/2026,2149,2796,1507
150040,ALENQUER,PA,08/2026,13428,15864,3651
150050,ALMEIRIM,PA,08/2026,5814,7325,2032
150060,ALTAMIRA,PA,08/2026,14351,21205,11589
150070,ANAJÁS,PA,08/2026,6595,8016,2230
150080,ANANINDEUA,PA,08/2026,45668,72925,37030
150085,ANAPU,PA,08/2026,6520,8185,2622
150090,AUGUSTO CORRÊA,PA,08/2026,10231,12480,2751
150095,AURORA DO PARÁ,PA,08/2026,5788,6823,2053
150100,AVEIRO,PA,08/2026,2808,3487,1098
150110,BAGRE,PA,08/2026,6550,7268,741
150120,BAIÃO,PA,08/2026,8225,9652,2027
150125,BANNACH,PA,08/2026,605,837,436
150130,BARCARENA,PA,08/2026,16525,23324,9654
150140,BELÉM,PA,08/2026,184658,242189,102116
150145,BELTERRA,PA,08/2026,2508,3967,2018
150150,BENEVIDES,PA,08/2026,10872,15240,6825
150157,BOM JESUS DO TOCANTINS,PA,08/2026,2135,3179,1436
150160,BONITO,PA,08/2026,2918,3637,1094
150170,BRAGANÇA,PA,08/2026,23619,30499,8085
150172,BRASIL NOVO,PA,08/2026,2722,3933,2404
150175,BREJO GRANDE DO ARAGUAIA,PA,08/2026,1497,1898,839
150178,BREU BRANCO,PA,08/2026,8748,11840,5421
150180,BREVES,PA,08/2026,23472,28715,6806
150190,BUJARU,PA,08/2026,6028,7433,2324
150195,CACHOEIRA DO PIRIÁ,PA,08/2026,4096,5014,1482
150200,CACHOEIRA DO ARARI,PA,08/2026,5307,6294,1503
150210,CAMETÁ,PA,08/2026,35860,41069,6838
150215,CANAÃ DOS CARAJÁS,PA,08/2026,10227,15287,8558
150220,CAPANEMA,PA,08/2026,11278,14407,5103
150230,CAPITÃO POÇO,PA,08/2026,12946,15747,4469
150240,CASTANHAL,PA,08/2026,19730,31948,13519
150250,CHAVES,PA,08/2026,4531,5376,1122
150260,COLARES,PA,08/2026,2690,3433,1351
150270,CONCEIÇÃO DO ARAGUAIA,PA,08/2026,3339,6789,5499
150275,CONCÓRDIA DO PARÁ,PA,08/2026,6740,8178,2070
150276,CUMARU DO NORTE,PA,08/2026,1599,2260,935
150277,CURIONÓPOLIS,PA,08/2026,2957,4130,2675
150280,CURRALINHO,PA,08/2026,8258,9645,1375
150285,CURUÁ,PA,08/2026,2911,3811,1151
150290,CURUÇÁ,PA,08/2026,9894,11557,3084
150293,DOM ELISEU,PA,08/2026,5518,7532,4061
150295,ELDORADO DO CARAJÁS,PA,08/2026,4130,5952,4407
150300,FARO,PA,08/2026,2476,2783,958
150304,FLORESTA DO ARAGUAIA,PA,08/2026,3041,4151,1454
150307,GARRAFÃO DO NORTE,PA,08/2026,5191,6411,1490
150309,GOIANÉSIA DO PARÁ,PA,08/2026,3118,5435,2689
150310,GURUPÁ,PA,08/2026,7345,8891,1358
150320,IGARAPÉ-AÇU,PA,08/2026,6957,8970,2700
150330,IGARAPÉ-MIRI,PA,08/2026,15071,18430,3797
150340,INHANGAPI,PA,08/2026,1646,2312,927
150345,IPIXUNA DO PARÁ,PA,08/2026,6961,8746,3083
150350,IRITUIA,PA,08/2026,7278,8707,2802
150360,ITAITUBA,PA,08/2026,16028,22011,11247
150370,ITUPIRANGA,PA,08/2026,8558,10982,4427
150375,JACAREACANGA,PA,08/2026,3901,4583,948
150380,JACUNDÁ,PA,08/2026,6300,8099,3784
150390,JURUTI,PA,08/2026,6677,9074,2425
150400,LIMOEIRO DO AJURU,PA,08/2026,6189,7424,1748
150405,MÃE DO RIO,PA,08/2026,6899,8535,2723
150410,MAGALHÃES BARATA,PA,08/2026,1310,1832,739
150420,MARABÁ,PA,08/2026,24858,40131,22777
150430,MARACANÃ,PA,08/2026,7626,9158,2622
150440,MARAPANIM,PA,08/2026,6600,7796,2247
150442,MARITUBA,PA,08/2026,19469,25806,11069
150445,MEDICILÂNDIA,PA,08/2026,6448,7439,2005
150450,MELGAÇO,PA,08/2026,5967,6774,711
150460,MOCAJUBA,PA,08/2026,10109,11337,1207
150470,MOJU,PA,08/2026,15138,18868,5289
150475,MOJUÍ DOS CAMPOS,PA,08/2026,3905,5328,2092
150480,MONTE ALEGRE,PA,08/2026,11817,15538,4014
150490,MUANÁ,PA,08/2026,7105,9017,1827
150495,NOVA ESPERANÇA DO PIRIÁ,PA,08/2026,5422,6206,1502
150497,NOVA IPIXUNA,PA,08/2026,2203,2711,1163
150500,NOVA TIMBOTEUA,PA,08/2026,2375,3006,1123
150503,NOVO PROGRESSO,PA,08/2026,2929,5227,3486
150506,NOVO REPARTIMENTO,PA,08/2026,12200,15344,5092
150510,ÓBIDOS,PA,08/2026,10266,12590,4099
150520,OEIRAS DO PARÁ,PA,08/2026,10028,10786,1133
150530,ORIXIMINÁ,PA,08/2026,10698,14242,5088
150540,OURÉM,PA,08/2026,3940,4915,1579
150543,OURILÂNDIA DO NORTE,PA,08/2026,4058,5899,2899
150548,PACAJÁ,PA,08/2026,8663,10627,3447
150549,PALESTINA DO PARÁ,PA,08/2026,1226,1634,637
150550,PARAGOMINAS,PA,08/2026,9621,16230,8661
150553,PARAUAPEBAS,PA,08/2026,18992,33749,20955
150555,PAU DARCO,PA,08/2026,1339,1985,1166
150560,PEIXE-BOI,PA,08/2026,1602,2099,801
150563,PIÇARRA,PA,08/2026,1590,2438,1460
150565,PLACAS,PA,08/2026,3444,4510,1879
150570,PONTA DE PEDRAS,PA,08/2026,7559,8636,1955
150580,PORTEL,PA,08/2026,10466,14159,2846
150590,PORTO DE MOZ,PA,08/2026,6991,8649,2760
150600,PRAINHA,PA,08/2026,10383,11656,2625
150610,PRIMAVERA,PA,08/2026,2428,3015,1065
150611,QUATIPURU,PA,08/2026,2492,3031,1056
150613,REDENÇÃO,PA,08/2026,6877,12075,7431
150616,RIO MARIA,PA,08/2026,2169,3245,1803
150618,RONDON DO PARÁ,PA,08/2026,4681,6518,3031
150619,RURÓPOLIS,PA,08/2026,3643,5247,2567
150620,SALINÓPOLIS,PA,08/2026,6162,8782,2918
150630,SALVATERRA,PA,08/2026,7060,8061,1560
150635,SANTA BÁRBARA DO PARÁ,PA,08/2026,3172,4525,1999
150640,SANTA CRUZ DO ARARI,PA,08/2026,1631,2083,473
150650,SANTA IZABEL DO PARÁ,PA,08/2026,7821,11733,4545
150655,SANTA LUZIA DO PARÁ,PA,08/2026,4771,5732,1514
150658,SANTA MARIA DAS BARREIRAS,PA,08/2026,1785,3169,2637
150660,SANTA MARIA DO PARÁ,PA,08/2026,4216,5799,2058
150670,SANTANA DO ARAGUAIA,PA,08/2026,5420,7241,4131
150680,SANTARÉM,PA,08/2026,48831,72260,33599
150690,SANTARÉM NOVO,PA,08/2026,1810,2189,754
150700,SANTO ANTÔNIO DO TAUÁ,PA,08/2026,5781,7556,3315
150710,SÃO CAETANO DE ODIVELAS,PA,08/2026,2496,3662,1279
150715,SÃO DOMINGOS DO ARAGUAIA,PA,08/2026,3746,4656,1941
150720,SÃO DOMINGOS DO CAPIM,PA,08/2026,7740,8803,2044
150730,SÃO FÉLIX DO XINGU,PA,08/2026,9700,13040,4543
150740,SÃO FRANCISCO DO PARÁ,PA,08/2026,2976,4019,1597
150745,SÃO GERALDO DO ARAGUAIA,PA,08/2026,3914,5066,2408
150746,SÃO JOÃO DA PONTA,PA,08/2026,1276,1629,605
150747,SÃO JOÃO DE PIRABAS,PA,08/2026,4796,5883,2017
150750,SÃO JOÃO DO ARAGUAIA,PA,08/2026,2749,3500,1687
150760,SÃO MIGUEL DO GUAMÁ,PA,08/2026,7631,11038,3610
150770,SÃO SEBASTIÃO DA BOA VISTA,PA,08/2026,6057,7326,1459
150775,SAPUCAIA,PA,08/2026,815,1128,534
150780,SENADOR JOSÉ PORFÍRIO,PA,08/2026,5263,6071,1548
150790,SOURE,PA,08/2026,5399,7029,1636
150795,TAILÂNDIA,PA,08/2026,11266,15998,5452
150796,TERRA ALTA,PA,08/2026,2674,3243,1250
150797,TERRA SANTA,PA,08/2026,3766,4536,1665
150800,TOMÉ-AÇU,PA,08/2026,11011,14659,4876
150803,TRACUATEUA,PA,08/2026,8281,9433,2528
150805,TRAIRÃO,PA,08/2026,2547,3506,1597
150808,TUCUMÃ,PA,08/2026,1895,5269,4202
150810,TUCURUÍ,PA,08/2026,8726,14735,9448
150812,ULIANÓPOLIS,PA,08/2026,4607,5966,2186
150815,URUARÁ,PA,08/2026,6497,8925,2928
150820,VIGIA,PA,08/2026,11746,13630,4423
150830,VISEU,PA,08/2026,11540,15158,3725
150835,VITÓRIA DO XINGU,PA,08/2026,2686,3761,1521
150840,XINGUARA,PA,08/2026,4950,7496,3913
250010,ÁGUA BRANCA,PB,08/2026,1835,2308,1074
250020,AGUIAR,PB,08/2026,861,1135,779
250030,ALAGOA GRANDE,PB,08/2026,4948,6419,2397
250040,ALAGOA NOVA,PB,08/2026,3171,4530,1686
250050,ALAGOINHA,PB,08/2026,3221,3718,1087
250053,ALCANTIL,PB,08/2026,964,1245,388
250057,ALGODÃO DE JANDAÍRA,PB,08/2026,683,819,224
250060,ALHANDRA,PB,08/2026,3878,5243,2175
250070,SÃO JOÃO DO RIO DO PEIXE,PB,08/2026,2809,3709,1540
250073,AMPARO,PB,08/2026,527,642,361
250077,APARECIDA,PB,08/2026,1989,2321,1232
250080,ARAÇAGI,PB,08/2026,4312,4961,1574
250090,ARARA,PB,08/2026,2709,3084,857
250100,ARARUNA,PB,08/2026,2880,3656,1097
250110,AREIA,PB,08/2026,3675,4758,1359
250115,AREIA DE BARAÚNAS,PB,08/2026,455,554,290
250120,AREIAL,PB,08/2026,1471,1885,572
250130,AROEIRAS,PB,08/2026,4321,5205,1751
250135,ASSUNÇÃO,PB,08/2026,1050,1273,343
250140,BAÍA DA TRAIÇÃO,PB,08/2026,1855,2391,849
250150,BANANEIRAS,PB,08/2026,3370,4482,1405
250153,BARAÚNA,PB,08/2026,890,1190,523
250157,BARRA DE SANTANA,PB,08/2026,1671,2023,637
250160,BARRA DE SANTA ROSA,PB,08/2026,2646,3161,1187
250170,BARRA DE SÃO MIGUEL,PB,08/2026,1241,1551,497
250180,BAYEUX,PB,08/2026,14656,19889,8276
250190,BELÉM,PB,08/2026,2910,3811,1298
250200,BELÉM DO BREJO DO CRUZ,PB,08/2026,1730,1961,753
250205,BERNARDINO BATISTA,PB,08/2026,595,762,328
250210,BOA VENTURA,PB,08/2026,1023,1279,429
250215,BOA VISTA,PB,08/2026,742,1203,705
250220,BOM JESUS,PB,08/2026,503,628,341
250230,BOM SUCESSO,PB,08/2026,910,1122,705
250240,BONITO DE SANTA FÉ,PB,08/2026,2235,2751,976
250250,BOQUEIRÃO,PB,08/2026,3800,4702,1431
250260,IGARACY,PB,08/2026,980,1376,587
250270,BORBOREMA,PB,08/2026,762,1097,308
250280,BREJO DO CRUZ,PB,08/2026,2747,3566,1057
250290,BREJO DOS SANTOS,PB,08/2026,1707,1984,698
250300,CAAPORÃ,PB,08/2026,3927,4962,1866
250310,CABACEIRAS,PB,08/2026,856,1167,725
250320,CABEDELO,PB,08/2026,10345,12625,4543
250330,CACHOEIRA DOS ÍNDIOS,PB,08/2026,1885,2261,1078
250340,CACIMBA DE AREIA,PB,08/2026,1017,1160,410
250350,CACIMBA DE DENTRO,PB,08/2026,2650,3413,1319
250355,CACIMBAS,PB,08/2026,2151,2377,583
250360,CAIÇARA,PB,08/2026,1294,1619,454
250370,CAJAZEIRAS,PB,08/2026,13891,16388,5413
250375,CAJAZEIRINHAS,PB,08/2026,812,969,435
250380,CALDAS BRANDÃO,PB,08/2026,1417,1689,600
250390,CAMALAÚ,PB,08/2026,1603,1905,759
250400,CAMPINA GRANDE,PB,08/2026,34432,59699,38469
250403,CAPIM,PB,08/2026,1831,2258,709
250407,CARAÚBAS,PB,08/2026,1090,1363,693
250410,CARRAPATEIRA,PB,08/2026,433,568,238
250415,CASSERENGUE,PB,08/2026,1547,1843,482
250420,CATINGUEIRA,PB,08/2026,1118,1284,409
250430,CATOLÉ DO ROCHA,PB,08/2026,5049,6536,3148
250435,CATURITÉ,PB,08/2026,1013,1415,732
250440,CONCEIÇÃO,PB,08/2026,3589,4307,1418
250450,CONDADO,PB,08/2026,1191,1503,596
250460,CONDE,PB,08/2026,4998,7099,2951
250470,CONGO,PB,08/2026,1445,1709,740
250480,COREMAS,PB,08/2026,3281,4034,1440
250485,COXIXOLA,PB,08/2026,397,508,290
250490,CRUZ DO ESPÍRITO SANTO,PB,08/2026,3795,4582,1592
250500,CUBATI,PB,08/2026,1563,2005,728
250510,CUITÉ,PB,08/2026,3765,4718,1660
250520,CUITEGI,PB,08/2026,1230,1624,602
250523,CUITÉ DE MAMANGUAPE,PB,08/2026,1415,1718,525
250527,CURRAL DE CIMA,PB,08/2026,1593,1789,427
250530,CURRAL VELHO,PB,08/2026,472,576,208
250535,DAMIÃO,PB,08/2026,1204,1430,476
250540,DESTERRO,PB,08/2026,2334,2624,690
250550,VISTA SERRANA,PB,08/2026,545,778,338
250560,DIAMANTE,PB,08/2026,1256,1615,665
250570,DONA INÊS,PB,08/2026,2077,2643,805
250580,DUAS ESTRADAS,PB,08/2026,621,808,190
250590,EMAS,PB,08/2026,765,919,257
250600,ESPERANÇA,PB,08/2026,4689,6447,2594
250610,FAGUNDES,PB,08/2026,1807,2448,803
250620,FREI MARTINHO,PB,08/2026,662,788,325
250625,GADO BRAVO,PB,08/2026,1869,2254,646
250630,GUARABIRA,PB,08/2026,8658,11226,4546
250640,GURINHÉM,PB,08/2026,2526,3326,1116
250650,GURJÃO,PB,08/2026,663,847,426
250660,IBIARA,PB,08/2026,1020,1281,655
250670,IMACULADA,PB,08/2026,2209,2608,776
250680,INGÁ,PB,08/2026,4838,5649,1668
250690,ITABAIANA,PB,08/2026,4726,5754,2321
250700,ITAPORANGA,PB,08/2026,3373,4538,1696
250710,ITAPOROROCA,PB,08/2026,3033,4133,1327
250720,ITATUBA,PB,08/2026,2049,2575,973
250730,JACARAÚ,PB,08/2026,3565,4113,1348
250740,JERICÓ,PB,08/2026,1401,1783,833
250750,JOÃO PESSOA,PB,08/2026,84198,116782,48295
250760,JUAREZ TÁVORA,PB,08/2026,2879,3128,760
250770,JUAZEIRINHO,PB,08/2026,2945,3867,1086
250780,JUNCO DO SERIDÓ,PB,08/2026,1276,1617,594
250790,JURIPIRANGA,PB,08/2026,1916,2511,796
250800,JURU,PB,08/2026,1668,2039,758
250810,LAGOA,PB,08/2026,1016,1210,634
250820,LAGOA DE DENTRO,PB,08/2026,1676,2006,519
250830,LAGOA SECA,PB,08/2026,4175,5781,2263
250840,LASTRO,PB,08/2026,548,748,243
250850,LIVRAMENTO,PB,08/2026,1356,1660,558
250855,LOGRADOURO,PB,08/2026,1069,1266,340
250860,LUCENA,PB,08/2026,2036,3034,1420
250870,MÃE DÁGUA,PB,08/2026,684,837,506
250880,MALTA,PB,08/2026,980,1281,451
250890,MAMANGUAPE,PB,08/2026,7528,9892,3806
250900,MANAÍRA,PB,08/2026,2323,2848,1140
250905,MARCAÇÃO,PB,08/2026,2076,2556,662
250910,MARI,PB,08/2026,6200,6899,1795
250915,MARIZÓPOLIS,PB,08/2026,1592,1986,2792
250920,MASSARANDUBA,PB,08/2026,2745,3556,1141
250930,MATARACA,PB,08/2026,1691,2156,746
250933,MATINHAS,PB,08/2026,768,1064,397
250937,MATO GROSSO,PB,08/2026,472,666,279
250939,MATURÉIA,PB,08/2026,1646,1921,649
250940,MOGEIRO,PB,08/2026,2927,3610,1325
250950,MONTADAS,PB,08/2026,1109,1506,606
250960,MONTE HOREBE,PB,08/2026,933,1166,375
250970,MONTEIRO,PB,08/2026,6581,8428,4145
250980,MULUNGU,PB,08/2026,1804,2142,573
250990,NATUBA,PB,08/2026,1323,1836,695
251000,NAZAREZINHO,PB,08/2026,1386,1749,692
251010,NOVA FLORESTA,PB,08/2026,1771,2281,745
251020,NOVA OLINDA,PB,08/2026,1294,1531,505
251030,NOVA PALMEIRA,PB,08/2026,719,947,448
251040,OLHO DÁGUA,PB,08/2026,1292,1531,459
251050,OLIVEDOS,PB,08/2026,567,798,430
251060,OURO VELHO,PB,08/2026,524,765,530
251065,PARARI,PB,08/2026,254,348,289
251070,PASSAGEM,PB,08/2026,584,713,318
251080,PATOS,PB,08/2026,13256,18491,8055
251090,PAULISTA,PB,08/2026,2170,2770,949
251100,PEDRA BRANCA,PB,08/2026,505,734,331
251110,PEDRA LAVRADA,PB,08/2026,1299,1592,803
251120,PEDRAS DE FOGO,PB,08/2026,5016,6949,2774
251130,PIANCÓ,PB,08/2026,4076,4586,1250
251140,PICUÍ,PB,08/2026,2934,3927,1345
251150,PILAR,PB,08/2026,2208,2853,826
251160,PILÕES,PB,08/2026,1683,2087,540
251170,PILÕEZINHOS,PB,08/2026,1551,1734,520
251180,PIRPIRITUBA,PB,08/2026,1744,2394,1020
251190,PITIMBU,PB,08/2026,3775,4756,1523
251200,POCINHOS,PB,08/2026,3924,4720,1521
251203,POÇO DANTAS,PB,08/2026,694,953,467
251207,POÇO DE JOSÉ DE MOURA,PB,08/2026,702,890,584
251210,POMBAL,PB,08/2026,4791,6466,3543
251220,PRATA,PB,08/2026,769,1011,577
251230,PRINCESA ISABEL,PB,08/2026,3514,4558,1800
251240,PUXINANÃ,PB,08/2026,2022,2879,1282
251250,QUEIMADAS,PB,08/2026,7062,10105,4328
251260,QUIXABA,PB,08/2026,397,491,175
251270,REMÍGIO,PB,08/2026,4098,4779,1326
251272,PEDRO RÉGIS,PB,08/2026,1284,1482,308
251274,RIACHÃO,PB,08/2026,522,703,334
251275,RIACHÃO DO BACAMARTE,PB,08/2026,1051,1299,561
251276,RIACHÃO DO POÇO,PB,08/2026,935,1242,471
251278,RIACHO DE SANTO ANTÔNIO,PB,08/2026,466,601,284
251280,RIACHO DOS CAVALOS,PB,08/2026,2031,2519,754
251290,RIO TINTO,PB,08/2026,3951,5186,2138
251300,SALGADINHO,PB,08/2026,572,697,114
251310,SALGADO DE SÃO FÉLIX,PB,08/2026,1915,2507,852
251315,SANTA CECÍLIA,PB,08/2026,1617,1995,546
251320,SANTA CRUZ,PB,08/2026,932,1229,672
251330,SANTA HELENA,PB,08/2026,1372,1659,815
251335,SANTA INÊS,PB,08/2026,902,1015,253
251340,SANTA LUZIA,PB,08/2026,2321,3055,1422
251350,SANTANA DE MANGUEIRA,PB,08/2026,935,1150,331
251360,SANTANA DOS GARROTES,PB,08/2026,1094,1431,789
251365,JOCA CLAUDINO,PB,08/2026,463,585,423
251370,SANTA RITA,PB,08/2026,18587,26638,11688
251380,SANTA TERESINHA,PB,08/2026,1007,1204,487
251385,SANTO ANDRÉ,PB,08/2026,488,660,358
251390,SÃO BENTO,PB,08/2026,5676,7378,2220
251392,SÃO BENTINHO,PB,08/2026,768,998,449
251394,SÃO DOMINGOS DO CARIRI,PB,08/2026,447,627,294
251396,SÃO DOMINGOS,PB,08/2026,440,598,288
251398,SÃO FRANCISCO,PB,08/2026,489,666,565
251400,SÃO JOÃO DO CARIRI,PB,08/2026,899,1117,690
251410,SÃO JOÃO DO TIGRE,PB,08/2026,988,1205,579
251420,SÃO JOSÉ DA LAGOA TAPADA,PB,08/2026,1634,1961,842
251430,SÃO JOSÉ DE CAIANA,PB,08/2026,1236,1466,472
251440,SÃO JOSÉ DE ESPINHARAS,PB,08/2026,708,923,423
251445,SÃO JOSÉ DOS RAMOS,PB,08/2026,1042,1372,445
251450,SÃO JOSÉ DE PIRANHAS,PB,08/2026,3468,4291,1599
251455,SÃO JOSÉ DE PRINCESA,PB,08/2026,658,797,251
251460,SÃO JOSÉ DO BONFIM,PB,08/2026,621,844,500
251465,SÃO JOSÉ DO BREJO DO CRUZ,PB,08/2026,264,389,184
251470,SÃO JOSÉ DO SABUGI,PB,08/2026,620,903,551
251480,SÃO JOSÉ DOS CORDEIROS,PB,08/2026,685,892,541
251490,SÃO MAMEDE,PB,08/2026,1311,1634,657
251500,SÃO MIGUEL DE TAIPU,PB,08/2026,1557,1901,604
251510,SÃO SEBASTIÃO DE LAGOA DE ROÇA,PB,08/2026,1445,2172,1002
251520,SÃO SEBASTIÃO DO UMBUZEIRO,PB,08/2026,546,772,485
251530,SAPÉ,PB,08/2026,10658,13274,4713
251540,SÃO VICENTE DO SERIDÓ,PB,08/2026,2246,2799,1063
251550,SERRA BRANCA,PB,08/2026,3045,3595,1741
251560,SERRA DA RAIZ,PB,08/2026,412,561,166
251570,SERRA GRANDE,PB,08/2026,577,768,333
251580,SERRA REDONDA,PB,08/2026,1763,2076,816
251590,SERRARIA,PB,08/2026,1035,1245,514
251593,SERTÃOZINHO,PB,08/2026,747,1008,265
251597,SOBRADO,PB,08/2026,1984,2369,634
251600,SOLÂNEA,PB,08/2026,4762,6069,1836
251610,SOLEDADE,PB,08/2026,2337,3151,1472
251615,SOSSÊGO,PB,08/2026,884,1084,437
251620,SOUSA,PB,08/2026,12372,15550,6388
251630,SUMÉ,PB,08/2026,3576,4453,1843
251640,TACIMA,PB,08/2026,1793,2114,566
251650,TAPEROÁ,PB,08/2026,3022,3654,1531
251660,TAVARES,PB,08/2026,2860,3493,1392
251670,TEIXEIRA,PB,08/2026,3729,4247,1164
251675,TENÓRIO,PB,08/2026,788,895,329
251680,TRIUNFO,PB,08/2026,1665,2059,770
251690,UIRAÚNA,PB,08/2026,2283,2936,1574
251700,UMBUZEIRO,PB,08/2026,1737,2201,908
251710,VÁRZEA,PB,08/2026,406,551,353
251720,VIEIRÓPOLIS,PB,08/2026,769,1028,533
251740,ZABELÊ,PB,08/2026,467,627,383
260005,ABREU E LIMA,PE,08/2026,17005,21996,9869
260010,AFOGADOS DA INGAZEIRA,PE,08/2026,6020,8990,4010
260020,AFRÂNIO,PE,08/2026,3763,4815,2373
260030,AGRESTINA,PE,08/2026,6535,7601,2877
260040,ÁGUA PRETA,PE,08/2026,5488,6653,2578
260050,ÁGUAS BELAS,PE,08/2026,11594,13176,2544
260060,ALAGOINHA,PE,08/2026,2967,3572,1330
260070,ALIANÇA,PE,08/2026,7532,9518,2904
260080,ALTINHO,PE,08/2026,5083,6042,1811
260090,AMARAJI,PE,08/2026,4276,5194,1715
260100,ANGELIM,PE,08/2026,2590,2993,721
260105,ARAÇOIABA,PE,08/2026,3939,4878,1390
260110,ARARIPINA,PE,08/2026,15329,19967,6556
260120,ARCOVERDE,PE,08/2026,11900,15295,5346
260130,BARRA DE GUABIRABA,PE,08/2026,2000,2659,842
260140,BARREIROS,PE,08/2026,7697,9911,3594
260150,BELÉM DE MARIA,PE,08/2026,2446,2971,949
260160,BELÉM DO SÃO FRANCISCO,PE,08/2026,6062,6693,2073
260170,BELO JARDIM,PE,08/2026,13290,17322,5797
260180,BETÂNIA,PE,08/2026,2600,3248,1230
260190,BEZERROS,PE,08/2026,15009,17484,6207
260200,BODOCÓ,PE,08/2026,7373,8882,2666
260210,BOM CONSELHO,PE,08/2026,8411,10519,3263
260220,BOM JARDIM,PE,08/2026,9127,10505,3123
260230,BONITO,PE,08/2026,9681,11631,4081
260240,BREJÃO,PE,08/2026,2285,2774,816
260250,BREJINHO,PE,08/2026,1777,2175,859
260260,BREJO DA MADRE DE DEUS,PE,08/2026,10511,13486,4123
260270,BUENOS AIRES,PE,08/2026,3430,4045,1316
260280,BUÍQUE,PE,08/2026,11248,13291,3815
260290,CABO DE SANTO AGOSTINHO,PE,08/2026,30106,40811,17617
260300,CABROBÓ,PE,08/2026,9126,10796,3532
260310,CACHOEIRINHA,PE,08/2026,5031,5982,1802
260320,CAETÉS,PE,08/2026,5391,6607,2188
260330,CALÇADO,PE,08/2026,1855,2231,655
260340,CALUMBI,PE,08/2026,1539,1896,597
260345,CAMARAGIBE,PE,08/2026,20640,28030,11683
260350,CAMOCIM DE SÃO FÉLIX,PE,08/2026,5301,5980,2021
260360,CAMUTANGA,PE,08/2026,1344,1896,767
260370,CANHOTINHO,PE,08/2026,4574,5455,2023
260380,CAPOEIRAS,PE,08/2026,3861,4737,1743
260390,CARNAÍBA,PE,08/2026,2727,3862,2287
260392,CARNAUBEIRA DA PENHA,PE,08/2026,3475,4222,1096
260400,CARPINA,PE,08/2026,15688,19208,7211
260410,CARUARU,PE,08/2026,51553,75573,35139
260415,CASINHAS,PE,08/2026,3475,4197,1759
260420,CATENDE,PE,08/2026,8426,9762,2623
260430,CEDRO,PE,08/2026,1825,2522,962
260440,CHÃ DE ALEGRIA,PE,08/2026,3174,3737,1260
260450,CHÃ GRANDE,PE,08/2026,4614,5530,1560
260460,CONDADO,PE,08/2026,3858,5303,2305
260470,CORRENTES,PE,08/2026,3526,4006,1061
260480,CORTÊS,PE,08/2026,2218,2863,1000
260490,CUMARU,PE,08/2026,4089,4818,1933
260500,CUPIRA,PE,08/2026,4301,5707,2008
260510,CUSTÓDIA,PE,08/2026,8736,10305,3896
260515,DORMENTES,PE,08/2026,2558,3625,1936
260520,ESCADA,PE,08/2026,10339,13104,4938
260530,EXU,PE,08/2026,7785,9300,3059
260540,FEIRA NOVA,PE,08/2026,6530,7285,1858
260545,FERNANDO DE NORONHA,PE,08/2026,76,137,95
260550,FERREIROS,PE,08/2026,1993,2655,1164
260560,FLORES,PE,08/2026,3715,4755,1846
260570,FLORESTA,PE,08/2026,6876,8346,2436
260580,FREI MIGUELINHO,PE,08/2026,4285,4883,1135
260590,GAMELEIRA,PE,08/2026,4533,5393,1743
260600,GARANHUNS,PE,08/2026,23401,30384,13277
260610,GLÓRIA DO GOITÁ,PE,08/2026,5923,7522,2915
260620,GOIANA,PE,08/2026,15386,19770,7967
260630,GRANITO,PE,08/2026,1728,2125,775
260640,GRAVATÁ,PE,08/2026,18263,22243,7287
260650,IATI,PE,08/2026,4145,4919,1308
260660,IBIMIRIM,PE,08/2026,5934,6965,2544
260670,IBIRAJUBA,PE,08/2026,1466,1846,870
260680,IGARASSU,PE,08/2026,19351,26092,11392
260690,IGUARACY,PE,08/2026,2324,2843,1284
260700,INAJÁ,PE,08/2026,7920,8487,1308
260710,INGAZEIRA,PE,08/2026,889,1086,610
260720,IPOJUCA,PE,08/2026,20956,26907,11972
260730,IPUBI,PE,08/2026,6815,8089,2022
260740,ITACURUBA,PE,08/2026,940,1248,614
260750,ITAÍBA,PE,08/2026,6126,7107,2112
260760,ILHA DE ITAMARACÁ,PE,08/2026,5098,6110,1921
260765,ITAMBÉ,PE,08/2026,6167,8181,2890
260770,ITAPETIM,PE,08/2026,3003,3594,1501
260775,ITAPISSUMA,PE,08/2026,5259,6516,2195
260780,ITAQUITINGA,PE,08/2026,2259,3144,1363
260790,JABOATÃO DOS GUARARAPES,PE,08/2026,91194,123223,57302
260795,JAQUEIRA,PE,08/2026,2541,3037,961
260800,JATAÚBA,PE,08/2026,5233,6024,1926
260805,JATOBÁ,PE,08/2026,2851,3445,1229
260810,JOÃO ALFREDO,PE,08/2026,4905,6268,1800
260820,JOAQUIM NABUCO,PE,08/2026,4043,4551,1431
260825,JUCATI,PE,08/2026,2176,2819,782
260830,JUPI,PE,08/2026,3037,3900,1292
260840,JUREMA,PE,08/2026,3794,4264,1152
260845,LAGOA DO CARRO,PE,08/2026,3393,4402,1630
260850,LAGOA DE ITAENGA,PE,08/2026,3619,4607,1928
260860,LAGOA DO OURO,PE,08/2026,2481,3146,1129
260870,LAGOA DOS GATOS,PE,08/2026,3624,4194,1207
260875,LAGOA GRANDE,PE,08/2026,5362,6956,2990
260880,LAJEDO,PE,08/2026,8474,10577,3113
260890,LIMOEIRO,PE,08/2026,7985,11300,4690
260900,MACAPARANA,PE,08/2026,3149,5103,1622
260910,MACHADOS,PE,08/2026,2602,3221,834
260915,MANARI,PE,08/2026,6251,6655,1288
260920,MARAIAL,PE,08/2026,2348,2789,1073
260930,MIRANDIBA,PE,08/2026,2805,3693,1466
260940,MORENO,PE,08/2026,10903,13691,4896
260950,NAZARÉ DA MATA,PE,08/2026,4103,5900,3217
260960,OLINDA,PE,08/2026,54971,73047,31912
260970,OROBÓ,PE,08/2026,3766,4840,1839
260980,OROCÓ,PE,08/2026,4352,4826,1514
260990,OURICURI,PE,08/2026,10950,14424,5812
261000,PALMARES,PE,08/2026,10861,13627,5384
261010,PALMEIRINA,PE,08/2026,1730,1990,639
261020,PANELAS,PE,08/2026,5464,6568,2088
261030,PARANATAMA,PE,08/2026,3129,3923,1406
261040,PARNAMIRIM,PE,08/2026,4257,5330,2097
261050,PASSIRA,PE,08/2026,5897,7238,2551
261060,PAUDALHO,PE,08/2026,12370,14931,5092
261070,PAULISTA,PE,08/2026,50421,64465,29831
261080,PEDRA,PE,08/2026,6339,6893,1605
261090,PESQUEIRA,PE,08/2026,14839,17614,5271
261100,PETROLÂNDIA,PE,08/2026,6101,7971,2493
261110,PETROLINA,PE,08/2026,48972,71397,34676
261120,POÇÃO,PE,08/2026,3223,3717,1461
261130,POMBOS,PE,08/2026,5740,6830,2254
261140,PRIMAVERA,PE,08/2026,2264,2865,1186
261150,QUIPAPÁ,PE,08/2026,3833,4644,1474
261153,QUIXABA,PE,08/2026,1193,1666,839
261160,RECIFE,PE,08/2026,142093,216447,89626
261170,RIACHO DAS ALMAS,PE,08/2026,6019,7069,2323
261180,RIBEIRÃO,PE,08/2026,5605,7293,2937
261190,RIO FORMOSO,PE,08/2026,3655,4661,1645
261200,SAIRÉ,PE,08/2026,2465,2977,1090
261210,SALGADINHO,PE,08/2026,1347,1603,576
261220,SALGUEIRO,PE,08/2026,10201,13809,5631
261230,SALOÁ,PE,08/2026,2771,3482,1193
261240,SANHARÓ,PE,08/2026,5175,5955,1770
261245,SANTA CRUZ,PE,08/2026,2417,3226,1620
261247,SANTA CRUZ DA BAIXA VERDE,PE,08/2026,2103,2804,1293
261250,SANTA CRUZ DO CAPIBARIBE,PE,08/2026,15169,24314,10051
261255,SANTA FILOMENA,PE,08/2026,2254,3106,1544
261260,SANTA MARIA DA BOA VISTA,PE,08/2026,12429,14222,3753
261270,SANTA MARIA DO CAMBUCÁ,PE,08/2026,4182,4705,1744
261280,SANTA TEREZINHA,PE,08/2026,2046,2489,782
261290,SÃO BENEDITO DO SUL,PE,08/2026,2312,2765,995
261300,SÃO BENTO DO UNA,PE,08/2026,9400,12120,4967
261310,SÃO CAITANO,PE,08/2026,7382,9202,3107
261320,SÃO JOÃO,PE,08/2026,4667,5756,1804
261330,SÃO JOAQUIM DO MONTE,PE,08/2026,5129,5993,1884
261340,SÃO JOSÉ DA COROA GRANDE,PE,08/2026,4714,5637,1854
261350,SÃO JOSÉ DO BELMONTE,PE,08/2026,5946,7784,2664
261360,SÃO JOSÉ DO EGITO,PE,08/2026,6681,8026,2850
261370,SÃO LOURENÇO DA MATA,PE,08/2026,16828,22707,9268
261380,SÃO VICENTE FÉRRER,PE,08/2026,3254,4218,1322
261390,SERRA TALHADA,PE,08/2026,12445,17178,7966
261400,SERRITA,PE,08/2026,3603,4567,1714
261410,SERTÂNIA,PE,08/2026,7000,8489,3884
261420,SIRINHAÉM,PE,08/2026,6598,8260,2926
261430,MOREILÂNDIA,PE,08/2026,3285,3838,1524
261440,SOLIDÃO,PE,08/2026,1038,1347,471
261450,SURUBIM,PE,08/2026,10807,13873,4773
261460,TABIRA,PE,08/2026,5595,7046,2570
261470,TACAIMBÓ,PE,08/2026,2851,3530,1351
261480,TACARATU,PE,08/2026,3881,5131,1742
261485,TAMANDARÉ,PE,08/2026,4627,5966,2250
261500,TAQUARITINGA DO NORTE,PE,08/2026,4957,6606,2309
261510,TEREZINHA,PE,08/2026,1439,1743,506
261520,TERRA NOVA,PE,08/2026,1651,2187,899
261530,TIMBAÚBA,PE,08/2026,7044,10506,4907
261540,TORITAMA,PE,08/2026,6948,9593,2303
261550,TRACUNHAÉM,PE,08/2026,2329,3093,1028
261560,TRINDADE,PE,08/2026,7359,8939,2703
261570,TRIUNFO,PE,08/2026,2153,3113,2002
261580,TUPANATINGA,PE,08/2026,5811,6642,1751
261590,TUPARETAMA,PE,08/2026,1737,2176,840
261600,VENTUROSA,PE,08/2026,4401,5308,1528
261610,VERDEJANTE,PE,08/2026,1349,1931,852
261618,VERTENTE DO LÉRIO,PE,08/2026,2251,2553,866
261620,VERTENTES,PE,08/2026,4065,5101,1323
261630,VICÊNCIA,PE,08/2026,3670,5269,1942
261640,VITÓRIA DE SANTO ANTÃO,PE,08/2026,20592,28704,12596
261650,XEXÉU,PE,08/2026,3672,4181,1355
220005,ACAUÃ,PI,08/2026,1359,1702,550
220010,AGRICOLÂNDIA,PI,08/2026,957,1197,651
220020,ÁGUA BRANCA,PI,08/2026,3643,4372,1864
220025,ALAGOINHA DO PIAUÍ,PI,08/2026,1584,1862,721
220027,ALEGRETE DO PIAUÍ,PI,08/2026,923,1141,512
220030,ALTO LONGÁ,PI,08/2026,3017,3481,1389
220040,ALTOS,PI,08/2026,5830,8576,3317
220045,ALVORADA DO GURGUÉIA,PI,08/2026,1127,1374,663
220050,AMARANTE,PI,08/2026,3140,3934,1674
220060,ANGICAL DO PIAUÍ,PI,08/2026,1657,1911,790
220070,ANÍSIO DE ABREU,PI,08/2026,1838,2175,818
220080,ANTÔNIO ALMEIDA,PI,08/2026,461,631,307
220090,AROAZES,PI,08/2026,1165,1362,652
220095,AROEIRAS DO ITAIM,PI,08/2026,769,893,312
220100,ARRAIAL,PI,08/2026,884,1106,622
220105,ASSUNÇÃO DO PIAUÍ,PI,08/2026,1472,1906,780
220110,AVELINO LOPES,PI,08/2026,2162,2737,1163
220115,BAIXA GRANDE DO RIBEIRO,PI,08/2026,2366,2923,955
220117,BARRA DALCÂNTARA,PI,08/2026,735,936,516
220120,BARRAS,PI,08/2026,12853,14401,3550
220130,BARREIRAS DO PIAUÍ,PI,08/2026,676,846,282
220140,BARRO DURO,PI,08/2026,1137,1389,490
220150,BATALHA,PI,08/2026,4939,6175,1966
220155,BELA VISTA DO PIAUÍ,PI,08/2026,686,1032,480
220157,BELÉM DO PIAUÍ,PI,08/2026,618,828,340
220160,BENEDITINOS,PI,08/2026,2170,2596,970
220170,BERTOLÍNIA,PI,08/2026,910,1177,552
220173,BETÂNIA DO PIAUÍ,PI,08/2026,1417,1771,896
220177,BOA HORA,PI,08/2026,1971,2171,540
220180,BOCAINA,PI,08/2026,787,982,457
220190,BOM JESUS,PI,08/2026,4659,6124,2552
220191,BOM PRINCÍPIO DO PIAUÍ,PI,08/2026,1345,1756,550
220192,BONFIM DO PIAUÍ,PI,08/2026,1280,1537,750
220194,BOQUEIRÃO DO PIAUÍ,PI,08/2026,1487,1740,609
220196,BRASILEIRA,PI,08/2026,1637,2008,654
220198,BREJO DO PIAUÍ,PI,08/2026,994,1151,341
220200,BURITI DOS LOPES,PI,08/2026,3743,4809,1533
220202,BURITI DOS MONTES,PI,08/2026,1535,1864,864
220205,CABECEIRAS DO PIAUÍ,PI,08/2026,1859,2382,896
220207,CAJAZEIRAS DO PIAUÍ,PI,08/2026,437,642,287
220208,CAJUEIRO DA PRAIA,PI,08/2026,910,1825,856
220209,CALDEIRÃO GRANDE DO PIAUÍ,PI,08/2026,1031,1346,648
220210,CAMPINAS DO PIAUÍ,PI,08/2026,1084,1344,663
220211,CAMPO ALEGRE DO FIDALGO,PI,08/2026,1295,1479,463
220213,CAMPO GRANDE DO PIAUÍ,PI,08/2026,1207,1520,804
220217,CAMPO LARGO DO PIAUÍ,PI,08/2026,2004,2290,545
220220,CAMPO MAIOR,PI,08/2026,9518,11636,4540
220225,CANAVIEIRA,PI,08/2026,759,858,352
220230,CANTO DO BURITI,PI,08/2026,4036,4769,1647
220240,CAPITÃO DE CAMPOS,PI,08/2026,2807,3282,1283
220245,CAPITÃO GERVÁSIO OLIVEIRA,PI,08/2026,1198,1351,589
220250,CARACOL,PI,08/2026,2407,2785,882
220253,CARAÚBAS DO PIAUÍ,PI,08/2026,1138,1487,630
220255,CARIDADE DO PIAUÍ,PI,08/2026,1163,1528,606
220260,CASTELO DO PIAUÍ,PI,08/2026,3756,4571,2068
220265,CAXINGÓ,PI,08/2026,1263,1595,445
220270,COCAL,PI,08/2026,5520,6979,1550
220271,COCAL DE TELHA,PI,08/2026,1180,1357,466
220272,COCAL DOS ALVES,PI,08/2026,1106,1533,492
220273,COIVARAS,PI,08/2026,778,1015,541
220275,COLÔNIA DO GURGUÉIA,PI,08/2026,1799,2006,979
220277,COLÔNIA DO PIAUÍ,PI,08/2026,1550,1839,859
220280,CONCEIÇÃO DO CANINDÉ,PI,08/2026,1338,1608,740
220285,CORONEL JOSÉ DIAS,PI,08/2026,1303,1492,497
220290,CORRENTE,PI,08/2026,3706,5239,2670
220300,CRISTALÂNDIA DO PIAUÍ,PI,08/2026,1070,1487,661
220310,CRISTINO CASTRO,PI,08/2026,1659,2360,1135
220320,CURIMATÁ,PI,08/2026,2017,2667,1272
220323,CURRAIS,PI,08/2026,932,1301,702
220325,CURRALINHOS,PI,08/2026,794,1053,496
220327,CURRAL NOVO DO PIAUÍ,PI,08/2026,1372,1651,524
220330,DEMERVAL LOBÃO,PI,08/2026,3937,4638,1420
220335,DIRCEU ARCOVERDE,PI,08/2026,1723,1899,515
220340,DOM EXPEDITO LOPES,PI,08/2026,933,1332,849
220342,DOMINGOS MOURÃO,PI,08/2026,850,1104,457
220345,DOM INOCÊNCIO,PI,08/2026,1918,2336,1248
220350,ELESBÃO VELOSO,PI,08/2026,1726,2518,1399
220360,ELISEU MARTINS,PI,08/2026,818,1028,544
220370,ESPERANTINA,PI,08/2026,6959,8789,2488
220375,FARTURA DO PIAUÍ,PI,08/2026,1612,1751,392
220380,FLORES DO PIAUÍ,PI,08/2026,1146,1300,667
220385,FLORESTA DO PIAUÍ,PI,08/2026,564,669,486
220390,FLORIANO,PI,08/2026,7365,10681,5987
220400,FRANCINÓPOLIS,PI,08/2026,853,1150,671
220410,FRANCISCO AYRES,PI,08/2026,834,1011,478
220415,FRANCISCO MACEDO,PI,08/2026,463,660,392
220420,FRANCISCO SANTOS,PI,08/2026,1002,1434,843
220430,FRONTEIRAS,PI,08/2026,1797,2378,973
220435,GEMINIANO,PI,08/2026,1501,1836,790
220440,GILBUÉS,PI,08/2026,2277,2778,914
220450,GUADALUPE,PI,08/2026,1953,2307,906
220455,GUARIBAS,PI,08/2026,1362,1514,315
220460,HUGO NAPOLEÃO,PI,08/2026,810,929,336
220465,ILHA GRANDE,PI,08/2026,1808,2430,786
220470,INHUMA,PI,08/2026,2322,3171,1236
220480,IPIRANGA DO PIAUÍ,PI,08/2026,1342,1961,1000
220490,ISAÍAS COELHO,PI,08/2026,1654,1990,914
220500,ITAINÓPOLIS,PI,08/2026,2063,2702,1420
220510,ITAUEIRA,PI,08/2026,1845,2212,959
220515,JACOBINA DO PIAUÍ,PI,08/2026,1586,1833,698
220520,JAICÓS,PI,08/2026,4226,4957,1420
220525,JARDIM DO MULATO,PI,08/2026,932,1138,438
220527,JATOBÁ DO PIAUÍ,PI,08/2026,1255,1451,652
220530,JERUMENHA,PI,08/2026,881,1140,537
220535,JOÃO COSTA,PI,08/2026,595,762,303
220540,JOAQUIM PIRES,PI,08/2026,2215,2905,891
220545,JOCA MARQUES,PI,08/2026,1320,1558,418
220550,JOSÉ DE FREITAS,PI,08/2026,6089,8468,2977
220551,JUAZEIRO DO PIAUÍ,PI,08/2026,1134,1327,573
220552,JÚLIO BORGES,PI,08/2026,940,1214,592
220553,JUREMA,PI,08/2026,1564,1784,613
220554,LAGOINHA DO PIAUÍ,PI,08/2026,593,755,378
220555,LAGOA ALEGRE,PI,08/2026,2694,2993,1087
220556,LAGOA DO BARRO DO PIAUÍ,PI,08/2026,840,1166,623
220557,LAGOA DE SÃO FRANCISCO,PI,08/2026,1206,1555,864
220558,LAGOA DO PIAUÍ,PI,08/2026,906,1109,461
220559,LAGOA DO SÍTIO,PI,08/2026,1241,1534,634
220560,LANDRI SALES,PI,08/2026,1222,1437,764
220570,LUÍS CORREIA,PI,08/2026,5167,7429,2379
220580,LUZILÂNDIA,PI,08/2026,5375,6440,1720
220585,MADEIRO,PI,08/2026,1601,1940,689
220590,MANOEL EMÍDIO,PI,08/2026,1025,1342,596
220595,MARCOLÂNDIA,PI,08/2026,1960,2543,685
220600,MARCOS PARENTE,PI,08/2026,1118,1279,554
220605,MASSAPÊ DO PIAUÍ,PI,08/2026,978,1308,546
220610,MATIAS OLÍMPIO,PI,08/2026,2825,3176,755
220620,MIGUEL ALVES,PI,08/2026,7615,8789,2481
220630,MIGUEL LEÃO,PI,08/2026,173,261,136
220635,MILTON BRANDÃO,PI,08/2026,1460,1749,626
220640,MONSENHOR GIL,PI,08/2026,1429,1926,860
220650,MONSENHOR HIPÓLITO,PI,08/2026,1722,2186,873
220660,MONTE ALEGRE DO PIAUÍ,PI,08/2026,1765,2217,912
220665,MORRO CABEÇA NO TEMPO,PI,08/2026,1132,1343,484
220667,MORRO DO CHAPÉU DO PIAUÍ,PI,08/2026,1302,1580,428
220669,MURICI DOS PORTELAS,PI,08/2026,1501,1802,411
220670,NAZARÉ DO PIAUÍ,PI,08/2026,1731,1997,903
220672,NAZÁRIA,PI,08/2026,1927,2500,1119
220675,NOSSA SENHORA DE NAZARÉ,PI,08/2026,894,1143,498
220680,NOSSA SENHORA DOS REMÉDIOS,PI,08/2026,3103,3303,510
220690,NOVO ORIENTE DO PIAUÍ,PI,08/2026,1020,1291,596
220695,NOVO SANTO ANTÔNIO,PI,08/2026,695,852,305
220700,OEIRAS,PI,08/2026,8234,10343,4869
220710,OLHO DÁGUA DO PIAUÍ,PI,08/2026,482,623,382
220720,PADRE MARCOS,PI,08/2026,1601,1884,608
220730,PAES LANDIM,PI,08/2026,975,1249,469
220735,PAJEÚ DO PIAUÍ,PI,08/2026,547,730,485
220740,PALMEIRA DO PIAUÍ,PI,08/2026,767,1064,540
220750,PALMEIRAIS,PI,08/2026,3555,3906,1427
220755,PAQUETÁ,PI,08/2026,944,1128,553
220760,PARNAGUÁ,PI,08/2026,2727,3058,816
220770,PARNAÍBA,PI,08/2026,17140,27793,11513
220775,PASSAGEM FRANCA DO PIAUÍ,PI,08/2026,1178,1282,382
220777,PATOS DO PIAUÍ,PI,08/2026,864,1197,642
220779,PAU DARCO DO PIAUÍ,PI,08/2026,901,1080,386
220780,PAULISTANA,PI,08/2026,4641,5735,1863
220785,PAVUSSU,PI,08/2026,1275,1376,366
220790,PEDRO II,PI,08/2026,8280,10337,3087
220793,PEDRO LAURENTINO,PI,08/2026,736,858,418
220795,NOVA SANTA RITA,PI,08/2026,948,1190,436
220800,PICOS,PI,08/2026,10605,14802,7468
220810,PIMENTEIRAS,PI,08/2026,2154,2677,1290
220820,PIO IX,PI,08/2026,4621,5567,1605
220830,PIRACURUCA,PI,08/2026,4950,6727,2462
220840,PIRIPIRI,PI,08/2026,9465,13162,5462
220850,PORTO,PI,08/2026,3021,3405,822
220855,PORTO ALEGRE DO PIAUÍ,PI,08/2026,832,907,307
220860,PRATA DO PIAUÍ,PI,08/2026,962,1093,380
220865,QUEIMADA NOVA,PI,08/2026,1353,1863,1041
220870,REDENÇÃO DO GURGUÉIA,PI,08/2026,2285,2693,1074
220880,REGENERAÇÃO,PI,08/2026,4717,5482,1924
220885,RIACHO FRIO,PI,08/2026,939,1202,533
220887,RIBEIRA DO PIAUÍ,PI,08/2026,1301,1456,651
220890,RIBEIRO GONÇALVES,PI,08/2026,1074,1322,701
220900,RIO GRANDE DO PIAUÍ,PI,08/2026,1670,1896,741
220910,SANTA CRUZ DO PIAUÍ,PI,08/2026,1277,1650,782
220915,SANTA CRUZ DOS MILAGRES,PI,08/2026,496,691,376
220920,SANTA FILOMENA,PI,08/2026,1242,1574,656
220930,SANTA LUZ,PI,08/2026,1532,1751,596
220935,SANTANA DO PIAUÍ,PI,08/2026,603,833,569
220937,SANTA ROSA DO PIAUÍ,PI,08/2026,1124,1307,533
220940,SANTO ANTÔNIO DE LISBOA,PI,08/2026,1220,1546,715
220945,SANTO ANTÔNIO DOS MILAGRES,PI,08/2026,243,397,215
220950,SANTO INÁCIO DO PIAUÍ,PI,08/2026,786,961,741
220955,SÃO BRAZ DO PIAUÍ,PI,08/2026,1111,1363,653
220960,SÃO FÉLIX DO PIAUÍ,PI,08/2026,349,535,362
220965,SÃO FRANCISCO DE ASSIS DO PIAUÍ,PI,08/2026,1413,1678,658
220970,SÃO FRANCISCO DO PIAUÍ,PI,08/2026,1403,1661,867
220975,SÃO GONÇALO DO GURGUÉIA,PI,08/2026,551,699,246
220980,SÃO GONÇALO DO PIAUÍ,PI,08/2026,1025,1256,397
220985,SÃO JOÃO DA CANABRAVA,PI,08/2026,984,1208,548
220987,SÃO JOÃO DA FRONTEIRA,PI,08/2026,1353,1577,470
220990,SÃO JOÃO DA SERRA,PI,08/2026,1163,1413,596
220995,SÃO JOÃO DA VARJOTA,PI,08/2026,992,1245,612
220997,SÃO JOÃO DO ARRAIAL,PI,08/2026,2111,2419,649
221000,SÃO JOÃO DO PIAUÍ,PI,08/2026,3309,4339,1805
221005,SÃO JOSÉ DO DIVINO,PI,08/2026,1223,1508,454
221010,SÃO JOSÉ DO PEIXE,PI,08/2026,644,812,410
221020,SÃO JOSÉ DO PIAUÍ,PI,08/2026,1132,1489,548
221030,SÃO JULIÃO,PI,08/2026,1503,1683,630
221035,SÃO LOURENÇO DO PIAUÍ,PI,08/2026,1215,1465,566
221037,SÃO LUIS DO PIAUÍ,PI,08/2026,398,575,256
221038,SÃO MIGUEL DA BAIXA GRANDE,PI,08/2026,318,443,254
221039,SÃO MIGUEL DO FIDALGO,PI,08/2026,516,671,334
221040,SÃO MIGUEL DO TAPUIO,PI,08/2026,3117,3960,2231
221050,SÃO PEDRO DO PIAUÍ,PI,08/2026,3538,3967,1083
221060,SÃO RAIMUNDO NONATO,PI,08/2026,6778,8831,4285
221062,SEBASTIÃO BARROS,PI,08/2026,864,1139,476
221063,SEBASTIÃO LEAL,PI,08/2026,795,1012,468
221065,SIGEFREDO PACHECO,PI,08/2026,2089,2468,1039
221070,SIMÕES,PI,08/2026,2036,2986,1335
221080,SIMPLÍCIO MENDES,PI,08/2026,2189,2858,1524
221090,SOCORRO DO PIAUÍ,PI,08/2026,1071,1267,579
221093,SUSSUAPARA,PI,08/2026,1276,1614,547
221095,TAMBORIL DO PIAUÍ,PI,08/2026,659,821,311
221097,TANQUE DO PIAUÍ,PI,08/2026,429,621,398
221100,TERESINA,PI,08/2026,87023,125841,47331
221110,UNIÃO,PI,08/2026,9080,11115,3307
221120,URUÇUÍ,PI,08/2026,3797,4907,1870
221130,VALENÇA DO PIAUÍ,PI,08/2026,2798,4276,2396
221135,VÁRZEA BRANCA,PI,08/2026,1329,1556,536
221140,VÁRZEA GRANDE,PI,08/2026,997,1203,581
221150,VERA MENDES,PI,08/2026,627,829,509
221160,VILA NOVA DO PIAUÍ,PI,08/2026,537,665,359
221170,WALL FERRAZ,PI,08/2026,996,1153,351
410010,ABATIÁ,PR,08/2026,353,785,678
410020,ADRIANÓPOLIS,PR,08/2026,449,847,735
410030,AGUDOS DO SUL,PR,08/2026,887,1492,841
410040,ALMIRANTE TAMANDARÉ,PR,08/2026,6306,11985,9586
410045,ALTAMIRA DO PARANÁ,PR,08/2026,232,465,466
410050,ALTÔNIA,PR,08/2026,540,1250,1421
410060,ALTO PARANÁ,PR,08/2026,855,1505,1126
410070,ALTO PIQUIRI,PR,08/2026,649,1139,1194
410080,ALVORADA DO SUL,PR,08/2026,770,1164,905
410090,AMAPORÃ,PR,08/2026,407,768,581
410100,AMPÉRE,PR,08/2026,128,1161,1563
410105,ANAHY,PR,08/2026,197,334,455
410110,ANDIRÁ,PR,08/2026,1594,2348,1743
410115,ÂNGULO,PR,08/2026,164,338,267
410120,ANTONINA,PR,08/2026,2267,3145,1714
410130,ANTÔNIO OLINTO,PR,08/2026,909,1269,553
410140,APUCARANA,PR,08/2026,5453,10565,11499
410150,ARAPONGAS,PR,08/2026,3722,7820,9994
410160,ARAPOTI,PR,08/2026,994,2087,1538
410165,ARAPUÃ,PR,08/2026,220,419,340
410170,ARARUNA,PR,08/2026,841,1706,2023
410180,ARAUCÁRIA,PR,08/2026,6866,12722,11100
410185,ARIRANHA DO IVAÍ,PR,08/2026,124,273,274
410190,ASSAÍ,PR,08/2026,625,1443,1320
410200,ASSIS CHATEAUBRIAND,PR,08/2026,1379,3017,4299
410210,ASTORGA,PR,08/2026,778,1814,1927
410220,ATALAIA,PR,08/2026,211,377,648
410230,BALSA NOVA,PR,08/2026,856,1399,1387
410240,BANDEIRANTES,PR,08/2026,1107,2746,2899
410250,BARBOSA FERRAZ,PR,08/2026,797,1424,1207
410260,BARRACÃO,PR,08/2026,623,1091,1103
410270,BARRA DO JACARÉ,PR,08/2026,181,306,353
410275,BELA VISTA DA CAROBA,PR,08/2026,201,369,378
410280,BELA VISTA DO PARAÍSO,PR,08/2026,716,1395,1386
410290,BITURUNA,PR,08/2026,1241,2290,1895
410300,BOA ESPERANÇA,PR,08/2026,281,483,405
410302,BOA ESPERANÇA DO IGUAÇU,PR,08/2026,75,166,225
410304,BOA VENTURA DE SÃO ROQUE,PR,08/2026,723,1146,668
410305,BOA VISTA DA APARECIDA,PR,08/2026,817,1216,999
410310,BOCAIÚVA DO SUL,PR,08/2026,1553,2342,1410
410315,BOM JESUS DO SUL,PR,08/2026,203,409,503
410320,BOM SUCESSO,PR,08/2026,167,513,591
410322,BOM SUCESSO DO SUL,PR,08/2026,96,219,421
410330,BORRAZÓPOLIS,PR,08/2026,412,776,850
410335,BRAGANEY,PR,08/2026,206,529,512
410337,BRASILÂNDIA DO SUL,PR,08/2026,193,442,483
410340,CAFEARA,PR,08/2026,99,238,246
410345,CAFELÂNDIA,PR,08/2026,770,1674,2206
410347,CAFEZAL DO SUL,PR,08/2026,139,443,531
410350,CALIFÓRNIA,PR,08/2026,579,982,889
410360,CAMBARÁ,PR,08/2026,1370,2545,2229
410370,CAMBÉ,PR,08/2026,4885,8394,9699
410380,CAMBIRA,PR,08/2026,379,970,1099
410390,CAMPINA DA LAGOA,PR,08/2026,1115,1880,1772
410395,CAMPINA DO SIMÃO,PR,08/2026,315,643,454
410400,CAMPINA GRANDE DO SUL,PR,08/2026,3497,5389,3996
410405,CAMPO BONITO,PR,08/2026,272,469,483
410410,CAMPO DO TENENTE,PR,08/2026,1099,1499,717
410420,CAMPO LARGO,PR,08/2026,5929,10218,8309
410425,CAMPO MAGRO,PR,08/2026,1900,3126,2472
410430,CAMPO MOURÃO,PR,08/2026,5056,8951,9013
410440,CÂNDIDO DE ABREU,PR,08/2026,1658,2275,1067
410442,CANDÓI,PR,08/2026,690,1926,1516
410445,CANTAGALO,PR,08/2026,286,1267,1525
410450,CAPANEMA,PR,08/2026,780,1328,1554
410460,CAPITÃO LEÔNIDAS MARQUES,PR,08/2026,1287,1897,1940
410465,CARAMBEÍ,PR,08/2026,1023,1978,1851
410470,CARLÓPOLIS,PR,08/2026,770,1893,1455
410480,CASCAVEL,PR,08/2026,10025,22545,30486
410490,CASTRO,PR,08/2026,4806,7793,6312
410500,CATANDUVAS,PR,08/2026,302,849,1242
410510,CENTENÁRIO DO SUL,PR,08/2026,606,1158,1135
410520,CERRO AZUL,PR,08/2026,2051,3022,1026
410530,CÉU AZUL,PR,08/2026,138,459,1318
410540,CHOPINZINHO,PR,08/2026,1115,1769,1523
410550,CIANORTE,PR,08/2026,1884,4458,5510
410560,CIDADE GAÚCHA,PR,08/2026,278,765,754
410570,CLEVELÂNDIA,PR,08/2026,497,1623,1864
410580,COLOMBO,PR,08/2026,12091,21419,16148
410590,COLORADO,PR,08/2026,311,991,1207
410600,CONGONHINHAS,PR,08/2026,950,1473,1042
410610,CONSELHEIRO MAIRINCK,PR,08/2026,219,423,373
410620,CONTENDA,PR,08/2026,1247,2184,1553
410630,CORBÉLIA,PR,08/2026,239,1148,1870
410640,CORNÉLIO PROCÓPIO,PR,08/2026,1541,3119,3112
410645,CORONEL DOMINGOS SOARES,PR,08/2026,611,1020,734
410650,CORONEL VIVIDA,PR,08/2026,848,1635,1899
410655,CORUMBATAÍ DO SUL,PR,08/2026,212,445,578
410657,CRUZEIRO DO IGUAÇU,PR,08/2026,208,370,394
410660,CRUZEIRO DO OESTE,PR,08/2026,754,1705,2619
410670,CRUZEIRO DO SUL,PR,08/2026,192,397,651
410680,CRUZ MACHADO,PR,08/2026,1080,1905,1325
410685,CRUZMALTINA,PR,08/2026,186,347,318
410690,CURITIBA,PR,08/2026,53620,99634,97817
410700,CURIÚVA,PR,08/2026,1357,1975,1267
410710,DIAMANTE DO NORTE,PR,08/2026,278,471,579
410712,DIAMANTE DO SUL,PR,08/2026,374,565,611
410715,DIAMANTE DOESTE,PR,08/2026,308,557,575
410720,DOIS VIZINHOS,PR,08/2026,615,2286,2747
410725,DOURADINA,PR,08/2026,258,587,781
410730,DOUTOR CAMARGO,PR,08/2026,233,516,754
410740,ENÉAS MARQUES,PR,08/2026,354,566,415
410750,ENGENHEIRO BELTRÃO,PR,08/2026,673,1306,1132
410752,ESPERANÇA NOVA,PR,08/2026,91,159,326
410753,ENTRE RIOS DO OESTE,PR,08/2026,81,217,273
410754,ESPIGÃO ALTO DO IGUAÇU,PR,08/2026,717,964,650
410755,FAROL,PR,08/2026,202,321,290
410760,FAXINAL,PR,08/2026,1327,2374,1784
410765,FAZENDA RIO GRANDE,PR,08/2026,10551,17413,12380
410770,FÊNIX,PR,08/2026,383,615,619
410773,FERNANDES PINHEIRO,PR,08/2026,708,981,595
410775,FIGUEIRA,PR,08/2026,1220,1515,692
410780,FLORAÍ,PR,08/2026,179,326,293
410785,FLOR DA SERRA DO SUL,PR,08/2026,247,478,621
410790,FLORESTA,PR,08/2026,707,1381,786
410800,FLORESTÓPOLIS,PR,08/2026,1641,2120,1674
410810,FLÓRIDA,PR,08/2026,134,258,279
410820,FORMOSA DO OESTE,PR,08/2026,182,474,906
410830,FOZ DO IGUAÇU,PR,08/2026,20047,31981,26730
410832,FRANCISCO ALVES,PR,08/2026,439,745,697
410840,FRANCISCO BELTRÃO,PR,08/2026,1622,4394,7288
410845,FOZ DO JORDÃO,PR,08/2026,602,907,579
410850,GENERAL CARNEIRO,PR,08/2026,888,1653,1026
410855,GODOY MOREIRA,PR,08/2026,221,417,479
410860,GOIOERÊ,PR,08/2026,2370,3423,2727
410865,GOIOXIM,PR,08/2026,594,1115,580
410870,GRANDES RIOS,PR,08/2026,465,784,584
410880,GUAÍRA,PR,08/2026,895,3019,3672
410890,GUAIRAÇÁ,PR,08/2026,453,813,581
410895,GUAMIRANGA,PR,08/2026,421,819,451
410900,GUAPIRAMA,PR,08/2026,226,538,696
410910,GUAPOREMA,PR,08/2026,119,210,255
410920,GUARACI,PR,08/2026,395,577,577
410930,GUARANIAÇU,PR,08/2026,246,1032,1222
410940,GUARAPUAVA,PR,08/2026,11448,19092,15211
410950,GUARAQUEÇABA,PR,08/2026,1295,1809,684
410960,GUARATUBA,PR,08/2026,4124,7128,5312
410965,HONÓRIO SERPA,PR,08/2026,313,616,720
410970,IBAITI,PR,08/2026,1080,2665,3265
410975,IBEMA,PR,08/2026,268,829,1021
410980,IBIPORÃ,PR,08/2026,3051,5107,5250
410990,ICARAÍMA,PR,08/2026,746,1087,1051
411000,IGUARAÇU,PR,08/2026,207,424,420
411005,IGUATU,PR,08/2026,166,297,426
411007,IMBAÚ,PR,08/2026,821,1601,1198
411010,IMBITUVA,PR,08/2026,1515,3211,3359
411020,INÁCIO MARTINS,PR,08/2026,1355,1939,961
411030,INAJÁ,PR,08/2026,231,418,473
411040,INDIANÓPOLIS,PR,08/2026,191,417,642
411050,IPIRANGA,PR,08/2026,557,1495,1110
411060,IPORÃ,PR,08/2026,568,1361,1772
411065,IRACEMA DO OESTE,PR,08/2026,99,224,332
411070,IRATI,PR,08/2026,3933,5967,4415
411080,IRETAMA,PR,08/2026,683,1303,1415
411090,ITAGUAJÉ,PR,08/2026,192,433,509
411095,ITAIPULÂNDIA,PR,08/2026,321,1062,1951
411100,ITAMBARACÁ,PR,08/2026,369,728,725
411110,ITAMBÉ,PR,08/2026,113,320,668
411120,ITAPEJARA DOESTE,PR,08/2026,296,829,1319
411125,ITAPERUÇU,PR,08/2026,3386,4898,2356
411130,ITAÚNA DO SUL,PR,08/2026,212,404,522
411140,IVAÍ,PR,08/2026,897,1738,994
411150,IVAIPORÃ,PR,08/2026,713,2472,3415
411155,IVATÉ,PR,08/2026,395,628,747
411160,IVATUBA,PR,08/2026,50,206,418
411170,JABOTI,PR,08/2026,440,689,487
411180,JACAREZINHO,PR,08/2026,2737,4120,2663
411190,JAGUAPITÃ,PR,08/2026,764,1427,1371
411200,JAGUARIAÍVA,PR,08/2026,1945,3627,2743
411210,JANDAIA DO SUL,PR,08/2026,1092,1860,2190
411220,JANIÓPOLIS,PR,08/2026,304,582,688
411230,JAPIRA,PR,08/2026,206,542,480
411240,JAPURÁ,PR,08/2026,420,806,811
411250,JARDIM ALEGRE,PR,08/2026,626,1365,1352
411260,JARDIM OLINDA,PR,08/2026,70,175,236
411270,JATAIZINHO,PR,08/2026,994,1581,1223
411275,JESUÍTAS,PR,08/2026,608,989,1137
411280,JOAQUIM TÁVORA,PR,08/2026,550,995,990
411290,JUNDIAÍ DO SUL,PR,08/2026,272,474,535
411295,JURANDA,PR,08/2026,435,830,778
411300,JUSSARA,PR,08/2026,333,600,620
411310,KALORÉ,PR,08/2026,398,620,625
411320,LAPA,PR,08/2026,2436,4087,3531
411325,LARANJAL,PR,08/2026,909,1326,700
411330,LARANJEIRAS DO SUL,PR,08/2026,1084,2418,1705
411340,LEÓPOLIS,PR,08/2026,234,440,533
411342,LIDIANÓPOLIS,PR,08/2026,259,499,836
411345,LINDOESTE,PR,08/2026,634,895,767
411350,LOANDA,PR,08/2026,476,1544,2163
411360,LOBATO,PR,08/2026,220,401,370
411370,LONDRINA,PR,08/2026,26180,41389,34904
411373,LUIZIANA,PR,08/2026,881,1313,535
411375,LUNARDELLI,PR,08/2026,245,532,693
411380,LUPIONÓPOLIS,PR,08/2026,451,662,763
411390,MALLET,PR,08/2026,682,1020,736
411400,MAMBORÊ,PR,08/2026,881,1523,1373
411410,MANDAGUAÇU,PR,08/2026,1024,2196,2194
411420,MANDAGUARI,PR,08/2026,502,1673,3362
411430,MANDIRITUBA,PR,08/2026,2023,3229,2435
411435,MANFRINÓPOLIS,PR,08/2026,72,211,338
411440,MANGUEIRINHA,PR,08/2026,888,2002,1919
411450,MANOEL RIBAS,PR,08/2026,1155,1827,1239
411460,MARECHAL CÂNDIDO RONDON,PR,08/2026,872,2357,3548
411470,MARIA HELENA,PR,08/2026,543,772,609
411480,MARIALVA,PR,08/2026,1401,3271,4130
411490,MARILÂNDIA DO SUL,PR,08/2026,705,1202,849
411500,MARILENA,PR,08/2026,427,832,801
411510,MARILUZ,PR,08/2026,807,1551,1269
411520,MARINGÁ,PR,08/2026,12637,20960,30489
411530,MARIÓPOLIS,PR,08/2026,212,511,623
411535,MARIPÁ,PR,08/2026,31,249,427
411540,MARMELEIRO,PR,08/2026,1066,1659,1607
411545,MARQUINHO,PR,08/2026,509,753,360
411550,MARUMBI,PR,08/2026,356,550,425
411560,MATELÂNDIA,PR,08/2026,161,770,1273
411570,MATINHOS,PR,08/2026,2864,5559,4890
411573,MATO RICO,PR,08/2026,366,572,407
411575,MAUÁ DA SERRA,PR,08/2026,875,1539,1138
411580,MEDIANEIRA,PR,08/2026,1037,2553,3339
411585,MERCEDES,PR,08/2026,57,216,509
411590,MIRADOR,PR,08/2026,158,273,299
411600,MIRASELVA,PR,08/2026,72,146,239
411605,MISSAL,PR,08/2026,554,958,1067
411610,MOREIRA SALES,PR,08/2026,1445,1867,1694
411620,MORRETES,PR,08/2026,1440,2354,1389
411630,MUNHOZ DE MELO,PR,08/2026,330,527,574
411640,NOSSA SENHORA DAS GRAÇAS,PR,08/2026,45,194,359
411650,NOVA ALIANÇA DO IVAÍ,PR,08/2026,37,86,124
411660,NOVA AMÉRICA DA COLINA,PR,08/2026,332,531,450
411670,NOVA AURORA,PR,08/2026,479,841,1074
411680,NOVA CANTU,PR,08/2026,561,922,859
411690,NOVA ESPERANÇA,PR,08/2026,1471,2672,2292
411695,NOVA ESPERANÇA DO SUDOESTE,PR,08/2026,181,381,483
411700,NOVA FÁTIMA,PR,08/2026,414,909,1075
411705,NOVA LARANJEIRAS,PR,08/2026,1835,2538,1165
411710,NOVA LONDRINA,PR,08/2026,814,1405,1333
411720,NOVA OLÍMPIA,PR,08/2026,210,483,558
411721,NOVA SANTA BÁRBARA,PR,08/2026,299,640,530
411722,NOVA SANTA ROSA,PR,08/2026,236,532,1025
411725,NOVA PRATA DO IGUAÇU,PR,08/2026,351,800,1075
411727,NOVA TEBAS,PR,08/2026,317,957,916
411729,NOVO ITACOLOMI,PR,08/2026,176,349,465
411730,ORTIGUEIRA,PR,08/2026,2061,4012,3089
411740,OURIZONA,PR,08/2026,67,202,300
411745,OURO VERDE DO OESTE,PR,08/2026,245,563,574
411750,PAIÇANDU,PR,08/2026,1811,4092,4679
411760,PALMAS,PR,08/2026,2671,5508,4931
411770,PALMEIRA,PR,08/2026,1157,2387,1587
411780,PALMITAL,PR,08/2026,1134,2117,1448
411790,PALOTINA,PR,08/2026,975,1951,2378
411800,PARAÍSO DO NORTE,PR,08/2026,370,833,843
411810,PARANACITY,PR,08/2026,531,902,943
411820,PARANAGUÁ,PR,08/2026,11634,16538,8616
411830,PARANAPOEMA,PR,08/2026,132,273,264
411840,PARANAVAÍ,PR,08/2026,4286,7772,8354
411845,PATO BRAGADO,PR,08/2026,147,380,613
411850,PATO BRANCO,PR,08/2026,1735,4853,6164
411860,PAULA FREITAS,PR,08/2026,330,538,439
411870,PAULO FRONTIN,PR,08/2026,343,554,352
411880,PEABIRU,PR,08/2026,934,1508,1448
411885,PEROBAL,PR,08/2026,277,627,851
411890,PÉROLA,PR,08/2026,412,1131,1274
411900,PÉROLA DOESTE,PR,08/2026,106,428,788
411910,PIÊN,PR,08/2026,489,888,718
411915,PINHAIS,PR,08/2026,7077,12112,10880
411920,PINHALÃO,PR,08/2026,697,1040,716
411925,PINHAL DE SÃO BENTO,PR,08/2026,189,363,358
411930,PINHÃO,PR,08/2026,2755,4901,2390
411940,PIRAÍ DO SUL,PR,08/2026,1367,2605,1796
411950,PIRAQUARA,PR,08/2026,9477,14646,8738
411960,PITANGA,PR,08/2026,2312,4168,3114
411965,PITANGUEIRAS,PR,08/2026,207,344,348
411970,PLANALTINA DO PARANÁ,PR,08/2026,344,669,595
411980,PLANALTO,PR,08/2026,506,1105,1224
411990,PONTA GROSSA,PR,08/2026,16165,29286,25612
411995,PONTAL DO PARANÁ,PR,08/2026,2547,4627,3678
412000,PORECATU,PR,08/2026,875,1238,1237
412010,PORTO AMAZONAS,PR,08/2026,161,368,544
412015,PORTO BARREIRO,PR,08/2026,194,363,238
412020,PORTO RICO,PR,08/2026,135,317,342
412030,PORTO VITÓRIA,PR,08/2026,322,496,382
412033,PRADO FERREIRA,PR,08/2026,247,478,514
412035,PRANCHITA,PR,08/2026,214,442,504
412040,PRESIDENTE CASTELO BRANCO,PR,08/2026,218,396,485
412050,PRIMEIRO DE MAIO,PR,08/2026,375,890,1074
412060,PRUDENTÓPOLIS,PR,08/2026,2234,5080,3643
412065,QUARTO CENTENÁRIO,PR,08/2026,189,382,443
412070,QUATIGUÁ,PR,08/2026,553,900,837
412080,QUATRO BARRAS,PR,08/2026,1388,2164,1679
412085,QUATRO PONTES,PR,08/2026,26,113,297
412090,QUEDAS DO IGUAÇU,PR,08/2026,2477,4425,3948
412100,QUERÊNCIA DO NORTE,PR,08/2026,453,1300,1458
412110,QUINTA DO SOL,PR,08/2026,295,538,657
412120,QUITANDINHA,PR,08/2026,946,1895,1383
412125,RAMILÂNDIA,PR,08/2026,170,429,656
412130,RANCHO ALEGRE,PR,08/2026,240,459,557
412135,RANCHO ALEGRE DOESTE,PR,08/2026,129,247,333
412140,REALEZA,PR,08/2026,516,1379,1714
412150,REBOUÇAS,PR,08/2026,1597,2400,1495
412160,RENASCENÇA,PR,08/2026,67,350,960
412170,RESERVA,PR,08/2026,2337,4022,2240
412175,RESERVA DO IGUAÇU,PR,08/2026,404,971,807
412180,RIBEIRÃO CLARO,PR,08/2026,426,1025,1058
412190,RIBEIRÃO DO PINHAL,PR,08/2026,885,1744,1679
412200,RIO AZUL,PR,08/2026,310,1046,1153
412210,RIO BOM,PR,08/2026,203,361,433
412215,RIO BONITO DO IGUAÇU,PR,08/2026,1142,2314,2554
412217,RIO BRANCO DO IVAÍ,PR,08/2026,709,922,511
412220,RIO BRANCO DO SUL,PR,08/2026,2264,4379,3424
412230,RIO NEGRO,PR,08/2026,868,1837,1648
412240,ROLÂNDIA,PR,08/2026,2492,4965,5670
412250,RONCADOR,PR,08/2026,353,1056,977
412260,RONDON,PR,08/2026,433,805,921
412265,ROSÁRIO DO IVAÍ,PR,08/2026,495,803,654
412270,SABÁUDIA,PR,08/2026,412,711,749
412280,SALGADO FILHO,PR,08/2026,99,253,304
412290,SALTO DO ITARARÉ,PR,08/2026,436,732,430
412300,SALTO DO LONTRA,PR,08/2026,743,1311,1060
412310,SANTA AMÉLIA,PR,08/2026,121,324,349
412320,SANTA CECÍLIA DO PAVÃO,PR,08/2026,193,416,466
412330,SANTA CRUZ DE MONTE CASTELO,PR,08/2026,545,1031,1080
412340,SANTA FÉ,PR,08/2026,196,733,1143
412350,SANTA HELENA,PR,08/2026,622,1603,2338
412360,SANTA INÊS,PR,08/2026,110,187,189
412370,SANTA ISABEL DO IVAÍ,PR,08/2026,237,701,1253
412380,SANTA IZABEL DO OESTE,PR,08/2026,257,895,928
412382,SANTA LÚCIA,PR,08/2026,190,323,386
412385,SANTA MARIA DO OESTE,PR,08/2026,1050,1823,1080
412390,SANTA MARIANA,PR,08/2026,683,1409,1591
412395,SANTA MÔNICA,PR,08/2026,272,465,458
412400,SANTANA DO ITARARÉ,PR,08/2026,411,704,575
412402,SANTA TEREZA DO OESTE,PR,08/2026,587,1385,1687
412405,SANTA TEREZINHA DE ITAIPU,PR,08/2026,1115,2188,2560
412410,SANTO ANTÔNIO DA PLATINA,PR,08/2026,2583,4811,4036
412420,SANTO ANTÔNIO DO CAIUÁ,PR,08/2026,102,257,380
412430,SANTO ANTÔNIO DO PARAÍSO,PR,08/2026,129,226,277
412440,SANTO ANTÔNIO DO SUDOESTE,PR,08/2026,837,1895,1722
412450,SANTO INÁCIO,PR,08/2026,74,236,348
412460,SÃO CARLOS DO IVAÍ,PR,08/2026,437,727,709
412470,SÃO JERÔNIMO DA SERRA,PR,08/2026,1017,1648,895
412480,SÃO JOÃO,PR,08/2026,282,836,1224
412490,SÃO JOÃO DO CAIUÁ,PR,08/2026,431,793,697
412500,SÃO JOÃO DO IVAÍ,PR,08/2026,782,1369,1444
412510,SÃO JOÃO DO TRIUNFO,PR,08/2026,475,1301,1020
412520,SÃO JORGE DOESTE,PR,08/2026,205,619,1098
412530,SÃO JORGE DO IVAÍ,PR,08/2026,114,381,536
412535,SÃO JORGE DO PATROCÍNIO,PR,08/2026,163,456,764
412540,SÃO JOSÉ DA BOA VISTA,PR,08/2026,271,628,608
412545,SÃO JOSÉ DAS PALMEIRAS,PR,08/2026,217,435,545
412550,SÃO JOSÉ DOS PINHAIS,PR,08/2026,15409,26943,24350
412555,SÃO MANOEL DO PARANÁ,PR,08/2026,63,145,330
412560,SÃO MATEUS DO SUL,PR,08/2026,838,3468,3801
412570,SÃO MIGUEL DO IGUAÇU,PR,08/2026,1407,2858,3437
412575,SÃO PEDRO DO IGUAÇU,PR,08/2026,501,801,570
412580,SÃO PEDRO DO IVAÍ,PR,08/2026,600,955,1078
412590,SÃO PEDRO DO PARANÁ,PR,08/2026,89,192,331
412600,SÃO SEBASTIÃO DA AMOREIRA,PR,08/2026,744,1240,877
412610,SÃO TOMÉ,PR,08/2026,242,448,540
412620,SAPOPEMA,PR,08/2026,647,1001,761
412625,SARANDI,PR,08/2026,2930,7150,9496
412627,SAUDADE DO IGUAÇU,PR,08/2026,341,642,734
412630,SENGÉS,PR,08/2026,757,1670,1470
412635,SERRANÓPOLIS DO IGUAÇU,PR,08/2026,123,321,459
412640,SERTANEJA,PR,08/2026,200,494,712
412650,SERTANÓPOLIS,PR,08/2026,649,1299,1081
412660,SIQUEIRA CAMPOS,PR,08/2026,942,1903,2014
412665,SULINA,PR,08/2026,121,280,262
412667,TAMARANA,PR,08/2026,731,1206,978
412670,TAMBOARA,PR,08/2026,141,424,609
412680,TAPEJARA,PR,08/2026,725,1357,1547
412690,TAPIRA,PR,08/2026,259,596,695
412700,TEIXEIRA SOARES,PR,08/2026,848,1271,742
412710,TELÊMACO BORBA,PR,08/2026,1713,3677,2797
412720,TERRA BOA,PR,08/2026,395,1046,769
412730,TERRA RICA,PR,08/2026,1054,1774,1520
412740,TERRA ROXA,PR,08/2026,590,1394,1675
412750,TIBAGI,PR,08/2026,1723,2774,2060
412760,TIJUCAS DO SUL,PR,08/2026,1737,2630,1556
412770,TOLEDO,PR,08/2026,3047,7376,11048
412780,TOMAZINA,PR,08/2026,471,791,873
412785,TRÊS BARRAS DO PARANÁ,PR,08/2026,665,1386,1274
412788,TUNAS DO PARANÁ,PR,08/2026,674,1093,582
412790,TUNEIRAS DO OESTE,PR,08/2026,377,793,879
412795,TUPÃSSI,PR,08/2026,267,585,789
412796,TURVO,PR,08/2026,872,1734,1227
412800,UBIRATÃ,PR,08/2026,1567,2730,2793
412810,UMUARAMA,PR,08/2026,4494,8778,10691
412820,UNIÃO DA VITÓRIA,PR,08/2026,1998,4050,3503
412830,UNIFLOR,PR,08/2026,134,249,255
412840,URAÍ,PR,08/2026,655,1070,997
412850,WENCESLAU BRAZ,PR,08/2026,1595,2346,1676
412853,VENTANIA,PR,08/2026,768,1206,729
412855,VERA CRUZ DO OESTE,PR,08/2026,221,678,1116
412860,VERÊ,PR,08/2026,149,411,578
412862,ALTO PARAÍSO,PR,08/2026,243,423,380
412863,DOUTOR ULYSSES,PR,08/2026,680,1101,487
412865,VIRMOND,PR,08/2026,142,405,462
412870,VITORINO,PR,08/2026,448,780,709
412880,XAMBRÊ,PR,08/2026,436,722,879
330010,ANGRA DOS REIS,RJ,08/2026,18417,24984,13389
330015,APERIBÉ,RJ,08/2026,1090,1564,1151
330020,ARARUAMA,RJ,08/2026,17304,23172,12577
330022,AREAL,RJ,08/2026,737,1370,1222
330023,ARMAÇÃO DOS BÚZIOS,RJ,08/2026,3946,6010,3767
330025,ARRAIAL DO CABO,RJ,08/2026,3995,5708,4006
330030,BARRA DO PIRAÍ,RJ,08/2026,6494,9559,6212
330040,BARRA MANSA,RJ,08/2026,12149,17034,10816
330045,BELFORD ROXO,RJ,08/2026,76439,95603,40295
330050,BOM JARDIM,RJ,08/2026,2393,3391,1968
330060,BOM JESUS DO ITABAPOANA,RJ,08/2026,2395,4450,4479
330070,CABO FRIO,RJ,08/2026,23312,33874,19172
330080,CACHOEIRAS DE MACACU,RJ,08/2026,7051,9725,4936
330090,CAMBUCI,RJ,08/2026,1829,2433,1525
330093,CARAPEBUS,RJ,08/2026,1771,2308,1662
330095,COMENDADOR LEVY GASPARIAN,RJ,08/2026,673,1087,834
330100,CAMPOS DOS GOYTACAZES,RJ,08/2026,52717,69603,24444
330110,CANTAGALO,RJ,08/2026,1769,2426,1277
330115,CARDOSO MOREIRA,RJ,08/2026,1362,2016,1556
330120,CARMO,RJ,08/2026,2009,2657,1709
330130,CASIMIRO DE ABREU,RJ,08/2026,4136,6187,3614
330140,CONCEIÇÃO DE MACABU,RJ,08/2026,2922,3742,1960
330150,CORDEIRO,RJ,08/2026,1505,2365,1690
330160,DUAS BARRAS,RJ,08/2026,1142,1619,832
330170,DUQUE DE CAXIAS,RJ,08/2026,114266,147579,68280
330180,ENGENHEIRO PAULO DE FRONTIN,RJ,08/2026,1457,1915,1061
330185,GUAPIMIRIM,RJ,08/2026,8779,11027,5637
330187,IGUABA GRANDE,RJ,08/2026,3602,5284,3964
330190,ITABORAÍ,RJ,08/2026,33774,43847,21656
330200,ITAGUAÍ,RJ,08/2026,17064,21326,9764
330205,ITALVA,RJ,08/2026,1153,1665,1118
330210,ITAOCARA,RJ,08/2026,1944,2915,2043
330220,ITAPERUNA,RJ,08/2026,7018,11160,9257
330225,ITATIAIA,RJ,08/2026,2725,4028,2825
330227,JAPERI,RJ,08/2026,17031,20657,8043
330230,LAJE DO MURIAÉ,RJ,08/2026,967,1307,1160
330240,MACAÉ,RJ,08/2026,23296,31963,14893
330245,MACUCO,RJ,08/2026,602,1113,1189
330250,MAGÉ,RJ,08/2026,35925,47387,21704
330260,MANGARATIBA,RJ,08/2026,5798,7428,3765
330270,MARICÁ,RJ,08/2026,18347,31376,31564
330280,MENDES,RJ,08/2026,1804,2517,1895
330285,MESQUITA,RJ,08/2026,23812,29809,13448
330290,MIGUEL PEREIRA,RJ,08/2026,2909,3892,2171
330300,MIRACEMA,RJ,08/2026,3593,4579,2827
330310,NATIVIDADE,RJ,08/2026,1527,2116,1546
330320,NILÓPOLIS,RJ,08/2026,12517,16248,9116
330330,NITERÓI,RJ,08/2026,46761,58552,28010
330340,NOVA FRIBURGO,RJ,08/2026,10251,15759,9901
330350,NOVA IGUAÇU,RJ,08/2026,141776,169468,68263
330360,PARACAMBI,RJ,08/2026,5738,7323,4190
330370,PARAÍBA DO SUL,RJ,08/2026,3376,5342,3432
330380,PARATY,RJ,08/2026,6169,7927,3914
330385,PATY DO ALFERES,RJ,08/2026,3085,4626,2347
330390,PETRÓPOLIS,RJ,08/2026,22825,32659,21530
330395,PINHEIRAL,RJ,08/2026,2529,3436,2201
330400,PIRAÍ,RJ,08/2026,2505,3530,1849
330410,PORCIÚNCULA,RJ,08/2026,2448,3104,1865
330411,PORTO REAL,RJ,08/2026,1670,2406,1563
330412,QUATIS,RJ,08/2026,1227,1679,905
330414,QUEIMADOS,RJ,08/2026,20328,26044,11227
330415,QUISSAMÃ,RJ,08/2026,2293,3367,2331
330420,RESENDE,RJ,08/2026,6556,10882,8405
330430,RIO BONITO,RJ,08/2026,8743,10907,5448
330440,RIO CLARO,RJ,08/2026,1970,2593,1891
330450,RIO DAS FLORES,RJ,08/2026,937,1371,817
330452,RIO DAS OSTRAS,RJ,08/2026,14329,20180,10601
330455,RIO DE JANEIRO,RJ,08/2026,593090,776733,347431
330460,SANTA MARIA MADALENA,RJ,08/2026,716,1112,598
330470,SANTO ANTÔNIO DE PÁDUA,RJ,08/2026,3528,5346,4698
330475,SÃO FRANCISCO DE ITABAPOANA,RJ,08/2026,8105,10430,4550
330480,SÃO FIDÉLIS,RJ,08/2026,3834,5392,2227
330490,SÃO GONÇALO,RJ,08/2026,86842,113072,62522
330500,SÃO JOÃO DA BARRA,RJ,08/2026,6531,8609,4865
330510,SÃO JOÃO DE MERITI,RJ,08/2026,47043,60222,27149
330513,SÃO JOSÉ DE UBÁ,RJ,08/2026,767,1176,778
330515,SÃO JOSÉ DO VALE DO RIO PRETO,RJ,08/2026,1256,2366,1398
330520,SÃO PEDRO DA ALDEIA,RJ,08/2026,10883,15240,7894
330530,SÃO SEBASTIÃO DO ALTO,RJ,08/2026,839,1201,985
330540,SAPUCAIA,RJ,08/2026,1802,2697,1882
330550,SAQUAREMA,RJ,08/2026,12190,18562,14174
330555,SEROPÉDICA,RJ,08/2026,18085,21370,8343
330560,SILVA JARDIM,RJ,08/2026,2621,3725,2094
330570,SUMIDOURO,RJ,08/2026,2179,2967,1196
330575,TANGUÁ,RJ,08/2026,4709,6057,2807
330580,TERESÓPOLIS,RJ,08/2026,16014,23937,13322
330590,TRAJANO DE MORAES,RJ,08/2026,785,1255,636
330600,TRÊS RIOS,RJ,08/2026,8590,11975,6429
330610,VALENÇA,RJ,08/2026,6601,9255,4668
330615,VARRE-SAI,RJ,08/2026,1595,2093,911
330620,VASSOURAS,RJ,08/2026,3104,4431,2691
330630,VOLTA REDONDA,RJ,08/2026,18624,26498,22271
240010,ACARI,RN,08/2026,1136,1800,870
240020,AÇU,RN,08/2026,8510,12130,6061
240030,AFONSO BEZERRA,RN,08/2026,3139,3560,1230
240040,ÁGUA NOVA,RN,08/2026,472,670,352
240050,ALEXANDRIA,RN,08/2026,2151,2857,1409
240060,ALMINO AFONSO,RN,08/2026,936,1196,506
240070,ALTO DO RODRIGUES,RN,08/2026,2069,2693,1254
240080,ANGICOS,RN,08/2026,1652,2253,1303
240090,ANTÔNIO MARTINS,RN,08/2026,1755,2027,817
240100,APODI,RN,08/2026,6692,8637,4505
240110,AREIA BRANCA,RN,08/2026,2706,4196,2586
240120,ARÊS,RN,08/2026,2013,2832,1110
240130,CAMPO GRANDE,RN,08/2026,3061,3370,1303
240140,BAÍA FORMOSA,RN,08/2026,1113,1582,769
240145,BARAÚNA,RN,08/2026,4642,6598,3196
240150,BARCELONA,RN,08/2026,639,886,403
240160,BENTO FERNANDES,RN,08/2026,942,1220,584
240165,BODÓ,RN,08/2026,581,719,373
240170,BOM JESUS,RN,08/2026,1748,2336,877
240180,BREJINHO,RN,08/2026,1585,2449,839
240185,CAIÇARA DO NORTE,RN,08/2026,1114,1452,527
240190,CAIÇARA DO RIO DO VENTO,RN,08/2026,822,1001,340
240200,CAICÓ,RN,08/2026,7041,10260,6426
240210,CAMPO REDONDO,RN,08/2026,2163,2670,1035
240220,CANGUARETAMA,RN,08/2026,6028,7282,2089
240230,CARAÚBAS,RN,08/2026,3452,4775,2366
240240,CARNAÚBA DOS DANTAS,RN,08/2026,640,1251,870
240250,CARNAUBAIS,RN,08/2026,1916,2423,964
240260,CEARÁ-MIRIM,RN,08/2026,8832,14047,5115
240270,CERRO CORÁ,RN,08/2026,1641,2145,596
240280,CORONEL EZEQUIEL,RN,08/2026,1008,1297,539
240290,CORONEL JOÃO PESSOA,RN,08/2026,673,943,451
240300,CRUZETA,RN,08/2026,1148,1641,854
240310,CURRAIS NOVOS,RN,08/2026,4410,6912,3760
240320,DOUTOR SEVERIANO,RN,08/2026,947,1322,804
240325,PARNAMIRIM,RN,08/2026,21820,32245,15485
240330,ENCANTO,RN,08/2026,925,1378,820
240340,EQUADOR,RN,08/2026,1267,1579,719
240350,ESPÍRITO SANTO,RN,08/2026,2016,2349,750
240360,EXTREMOZ,RN,08/2026,9980,13974,4441
240370,FELIPE GUERRA,RN,08/2026,1155,1629,1005
240375,FERNANDO PEDROZA,RN,08/2026,567,762,370
240380,FLORÂNIA,RN,08/2026,1395,1927,1043
240390,FRANCISCO DANTAS,RN,08/2026,384,615,511
240400,FRUTUOSO GOMES,RN,08/2026,713,1028,467
240410,GALINHOS,RN,08/2026,260,453,232
240420,GOIANINHA,RN,08/2026,4083,5556,1696
240430,GOVERNADOR DIX-SEPT ROSADO,RN,08/2026,2207,2852,1354
240440,GROSSOS,RN,08/2026,2079,2509,1107
240450,GUAMARÉ,RN,08/2026,2677,3512,1580
240460,IELMO MARINHO,RN,08/2026,2494,3093,865
240470,IPANGUAÇU,RN,08/2026,1891,2789,1601
240480,IPUEIRA,RN,08/2026,170,336,277
240485,ITAJÁ,RN,08/2026,1052,1609,924
240490,ITAÚ,RN,08/2026,1270,1525,808
240500,JAÇANÃ,RN,08/2026,1575,1968,761
240510,JANDAÍRA,RN,08/2026,1280,1597,629
240520,JANDUÍS,RN,08/2026,1091,1305,882
240530,BOA SAÚDE,RN,08/2026,1773,2141,562
240540,JAPI,RN,08/2026,1706,1959,756
240550,JARDIM DE ANGICOS,RN,08/2026,626,764,200
240560,JARDIM DE PIRANHAS,RN,08/2026,3078,3716,1083
240570,JARDIM DO SERIDÓ,RN,08/2026,1004,1736,1413
240580,JOÃO CÂMARA,RN,08/2026,6796,8317,2471
240590,JOÃO DIAS,RN,08/2026,566,691,395
240600,JOSÉ DA PENHA,RN,08/2026,954,1357,886
240610,JUCURUTU,RN,08/2026,2666,3732,1601
240615,JUNDIÁ,RN,08/2026,821,1053,436
240620,LAGOA DANTA,RN,08/2026,1362,1728,599
240630,LAGOA DE PEDRAS,RN,08/2026,1922,2316,679
240640,LAGOA DE VELHOS,RN,08/2026,470,635,317
240650,LAGOA NOVA,RN,08/2026,2301,3303,1417
240660,LAGOA SALGADA,RN,08/2026,2976,3401,1153
240670,LAJES,RN,08/2026,1324,1944,1114
240680,LAJES PINTADAS,RN,08/2026,849,1158,516
240690,LUCRÉCIA,RN,08/2026,851,1035,548
240700,LUÍS GOMES,RN,08/2026,1376,1870,796
240710,MACAÍBA,RN,08/2026,13313,17734,7008
240720,MACAU,RN,08/2026,3435,4481,2209
240725,MAJOR SALES,RN,08/2026,691,943,462
240730,MARCELINO VIEIRA,RN,08/2026,1373,1852,780
240740,MARTINS,RN,08/2026,1370,1775,881
240750,MAXARANGUAPE,RN,08/2026,1536,2223,812
240760,MESSIAS TARGINO,RN,08/2026,970,1207,810
240770,MONTANHAS,RN,08/2026,2314,2847,1115
240780,MONTE ALEGRE,RN,08/2026,3568,4707,1808
240790,MONTE DAS GAMELEIRAS,RN,08/2026,535,714,299
240800,MOSSORÓ,RN,08/2026,29211,44645,26445
240810,NATAL,RN,08/2026,79183,106778,37644
240820,NÍSIA FLORESTA,RN,08/2026,4666,6593,2323
240830,NOVA CRUZ,RN,08/2026,5910,7573,2674
240840,OLHO DÁGUA DO BORGES,RN,08/2026,663,910,602
240850,OURO BRANCO,RN,08/2026,689,960,723
240860,PARANÁ,RN,08/2026,1223,1408,600
240870,PARAÚ,RN,08/2026,581,849,468
240880,PARAZINHO,RN,08/2026,1005,1314,421
240890,PARELHAS,RN,08/2026,3502,4836,2574
240895,RIO DO FOGO,RN,08/2026,2220,2879,815
240910,PASSA E FICA,RN,08/2026,2022,2761,1066
240920,PASSAGEM,RN,08/2026,652,854,387
240930,PATU,RN,08/2026,2154,2819,1487
240933,SANTA MARIA,RN,08/2026,1115,1351,368
240940,PAU DOS FERROS,RN,08/2026,4405,5983,3257
240950,PEDRA GRANDE,RN,08/2026,689,951,408
240960,PEDRA PRETA,RN,08/2026,540,651,260
240970,PEDRO AVELINO,RN,08/2026,1096,1405,545
240980,PEDRO VELHO,RN,08/2026,3195,3754,1069
240990,PENDÊNCIAS,RN,08/2026,2013,2681,1035
241000,PILÕES,RN,08/2026,817,945,454
241010,POÇO BRANCO,RN,08/2026,2228,2860,880
241020,PORTALEGRE,RN,08/2026,1173,1628,842
241025,PORTO DO MANGUE,RN,08/2026,952,1281,456
241030,SERRA CAIADA,RN,08/2026,1887,2407,1066
241040,PUREZA,RN,08/2026,1621,2137,783
241050,RAFAEL FERNANDES,RN,08/2026,871,1178,499
241060,RAFAEL GODEIRO,RN,08/2026,525,723,365
241070,RIACHO DA CRUZ,RN,08/2026,541,704,360
241080,RIACHO DE SANTANA,RN,08/2026,600,874,422
241090,RIACHUELO,RN,08/2026,1351,1800,856
241100,RODOLFO FERNANDES,RN,08/2026,728,1028,578
241105,TIBAU,RN,08/2026,837,1271,592
241110,RUY BARBOSA,RN,08/2026,478,653,307
241120,SANTA CRUZ,RN,08/2026,5418,7256,2657
241140,SANTANA DO MATOS,RN,08/2026,1894,2532,1299
241142,SANTANA DO SERIDÓ,RN,08/2026,311,484,358
241150,SANTO ANTÔNIO,RN,08/2026,4362,5431,1783
241160,SÃO BENTO DO NORTE,RN,08/2026,428,687,598
241170,SÃO BENTO DO TRAIRÍ,RN,08/2026,901,1104,454
241180,SÃO FERNANDO,RN,08/2026,504,759,390
241190,SÃO FRANCISCO DO OESTE,RN,08/2026,628,919,523
241200,SÃO GONÇALO DO AMARANTE,RN,08/2026,17077,23747,9386
241210,SÃO JOÃO DO SABUGI,RN,08/2026,864,1226,829
241220,SÃO JOSÉ DE MIPIBU,RN,08/2026,6801,9569,3090
241230,SÃO JOSÉ DO CAMPESTRE,RN,08/2026,2336,2719,949
241240,SÃO JOSÉ DO SERIDÓ,RN,08/2026,402,815,792
241250,SÃO MIGUEL,RN,08/2026,4736,5944,2552
241255,SÃO MIGUEL DO GOSTOSO,RN,08/2026,1736,2519,1038
241260,SÃO PAULO DO POTENGI,RN,08/2026,2920,3874,1323
241270,SÃO PEDRO,RN,08/2026,1034,1374,567
241280,SÃO RAFAEL,RN,08/2026,2173,2524,944
241290,SÃO TOMÉ,RN,08/2026,1797,2337,1238
241300,SÃO VICENTE,RN,08/2026,934,1308,455
241310,SENADOR ELÓI DE SOUZA,RN,08/2026,1775,1932,347
241320,SENADOR GEORGINO AVELINO,RN,08/2026,519,772,337
241330,SERRA DE SÃO BENTO,RN,08/2026,1262,1482,429
241335,SERRA DO MEL,RN,08/2026,2658,3548,1318
241340,SERRA NEGRA DO NORTE,RN,08/2026,967,1361,768
241350,SERRINHA,RN,08/2026,1425,1818,595
241355,SERRINHA DOS PINTOS,RN,08/2026,1019,1254,626
241360,SEVERIANO MELO,RN,08/2026,1203,1573,906
241370,SÍTIO NOVO,RN,08/2026,956,1207,549
241380,TABOLEIRO GRANDE,RN,08/2026,543,674,365
241390,TAIPU,RN,08/2026,1996,2489,691
241400,TANGARÁ,RN,08/2026,2676,3349,987
241410,TENENTE ANANIAS,RN,08/2026,1704,2246,972
241415,TENENTE LAURENTINO CRUZ,RN,08/2026,1084,1504,661
241420,TIBAU DO SUL,RN,08/2026,2325,3293,939
241430,TIMBAÚBA DOS BATISTAS,RN,08/2026,320,448,238
241440,TOUROS,RN,08/2026,6316,8155,1754
241445,TRIUNFO POTIGUAR,RN,08/2026,1029,1199,359
241450,UMARIZAL,RN,08/2026,2152,2659,1271
241460,UPANEMA,RN,08/2026,2183,2981,1741
241470,VÁRZEA,RN,08/2026,1025,1244,513
241475,VENHA-VER,RN,08/2026,669,890,461
241480,VERA CRUZ,RN,08/2026,2129,2945,1137
241490,VIÇOSA,RN,08/2026,428,554,375
241500,VILA FLOR,RN,08/2026,552,746,197
110001,ALTA FLORESTA DOESTE,RO,08/2026,1232,2499,2525
110002,ARIQUEMES,RO,08/2026,7481,12650,9757
110003,CABIXI,RO,08/2026,302,637,664
110004,CACOAL,RO,08/2026,4618,9371,9120
110005,CEREJEIRAS,RO,08/2026,863,1770,1666
110006,COLORADO DO OESTE,RO,08/2026,295,954,1382
110007,CORUMBIARA,RO,08/2026,194,642,805
110008,COSTA MARQUES,RO,08/2026,1581,2460,1254
110009,ESPIGÃO DOESTE,RO,08/2026,683,2457,2562
110010,GUAJARÁ-MIRIM,RO,08/2026,4840,7236,3325
110011,JARU,RO,08/2026,2174,5552,5547
110012,JI-PARANÁ,RO,08/2026,7071,13095,12291
110013,MACHADINHO DOESTE,RO,08/2026,1674,4133,4251
110014,NOVA BRASILÂNDIA DOESTE,RO,08/2026,1041,2088,1509
110015,OURO PRETO DO OESTE,RO,08/2026,1968,4000,3405
110018,PIMENTA BUENO,RO,08/2026,996,2647,3483
110020,PORTO VELHO,RO,08/2026,48957,74868,47081
110025,PRESIDENTE MÉDICI,RO,08/2026,1043,2242,2274
110026,RIO CRESPO,RO,08/2026,137,375,436
110028,ROLIM DE MOURA,RO,08/2026,1518,4657,5342
110029,SANTA LUZIA DOESTE,RO,08/2026,341,817,1043
110030,VILHENA,RO,08/2026,3696,9081,10305
110032,SÃO MIGUEL DO GUAPORÉ,RO,08/2026,824,2006,2338
110033,NOVA MAMORÉ,RO,08/2026,2183,3882,2018
110034,ALVORADA DOESTE,RO,08/2026,985,1948,1554
110037,ALTO ALEGRE DOS PARECIS,RO,08/2026,269,904,1079
110040,ALTO PARAÍSO,RO,08/2026,1174,2145,1707
110045,BURITIS,RO,08/2026,1428,3054,2674
110050,NOVO HORIZONTE DO OESTE,RO,08/2026,335,939,964
110060,CACAULÂNDIA,RO,08/2026,179,506,674
110070,CAMPO NOVO DE RONDÔNIA,RO,08/2026,386,994,903
110080,CANDEIAS DO JAMARI,RO,08/2026,3483,5173,2934
110090,CASTANHEIRAS,RO,08/2026,200,421,423
110092,CHUPINGUAIA,RO,08/2026,783,1248,895
110094,CUJUBIM,RO,08/2026,1190,2308,1573
110100,GOVERNADOR JORGE TEIXEIRA,RO,08/2026,602,1349,1002
110110,ITAPUÃ DO OESTE,RO,08/2026,654,1305,1055
110120,MINISTRO ANDREAZZA,RO,08/2026,609,981,757
110130,MIRANTE DA SERRA,RO,08/2026,505,1339,1350
110140,MONTE NEGRO,RO,08/2026,1098,1900,1435
110143,NOVA UNIÃO,RO,08/2026,677,1082,853
110145,PARECIS,RO,08/2026,233,539,563
110146,PIMENTEIRAS DO OESTE,RO,08/2026,239,411,408
110147,PRIMAVERA DE RONDÔNIA,RO,08/2026,214,415,635
110148,SÃO FELIPE DOESTE,RO,08/2026,151,426,873
110149,SÃO FRANCISCO DO GUAPORÉ,RO,08/2026,835,2133,1643
110150,SERINGUEIRAS,RO,08/2026,663,1598,1362
110155,TEIXEIRÓPOLIS,RO,08/2026,307,594,567
110160,THEOBROMA,RO,08/2026,323,871,966
110170,URUPÁ,RO,08/2026,793,1296,1086
110175,VALE DO ANARI,RO,08/2026,862,1464,1254
110180,VALE DO PARAÍSO,RO,08/2026,434,842,753
140002,AMAJARI,RR,08/2026,1770,2394,788
140005,ALTO ALEGRE,RR,08/2026,2529,3406,1507
140010,BOA VISTA,RR,08/2026,30809,59314,29107
140015,BONFIM,RR,08/2026,4251,4792,1823
140017,CANTÁ,RR,08/2026,4711,5769,2433
140020,CARACARAÍ,RR,08/2026,3801,4987,1904
140023,CAROEBE,RR,08/2026,2147,2693,943
140028,IRACEMA,RR,08/2026,1263,1638,740
140030,MUCAJAÍ,RR,08/2026,5264,5953,2076
140040,NORMANDIA,RR,08/2026,2447,3206,637
140045,PACARAIMA,RR,08/2026,5422,6862,1654
140047,RORAINÓPOLIS,RR,08/2026,3980,5644,2224
140050,SÃO JOÃO DA BALIZA,RR,08/2026,1341,1749,741
140060,SÃO LUIZ,RR,08/2026,1630,2058,999
140070,UIRAMUTÃ,RR,08/2026,2078,2725,293
430003,ACEGUÁ,RS,08/2026,289,486,456
430005,ÁGUA SANTA,RS,08/2026,251,345,262
430010,AGUDO,RS,08/2026,721,1225,771
430020,AJURICABA,RS,08/2026,242,377,304
430030,ALECRIM,RS,08/2026,453,664,1067
430040,ALEGRETE,RS,08/2026,3127,6048,5366
430045,ALEGRIA,RS,08/2026,199,345,393
430047,ALMIRANTE TAMANDARÉ DO SUL,RS,08/2026,46,86,251
430050,ALPESTRE,RS,08/2026,174,401,439
430055,ALTO ALEGRE,RS,08/2026,63,110,189
430057,ALTO FELIZ,RS,08/2026,11,41,87
430060,ALVORADA,RS,08/2026,12800,20232,12465
430063,AMARAL FERRADOR,RS,08/2026,509,669,203
430064,AMETISTA DO SUL,RS,08/2026,480,844,645
430066,ANDRÉ DA ROCHA,RS,08/2026,23,56,119
430070,ANTA GORDA,RS,08/2026,52,139,363
430080,ANTÔNIO PRADO,RS,08/2026,143,378,534
430085,ARAMBARÉ,RS,08/2026,222,538,720
430087,ARARICÁ,RS,08/2026,350,688,610
430090,ARATIBA,RS,08/2026,92,193,297
430100,ARROIO DO MEIO,RS,08/2026,355,805,2219
430105,ARROIO DO SAL,RS,08/2026,1015,1470,1128
430107,ARROIO DO PADRE,RS,08/2026,33,81,113
430110,ARROIO DOS RATOS,RS,08/2026,1563,1994,1174
430120,ARROIO DO TIGRE,RS,08/2026,439,797,783
430130,ARROIO GRANDE,RS,08/2026,1814,2782,1811
430140,ARVOREZINHA,RS,08/2026,358,720,450
430150,AUGUSTO PESTANA,RS,08/2026,135,296,448
430155,ÁUREA,RS,08/2026,98,166,225
430160,BAGÉ,RS,08/2026,12347,17059,10736
430163,BALNEÁRIO PINHAL,RS,08/2026,2163,2868,2211
430165,BARÃO,RS,08/2026,14,70,351
430170,BARÃO DE COTEGIPE,RS,08/2026,48,292,803
430175,BARÃO DO TRIUNFO,RS,08/2026,472,672,281
430180,BARRACÃO,RS,08/2026,229,394,342
430185,BARRA DO GUARITA,RS,08/2026,129,267,419
430187,BARRA DO QUARAÍ,RS,08/2026,538,713,481
430190,BARRA DO RIBEIRO,RS,08/2026,841,1289,720
430192,BARRA DO RIO AZUL,RS,08/2026,8,35,157
430195,BARRA FUNDA,RS,08/2026,19,61,506
430200,BARROS CASSAL,RS,08/2026,264,716,551
430205,BENJAMIN CONSTANT DO SUL,RS,08/2026,567,663,247
430210,BENTO GONÇALVES,RS,08/2026,1066,3318,5926
430215,BOA VISTA DAS MISSÕES,RS,08/2026,108,209,293
430220,BOA VISTA DO BURICÁ,RS,08/2026,106,244,586
430222,BOA VISTA DO CADEADO,RS,08/2026,81,148,232
430223,BOA VISTA DO INCRA,RS,08/2026,179,263,195
430225,BOA VISTA DO SUL,RS,08/2026,18,30,29
430230,BOM JESUS,RS,08/2026,1215,1801,1042
430235,BOM PRINCÍPIO,RS,08/2026,105,296,384
430237,BOM PROGRESSO,RS,08/2026,235,362,369
430240,BOM RETIRO DO SUL,RS,08/2026,425,721,1160
430245,BOQUEIRÃO DO LEÃO,RS,08/2026,468,629,327
430250,BOSSOROCA,RS,08/2026,322,602,614
430258,BOZANO,RS,08/2026,59,95,95
430260,BRAGA,RS,08/2026,272,424,473
430265,BROCHIER,RS,08/2026,89,195,117
430270,BUTIÁ,RS,08/2026,1821,2454,1498
430280,CAÇAPAVA DO SUL,RS,08/2026,2385,3576,2466
430290,CACEQUI,RS,08/2026,1461,1820,833
430300,CACHOEIRA DO SUL,RS,08/2026,5759,8374,5105
430310,CACHOEIRINHA,RS,08/2026,6550,11209,10730
430320,CACIQUE DOBLE,RS,08/2026,246,457,394
430330,CAIBATÉ,RS,08/2026,160,315,468
430340,CAIÇARA,RS,08/2026,410,510,408
430350,CAMAQUÃ,RS,08/2026,3874,6260,4970
430355,CAMARGO,RS,08/2026,69,140,407
430360,CAMBARÁ DO SUL,RS,08/2026,253,488,495
430367,CAMPESTRE DA SERRA,RS,08/2026,161,215,151
430370,CAMPINA DAS MISSÕES,RS,08/2026,65,155,364
430380,CAMPINAS DO SUL,RS,08/2026,155,308,649
430390,CAMPO BOM,RS,08/2026,779,2471,3455
430400,CAMPO NOVO,RS,08/2026,355,552,543
430410,CAMPOS BORGES,RS,08/2026,367,475,337
430420,CANDELÁRIA,RS,08/2026,1840,2605,1810
430430,CÂNDIDO GODÓI,RS,08/2026,34,139,364
430435,CANDIOTA,RS,08/2026,802,1359,1339
430440,CANELA,RS,08/2026,2668,4059,2717
430450,CANGUÇU,RS,08/2026,3720,5999,3751
430460,CANOAS,RS,08/2026,23374,35937,44753
430461,CANUDOS DO VALE,RS,08/2026,51,87,173
430462,CAPÃO BONITO DO SUL,RS,08/2026,76,172,294
430463,CAPÃO DA CANOA,RS,08/2026,4193,6549,4662
430465,CAPÃO DO CIPÓ,RS,08/2026,250,346,288
430466,CAPÃO DO LEÃO,RS,08/2026,3248,4465,2644
430467,CAPIVARI DO SUL,RS,08/2026,193,334,298
430468,CAPELA DE SANTANA,RS,08/2026,944,1271,889
430469,CAPITÃO,RS,08/2026,27,92,544
430470,CARAZINHO,RS,08/2026,1982,3876,3611
430471,CARAÁ,RS,08/2026,456,679,414
430480,CARLOS BARBOSA,RS,08/2026,157,403,554
430485,CARLOS GOMES,RS,08/2026,25,63,142
430490,CASCA,RS,08/2026,97,254,571
430495,CASEIROS,RS,08/2026,195,296,220
430500,CATUÍPE,RS,08/2026,458,763,981
430510,CAXIAS DO SUL,RS,08/2026,9244,18212,12425
430511,CENTENÁRIO,RS,08/2026,29,102,297
430512,CERRITO,RS,08/2026,446,759,410
430513,CERRO BRANCO,RS,08/2026,278,399,597
430515,CERRO GRANDE,RS,08/2026,142,228,322
430517,CERRO GRANDE DO SUL,RS,08/2026,734,1133,657
430520,CERRO LARGO,RS,08/2026,283,613,501
430530,CHAPADA,RS,08/2026,159,393,1110
430535,CHARQUEADAS,RS,08/2026,1572,2575,2399
430537,CHARRUA,RS,08/2026,375,490,270
430540,CHIAPETTA,RS,08/2026,174,322,476
430543,CHUÍ,RS,08/2026,403,736,685
430544,CHUVISCA,RS,08/2026,179,359,372
430545,CIDREIRA,RS,08/2026,1496,2228,1534
430550,CIRÍACO,RS,08/2026,108,248,351
430558,COLINAS,RS,08/2026,39,74,191
430560,COLORADO,RS,08/2026,68,123,255
430570,CONDOR,RS,08/2026,307,472,463
430580,CONSTANTINA,RS,08/2026,430,694,545
430583,COQUEIRO BAIXO,RS,08/2026,15,33,225
430585,COQUEIROS DO SUL,RS,08/2026,45,104,153
430587,CORONEL BARROS,RS,08/2026,73,136,250
430590,CORONEL BICACO,RS,08/2026,445,781,726
430593,CORONEL PILAR,RS,08/2026,9,25,36
430595,COTIPORÃ,RS,08/2026,17,64,432
430597,COXILHA,RS,08/2026,91,190,395
430600,CRISSIUMAL,RS,08/2026,230,704,1520
430605,CRISTAL,RS,08/2026,648,1015,728
430607,CRISTAL DO SUL,RS,08/2026,284,409,609
430610,CRUZ ALTA,RS,08/2026,2778,4859,4006
430613,CRUZALTENSE,RS,08/2026,17,56,143
430620,CRUZEIRO DO SUL,RS,08/2026,320,634,1577
430630,DAVID CANABARRO,RS,08/2026,50,130,333
430632,DERRUBADAS,RS,08/2026,69,122,254
430635,DEZESSEIS DE NOVEMBRO,RS,08/2026,273,358,320
430637,DILERMANDO DE AGUIAR,RS,08/2026,252,384,278
430640,DOIS IRMÃOS,RS,08/2026,185,536,670
430642,DOIS IRMÃOS DAS MISSÕES,RS,08/2026,134,244,429
430645,DOIS LAJEADOS,RS,08/2026,30,74,94
430650,DOM FELICIANO,RS,08/2026,865,1379,685
430655,DOM PEDRO DE ALCÂNTARA,RS,08/2026,135,209,281
430660,DOM PEDRITO,RS,08/2026,2745,4017,2570
430670,DONA FRANCISCA,RS,08/2026,231,342,309
430673,DOUTOR MAURÍCIO CARDOSO,RS,08/2026,151,239,293
430675,DOUTOR RICARDO,RS,08/2026,28,57,312
430676,ELDORADO DO SUL,RS,08/2026,4727,6617,6413
430680,ENCANTADO,RS,08/2026,570,937,1512
430690,ENCRUZILHADA DO SUL,RS,08/2026,1956,2942,2023
430692,ENGENHO VELHO,RS,08/2026,160,193,96
430693,ENTRE-IJUÍS,RS,08/2026,211,510,716
430695,ENTRE RIOS DO SUL,RS,08/2026,172,272,386
430697,EREBANGO,RS,08/2026,311,416,304
430700,ERECHIM,RS,08/2026,1892,4681,6205
430705,ERNESTINA,RS,08/2026,90,167,241
430710,HERVAL,RS,08/2026,1114,1382,1091
430720,ERVAL GRANDE,RS,08/2026,325,506,483
430730,ERVAL SECO,RS,08/2026,291,565,683
430740,ESMERALDA,RS,08/2026,144,322,392
430745,ESPERANÇA DO SUL,RS,08/2026,319,441,296
430750,ESPUMOSO,RS,08/2026,864,1295,1008
430755,ESTAÇÃO,RS,08/2026,175,293,283
430760,ESTÂNCIA VELHA,RS,08/2026,1129,2084,1592
430770,ESTEIO,RS,08/2026,4278,6678,6931
430780,ESTRELA,RS,08/2026,1158,1830,2497
430781,ESTRELA VELHA,RS,08/2026,309,398,329
430783,EUGÊNIO DE CASTRO,RS,08/2026,143,241,285
430786,FAGUNDES VARELA,RS,08/2026,8,20,25
430790,FARROUPILHA,RS,08/2026,2042,3372,2767
430800,FAXINAL DO SOTURNO,RS,08/2026,465,629,363
430805,FAXINALZINHO,RS,08/2026,188,261,168
430807,FAZENDA VILANOVA,RS,08/2026,195,358,441
430810,FELIZ,RS,08/2026,90,286,597
430820,FLORES DA CUNHA,RS,08/2026,252,669,1143
430825,FLORIANO PEIXOTO,RS,08/2026,31,89,202
430830,FONTOURA XAVIER,RS,08/2026,1254,1699,1315
430840,FORMIGUEIRO,RS,08/2026,499,786,669
430843,FORQUETINHA,RS,08/2026,14,57,299
430845,FORTALEZA DOS VALOS,RS,08/2026,135,285,366
430850,FREDERICO WESTPHALEN,RS,08/2026,852,1647,1513
430860,GARIBALDI,RS,08/2026,271,571,1009
430865,GARRUCHOS,RS,08/2026,239,351,637
430870,GAURAMA,RS,08/2026,97,209,524
430880,GENERAL CÂMARA,RS,08/2026,612,939,974
430885,GENTIL,RS,08/2026,37,93,170
430890,GETÚLIO VARGAS,RS,08/2026,329,757,885
430900,GIRUÁ,RS,08/2026,1296,1947,1982
430905,GLORINHA,RS,08/2026,299,557,621
430910,GRAMADO,RS,08/2026,961,1717,1214
430912,GRAMADO DOS LOUREIROS,RS,08/2026,215,342,368
430915,GRAMADO XAVIER,RS,08/2026,134,319,379
430920,GRAVATAÍ,RS,08/2026,15849,23942,16182
430925,GUABIJU,RS,08/2026,33,52,53
430930,GUAÍBA,RS,08/2026,7511,10652,8824
430940,GUAPORÉ,RS,08/2026,677,1135,812
430950,GUARANI DAS MISSÕES,RS,08/2026,233,437,456
430955,HARMONIA,RS,08/2026,37,101,358
430957,HERVEIRAS,RS,08/2026,142,222,85
430960,HORIZONTINA,RS,08/2026,505,831,969
430965,HULHA NEGRA,RS,08/2026,729,1109,976
430970,HUMAITÁ,RS,08/2026,118,229,452
430975,IBARAMA,RS,08/2026,132,336,241
430980,IBIAÇÁ,RS,08/2026,110,253,235
430990,IBIRAIARAS,RS,08/2026,224,433,332
430995,IBIRAPUITÃ,RS,08/2026,236,368,467
431000,IBIRUBÁ,RS,08/2026,222,699,1484
431010,IGREJINHA,RS,08/2026,1165,2323,3473
431020,IJUÍ,RS,08/2026,3111,5365,6248
431030,ILÓPOLIS,RS,08/2026,33,159,242
431033,IMBÉ,RS,08/2026,1784,3228,2646
431036,IMIGRANTE,RS,08/2026,17,53,214
431040,INDEPENDÊNCIA,RS,08/2026,397,581,636
431041,INHACORÁ,RS,08/2026,153,259,231
431043,IPÊ,RS,08/2026,170,279,189
431046,IPIRANGA DO SUL,RS,08/2026,13,29,63
431050,IRAÍ,RS,08/2026,600,936,798
431053,ITAARA,RS,08/2026,237,431,531
431055,ITACURUBI,RS,08/2026,373,509,382
431057,ITAPUCA,RS,08/2026,32,114,163
431060,ITAQUI,RS,08/2026,2647,4100,3146
431065,ITATI,RS,08/2026,214,325,355
431070,ITATIBA DO SUL,RS,08/2026,92,215,304
431075,IVORÁ,RS,08/2026,63,121,187
431080,IVOTI,RS,08/2026,166,481,562
431085,JABOTICABA,RS,08/2026,168,366,696
431087,JACUIZINHO,RS,08/2026,224,323,238
431090,JACUTINGA,RS,08/2026,53,133,313
431100,JAGUARÃO,RS,08/2026,2311,3421,2479
431110,JAGUARI,RS,08/2026,805,1092,761
431112,JAQUIRANA,RS,08/2026,399,553,250
431113,JARI,RS,08/2026,249,437,374
431115,JÓIA,RS,08/2026,634,891,658
431120,JÚLIO DE CASTILHOS,RS,08/2026,1316,2013,1525
431123,LAGOA BONITA DO SUL,RS,08/2026,131,221,280
431125,LAGOÃO,RS,08/2026,673,910,621
431127,LAGOA DOS TRÊS CANTOS,RS,08/2026,27,52,206
431130,LAGOA VERMELHA,RS,08/2026,1815,2635,1528
431140,LAJEADO,RS,08/2026,1542,3659,7261
431142,LAJEADO DO BUGRE,RS,08/2026,329,495,382
431150,LAVRAS DO SUL,RS,08/2026,642,921,516
431160,LIBERATO SALZANO,RS,08/2026,237,410,596
431162,LINDOLFO COLLOR,RS,08/2026,265,408,434
431164,LINHA NOVA,RS,08/2026,14,38,107
431170,MACHADINHO,RS,08/2026,142,330,331
431171,MAÇAMBARÁ,RS,08/2026,596,781,490
431173,MAMPITUBA,RS,08/2026,213,331,223
431175,MANOEL VIANA,RS,08/2026,427,748,869
431177,MAQUINÉ,RS,08/2026,598,820,585
431179,MARATÁ,RS,08/2026,28,69,219
431180,MARAU,RS,08/2026,874,1898,2186
431190,MARCELINO RAMOS,RS,08/2026,93,216,567
431198,MARIANA PIMENTEL,RS,08/2026,273,386,133
431200,MARIANO MORO,RS,08/2026,47,99,310
431205,MARQUES DE SOUZA,RS,08/2026,42,138,604
431210,MATA,RS,08/2026,322,524,322
431213,MATO CASTELHANO,RS,08/2026,152,238,321
431215,MATO LEITÃO,RS,08/2026,120,269,440
431217,MATO QUEIMADO,RS,08/2026,95,139,101
431220,MAXIMILIANO DE ALMEIDA,RS,08/2026,227,380,491
431225,MINAS DO LEÃO,RS,08/2026,982,1272,813
431230,MIRAGUAÍ,RS,08/2026,403,589,606
431235,MONTAURI,RS,08/2026,3,18,177
431237,MONTE ALEGRE DOS CAMPOS,RS,08/2026,166,286,236
431238,MONTE BELO DO SUL,RS,08/2026,12,20,4
431240,MONTENEGRO,RS,08/2026,2503,4213,3073
431242,MORMAÇO,RS,08/2026,164,257,246
431244,MORRINHOS DO SUL,RS,08/2026,62,146,352
431245,MORRO REDONDO,RS,08/2026,542,814,793
431247,MORRO REUTER,RS,08/2026,43,103,203
431250,MOSTARDAS,RS,08/2026,1230,1717,1226
431260,MUÇUM,RS,08/2026,79,181,577
431261,MUITOS CAPÕES,RS,08/2026,183,264,152
431262,MULITERNO,RS,08/2026,63,117,203
431265,NÃO-ME-TOQUE,RS,08/2026,294,598,1460
431267,NICOLAU VERGUEIRO,RS,08/2026,58,117,108
431270,NONOAI,RS,08/2026,1139,1755,2159
431275,NOVA ALVORADA,RS,08/2026,55,86,91
431280,NOVA ARAÇÁ,RS,08/2026,41,116,188
431290,NOVA BASSANO,RS,08/2026,41,162,319
431295,NOVA BOA VISTA,RS,08/2026,22,39,115
431300,NOVA BRÉSCIA,RS,08/2026,41,91,403
431301,NOVA CANDELÁRIA,RS,08/2026,12,51,272
431303,NOVA ESPERANÇA DO SUL,RS,08/2026,228,420,576
431306,NOVA HARTZ,RS,08/2026,669,1153,841
431308,NOVA PÁDUA,RS,08/2026,4,28,21
431310,NOVA PALMA,RS,08/2026,189,325,387
431320,NOVA PETRÓPOLIS,RS,08/2026,181,426,492
431330,NOVA PRATA,RS,08/2026,370,985,1559
431333,NOVA RAMADA,RS,08/2026,34,78,109
431335,NOVA ROMA DO SUL,RS,08/2026,31,46,35
431337,NOVA SANTA RITA,RS,08/2026,2727,3860,3284
431339,NOVO CABRAIS,RS,08/2026,224,364,319
431340,NOVO HAMBURGO,RS,08/2026,8473,14059,11517
431342,NOVO MACHADO,RS,08/2026,158,231,181
431344,NOVO TIRADENTES,RS,08/2026,86,178,320
431346,NOVO XINGU,RS,08/2026,22,68,226
431349,NOVO BARREIRO,RS,08/2026,335,533,596
431350,OSÓRIO,RS,08/2026,3049,4355,2627
431360,PAIM FILHO,RS,08/2026,93,214,487
431365,PALMARES DO SUL,RS,08/2026,1624,2166,1616
431370,PALMEIRA DAS MISSÕES,RS,08/2026,2554,3804,3188
431380,PALMITINHO,RS,08/2026,565,820,592
431390,PANAMBI,RS,08/2026,910,1466,1492
431395,PANTANO GRANDE,RS,08/2026,1000,1352,1089
431400,PARAÍ,RS,08/2026,30,138,255
431402,PARAÍSO DO SUL,RS,08/2026,395,559,429
431403,PARECI NOVO,RS,08/2026,93,178,164
431405,PAROBÉ,RS,08/2026,3167,5100,4166
431406,PASSA SETE,RS,08/2026,123,302,371
431407,PASSO DO SOBRADO,RS,08/2026,200,393,356
431410,PASSO FUNDO,RS,08/2026,9536,14810,11414
431413,PAULO BENTO,RS,08/2026,14,48,280
431415,PAVERAMA,RS,08/2026,246,464,472
431417,PEDRAS ALTAS,RS,08/2026,234,326,329
431420,PEDRO OSÓRIO,RS,08/2026,943,1254,795
431430,PEJUÇARA,RS,08/2026,152,265,504
431440,PELOTAS,RS,08/2026,24548,36260,22977
431442,PICADA CAFÉ,RS,08/2026,24,63,134
431445,PINHAL,RS,08/2026,61,152,398
431446,PINHAL DA SERRA,RS,08/2026,160,231,140
431447,PINHAL GRANDE,RS,08/2026,212,365,453
431449,PINHEIRINHO DO VALE,RS,08/2026,370,562,502
431450,PINHEIRO MACHADO,RS,08/2026,1136,1618,1170
431454,PINTO BANDEIRA,RS,08/2026,32,73,38
431455,PIRAPÓ,RS,08/2026,129,245,426
431460,PIRATINI,RS,08/2026,1812,2627,2072
431470,PLANALTO,RS,08/2026,464,858,827
431475,POÇO DAS ANTAS,RS,08/2026,11,37,254
431477,PONTÃO,RS,08/2026,226,333,445
431478,PONTE PRETA,RS,08/2026,11,47,259
431480,PORTÃO,RS,08/2026,1077,2282,1841
431490,PORTO ALEGRE,RS,08/2026,92352,128907,105903
431500,PORTO LUCENA,RS,08/2026,175,303,428
431505,PORTO MAUÁ,RS,08/2026,105,184,188
431507,PORTO VERA CRUZ,RS,08/2026,38,96,233
431510,PORTO XAVIER,RS,08/2026,703,1160,1271
431513,POUSO NOVO,RS,08/2026,38,90,227
431514,PRESIDENTE LUCENA,RS,08/2026,46,79,85
431515,PROGRESSO,RS,08/2026,193,367,482
431517,PROTÁSIO ALVES,RS,08/2026,30,65,47
431520,PUTINGA,RS,08/2026,66,133,316
431530,QUARAÍ,RS,08/2026,1853,3223,3487
431531,QUATRO IRMÃOS,RS,08/2026,74,120,179
431532,QUEVEDOS,RS,08/2026,220,354,350
431535,QUINZE DE NOVEMBRO,RS,08/2026,60,136,198
431540,REDENTORA,RS,08/2026,1387,1928,1063
431545,RELVADO,RS,08/2026,37,84,330
431550,RESTINGA SÊCA,RS,08/2026,954,1535,1444
431555,RIO DOS ÍNDIOS,RS,08/2026,262,365,445
431560,RIO GRANDE,RS,08/2026,11280,20941,22722
431570,RIO PARDO,RS,08/2026,3267,4337,2701
431575,RIOZINHO,RS,08/2026,200,332,222
431580,ROCA SALES,RS,08/2026,354,584,1045
431590,RODEIO BONITO,RS,08/2026,209,522,735
431595,ROLADOR,RS,08/2026,132,215,289
431600,ROLANTE,RS,08/2026,535,1183,1371
431610,RONDA ALTA,RS,08/2026,506,942,1263
431620,RONDINHA,RS,08/2026,175,255,319
431630,ROQUE GONZALES,RS,08/2026,164,472,980
431640,ROSÁRIO DO SUL,RS,08/2026,5718,6646,2986
431642,SAGRADA FAMÍLIA,RS,08/2026,202,343,429
431643,SALDANHA MARINHO,RS,08/2026,48,108,249
431645,SALTO DO JACUÍ,RS,08/2026,1468,1827,1106
431647,SALVADOR DAS MISSÕES,RS,08/2026,9,64,286
431650,SALVADOR DO SUL,RS,08/2026,39,95,123
431660,SANANDUVA,RS,08/2026,87,341,530
431670,SANTA BÁRBARA DO SUL,RS,08/2026,534,812,911
431673,SANTA CECÍLIA DO SUL,RS,08/2026,54,91,192
431675,SANTA CLARA DO SUL,RS,08/2026,18,111,463
431680,SANTA CRUZ DO SUL,RS,08/2026,4574,7813,7183
431690,SANTA MARIA,RS,08/2026,14051,22598,16563
431695,SANTA MARIA DO HERVAL,RS,08/2026,55,127,193
431697,SANTA MARGARIDA DO SUL,RS,08/2026,203,316,239
431700,SANTANA DA BOA VISTA,RS,08/2026,685,1069,801
431710,SANTANA DO LIVRAMENTO,RS,08/2026,8092,11446,7993
431720,SANTA ROSA,RS,08/2026,1434,3964,6077
431725,SANTA TEREZA,RS,08/2026,7,19,50
431730,SANTA VITÓRIA DO PALMAR,RS,08/2026,2256,3402,3090
431740,SANTIAGO,RS,08/2026,1463,3093,2964
431750,SANTO ÂNGELO,RS,08/2026,2819,5774,6111
431755,SANTO ANTÔNIO DO PALMA,RS,08/2026,8,56,342
431760,SANTO ANTÔNIO DA PATRULHA,RS,08/2026,2279,3480,2837
431770,SANTO ANTÔNIO DAS MISSÕES,RS,08/2026,1080,1616,1305
431775,SANTO ANTÔNIO DO PLANALTO,RS,08/2026,66,111,249
431780,SANTO AUGUSTO,RS,08/2026,754,1305,1419
431790,SANTO CRISTO,RS,08/2026,154,426,556
431795,SANTO EXPEDITO DO SUL,RS,08/2026,67,132,178
431800,SÃO BORJA,RS,08/2026,2975,5469,4937
431805,SÃO DOMINGOS DO SUL,RS,08/2026,2,31,193
431810,SÃO FRANCISCO DE ASSIS,RS,08/2026,1413,2093,1694
431820,SÃO FRANCISCO DE PAULA,RS,08/2026,1195,1809,1245
431830,SÃO GABRIEL,RS,08/2026,3100,5634,4715
431840,SÃO JERÔNIMO,RS,08/2026,1780,2463,1862
431842,SÃO JOÃO DA URTIGA,RS,08/2026,38,149,484
431843,SÃO JOÃO DO POLÊSINE,RS,08/2026,90,172,188
431844,SÃO JORGE,RS,08/2026,24,55,162
431845,SÃO JOSÉ DAS MISSÕES,RS,08/2026,147,258,395
431846,SÃO JOSÉ DO HERVAL,RS,08/2026,167,244,146
431848,SÃO JOSÉ DO HORTÊNCIO,RS,08/2026,23,70,91
431849,SÃO JOSÉ DO INHACORÁ,RS,08/2026,18,57,416
431850,SÃO JOSÉ DO NORTE,RS,08/2026,919,3093,3324
431860,SÃO JOSÉ DO OURO,RS,08/2026,187,333,516
431861,SÃO JOSÉ DO SUL,RS,08/2026,30,66,73
431862,SÃO JOSÉ DOS AUSENTES,RS,08/2026,346,503,243
431870,SÃO LEOPOLDO,RS,08/2026,14556,22240,17848
431880,SÃO LOURENÇO DO SUL,RS,08/2026,1741,2958,2221
431890,SÃO LUIZ GONZAGA,RS,08/2026,1508,2887,3151
431900,SÃO MARCOS,RS,08/2026,440,691,708
431910,SÃO MARTINHO,RS,08/2026,147,284,684
431912,SÃO MARTINHO DA SERRA,RS,08/2026,305,471,303
431915,SÃO MIGUEL DAS MISSÕES,RS,08/2026,714,923,461
431920,SÃO NICOLAU,RS,08/2026,886,1070,573
431930,SÃO PAULO DAS MISSÕES,RS,08/2026,113,307,528
431935,SÃO PEDRO DA SERRA,RS,08/2026,21,37,83
431936,SÃO PEDRO DAS MISSÕES,RS,08/2026,146,209,248
431937,SÃO PEDRO DO BUTIÁ,RS,08/2026,51,111,165
431940,SÃO PEDRO DO SUL,RS,08/2026,1006,1609,1552
431950,SÃO SEBASTIÃO DO CAÍ,RS,08/2026,649,1505,2051
431960,SÃO SEPÉ,RS,08/2026,917,1948,1440
431970,SÃO VALENTIM,RS,08/2026,56,147,366
431971,SÃO VALENTIM DO SUL,RS,08/2026,37,60,86
431973,SÃO VALÉRIO DO SUL,RS,08/2026,530,619,282
431975,SÃO VENDELINO,RS,08/2026,7,31,160
431980,SÃO VICENTE DO SUL,RS,08/2026,780,1043,625
431990,SAPIRANGA,RS,08/2026,4242,6287,4715
432000,SAPUCAIA DO SUL,RS,08/2026,8261,12442,9489
432010,SARANDI,RS,08/2026,919,1674,1929
432020,SEBERI,RS,08/2026,469,925,1064
432023,SEDE NOVA,RS,08/2026,105,217,533
432026,SEGREDO,RS,08/2026,604,895,411
432030,SELBACH,RS,08/2026,71,204,328
432032,SENADOR SALGADO FILHO,RS,08/2026,116,187,214
432035,SENTINELA DO SUL,RS,08/2026,488,697,455
432040,SERAFINA CORRÊA,RS,08/2026,238,466,684
432045,SÉRIO,RS,08/2026,36,93,112
432050,SERTÃO,RS,08/2026,170,339,321
432055,SERTÃO SANTANA,RS,08/2026,390,528,379
432057,SETE DE SETEMBRO,RS,08/2026,81,126,186
432060,SEVERIANO DE ALMEIDA,RS,08/2026,42,121,438
432065,SILVEIRA MARTINS,RS,08/2026,85,167,132
432067,SINIMBU,RS,08/2026,302,654,492
432070,SOBRADINHO,RS,08/2026,845,1261,701
432080,SOLEDADE,RS,08/2026,1931,3347,3283
432085,TABAÍ,RS,08/2026,225,350,157
432090,TAPEJARA,RS,08/2026,611,1269,1873
432100,TAPERA,RS,08/2026,80,391,640
432110,TAPES,RS,08/2026,1023,1751,1180
432120,TAQUARA,RS,08/2026,1624,3079,2349
432130,TAQUARI,RS,08/2026,1509,2202,1546
432132,TAQUARUÇU DO SUL,RS,08/2026,81,159,227
432135,TAVARES,RS,08/2026,400,645,583
432140,TENENTE PORTELA,RS,08/2026,1464,1902,794
432143,TERRA DE AREIA,RS,08/2026,826,1338,995
432145,TEUTÔNIA,RS,08/2026,398,1027,1610
432146,TIO HUGO,RS,08/2026,37,92,88
432147,TIRADENTES DO SUL,RS,08/2026,140,315,422
432149,TOROPI,RS,08/2026,161,235,427
432150,TORRES,RS,08/2026,2793,4159,2852
432160,TRAMANDAÍ,RS,08/2026,4645,6935,4694
432162,TRAVESSEIRO,RS,08/2026,5,22,287
432163,TRÊS ARROIOS,RS,08/2026,12,23,271
432166,TRÊS CACHOEIRAS,RS,08/2026,228,516,385
432170,TRÊS COROAS,RS,08/2026,497,1088,1073
432180,TRÊS DE MAIO,RS,08/2026,748,1399,2122
432183,TRÊS FORQUILHAS,RS,08/2026,291,401,251
432185,TRÊS PALMEIRAS,RS,08/2026,323,519,641
432190,TRÊS PASSOS,RS,08/2026,1106,1698,1922
432195,TRINDADE DO SUL,RS,08/2026,215,522,807
432200,TRIUNFO,RS,08/2026,1905,2806,2706
432210,TUCUNDUVA,RS,08/2026,169,281,302
432215,TUNAS,RS,08/2026,303,535,385
432218,TUPANCI DO SUL,RS,08/2026,63,107,248
432220,TUPANCIRETÃ,RS,08/2026,2266,2985,2174
432225,TUPANDI,RS,08/2026,42,111,96
432230,TUPARENDI,RS,08/2026,144,334,494
432232,TURUÇU,RS,08/2026,148,270,303
432234,UBIRETAMA,RS,08/2026,61,105,165
432235,UNIÃO DA SERRA,RS,08/2026,22,32,28
432237,UNISTALDA,RS,08/2026,184,254,83
432240,URUGUAIANA,RS,08/2026,8297,12409,8759
432250,VACARIA,RS,08/2026,4366,6465,4872
432252,VALE VERDE,RS,08/2026,165,307,338
432253,VALE DO SOL,RS,08/2026,463,795,579
432254,VALE REAL,RS,08/2026,40,113,491
432255,VANINI,RS,08/2026,21,49,156
432260,VENÂNCIO AIRES,RS,08/2026,2496,4252,4367
432270,VERA CRUZ,RS,08/2026,1142,2028,1562
432280,VERANÓPOLIS,RS,08/2026,120,409,632
432285,VESPASIANO CORRÊA,RS,08/2026,15,28,162
432290,VIADUTOS,RS,08/2026,138,208,207
432300,VIAMÃO,RS,08/2026,17768,26639,17743
432310,VICENTE DUTRA,RS,08/2026,581,794,490
432320,VICTOR GRAEFF,RS,08/2026,40,94,209
432330,VILA FLORES,RS,08/2026,26,69,213
432335,VILA LÂNGARO,RS,08/2026,17,55,151
432340,VILA MARIA,RS,08/2026,96,178,278
432345,VILA NOVA DO SUL,RS,08/2026,712,850,302
432350,VISTA ALEGRE,RS,08/2026,82,148,273
432360,VISTA ALEGRE DO PRATA,RS,08/2026,19,38,242
432370,VISTA GAÚCHA,RS,08/2026,70,179,353
432375,VITÓRIA DAS MISSÕES,RS,08/2026,170,305,309
432377,WESTFÁLIA,RS,08/2026,9,36,189
432380,XANGRI-LÁ,RS,08/2026,656,1306,1229
420005,ABDON BATISTA,SC,08/2026,185,285,297
420010,ABELARDO LUZ,SC,08/2026,1481,2178,2142
420020,AGROLÂNDIA,SC,08/2026,184,375,265
420030,AGRONÔMICA,SC,08/2026,66,130,122
420040,ÁGUA DOCE,SC,08/2026,44,271,535
420050,ÁGUAS DE CHAPECÓ,SC,08/2026,237,436,590
420055,ÁGUAS FRIAS,SC,08/2026,30,92,240
420060,ÁGUAS MORNAS,SC,08/2026,165,312,205
420070,ALFREDO WAGNER,SC,08/2026,392,711,416
420075,ALTO BELA VISTA,SC,08/2026,22,48,80
420080,ANCHIETA,SC,08/2026,78,224,272
420090,ANGELINA,SC,08/2026,121,271,233
420100,ANITA GARIBALDI,SC,08/2026,677,985,697
420110,ANITÁPOLIS,SC,08/2026,112,233,163
420120,ANTÔNIO CARLOS,SC,08/2026,158,350,315
420125,APIÚNA,SC,08/2026,88,223,258
420127,ARABUTÃ,SC,08/2026,40,112,221
420130,ARAQUARI,SC,08/2026,1870,4173,3615
420140,ARARANGUÁ,SC,08/2026,2045,4592,3635
420150,ARMAZÉM,SC,08/2026,392,551,303
420160,ARROIO TRINTA,SC,08/2026,16,66,211
420165,ARVOREDO,SC,08/2026,37,97,143
420170,ASCURRA,SC,08/2026,181,301,268
420180,ATALANTA,SC,08/2026,37,97,114
420190,AURORA,SC,08/2026,75,150,178
420195,BALNEÁRIO ARROIO DO SILVA,SC,08/2026,1433,2109,1494
420200,BALNEÁRIO CAMBORIÚ,SC,08/2026,2903,5680,7520
420205,BALNEÁRIO BARRA DO SUL,SC,08/2026,876,1440,1375
420207,BALNEÁRIO GAIVOTA,SC,08/2026,971,1755,1683
420208,BANDEIRANTE,SC,08/2026,78,197,242
420209,BARRA BONITA,SC,08/2026,63,113,141
420210,BARRA VELHA,SC,08/2026,1792,3612,3149
420213,BELA VISTA DO TOLDO,SC,08/2026,317,591,308
420215,BELMONTE,SC,08/2026,66,146,187
420220,BENEDITO NOVO,SC,08/2026,108,262,213
420230,BIGUAÇU,SC,08/2026,2918,5292,4158
420240,BLUMENAU,SC,08/2026,5711,10874,10930
420243,BOCAINA DO SUL,SC,08/2026,209,385,309
420245,BOMBINHAS,SC,08/2026,1135,1822,1284
420250,BOM JARDIM DA SERRA,SC,08/2026,556,709,300
420253,BOM JESUS,SC,08/2026,217,326,253
420257,BOM JESUS DO OESTE,SC,08/2026,73,105,111
420260,BOM RETIRO,SC,08/2026,417,729,606
420270,BOTUVERÁ,SC,08/2026,106,289,618
420280,BRAÇO DO NORTE,SC,08/2026,996,1719,540
420285,BRAÇO DO TROMBUDO,SC,08/2026,1,21,35
420287,BRUNÓPOLIS,SC,08/2026,155,272,254
420290,BRUSQUE,SC,08/2026,2075,3974,3311
420300,CAÇADOR,SC,08/2026,2393,4973,6907
420310,CAIBI,SC,08/2026,51,259,241
420315,CALMON,SC,08/2026,260,493,646
420320,CAMBORIÚ,SC,08/2026,2692,6330,4694
420325,CAPÃO ALTO,SC,08/2026,112,223,225
420330,CAMPO ALEGRE,SC,08/2026,314,691,934
420340,CAMPO BELO DO SUL,SC,08/2026,516,945,855
420350,CAMPO ERÊ,SC,08/2026,555,955,750
420360,CAMPOS NOVOS,SC,08/2026,254,1267,2240
420370,CANELINHA,SC,08/2026,1400,1738,686
420380,CANOINHAS,SC,08/2026,1915,3300,2841
420390,CAPINZAL,SC,08/2026,212,646,692
420395,CAPIVARI DE BAIXO,SC,08/2026,336,960,1123
420400,CATANDUVAS,SC,08/2026,345,699,790
420410,CAXAMBU DO SUL,SC,08/2026,171,313,324
420415,CELSO RAMOS,SC,08/2026,186,269,229
420417,CERRO NEGRO,SC,08/2026,204,431,369
420419,CHAPADÃO DO LAGEADO,SC,08/2026,27,70,60
420420,CHAPECÓ,SC,08/2026,2878,8523,11620
420425,COCAL DO SUL,SC,08/2026,170,365,436
420430,CONCÓRDIA,SC,08/2026,890,2089,2231
420435,CORDILHEIRA ALTA,SC,08/2026,184,275,256
420440,CORONEL FREITAS,SC,08/2026,295,555,546
420445,CORONEL MARTINS,SC,08/2026,66,132,177
420450,CORUPÁ,SC,08/2026,343,610,514
420455,CORREIA PINTO,SC,08/2026,939,1534,1202
420460,CRICIÚMA,SC,08/2026,4717,8428,5423
420470,CUNHA PORÃ,SC,08/2026,145,322,666
420475,CUNHATAÍ,SC,08/2026,11,26,51
420480,CURITIBANOS,SC,08/2026,2150,3832,3598
420490,DESCANSO,SC,08/2026,131,259,337
420500,DIONÍSIO CERQUEIRA,SC,08/2026,490,870,847
420510,DONA EMMA,SC,08/2026,56,108,73
420515,DOUTOR PEDRINHO,SC,08/2026,50,118,124
420517,ENTRE RIOS,SC,08/2026,417,619,345
420519,ERMO,SC,08/2026,107,188,160
420520,ERVAL VELHO,SC,08/2026,18,153,236
420530,FAXINAL DOS GUEDES,SC,08/2026,160,428,519
420535,FLOR DO SERTÃO,SC,08/2026,32,86,245
420540,FLORIANÓPOLIS,SC,08/2026,15881,30187,26591
420543,FORMOSA DO SUL,SC,08/2026,70,146,180
420545,FORQUILHINHA,SC,08/2026,975,1626,1304
420550,FRAIBURGO,SC,08/2026,686,2120,2900
420555,FREI ROGÉRIO,SC,08/2026,135,235,222
420560,GALVÃO,SC,08/2026,203,322,235
420570,GAROPABA,SC,08/2026,1784,2859,1972
420580,GARUVA,SC,08/2026,440,1066,1138
420590,GASPAR,SC,08/2026,1258,2816,3106
420600,GOVERNADOR CELSO RAMOS,SC,08/2026,990,1479,1027
420610,GRÃO PARÁ,SC,08/2026,245,458,458
420620,GRAVATAL,SC,08/2026,313,564,515
420630,GUABIRUBA,SC,08/2026,553,985,687
420640,GUARACIABA,SC,08/2026,63,236,525
420650,GUARAMIRIM,SC,08/2026,1042,2248,2226
420660,GUARUJÁ DO SUL,SC,08/2026,91,195,408
420665,GUATAMBÚ,SC,08/2026,222,501,529
420670,HERVAL DOESTE,SC,08/2026,280,696,916
420675,IBIAM,SC,08/2026,118,181,182
420680,IBICARÉ,SC,08/2026,113,193,269
420690,IBIRAMA,SC,08/2026,174,499,670
420700,IÇARA,SC,08/2026,1782,3055,2135
420710,ILHOTA,SC,08/2026,637,1211,641
420720,IMARUÍ,SC,08/2026,729,1126,932
420730,IMBITUBA,SC,08/2026,2156,3613,2317
420740,IMBUIA,SC,08/2026,131,244,234
420750,INDAIAL,SC,08/2026,731,1694,1669
420757,IOMERÊ,SC,08/2026,18,70,166
420760,IPIRA,SC,08/2026,48,132,298
420765,IPORÃ DO OESTE,SC,08/2026,81,250,663
420768,IPUAÇU,SC,08/2026,825,1250,624
420770,IPUMIRIM,SC,08/2026,42,130,220
420775,IRACEMINHA,SC,08/2026,102,201,355
420780,IRANI,SC,08/2026,237,622,798
420785,IRATI,SC,08/2026,57,131,159
420790,IRINEÓPOLIS,SC,08/2026,535,921,467
420800,ITÁ,SC,08/2026,257,442,505
420810,ITAIÓPOLIS,SC,08/2026,352,1023,638
420820,ITAJAÍ,SC,08/2026,8313,14226,11165
420830,ITAPEMA,SC,08/2026,2309,4381,4346
420840,ITAPIRANGA,SC,08/2026,144,441,799
420845,ITAPOÁ,SC,08/2026,1647,2933,2453
420850,ITUPORANGA,SC,08/2026,461,968,734
420860,JABORÁ,SC,08/2026,125,233,236
420870,JACINTO MACHADO,SC,08/2026,390,595,439
420880,JAGUARUNA,SC,08/2026,538,1087,998
420890,JARAGUÁ DO SUL,SC,08/2026,2364,5194,6091
420895,JARDINÓPOLIS,SC,08/2026,84,125,129
420900,JOAÇABA,SC,08/2026,426,898,1358
420910,JOINVILLE,SC,08/2026,12977,25097,20770
420915,JOSÉ BOITEUX,SC,08/2026,364,536,201
420917,JUPIÁ,SC,08/2026,72,169,359
420920,LACERDÓPOLIS,SC,08/2026,8,36,84
420930,LAGES,SC,08/2026,7940,13291,12106
420940,LAGUNA,SC,08/2026,1303,2715,3229
420945,LAJEADO GRANDE,SC,08/2026,40,98,180
420950,LAURENTINO,SC,08/2026,124,260,344
420960,LAURO MÜLLER,SC,08/2026,387,744,771
420970,LEBON RÉGIS,SC,08/2026,690,1480,1443
420980,LEOBERTO LEAL,SC,08/2026,79,193,136
420985,LINDÓIA DO SUL,SC,08/2026,80,196,292
420990,LONTRAS,SC,08/2026,52,290,244
421000,LUIZ ALVES,SC,08/2026,139,436,361
421003,LUZERNA,SC,08/2026,32,106,351
421005,MACIEIRA,SC,08/2026,26,85,71
421010,MAFRA,SC,08/2026,1682,3030,2581
421020,MAJOR GERCINO,SC,08/2026,170,291,221
421030,MAJOR VIEIRA,SC,08/2026,446,874,694
421040,MARACAJÁ,SC,08/2026,253,432,611
421050,MARAVILHA,SC,08/2026,297,736,1148
421055,MAREMA,SC,08/2026,30,80,126
421060,MASSARANDUBA,SC,08/2026,313,600,532
421070,MATOS COSTA,SC,08/2026,300,443,455
421080,MELEIRO,SC,08/2026,186,339,230
421085,MIRIM DOCE,SC,08/2026,11,63,165
421090,MODELO,SC,08/2026,77,156,183
421100,MONDAÍ,SC,08/2026,60,261,666
421105,MONTE CARLO,SC,08/2026,469,983,911
421110,MONTE CASTELO,SC,08/2026,766,1121,622
421120,MORRO DA FUMAÇA,SC,08/2026,369,850,827
421125,MORRO GRANDE,SC,08/2026,125,234,267
421130,NAVEGANTES,SC,08/2026,4401,7418,4555
421140,NOVA ERECHIM,SC,08/2026,174,282,364
421145,NOVA ITABERABA,SC,08/2026,93,217,216
421150,NOVA TRENTO,SC,08/2026,270,531,645
421160,NOVA VENEZA,SC,08/2026,174,401,470
421165,NOVO HORIZONTE,SC,08/2026,46,121,206
421170,ORLEANS,SC,08/2026,545,903,633
421175,OTACÍLIO COSTA,SC,08/2026,341,682,839
421180,OURO,SC,08/2026,71,166,289
421185,OURO VERDE,SC,08/2026,140,233,195
421187,PAIAL,SC,08/2026,46,102,165
421189,PAINEL,SC,08/2026,97,254,291
421190,PALHOÇA,SC,08/2026,8715,15247,11635
421200,PALMA SOLA,SC,08/2026,373,627,482
421205,PALMEIRA,SC,08/2026,116,189,184
421210,PALMITOS,SC,08/2026,324,636,714
421220,PAPANDUVA,SC,08/2026,290,992,753
421223,PARAÍSO,SC,08/2026,115,257,319
421225,PASSO DE TORRES,SC,08/2026,763,1245,685
421227,PASSOS MAIA,SC,08/2026,300,481,594
421230,PAULO LOPES,SC,08/2026,394,678,466
421240,PEDRAS GRANDES,SC,08/2026,66,162,208
421250,PENHA,SC,08/2026,1417,2301,1875
421260,PERITIBA,SC,08/2026,13,39,257
421265,PESCARIA BRAVA,SC,08/2026,574,905,645
421270,PETROLÂNDIA,SC,08/2026,131,251,287
421280,BALNEÁRIO PIÇARRAS,SC,08/2026,935,2178,1788
421290,PINHALZINHO,SC,08/2026,99,466,760
421300,PINHEIRO PRETO,SC,08/2026,22,115,427
421310,PIRATUBA,SC,08/2026,92,186,167
421315,PLANALTO ALEGRE,SC,08/2026,46,167,352
421320,POMERODE,SC,08/2026,44,216,469
421330,PONTE ALTA,SC,08/2026,195,373,467
421335,PONTE ALTA DO NORTE,SC,08/2026,181,341,248
421340,PONTE SERRADA,SC,08/2026,497,954,1238
421350,PORTO BELO,SC,08/2026,736,1444,1588
421360,PORTO UNIÃO,SC,08/2026,571,1424,1382
421370,POUSO REDONDO,SC,08/2026,122,484,525
421380,PRAIA GRANDE,SC,08/2026,460,741,456
421390,PRESIDENTE CASTELLO BRANCO,SC,08/2026,44,76,76
421400,PRESIDENTE GETÚLIO,SC,08/2026,212,456,470
421410,PRESIDENTE NEREU,SC,08/2026,38,96,161
421415,PRINCESA,SC,08/2026,68,136,143
421420,QUILOMBO,SC,08/2026,201,392,454
421430,RANCHO QUEIMADO,SC,08/2026,28,99,168
421440,RIO DAS ANTAS,SC,08/2026,270,467,545
421450,RIO DO CAMPO,SC,08/2026,33,200,190
421460,RIO DO OESTE,SC,08/2026,22,147,187
421470,RIO DOS CEDROS,SC,08/2026,70,255,317
421480,RIO DO SUL,SC,08/2026,1419,2749,2632
421490,RIO FORTUNA,SC,08/2026,11,55,74
421500,RIO NEGRINHO,SC,08/2026,1299,2233,1906
421505,RIO RUFINO,SC,08/2026,180,267,174
421507,RIQUEZA,SC,08/2026,73,203,324
421510,RODEIO,SC,08/2026,210,422,419
421520,ROMELÂNDIA,SC,08/2026,119,245,376
421530,SALETE,SC,08/2026,73,206,296
421535,SALTINHO,SC,08/2026,150,268,339
421540,SALTO VELOSO,SC,08/2026,86,181,357
421545,SANGÃO,SC,08/2026,378,703,467
421550,SANTA CECÍLIA,SC,08/2026,1025,1669,1437
421555,SANTA HELENA,SC,08/2026,17,51,174
421560,SANTA ROSA DE LIMA,SC,08/2026,37,89,120
421565,SANTA ROSA DO SUL,SC,08/2026,607,898,527
421567,SANTA TEREZINHA,SC,08/2026,118,288,281
421568,SANTA TEREZINHA DO PROGRESSO,SC,08/2026,87,169,305
421569,SANTIAGO DO SUL,SC,08/2026,21,48,113
421570,SANTO AMARO DA IMPERATRIZ,SC,08/2026,829,1487,1037
421575,SÃO BERNARDINO,SC,08/2026,69,191,260
421580,SÃO BENTO DO SUL,SC,08/2026,1542,3169,4785
421590,SÃO BONIFÁCIO,SC,08/2026,120,197,123
421600,SÃO CARLOS,SC,08/2026,226,433,482
421605,SÃO CRISTÓVÃO DO SUL,SC,08/2026,281,483,362
421610,SÃO DOMINGOS,SC,08/2026,234,572,569
421620,SÃO FRANCISCO DO SUL,SC,08/2026,1774,3298,2660
421625,SÃO JOÃO DO OESTE,SC,08/2026,37,86,122
421630,SÃO JOÃO BATISTA,SC,08/2026,740,1837,2015
421635,SÃO JOÃO DO ITAPERIÚ,SC,08/2026,193,358,383
421640,SÃO JOÃO DO SUL,SC,08/2026,544,794,466
421650,SÃO JOAQUIM,SC,08/2026,894,2023,1822
421660,SÃO JOSÉ,SC,08/2026,7216,12358,8578
421670,SÃO JOSÉ DO CEDRO,SC,08/2026,308,550,648
421680,SÃO JOSÉ DO CERRITO,SC,08/2026,750,1271,854
421690,SÃO LOURENÇO DO OESTE,SC,08/2026,335,876,969
421700,SÃO LUDGERO,SC,08/2026,75,285,436
421710,SÃO MARTINHO,SC,08/2026,57,107,96
421715,SÃO MIGUEL DA BOA VISTA,SC,08/2026,47,101,252
421720,SÃO MIGUEL DO OESTE,SC,08/2026,613,1355,1838
421725,SÃO PEDRO DE ALCÂNTARA,SC,08/2026,127,208,274
421730,SAUDADES,SC,08/2026,143,302,435
421740,SCHROEDER,SC,08/2026,277,550,638
421750,SEARA,SC,08/2026,152,508,731
421755,SERRA ALTA,SC,08/2026,47,83,132
421760,SIDERÓPOLIS,SC,08/2026,373,684,815
421770,SOMBRIO,SC,08/2026,931,2004,1661
421775,SUL BRASIL,SC,08/2026,75,126,164
421780,TAIÓ,SC,08/2026,437,752,716
421790,TANGARÁ,SC,08/2026,181,402,797
421795,TIGRINHOS,SC,08/2026,70,133,226
421800,TIJUCAS,SC,08/2026,1749,3082,2774
421810,TIMBÉ DO SUL,SC,08/2026,166,318,359
421820,TIMBÓ,SC,08/2026,289,785,1056
421825,TIMBÓ GRANDE,SC,08/2026,848,1245,636
421830,TRÊS BARRAS,SC,08/2026,560,1497,1434
421835,TREVISO,SC,08/2026,106,189,94
421840,TREZE DE MAIO,SC,08/2026,110,318,291
421850,TREZE TÍLIAS,SC,08/2026,80,240,360
421860,TROMBUDO CENTRAL,SC,08/2026,34,100,141
421870,TUBARÃO,SC,08/2026,2680,4767,4300
421875,TUNÁPOLIS,SC,08/2026,17,101,392
421880,TURVO,SC,08/2026,119,463,528
421885,UNIÃO DO OESTE,SC,08/2026,33,108,179
421890,URUBICI,SC,08/2026,675,1024,717
421895,URUPEMA,SC,08/2026,243,366,230
421900,URUSSANGA,SC,08/2026,263,591,736
421910,VARGEÃO,SC,08/2026,45,186,324
421915,VARGEM,SC,08/2026,84,183,264
421917,VARGEM BONITA,SC,08/2026,151,299,486
421920,VIDAL RAMOS,SC,08/2026,102,223,241
421930,VIDEIRA,SC,08/2026,845,2051,3037
421935,VITOR MEIRELES,SC,08/2026,118,268,180
421940,WITMARSUM,SC,08/2026,47,129,306
421950,XANXERÊ,SC,08/2026,646,1682,1958
421960,XAVANTINA,SC,08/2026,37,81,101
421970,XAXIM,SC,08/2026,747,1453,2515
421985,ZORTÉA,SC,08/2026,121,210,195
422000,BALNEÁRIO RINCÃO,SC,08/2026,994,1691,1500
280010,AMPARO DE SÃO FRANCISCO,SE,08/2026,296,441,331
280020,AQUIDABÃ,SE,08/2026,3572,4502,1825
280030,ARACAJU,SE,08/2026,56335,82880,41011
280040,ARAUÁ,SE,08/2026,2227,2869,1172
280050,AREIA BRANCA,SE,08/2026,2502,3666,1812
280060,BARRA DOS COQUEIROS,SE,08/2026,4874,7099,3785
280067,BOQUIM,SE,08/2026,4844,6205,2630
280070,BREJO GRANDE,SE,08/2026,1436,1905,521
280100,CAMPO DO BRITO,SE,08/2026,2929,3984,1704
280110,CANHOBA,SE,08/2026,1175,1392,577
280120,CANINDÉ DE SÃO FRANCISCO,SE,08/2026,6042,7654,2563
280130,CAPELA,SE,08/2026,5452,7141,2477
280140,CARIRA,SE,08/2026,4566,5578,1656
280150,CARMÓPOLIS,SE,08/2026,2273,2968,1360
280160,CEDRO DE SÃO JOÃO,SE,08/2026,897,1162,551
280170,CRISTINÁPOLIS,SE,08/2026,3741,4765,1674
280190,CUMBE,SE,08/2026,778,988,437
280200,DIVINA PASTORA,SE,08/2026,750,1004,452
280210,ESTÂNCIA,SE,08/2026,10995,14958,7054
280220,FEIRA NOVA,SE,08/2026,1233,1539,636
280230,FREI PAULO,SE,08/2026,2540,3477,1559
280240,GARARU,SE,08/2026,2607,3194,1004
280250,GENERAL MAYNARD,SE,08/2026,787,923,592
280260,GRACHO CARDOSO,SE,08/2026,1951,2172,584
280270,ILHA DAS FLORES,SE,08/2026,2054,2426,751
280280,INDIAROBA,SE,08/2026,2868,3711,1214
280290,ITABAIANA,SE,08/2026,11106,18088,8994
280300,ITABAIANINHA,SE,08/2026,10317,12331,3523
280310,ITABI,SE,08/2026,911,1140,551
280320,ITAPORANGA DAJUDA,SE,08/2026,5502,7659,3287
280330,JAPARATUBA,SE,08/2026,2805,3745,1890
280340,JAPOATÃ,SE,08/2026,3113,3797,1524
280350,LAGARTO,SE,08/2026,19688,25309,10636
280360,LARANJEIRAS,SE,08/2026,3692,4996,2588
280370,MACAMBIRA,SE,08/2026,1358,1825,809
280380,MALHADA DOS BOIS,SE,08/2026,654,884,415
280390,MALHADOR,SE,08/2026,2439,3073,1408
280400,MARUIM,SE,08/2026,2785,3414,1418
280410,MOITA BONITA,SE,08/2026,1639,2375,1165
280420,MONTE ALEGRE DE SERGIPE,SE,08/2026,3734,4352,1513
280430,MURIBECA,SE,08/2026,1755,2111,663
280440,NEÓPOLIS,SE,08/2026,3192,3965,1739
280445,NOSSA SENHORA APARECIDA,SE,08/2026,1583,2115,529
280450,NOSSA SENHORA DA GLÓRIA,SE,08/2026,7353,9375,2971
280460,NOSSA SENHORA DAS DORES,SE,08/2026,5821,6887,1986
280470,NOSSA SENHORA DE LOURDES,SE,08/2026,1149,1552,790
280480,NOSSA SENHORA DO SOCORRO,SE,08/2026,31190,43242,18453
280490,PACATUBA,SE,08/2026,2392,3294,1190
280500,PEDRA MOLE,SE,08/2026,716,870,348
280510,PEDRINHAS,SE,08/2026,2685,3000,926
280520,PINHÃO,SE,08/2026,1406,1742,619
280530,PIRAMBU,SE,08/2026,1568,2133,835
280540,POÇO REDONDO,SE,08/2026,7267,8550,2456
280550,POÇO VERDE,SE,08/2026,5597,6649,2422
280560,PORTO DA FOLHA,SE,08/2026,7577,8656,2065
280570,PROPRIÁ,SE,08/2026,4569,5920,2545
280580,RIACHÃO DO DANTAS,SE,08/2026,4673,5544,1718
280590,RIACHUELO,SE,08/2026,1557,2043,948
280600,RIBEIRÓPOLIS,SE,08/2026,2876,3771,1231
280610,ROSÁRIO DO CATETE,SE,08/2026,2092,2549,1008
280620,SALGADO,SE,08/2026,4077,5244,2405
280630,SANTA LUZIA DO ITANHY,SE,08/2026,2733,3599,1351
280640,SANTANA DO SÃO FRANCISCO,SE,08/2026,1897,2159,725
280650,SANTA ROSA DE LIMA,SE,08/2026,548,809,455
280660,SANTO AMARO DAS BROTAS,SE,08/2026,2097,2681,1042
280670,SÃO CRISTÓVÃO,SE,08/2026,11066,16856,7996
280680,SÃO DOMINGOS,SE,08/2026,1923,2589,1130
280690,SÃO FRANCISCO,SE,08/2026,712,878,403
280700,SÃO MIGUEL DO ALEIXO,SE,08/2026,896,1081,442
280710,SIMÃO DIAS,SE,08/2026,9104,11417,5034
280720,SIRIRI,SE,08/2026,1460,1845,849
280730,TELHA,SE,08/2026,751,975,336
280740,TOBIAS BARRETO,SE,08/2026,12084,14886,5563
280750,TOMAR DO GERU,SE,08/2026,2591,3277,1030
280760,UMBAÚBA,SE,08/2026,5429,6800,2911
350010,ADAMANTINA,SP,08/2026,785,1615,2014
350020,ADOLFO,SP,08/2026,147,312,340
350030,AGUAÍ,SP,08/2026,2189,3511,2149
350040,ÁGUAS DA PRATA,SP,08/2026,251,480,491
350050,ÁGUAS DE LINDÓIA,SP,08/2026,500,1014,1183
350055,ÁGUAS DE SANTA BÁRBARA,SP,08/2026,479,704,574
350060,ÁGUAS DE SÃO PEDRO,SP,08/2026,77,141,261
350070,AGUDOS,SP,08/2026,1342,2460,1849
350075,ALAMBARI,SP,08/2026,223,527,609
350080,ALFREDO MARCONDES,SP,08/2026,232,389,510
350090,ALTAIR,SP,08/2026,201,320,398
350100,ALTINÓPOLIS,SP,08/2026,1291,1875,1535
350110,ALTO ALEGRE,SP,08/2026,311,417,336
350115,ALUMÍNIO,SP,08/2026,499,842,678
350120,ÁLVARES FLORENCE,SP,08/2026,189,334,504
350130,ÁLVARES MACHADO,SP,08/2026,1919,2801,1552
350140,ÁLVARO DE CARVALHO,SP,08/2026,288,430,380
350150,ALVINLÂNDIA,SP,08/2026,186,289,291
350160,AMERICANA,SP,08/2026,5692,9353,7794
350170,AMÉRICO BRASILIENSE,SP,08/2026,2041,2956,1692
350180,AMÉRICO DE CAMPOS,SP,08/2026,364,538,566
350190,AMPARO,SP,08/2026,1429,2958,2911
350200,ANALÂNDIA,SP,08/2026,279,442,316
350210,ANDRADINA,SP,08/2026,3816,5222,4845
350220,ANGATUBA,SP,08/2026,1324,2339,1744
350230,ANHEMBI,SP,08/2026,733,994,683
350240,ANHUMAS,SP,08/2026,106,316,487
350250,APARECIDA,SP,08/2026,1406,2817,2330
350260,APARECIDA DOESTE,SP,08/2026,182,375,608
350270,APIAÍ,SP,08/2026,2207,3364,2031
350275,ARAÇARIGUAMA,SP,08/2026,1916,2803,1765
350280,ARAÇATUBA,SP,08/2026,8692,13564,12170
350290,ARAÇOIABA DA SERRA,SP,08/2026,1097,2162,1590
350300,ARAMINA,SP,08/2026,393,552,546
350310,ARANDU,SP,08/2026,340,650,649
350315,ARAPEÍ,SP,08/2026,303,441,469
350320,ARARAQUARA,SP,08/2026,8902,14149,10786
350330,ARARAS,SP,08/2026,6987,9612,6336
350335,ARCO-ÍRIS,SP,08/2026,122,217,207
350340,AREALVA,SP,08/2026,627,914,769
350350,AREIAS,SP,08/2026,468,617,310
350360,AREIÓPOLIS,SP,08/2026,597,932,624
350370,ARIRANHA,SP,08/2026,290,481,478
350380,ARTUR NOGUEIRA,SP,08/2026,2008,3501,3000
350390,ARUJÁ,SP,08/2026,6645,9688,6858
350395,ASPÁSIA,SP,08/2026,91,187,270
350400,ASSIS,SP,08/2026,4182,7004,6039
350410,ATIBAIA,SP,08/2026,3663,7808,6251
350420,AURIFLAMA,SP,08/2026,365,902,976
350430,AVAÍ,SP,08/2026,447,650,379
350440,AVANHANDAVA,SP,08/2026,1104,1565,1091
350450,AVARÉ,SP,08/2026,3846,6432,4349
350460,BADY BASSITT,SP,08/2026,1350,2194,1943
350470,BALBINOS,SP,08/2026,144,202,147
350480,BÁLSAMO,SP,08/2026,154,597,448
350490,BANANAL,SP,08/2026,1065,1577,1187
350500,BARÃO DE ANTONINA,SP,08/2026,246,458,357
350510,BARBOSA,SP,08/2026,587,879,638
350520,BARIRI,SP,08/2026,1612,2405,1620
350530,BARRA BONITA,SP,08/2026,1633,2358,1739
350535,BARRA DO CHAPÉU,SP,08/2026,776,1213,552
350540,BARRA DO TURVO,SP,08/2026,1159,1534,795
350550,BARRETOS,SP,08/2026,4482,7559,6746
350560,BARRINHA,SP,08/2026,3128,4202,2484
350570,BARUERI,SP,08/2026,16600,28707,19344
350580,BASTOS,SP,08/2026,592,1203,2083
350590,BATATAIS,SP,08/2026,3103,4444,3209
350600,BAURU,SP,08/2026,13847,23682,22574
350610,BEBEDOURO,SP,08/2026,3413,5217,4228
350620,BENTO DE ABREU,SP,08/2026,170,242,309
350630,BERNARDINO DE CAMPOS,SP,08/2026,812,1203,1001
350635,BERTIOGA,SP,08/2026,7462,10075,5760
350640,BILAC,SP,08/2026,183,448,689
350650,BIRIGUI,SP,08/2026,3457,6195,5134
350660,BIRITIBA MIRIM,SP,08/2026,2720,4066,2549
350670,BOA ESPERANÇA DO SUL,SP,08/2026,690,1263,1099
350680,BOCAINA,SP,08/2026,832,1123,679
350690,BOFETE,SP,08/2026,624,1101,1061
350700,BOITUVA,SP,08/2026,3491,5035,3015
350710,BOM JESUS DOS PERDÕES,SP,08/2026,1722,2659,1652
350715,BOM SUCESSO DE ITARARÉ,SP,08/2026,490,710,386
350720,BORÁ,SP,08/2026,63,87,133
350730,BORACÉIA,SP,08/2026,235,419,395
350740,BORBOREMA,SP,08/2026,464,1028,1003
350745,BOREBI,SP,08/2026,204,352,435
350750,BOTUCATU,SP,08/2026,6059,10263,6919
350760,BRAGANÇA PAULISTA,SP,08/2026,6888,12297,10736
350770,BRAÚNA,SP,08/2026,423,637,452
350775,BREJO ALEGRE,SP,08/2026,203,382,521
350780,BRODOWSKI,SP,08/2026,1132,2014,1393
350790,BROTAS,SP,08/2026,486,1112,1043
350800,BURI,SP,08/2026,3200,4068,1376
350810,BURITAMA,SP,08/2026,1310,2041,1570
350820,BURITIZAL,SP,08/2026,396,566,600
350830,CABRÁLIA PAULISTA,SP,08/2026,287,521,597
350840,CABREÚVA,SP,08/2026,1782,2917,2022
350850,CAÇAPAVA,SP,08/2026,3738,6721,4270
350860,CACHOEIRA PAULISTA,SP,08/2026,2469,3442,1734
350870,CACONDE,SP,08/2026,832,1689,1401
350880,CAFELÂNDIA,SP,08/2026,1134,1668,1089
350890,CAIABU,SP,08/2026,161,274,339
350900,CAIEIRAS,SP,08/2026,4624,6976,5790
350910,CAIUÁ,SP,08/2026,460,641,493
350920,CAJAMAR,SP,08/2026,6359,9531,6261
350925,CAJATI,SP,08/2026,2508,3758,2403
350930,CAJOBI,SP,08/2026,507,838,1069
350940,CAJURU,SP,08/2026,1464,2233,1457
350945,CAMPINA DO MONTE ALEGRE,SP,08/2026,437,750,587
350950,CAMPINAS,SP,08/2026,55448,83834,62678
350960,CAMPO LIMPO PAULISTA,SP,08/2026,4457,6635,4854
350970,CAMPOS DO JORDÃO,SP,08/2026,1237,2623,2459
350980,CAMPOS NOVOS PAULISTA,SP,08/2026,504,679,313
350990,CANANÉIA,SP,08/2026,1535,2070,1091
350995,CANAS,SP,08/2026,573,816,399
351000,CÂNDIDO MOTA,SP,08/2026,771,1916,2198
351010,CÂNDIDO RODRIGUES,SP,08/2026,131,232,490
351015,CANITAR,SP,08/2026,418,745,573
351020,CAPÃO BONITO,SP,08/2026,3280,5568,4088
351030,CAPELA DO ALTO,SP,08/2026,1491,2530,1561
351040,CAPIVARI,SP,08/2026,3484,4640,3074
351050,CARAGUATATUBA,SP,08/2026,10367,16292,10581
351060,CARAPICUÍBA,SP,08/2026,26032,38205,25254
351070,CARDOSO,SP,08/2026,245,817,1353
351080,CASA BRANCA,SP,08/2026,1350,2228,1544
351090,CÁSSIA DOS COQUEIROS,SP,08/2026,156,273,237
351100,CASTILHO,SP,08/2026,1319,2193,2273
351110,CATANDUVA,SP,08/2026,2713,4807,3991
351120,CATIGUÁ,SP,08/2026,200,417,576
351130,CEDRAL,SP,08/2026,191,604,1200
351140,CERQUEIRA CÉSAR,SP,08/2026,503,1515,1221
351150,CERQUILHO,SP,08/2026,223,1287,1346
351160,CESÁRIO LANGE,SP,08/2026,350,1219,1091
351170,CHARQUEADA,SP,08/2026,1060,1478,880
351190,CLEMENTINA,SP,08/2026,308,643,582
351200,COLINA,SP,08/2026,515,925,903
351210,COLÔMBIA,SP,08/2026,592,888,841
351220,CONCHAL,SP,08/2026,2075,3076,1972
351230,CONCHAS,SP,08/2026,1101,1631,1417
351240,CORDEIRÓPOLIS,SP,08/2026,431,1163,1776
351250,COROADOS,SP,08/2026,272,544,656
351260,CORONEL MACEDO,SP,08/2026,343,579,373
351270,CORUMBATAÍ,SP,08/2026,207,326,263
351280,COSMÓPOLIS,SP,08/2026,1468,2899,2567
351290,COSMORAMA,SP,08/2026,787,1052,837
351300,COTIA,SP,08/2026,11899,20416,15596
351310,CRAVINHOS,SP,08/2026,1963,2888,2441
351320,CRISTAIS PAULISTA,SP,08/2026,238,595,559
351330,CRUZÁLIA,SP,08/2026,118,197,255
351340,CRUZEIRO,SP,08/2026,4875,7105,3594
351350,CUBATÃO,SP,08/2026,8750,12015,8244
351360,CUNHA,SP,08/2026,1750,3260,1483
351370,DESCALVADO,SP,08/2026,563,1322,1604
351380,DIADEMA,SP,08/2026,23321,34366,26469
351385,DIRCE REIS,SP,08/2026,68,134,344
351390,DIVINOLÂNDIA,SP,08/2026,769,1123,694
351400,DOBRADA,SP,08/2026,638,977,776
351410,DOIS CÓRREGOS,SP,08/2026,1258,2158,1616
351420,DOLCINÓPOLIS,SP,08/2026,209,318,403
351430,DOURADO,SP,08/2026,424,700,510
351440,DRACENA,SP,08/2026,1571,2675,2569
351450,DUARTINA,SP,08/2026,620,1100,1116
351460,DUMONT,SP,08/2026,580,812,556
351470,ECHAPORÃ,SP,08/2026,612,910,620
351480,ELDORADO,SP,08/2026,1258,2016,1104
351490,ELIAS FAUSTO,SP,08/2026,1395,1953,1084
351492,ELISIÁRIO,SP,08/2026,205,271,125
351495,EMBAÚBA,SP,08/2026,110,164,190
351500,EMBU DAS ARTES,SP,08/2026,26243,36816,24513
351510,EMBU-GUAÇU,SP,08/2026,7198,10106,7440
351512,EMILIANÓPOLIS,SP,08/2026,141,271,295
351515,ENGENHEIRO COELHO,SP,08/2026,834,1753,1621
351518,ESPÍRITO SANTO DO PINHAL,SP,08/2026,591,1277,1048
351519,ESPÍRITO SANTO DO TURVO,SP,08/2026,145,337,573
351520,ESTRELA DOESTE,SP,08/2026,240,494,743
351530,ESTRELA DO NORTE,SP,08/2026,104,169,238
351535,EUCLIDES DA CUNHA PAULISTA,SP,08/2026,780,1158,956
351540,FARTURA,SP,08/2026,1370,2106,1783
351550,FERNANDÓPOLIS,SP,08/2026,3004,5034,4399
351560,FERNANDO PRESTES,SP,08/2026,233,452,433
351565,FERNÃO,SP,08/2026,135,196,151
351570,FERRAZ DE VASCONCELOS,SP,08/2026,14745,20725,12204
351580,FLORA RICA,SP,08/2026,48,111,194
351590,FLOREAL,SP,08/2026,94,168,193
351600,FLÓRIDA PAULISTA,SP,08/2026,635,943,764
351610,FLORÍNEA,SP,08/2026,304,419,336
351620,FRANCA,SP,08/2026,12486,21752,14631
351630,FRANCISCO MORATO,SP,08/2026,17581,24312,14921
351640,FRANCO DA ROCHA,SP,08/2026,11661,16680,11227
351650,GABRIEL MONTEIRO,SP,08/2026,73,170,328
351660,GÁLIA,SP,08/2026,188,448,331
351670,GARÇA,SP,08/2026,2366,3737,3843
351680,GASTÃO VIDIGAL,SP,08/2026,131,273,321
351685,GAVIÃO PEIXOTO,SP,08/2026,144,301,451
351690,GENERAL SALGADO,SP,08/2026,299,660,716
351700,GETULINA,SP,08/2026,695,983,640
351710,GLICÉRIO,SP,08/2026,395,583,439
351720,GUAIÇARA,SP,08/2026,611,1012,915
351730,GUAIMBÊ,SP,08/2026,554,766,531
351740,GUAÍRA,SP,08/2026,1810,2702,1520
351750,GUAPIAÇU,SP,08/2026,730,1300,1456
351760,GUAPIARA,SP,08/2026,1270,2420,1550
351770,GUARÁ,SP,08/2026,1302,1885,1018
351780,GUARAÇAÍ,SP,08/2026,488,737,896
351790,GUARACI,SP,08/2026,590,1087,1191
351800,GUARANI DOESTE,SP,08/2026,75,170,279
351810,GUARANTÃ,SP,08/2026,669,900,611
351820,GUARARAPES,SP,08/2026,1453,2345,2165
351830,GUARAREMA,SP,08/2026,3180,4287,2931
351840,GUARATINGUETÁ,SP,08/2026,5734,8547,4800
351850,GUAREÍ,SP,08/2026,501,1004,896
351860,GUARIBA,SP,08/2026,1414,2428,1459
351870,GUARUJÁ,SP,08/2026,20995,30229,16041
351880,GUARULHOS,SP,08/2026,108492,148880,97208
351885,GUATAPARÁ,SP,08/2026,564,787,516
351890,GUZOLÂNDIA,SP,08/2026,266,497,619
351900,HERCULÂNDIA,SP,08/2026,650,999,691
351905,HOLAMBRA,SP,08/2026,228,441,398
351907,HORTOLÂNDIA,SP,08/2026,11290,18012,13073
351910,IACANGA,SP,08/2026,1091,1509,1107
351920,IACRI,SP,08/2026,393,696,570
351925,IARAS,SP,08/2026,538,789,656
351930,IBATÉ,SP,08/2026,2846,3996,2222
351940,IBIRÁ,SP,08/2026,399,747,662
351950,IBIRAREMA,SP,08/2026,738,1056,719
351960,IBITINGA,SP,08/2026,2226,4204,3026
351970,IBIÚNA,SP,08/2026,6624,10036,5490
351980,ICÉM,SP,08/2026,413,705,777
351990,IEPÊ,SP,08/2026,608,920,788
352000,IGARAÇU DO TIETÊ,SP,08/2026,1763,2403,1313
352010,IGARAPAVA,SP,08/2026,933,1831,1543
352020,IGARATÁ,SP,08/2026,782,1272,866
352030,IGUAPE,SP,08/2026,4065,5432,2735
352040,ILHABELA,SP,08/2026,2132,3547,2694
352042,ILHA COMPRIDA,SP,08/2026,2227,3100,2638
352044,ILHA SOLTEIRA,SP,08/2026,503,1181,1757
352050,INDAIATUBA,SP,08/2026,3899,9213,9898
352060,INDIANA,SP,08/2026,444,632,432
352070,INDIAPORÃ,SP,08/2026,267,409,576
352080,INÚBIA PAULISTA,SP,08/2026,105,198,326
352090,IPAUSSU,SP,08/2026,815,1289,681
352100,IPERÓ,SP,08/2026,2389,3604,2388
352110,IPEÚNA,SP,08/2026,283,510,489
352115,IPIGUÁ,SP,08/2026,197,350,213
352120,IPORANGA,SP,08/2026,512,730,442
352130,IPUÃ,SP,08/2026,818,1334,1246
352140,IRACEMÁPOLIS,SP,08/2026,515,987,1030
352150,IRAPUÃ,SP,08/2026,488,770,445
352160,IRAPURU,SP,08/2026,310,528,654
352170,ITABERÁ,SP,08/2026,1189,2218,1626
352180,ITAÍ,SP,08/2026,1663,2486,1576
352190,ITAJOBI,SP,08/2026,753,1231,822
352200,ITAJU,SP,08/2026,126,248,235
352210,ITANHAÉM,SP,08/2026,11719,17234,9864
352215,ITAOCA,SP,08/2026,370,558,369
352220,ITAPECERICA DA SERRA,SP,08/2026,15718,23245,16313
352230,ITAPETININGA,SP,08/2026,7262,13375,9118
352240,ITAPEVA,SP,08/2026,5928,9380,5586
352250,ITAPEVI,SP,08/2026,15105,24666,16490
352260,ITAPIRA,SP,08/2026,1838,3350,3028
352265,ITAPIRAPUÃ PAULISTA,SP,08/2026,553,840,264
352270,ITÁPOLIS,SP,08/2026,1068,1988,1389
352280,ITAPORANGA,SP,08/2026,1257,1911,1147
352290,ITAPUÍ,SP,08/2026,670,1095,964
352300,ITAPURA,SP,08/2026,375,565,710
352310,ITAQUAQUECETUBA,SP,08/2026,38512,53674,30858
352320,ITARARÉ,SP,08/2026,4059,6006,3434
352330,ITARIRI,SP,08/2026,1780,2386,1275
352340,ITATIBA,SP,08/2026,3508,6321,5699
352350,ITATINGA,SP,08/2026,1051,1722,1301
352360,ITIRAPINA,SP,08/2026,775,1193,951
352370,ITIRAPUÃ,SP,08/2026,620,871,399
352380,ITOBI,SP,08/2026,635,963,577
352390,ITU,SP,08/2026,7632,11806,10669
352400,ITUPEVA,SP,08/2026,1969,3482,3222
352410,ITUVERAVA,SP,08/2026,1526,2707,2085
352420,JABORANDI,SP,08/2026,548,757,655
352430,JABOTICABAL,SP,08/2026,4192,6342,4536
352440,JACAREÍ,SP,08/2026,7419,14753,11568
352450,JACI,SP,08/2026,252,463,563
352460,JACUPIRANGA,SP,08/2026,1086,1965,1209
352470,JAGUARIÚNA,SP,08/2026,1256,2317,1710
352480,JALES,SP,08/2026,1487,2748,3321
352490,JAMBEIRO,SP,08/2026,350,644,475
352500,JANDIRA,SP,08/2026,5648,8934,7484
352510,JARDINÓPOLIS,SP,08/2026,2668,3936,2577
352520,JARINU,SP,08/2026,1205,2122,1377
352530,JAÚ,SP,08/2026,4129,7429,6633
352540,JERIQUARA,SP,08/2026,315,490,384
352550,JOANÓPOLIS,SP,08/2026,581,1101,844
352560,JOÃO RAMALHO,SP,08/2026,325,490,342
352570,JOSÉ BONIFÁCIO,SP,08/2026,548,1783,1627
352580,JÚLIO MESQUITA,SP,08/2026,465,615,421
352585,JUMIRIM,SP,08/2026,70,177,280
352590,JUNDIAÍ,SP,08/2026,8305,12475,6684
352600,JUNQUEIRÓPOLIS,SP,08/2026,846,1430,1095
352610,JUQUIÁ,SP,08/2026,1658,2572,1390
352620,JUQUITIBA,SP,08/2026,2934,4647,3006
352630,LAGOINHA,SP,08/2026,404,633,415
352640,LARANJAL PAULISTA,SP,08/2026,1733,2560,1864
352650,LAVÍNIA,SP,08/2026,210,380,329
352660,LAVRINHAS,SP,08/2026,621,921,439
352670,LEME,SP,08/2026,5212,8073,6310
352680,LENÇÓIS PAULISTA,SP,08/2026,1365,2465,1940
352690,LIMEIRA,SP,08/2026,13932,20778,14037
352700,LINDÓIA,SP,08/2026,315,552,586
352710,LINS,SP,08/2026,2822,4552,3321
352720,LORENA,SP,08/2026,6437,9316,5030
352725,LOURDES,SP,08/2026,133,232,309
352730,LOUVEIRA,SP,08/2026,1477,2350,1081
352740,LUCÉLIA,SP,08/2026,799,1531,1423
352750,LUCIANÓPOLIS,SP,08/2026,170,251,305
352760,LUÍS ANTÔNIO,SP,08/2026,629,1078,720
352770,LUIZIÂNIA,SP,08/2026,532,758,554
352780,LUPÉRCIO,SP,08/2026,183,364,512
352790,LUTÉCIA,SP,08/2026,184,288,325
352800,MACATUBA,SP,08/2026,402,886,1080
352810,MACAUBAL,SP,08/2026,467,747,727
352820,MACEDÔNIA,SP,08/2026,123,272,252
352830,MAGDA,SP,08/2026,95,233,326
352840,MAIRINQUE,SP,08/2026,2478,3795,2076
352850,MAIRIPORÃ,SP,08/2026,7697,10635,8042
352860,MANDURI,SP,08/2026,471,813,732
352870,MARABÁ PAULISTA,SP,08/2026,256,453,495
352880,MARACAÍ,SP,08/2026,837,1212,1106
352885,MARAPOAMA,SP,08/2026,160,260,202
352890,MARIÁPOLIS,SP,08/2026,345,445,386
352900,MARÍLIA,SP,08/2026,7105,13144,11275
352910,MARINÓPOLIS,SP,08/2026,68,185,236
352920,MARTINÓPOLIS,SP,08/2026,1644,2292,1749
352930,MATÃO,SP,08/2026,3019,5032,2704
352940,MAUÁ,SP,08/2026,18454,28603,13989
352950,MENDONÇA,SP,08/2026,218,399,417
352960,MERIDIANO,SP,08/2026,179,377,481
352965,MESÓPOLIS,SP,08/2026,71,165,179
352970,MIGUELÓPOLIS,SP,08/2026,2662,3224,1628
352980,MINEIROS DO TIETÊ,SP,08/2026,528,1037,993
352990,MIRACATU,SP,08/2026,2315,3321,1878
353000,MIRA ESTRELA,SP,08/2026,130,271,401
353010,MIRANDÓPOLIS,SP,08/2026,1065,1800,1848
353020,MIRANTE DO PARANAPANEMA,SP,08/2026,993,1770,2370
353030,MIRASSOL,SP,08/2026,1554,3316,3061
353040,MIRASSOLÂNDIA,SP,08/2026,381,549,368
353050,MOCOCA,SP,08/2026,2665,4273,3072
353060,MOGI DAS CRUZES,SP,08/2026,33343,45080,23405
353070,MOGI GUAÇU,SP,08/2026,4892,8588,6996
353080,MOGI MIRIM,SP,08/2026,2355,4240,3648
353090,MOMBUCA,SP,08/2026,236,412,334
353100,MONÇÕES,SP,08/2026,76,144,290
353110,MONGAGUÁ,SP,08/2026,5965,8510,4098
353120,MONTE ALEGRE DO SUL,SP,08/2026,259,415,293
353130,MONTE ALTO,SP,08/2026,1352,2190,2416
353140,MONTE APRAZÍVEL,SP,08/2026,1080,2002,1926
353150,MONTE AZUL PAULISTA,SP,08/2026,934,1337,1127
353160,MONTE CASTELO,SP,08/2026,226,377,440
353170,MONTEIRO LOBATO,SP,08/2026,500,659,402
353180,MONTE MOR,SP,08/2026,4625,7530,5862
353190,MORRO AGUDO,SP,08/2026,1947,2815,1913
353200,MORUNGABA,SP,08/2026,688,1126,755
353205,MOTUCA,SP,08/2026,203,319,270
353210,MURUTINGA DO SUL,SP,08/2026,308,446,479
353215,NANTES,SP,08/2026,148,249,234
353220,NARANDIBA,SP,08/2026,364,564,433
353230,NATIVIDADE DA SERRA,SP,08/2026,420,765,402
353240,NAZARÉ PAULISTA,SP,08/2026,1223,2064,1110
353250,NEVES PAULISTA,SP,08/2026,559,801,729
353260,NHANDEARA,SP,08/2026,417,707,1080
353270,NIPOÃ,SP,08/2026,406,600,482
353280,NOVA ALIANÇA,SP,08/2026,314,588,439
353282,NOVA CAMPINA,SP,08/2026,879,1467,804
353284,NOVA CANAÃ PAULISTA,SP,08/2026,71,151,283
353286,NOVA CASTILHO,SP,08/2026,31,85,97
353290,NOVA EUROPA,SP,08/2026,270,598,929
353300,NOVA GRANADA,SP,08/2026,665,1414,1402
353310,NOVA GUATAPORANGA,SP,08/2026,185,254,239
353320,NOVA INDEPENDÊNCIA,SP,08/2026,266,454,475
353325,NOVAIS,SP,08/2026,273,451,443
353330,NOVA LUZITÂNIA,SP,08/2026,230,375,505
353340,NOVA ODESSA,SP,08/2026,1853,2900,2285
353350,NOVO HORIZONTE,SP,08/2026,866,2837,3031
353360,NUPORANGA,SP,08/2026,373,534,300
353370,OCAUÇU,SP,08/2026,337,537,294
353380,ÓLEO,SP,08/2026,183,270,250
353390,OLÍMPIA,SP,08/2026,3028,4687,5149
353400,ONDA VERDE,SP,08/2026,231,399,333
353410,ORIENTE,SP,08/2026,318,428,308
353420,ORINDIÚVA,SP,08/2026,251,411,311
353430,ORLÂNDIA,SP,08/2026,1057,1788,1224
353440,OSASCO,SP,08/2026,41262,63283,46651
353450,OSCAR BRESSANE,SP,08/2026,93,220,264
353460,OSVALDO CRUZ,SP,08/2026,591,1689,2096
353470,OURINHOS,SP,08/2026,4855,7500,5851
353475,OUROESTE,SP,08/2026,402,752,641
353480,OURO VERDE,SP,08/2026,959,1270,693
353490,PACAEMBU,SP,08/2026,601,825,586
353500,PALESTINA,SP,08/2026,577,969,717
353510,PALMARES PAULISTA,SP,08/2026,373,663,693
353520,PALMEIRA DOESTE,SP,08/2026,171,525,687
353530,PALMITAL,SP,08/2026,1519,2028,1178
353540,PANORAMA,SP,08/2026,1407,1949,1162
353550,PARAGUAÇU PAULISTA,SP,08/2026,3224,4543,3165
353560,PARAIBUNA,SP,08/2026,949,1797,1094
353570,PARAÍSO,SP,08/2026,129,307,523
353580,PARANAPANEMA,SP,08/2026,676,1587,1019
353590,PARANAPUÃ,SP,08/2026,376,550,316
353600,PARAPUÃ,SP,08/2026,489,1019,990
353610,PARDINHO,SP,08/2026,324,647,642
353620,PARIQUERA-AÇU,SP,08/2026,1163,2145,1652
353625,PARISI,SP,08/2026,167,307,496
353630,PATROCÍNIO PAULISTA,SP,08/2026,986,1455,926
353640,PAULICÉIA,SP,08/2026,770,1074,832
353650,PAULÍNIA,SP,08/2026,3911,5952,3435
353657,PAULISTÂNIA,SP,08/2026,136,230,165
353660,PAULO DE FARIA,SP,08/2026,621,912,696
353670,PEDERNEIRAS,SP,08/2026,1805,3313,2952
353680,PEDRA BELA,SP,08/2026,423,638,375
353690,PEDRANÓPOLIS,SP,08/2026,76,192,394
353700,PEDREGULHO,SP,08/2026,975,1670,1250
353710,PEDREIRA,SP,08/2026,1685,2671,1983
353715,PEDRINHAS PAULISTA,SP,08/2026,107,199,327
353720,PEDRO DE TOLEDO,SP,08/2026,994,1451,887
353730,PENÁPOLIS,SP,08/2026,3338,4893,2997
353740,PEREIRA BARRETO,SP,08/2026,1320,2003,1456
353750,PEREIRAS,SP,08/2026,192,617,697
353760,PERUÍBE,SP,08/2026,8681,12704,7151
353770,PIACATU,SP,08/2026,102,381,469
353780,PIEDADE,SP,08/2026,4607,6455,2801
353790,PILAR DO SUL,SP,08/2026,780,1986,1511
353800,PINDAMONHANGABA,SP,08/2026,10262,15465,8820
353810,PINDORAMA,SP,08/2026,439,828,881
353820,PINHALZINHO,SP,08/2026,671,1238,1300
353830,PIQUEROBI,SP,08/2026,273,407,293
353850,PIQUETE,SP,08/2026,823,1268,755
353860,PIRACAIA,SP,08/2026,1013,2107,1579
353870,PIRACICABA,SP,08/2026,12359,21318,15262
353880,PIRAJU,SP,08/2026,1583,2463,1187
353890,PIRAJUÍ,SP,08/2026,1689,2286,2029
353900,PIRANGI,SP,08/2026,319,553,386
353910,PIRAPORA DO BOM JESUS,SP,08/2026,1875,2608,1481
353920,PIRAPOZINHO,SP,08/2026,577,1274,1066
353930,PIRASSUNUNGA,SP,08/2026,2390,4239,3155
353940,PIRATININGA,SP,08/2026,435,927,988
353950,PITANGUEIRAS,SP,08/2026,1264,2564,1911
353960,PLANALTO,SP,08/2026,150,436,491
353970,PLATINA,SP,08/2026,299,454,335
353980,POÁ,SP,08/2026,10769,14400,9376
353990,POLONI,SP,08/2026,355,583,563
354000,POMPÉIA,SP,08/2026,614,1264,1833
354010,PONGAÍ,SP,08/2026,217,317,293
354020,PONTAL,SP,08/2026,1908,3319,2209
354025,PONTALINDA,SP,08/2026,216,444,474
354030,PONTES GESTAL,SP,08/2026,153,257,498
354040,POPULINA,SP,08/2026,262,417,436
354050,PORANGABA,SP,08/2026,452,906,703
354060,PORTO FELIZ,SP,08/2026,2622,3875,2866
354070,PORTO FERREIRA,SP,08/2026,1484,2787,2003
354075,POTIM,SP,08/2026,1575,2401,1323
354080,POTIRENDABA,SP,08/2026,567,1221,1306
354085,PRACINHA,SP,08/2026,212,286,215
354090,PRADÓPOLIS,SP,08/2026,1000,1451,835
354100,PRAIA GRANDE,SP,08/2026,17445,26688,15113
354105,PRATÂNIA,SP,08/2026,483,738,542
354110,PRESIDENTE ALVES,SP,08/2026,239,382,351
354120,PRESIDENTE BERNARDES,SP,08/2026,525,914,1135
354130,PRESIDENTE EPITÁCIO,SP,08/2026,2459,4109,4144
354140,PRESIDENTE PRUDENTE,SP,08/2026,9329,14936,11614
354150,PRESIDENTE VENCESLAU,SP,08/2026,905,1937,1647
354160,PROMISSÃO,SP,08/2026,1632,2526,1353
354165,QUADRA,SP,08/2026,353,526,325
354170,QUATÁ,SP,08/2026,840,1369,1191
354180,QUEIROZ,SP,08/2026,99,280,502
354190,QUELUZ,SP,08/2026,772,1165,774
354200,QUINTANA,SP,08/2026,423,681,532
354210,RAFARD,SP,08/2026,455,705,577
354220,RANCHARIA,SP,08/2026,1180,2242,1952
354230,REDENÇÃO DA SERRA,SP,08/2026,411,658,365
354240,REGENTE FEIJÓ,SP,08/2026,695,1247,1124
354250,REGINÓPOLIS,SP,08/2026,258,466,452
354260,REGISTRO,SP,08/2026,5285,7893,4784
354270,RESTINGA,SP,08/2026,534,818,614
354280,RIBEIRA,SP,08/2026,451,588,298
354290,RIBEIRÃO BONITO,SP,08/2026,504,880,555
354300,RIBEIRÃO BRANCO,SP,08/2026,2415,3644,1203
354310,RIBEIRÃO CORRENTE,SP,08/2026,546,756,342
354320,RIBEIRÃO DO SUL,SP,08/2026,338,546,505
354323,RIBEIRÃO DOS ÍNDIOS,SP,08/2026,172,262,282
354325,RIBEIRÃO GRANDE,SP,08/2026,242,728,878
354330,RIBEIRÃO PIRES,SP,08/2026,4486,6902,5414
354340,RIBEIRÃO PRETO,SP,08/2026,24493,37885,28776
354350,RIVERSUL,SP,08/2026,655,1015,562
354360,RIFAINA,SP,08/2026,268,447,383
354370,RINCÃO,SP,08/2026,451,703,459
354380,RINÓPOLIS,SP,08/2026,72,290,244
354390,RIO CLARO,SP,08/2026,6993,11158,10065
354400,RIO DAS PEDRAS,SP,08/2026,384,1061,945
354410,RIO GRANDE DA SERRA,SP,08/2026,3695,5396,3676
354420,RIOLÂNDIA,SP,08/2026,431,925,718
354425,ROSANA,SP,08/2026,1558,2193,1838
354430,ROSEIRA,SP,08/2026,901,1345,1003
354440,RUBIÁCEA,SP,08/2026,201,322,378
354450,RUBINÉIA,SP,08/2026,201,374,486
354460,SABINO,SP,08/2026,253,471,417
354470,SAGRES,SP,08/2026,127,214,281
354480,SALES,SP,08/2026,532,861,888
354490,SALES OLIVEIRA,SP,08/2026,331,584,422
354500,SALESÓPOLIS,SP,08/2026,1181,1963,1355
354510,SALMOURÃO,SP,08/2026,240,429,450
354515,SALTINHO,SP,08/2026,91,266,325
354520,SALTO,SP,08/2026,3958,6491,5308
354530,SALTO DE PIRAPORA,SP,08/2026,3059,4592,3371
354540,SALTO GRANDE,SP,08/2026,345,790,733
354550,SANDOVALINA,SP,08/2026,414,652,626
354560,SANTA ADÉLIA,SP,08/2026,776,1191,1756
354570,SANTA ALBERTINA,SP,08/2026,63,255,456
354580,SANTA BÁRBARA DOESTE,SP,08/2026,3550,6133,5126
354600,SANTA BRANCA,SP,08/2026,811,1466,1238
354610,SANTA CLARA DOESTE,SP,08/2026,153,261,375
354620,SANTA CRUZ DA CONCEIÇÃO,SP,08/2026,193,315,312
354625,SANTA CRUZ DA ESPERANÇA,SP,08/2026,70,149,237
354630,SANTA CRUZ DAS PALMEIRAS,SP,08/2026,1548,2485,1433
354640,SANTA CRUZ DO RIO PARDO,SP,08/2026,1580,2867,1870
354650,SANTA ERNESTINA,SP,08/2026,430,570,417
354660,SANTA FÉ DO SUL,SP,08/2026,680,1635,1472
354670,SANTA GERTRUDES,SP,08/2026,354,801,733
354680,SANTA ISABEL,SP,08/2026,3707,5268,3093
354690,SANTA LÚCIA,SP,08/2026,255,405,262
354700,SANTA MARIA DA SERRA,SP,08/2026,386,628,504
354710,SANTA MERCEDES,SP,08/2026,195,327,356
354720,SANTANA DA PONTE PENSA,SP,08/2026,70,140,253
354730,SANTANA DE PARNAÍBA,SP,08/2026,5982,10039,7371
354740,SANTA RITA DOESTE,SP,08/2026,43,104,206
354750,SANTA RITA DO PASSA QUATRO,SP,08/2026,901,1541,1387
354760,SANTA ROSA DE VITERBO,SP,08/2026,889,1629,1513
354765,SANTA SALETE,SP,08/2026,62,110,232
354770,SANTO ANASTÁCIO,SP,08/2026,1092,1743,1288
354780,SANTO ANDRÉ,SP,08/2026,39080,52629,36008
354790,SANTO ANTÔNIO DA ALEGRIA,SP,08/2026,524,785,459
354800,SANTO ANTÔNIO DE POSSE,SP,08/2026,1094,1932,1534
354805,SANTO ANTÔNIO DO ARACANGUÁ,SP,08/2026,573,897,890
354810,SANTO ANTÔNIO DO JARDIM,SP,08/2026,214,369,213
354820,SANTO ANTÔNIO DO PINHAL,SP,08/2026,284,720,516
354830,SANTO EXPEDITO,SP,08/2026,176,296,385
354840,SANTÓPOLIS DO AGUAPEÍ,SP,08/2026,253,434,360
354850,SANTOS,SP,08/2026,15538,21656,13573
354860,SÃO BENTO DO SAPUCAÍ,SP,08/2026,579,1112,1049
354870,SÃO BERNARDO DO CAMPO,SP,08/2026,34935,53029,42585
354880,SÃO CAETANO DO SUL,SP,08/2026,2006,3988,5086
354890,SÃO CARLOS,SP,08/2026,11374,17096,12250
354900,SÃO FRANCISCO,SP,08/2026,66,216,248
354910,SÃO JOÃO DA BOA VISTA,SP,08/2026,2001,3886,3987
354920,SÃO JOÃO DAS DUAS PONTES,SP,08/2026,71,170,387
354925,SÃO JOÃO DE IRACEMA,SP,08/2026,33,114,164
354930,SÃO JOÃO DO PAU DALHO,SP,08/2026,107,174,300
354940,SÃO JOAQUIM DA BARRA,SP,08/2026,1739,2806,1790
354950,SÃO JOSÉ DA BELA VISTA,SP,08/2026,830,1155,659
354960,SÃO JOSÉ DO BARREIRO,SP,08/2026,290,557,428
354970,SÃO JOSÉ DO RIO PARDO,SP,08/2026,2485,3679,2322
354980,SÃO JOSÉ DO RIO PRETO,SP,08/2026,18928,28200,23965
354990,SÃO JOSÉ DOS CAMPOS,SP,08/2026,38238,57798,47357
354995,SÃO LOURENÇO DA SERRA,SP,08/2026,1864,2405,1665
355000,SÃO LUIZ DO PARAITINGA,SP,08/2026,639,1125,754
355010,SÃO MANUEL,SP,08/2026,1743,2875,3257
355020,SÃO MIGUEL ARCANJO,SP,08/2026,1123,2536,1450
355030,SÃO PAULO,SP,08/2026,684926,1070916,737713
355040,SÃO PEDRO,SP,08/2026,1975,2892,2117
355050,SÃO PEDRO DO TURVO,SP,08/2026,226,741,573
355060,SÃO ROQUE,SP,08/2026,2813,5130,4269
355070,SÃO SEBASTIÃO,SP,08/2026,7181,10458,5674
355080,SÃO SEBASTIÃO DA GRAMA,SP,08/2026,152,590,653
355090,SÃO SIMÃO,SP,08/2026,725,1095,786
355100,SÃO VICENTE,SP,08/2026,26340,35038,17273
355110,SARAPUÍ,SP,08/2026,232,758,905
355120,SARUTAIÁ,SP,08/2026,272,483,459
355130,SEBASTIANÓPOLIS DO SUL,SP,08/2026,262,385,602
355140,SERRA AZUL,SP,08/2026,1135,1509,850
355150,SERRANA,SP,08/2026,2957,4352,2699
355160,SERRA NEGRA,SP,08/2026,902,1878,1807
355170,SERTÃOZINHO,SP,08/2026,6870,10111,6923
355180,SETE BARRAS,SP,08/2026,1519,2292,1334
355190,SEVERÍNIA,SP,08/2026,1001,1501,1214
355200,SILVEIRAS,SP,08/2026,664,971,480
355210,SOCORRO,SP,08/2026,1682,2500,1807
355220,SOROCABA,SP,08/2026,33722,50001,34402
355230,SUD MENNUCCI,SP,08/2026,349,587,1048
355240,SUMARÉ,SP,08/2026,12763,19021,13645
355250,SUZANO,SP,08/2026,24480,35854,21879
355255,SUZANÁPOLIS,SP,08/2026,229,370,648
355260,TABAPUÃ,SP,08/2026,600,905,864
355270,TABATINGA,SP,08/2026,578,1008,813
355280,TABOÃO DA SERRA,SP,08/2026,15861,24606,20107
355290,TACIBA,SP,08/2026,415,705,812
355300,TAGUAÍ,SP,08/2026,501,1209,534
355310,TAIAÇU,SP,08/2026,400,569,364
355320,TAIÚVA,SP,08/2026,182,368,323
355330,TAMBAÚ,SP,08/2026,1649,2324,1456
355340,TANABI,SP,08/2026,1274,2494,2109
355350,TAPIRAÍ,SP,08/2026,657,1108,672
355360,TAPIRATIBA,SP,08/2026,605,940,740
355365,TAQUARAL,SP,08/2026,76,154,308
355370,TAQUARITINGA,SP,08/2026,2827,4523,3163
355380,TAQUARITUBA,SP,08/2026,973,2032,1507
355385,TAQUARIVAÍ,SP,08/2026,716,1140,556
355390,TARABAI,SP,08/2026,328,542,320
355395,TARUMÃ,SP,08/2026,562,1020,975
355400,TATUÍ,SP,08/2026,5521,9085,5879
355410,TAUBATÉ,SP,08/2026,11566,19006,12798
355420,TEJUPÁ,SP,08/2026,226,467,253
355430,TEODORO SAMPAIO,SP,08/2026,1791,2680,2002
355440,TERRA ROXA,SP,08/2026,228,411,464
355450,TIETÊ,SP,08/2026,1199,2241,2592
355460,TIMBURI,SP,08/2026,223,349,327
355465,TORRE DE PEDRA,SP,08/2026,195,337,215
355470,TORRINHA,SP,08/2026,293,628,901
355475,TRABIJU,SP,08/2026,155,225,187
355480,TREMEMBÉ,SP,08/2026,2237,3476,2064
355490,TRÊS FRONTEIRAS,SP,08/2026,271,503,588
355495,TUIUTI,SP,08/2026,391,661,608
355500,TUPÃ,SP,08/2026,2732,4635,5347
355510,TUPI PAULISTA,SP,08/2026,587,966,1119
355520,TURIÚBA,SP,08/2026,81,184,280
355530,TURMALINA,SP,08/2026,107,158,251
355535,UBARANA,SP,08/2026,212,449,351
355540,UBATUBA,SP,08/2026,9249,12669,6509
355550,UBIRAJARA,SP,08/2026,430,633,355
355560,UCHOA,SP,08/2026,125,654,864
355570,UNIÃO PAULISTA,SP,08/2026,112,199,213
355580,URÂNIA,SP,08/2026,120,489,960
355590,URU,SP,08/2026,63,106,78
355600,URUPÊS,SP,08/2026,415,885,601
355610,VALENTIM GENTIL,SP,08/2026,522,1065,1313
355620,VALINHOS,SP,08/2026,2858,4341,3193
355630,VALPARAÍSO,SP,08/2026,1498,2106,1348
355635,VARGEM,SP,08/2026,383,736,696
355640,VARGEM GRANDE DO SUL,SP,08/2026,1576,2828,2215
355645,VARGEM GRANDE PAULISTA,SP,08/2026,1457,2701,2323
355650,VÁRZEA PAULISTA,SP,08/2026,4547,7029,4962
355660,VERA CRUZ,SP,08/2026,383,719,859
355670,VINHEDO,SP,08/2026,1876,3377,3409
355680,VIRADOURO,SP,08/2026,367,978,1486
355690,VISTA ALEGRE DO ALTO,SP,08/2026,333,575,428
355695,VITÓRIA BRASIL,SP,08/2026,48,146,203
355700,VOTORANTIM,SP,08/2026,5287,8525,4964
355710,VOTUPORANGA,SP,08/2026,4030,6430,6285
355715,ZACARIAS,SP,08/2026,146,268,343
355720,CHAVANTES,SP,08/2026,636,1059,761
355730,ESTIVA GERBI,SP,08/2026,565,858,583
170025,ABREULÂNDIA,TO,08/2026,154,376,481
170030,AGUIARNÓPOLIS,TO,08/2026,350,700,465
170035,ALIANÇA DO TOCANTINS,TO,08/2026,522,840,695
170040,ALMAS,TO,08/2026,896,1373,944
170070,ALVORADA,TO,08/2026,857,1371,1285
170100,ANANÁS,TO,08/2026,1607,2153,1124
170105,ANGICO,TO,08/2026,176,392,362
170110,APARECIDA DO RIO NEGRO,TO,08/2026,627,900,609
170130,ARAGOMINAS,TO,08/2026,705,1040,847
170190,ARAGUACEMA,TO,08/2026,688,1109,705
170200,ARAGUAÇU,TO,08/2026,499,966,998
170210,ARAGUAÍNA,TO,08/2026,9575,20677,16164
170215,ARAGUANÃ,TO,08/2026,652,880,589
170220,ARAGUATINS,TO,08/2026,2815,5093,2383
170230,ARAPOEMA,TO,08/2026,685,979,691
170240,ARRAIAS,TO,08/2026,1718,2241,1563
170255,AUGUSTINÓPOLIS,TO,08/2026,1801,2763,1495
170270,AURORA DO TOCANTINS,TO,08/2026,360,558,465
170290,AXIXÁ DO TOCANTINS,TO,08/2026,1985,2629,973
170300,BABAÇULÂNDIA,TO,08/2026,1057,1470,852
170305,BANDEIRANTES DO TOCANTINS,TO,08/2026,344,543,413
170307,BARRA DO OURO,TO,08/2026,632,985,568
170310,BARROLÂNDIA,TO,08/2026,698,1041,848
170320,BERNARDO SAYÃO,TO,08/2026,422,717,502
170330,BOM JESUS DO TOCANTINS,TO,08/2026,781,1049,412
170360,BRASILÂNDIA DO TOCANTINS,TO,08/2026,279,415,325
170370,BREJINHO DE NAZARÉ,TO,08/2026,621,903,575
170380,BURITI DO TOCANTINS,TO,08/2026,868,1403,797
170382,CACHOEIRINHA,TO,08/2026,267,423,270
170384,CAMPOS LINDOS,TO,08/2026,794,1325,761
170386,CARIRI DO TOCANTINS,TO,08/2026,214,481,587
170388,CARMOLÂNDIA,TO,08/2026,343,514,412
170389,CARRASCO BONITO,TO,08/2026,399,628,322
170390,CASEARA,TO,08/2026,640,911,628
170410,CENTENÁRIO,TO,08/2026,303,414,302
170460,CHAPADA DE AREIA,TO,08/2026,245,345,267
170510,CHAPADA DA NATIVIDADE,TO,08/2026,452,638,425
170550,COLINAS DO TOCANTINS,TO,08/2026,3465,5442,3444
170555,COMBINADO,TO,08/2026,616,930,641
170560,CONCEIÇÃO DO TOCANTINS,TO,08/2026,449,689,394
170600,COUTO MAGALHÃES,TO,08/2026,741,1119,944
170610,CRISTALÂNDIA,TO,08/2026,734,1072,840
170625,CRIXÁS DO TOCANTINS,TO,08/2026,147,289,270
170650,DARCINÓPOLIS,TO,08/2026,925,1304,675
170700,DIANÓPOLIS,TO,08/2026,1319,2355,1652
170710,DIVINÓPOLIS DO TOCANTINS,TO,08/2026,833,1198,834
170720,DOIS IRMÃOS DO TOCANTINS,TO,08/2026,866,1227,865
170730,DUERÉ,TO,08/2026,565,802,552
170740,ESPERANTINA,TO,08/2026,1478,1894,848
170755,FÁTIMA,TO,08/2026,337,548,379
170765,FIGUEIRÓPOLIS,TO,08/2026,519,755,585
170770,FILADÉLFIA,TO,08/2026,1048,1427,686
170820,FORMOSO DO ARAGUAIA,TO,08/2026,1908,3010,1973
170825,FORTALEZA DO TABOCÃO,TO,08/2026,602,822,568
170830,GOIANORTE,TO,08/2026,484,841,595
170900,GOIATINS,TO,08/2026,2060,2787,1036
170930,GUARAÍ,TO,08/2026,1871,3215,2267
170950,GURUPI,TO,08/2026,2784,7452,6963
170980,IPUEIRAS,TO,08/2026,159,286,276
171050,ITACAJÁ,TO,08/2026,1054,1396,625
171070,ITAGUATINS,TO,08/2026,894,1247,599
171090,ITAPIRATINS,TO,08/2026,387,641,364
171110,ITAPORÃ DO TOCANTINS,TO,08/2026,286,406,283
171150,JAÚ DO TOCANTINS,TO,08/2026,239,423,479
171180,JUARINA,TO,08/2026,228,443,390
171190,LAGOA DA CONFUSÃO,TO,08/2026,1828,2380,758
171195,LAGOA DO TOCANTINS,TO,08/2026,415,618,375
171200,LAJEADO,TO,08/2026,174,412,360
171215,LAVANDEIRA,TO,08/2026,220,340,183
171240,LIZARDA,TO,08/2026,356,537,394
171245,LUZINÓPOLIS,TO,08/2026,226,446,338
171250,MARIANÓPOLIS DO TOCANTINS,TO,08/2026,433,719,631
171270,MATEIROS,TO,08/2026,282,452,264
171280,MAURILÂNDIA DO TOCANTINS,TO,08/2026,497,688,357
171320,MIRACEMA DO TOCANTINS,TO,08/2026,1292,2434,1947
171330,MIRANORTE,TO,08/2026,1105,1906,1530
171360,MONTE DO CARMO,TO,08/2026,713,1075,872
171370,MONTE SANTO DO TOCANTINS,TO,08/2026,252,418,356
171380,PALMEIRAS DO TOCANTINS,TO,08/2026,648,967,596
171395,MURICILÂNDIA,TO,08/2026,553,746,569
171420,NATIVIDADE,TO,08/2026,1003,1535,953
171430,NAZARÉ,TO,08/2026,465,766,549
171488,NOVA OLINDA,TO,08/2026,1161,1888,1127
171500,NOVA ROSALÂNDIA,TO,08/2026,230,462,484
171510,NOVO ACORDO,TO,08/2026,523,760,412
171515,NOVO ALEGRE,TO,08/2026,231,340,271
171525,NOVO JARDIM,TO,08/2026,241,413,333
171550,OLIVEIRA DE FÁTIMA,TO,08/2026,106,199,171
171570,PALMEIRANTE,TO,08/2026,503,962,698
171575,PALMEIRÓPOLIS,TO,08/2026,364,931,738
171610,PARAÍSO DO TOCANTINS,TO,08/2026,949,3838,3207
171620,PARANÃ,TO,08/2026,1837,2421,1363
171630,PAU DARCO,TO,08/2026,510,764,602
171650,PEDRO AFONSO,TO,08/2026,925,1779,1329
171660,PEIXE,TO,08/2026,1167,1597,1177
171665,PEQUIZEIRO,TO,08/2026,399,805,640
171670,COLMÉIA,TO,08/2026,842,1356,1041
171700,PINDORAMA DO TOCANTINS,TO,08/2026,541,804,558
171720,PIRAQUÊ,TO,08/2026,313,464,346
171750,PIUM,TO,08/2026,416,882,705
171780,PONTE ALTA DO BOM JESUS,TO,08/2026,510,772,623
171790,PONTE ALTA DO TOCANTINS,TO,08/2026,592,985,561
171800,PORTO ALEGRE DO TOCANTINS,TO,08/2026,309,464,349
171820,PORTO NACIONAL,TO,08/2026,4378,8382,5595
171830,PRAIA NORTE,TO,08/2026,861,1266,569
171840,PRESIDENTE KENNEDY,TO,08/2026,256,444,406
171845,PUGMIL,TO,08/2026,318,459,344
171850,RECURSOLÂNDIA,TO,08/2026,805,949,254
171855,RIACHINHO,TO,08/2026,404,681,499
171865,RIO DA CONCEIÇÃO,TO,08/2026,225,358,219
171870,RIO DOS BOIS,TO,08/2026,309,517,439
171875,RIO SONO,TO,08/2026,867,1208,655
171880,SAMPAIO,TO,08/2026,915,1238,598
171884,SANDOLÂNDIA,TO,08/2026,552,830,574
171886,SANTA FÉ DO ARAGUAIA,TO,08/2026,509,1034,788
171888,SANTA MARIA DO TOCANTINS,TO,08/2026,208,345,274
171889,SANTA RITA DO TOCANTINS,TO,08/2026,156,290,277
171890,SANTA ROSA DO TOCANTINS,TO,08/2026,552,802,700
171900,SANTA TEREZA DO TOCANTINS,TO,08/2026,254,455,334
172000,SANTA TEREZINHA DO TOCANTINS,TO,08/2026,150,359,271
172010,SÃO BENTO DO TOCANTINS,TO,08/2026,925,1312,713
172015,SÃO FÉLIX DO TOCANTINS,TO,08/2026,113,249,210
172020,SÃO MIGUEL DO TOCANTINS,TO,08/2026,1753,2649,1086
172025,SÃO SALVADOR DO TOCANTINS,TO,08/2026,339,508,373
172030,SÃO SEBASTIÃO DO TOCANTINS,TO,08/2026,609,918,518
172049,SÃO VALÉRIO,TO,08/2026,613,882,625
172065,SILVANÓPOLIS,TO,08/2026,733,1014,657
172080,SÍTIO NOVO DO TOCANTINS,TO,08/2026,1330,1902,1019
172085,SUCUPIRA,TO,08/2026,97,204,255
172090,TAGUATINGA,TO,08/2026,2471,3225,1724
172093,TAIPAS DO TOCANTINS,TO,08/2026,156,286,203
172097,TALISMÃ,TO,08/2026,138,296,361
172100,PALMAS,TO,08/2026,19451,34649,29214
172110,TOCANTÍNIA,TO,08/2026,1222,1649,620
172120,TOCANTINÓPOLIS,TO,08/2026,2596,4016,2259
172125,TUPIRAMA,TO,08/2026,217,315,250
172130,TUPIRATINS,TO,08/2026,126,260,287
172208,WANDERLÂNDIA,TO,08/2026,1311,1839,1134
172210,XAMBIOÁ,TO,08/2026,1561,2084,1383
