CO_MUNICIPIO,NO_MUNICIPIO,SG_UF,REGIAO,CLUSTER,PC_ALUNO_ALFABETIZADO,DISTANCIA_META_2030,PC_FAMILIAS_POBREZA,RENDA_PER_CAPITA_MEDIA,MEDIA_INSE,PC_ESCOLAS_BIBLIOTECA,PC_ESCOLAS_LAB_INFORMATICA,PC_ESCOLAS_INTERNET_ALUNOS
1100015,Alta Floresta D'Oeste,RO,Norte,1,78.15,-1.85,19.69309462915601,1210.6,4.898461538461539,0.23076923076923078,0.19230769230769232,0.46153846153846156
1100023,Ariquemes,RO,Norte,1,79.5,-0.5,25.030112419700213,1458.57,4.8789655172413795,0.6181818181818182,0.7636363636363637,0.8
1100031,Cabixi,RO,Norte,1,86.89,6.89,18.83967560823456,1323.79,4.9525,0.6666666666666666,0.5555555555555556,0.6666666666666666
1100049,Cacoal,RO,Norte,1,84.77,4.77,19.983556190228917,1625.88,4.949677419354838,0.5373134328358209,0.4925373134328358,0.7014925373134329
1100056,Cerejeiras,RO,Norte,1,89.69,9.69,20.074435915329147,1554.33,5.0275,0.4666666666666667,0.5333333333333333,0.6666666666666666
1100064,Colorado Do Oeste,RO,Norte,1,78.27,-1.73,11.21246674268339,1666.54,5.135,0.6666666666666666,0.4,0.7333333333333333
1100072,Corumbiara,RO,Norte,1,91.15,11.15,11.82205971968312,1234.62,4.881428571428572,0.5,0.75,0.75
1100080,Costa Marques,RO,Norte,0,75.04,-4.96,29.858356940509918,1088.06,4.753333333333333,0.5714285714285714,0.2857142857142857,0.42857142857142855
1100098,Espigão D'Oeste,RO,Norte,1,81.85,1.85,11.978253244475622,1371.66,4.833333333333333,0.5416666666666666,0.4166666666666667,0.9583333333333334
1100106,Guajará-Mirim,RO,Norte,0,71.04,-8.96,31.426530744756835,1035.94,4.768888888888889,0.3114754098360656,0.29508196721311475,0.4098360655737705
1100114,Jaru,RO,Norte,1,87.39,7.39,16.379115497626763,1406.29,4.8986363636363635,0.42857142857142855,0.42857142857142855,0.7380952380952381
1100122,Ji-Paraná,RO,Norte,1,75.63,-4.37,21.78574729642296,1437.55,4.9676086956521734,0.5252525252525253,0.5757575757575758,0.6868686868686869
1100130,Machadinho D'Oeste,RO,Norte,1,67.72,-12.28,16.643467886259693,1047.39,4.696666666666666,0.25,0.3333333333333333,0.4166666666666667
1100148,Nova Brasilândia D'Oeste,RO,Norte,1,86.67,6.67,22.44501940491591,981.78,4.917142857142857,0.7272727272727273,0.9090909090909091,0.9090909090909091
1100155,Ouro Preto Do Oeste,RO,Norte,1,86.25,6.25,20.996479248906432,1389.04,4.979333333333333,0.5833333333333334,0.5416666666666666,0.75
1100189,Pimenta Bueno,RO,Norte,1,82.34,2.34,13.976985686219479,1389.7,5.042142857142857,0.41379310344827586,0.4827586206896552,0.5517241379310345
1100205,Porto Velho,RO,Norte,1,61.86,-18.14,28.645571249692814,1459.81,4.912746478873239,0.5152542372881356,0.43050847457627117,0.5016949152542373
1100254,Presidente Médici,RO,Norte,1,82.6,2.6,18.762367332254,1164.63,4.927,0.7647058823529411,0.6470588235294118,0.7058823529411765
1100262,Rio Crespo,RO,Norte,1,67.88,-12.12,14.451476793248947,1244.38,4.835,0.3333333333333333,0.3333333333333333,0.3333333333333333
1100288,Rolim De Moura,RO,Norte,1,87.17,7.17,13.18051575931232,1446.88,5.036,0.6,0.6,0.6666666666666666
1100296,Santa Luzia D'Oeste,RO,Norte,1,94.7,14.7,15.492957746478872,1110.56,4.865,0.6666666666666666,0.5,0.6666666666666666
1100304,Vilhena,RO,Norte,1,78.47,-1.53,16.012477255003898,1650.51,5.152666666666667,0.43103448275862066,0.4482758620689655,0.5
1100320,São Miguel Do Guaporé,RO,Norte,1,85.43,5.43,15.944272445820435,1303.07,4.846363636363637,0.4117647058823529,0.47058823529411764,0.5294117647058824
1100338,Nova Mamoré,RO,Norte,0,72.5,-7.5,27.00729927007299,1152.19,4.692727272727272,0.375,0.3125,0.34375
1100346,Alvorada D'Oeste,RO,Norte,1,79.8,-0.2,21.95230666369512,1223.18,4.948333333333333,0.42857142857142855,0.42857142857142855,0.35714285714285715
1100379,Alto Alegre Dos Parecis,RO,Norte,1,87.9,7.9,11.9449378330373,1173.26,4.7749999999999995,0.4166666666666667,0.16666666666666666,0.5
1100403,Alto Paraíso,RO,Norte,1,75.45,-4.55,23.358535614803024,1185.26,4.87125,0.4,0.4,0.7
1100452,Buritis,RO,Norte,1,76.0,-4.0,19.95528228060369,1219.49,4.850833333333333,0.5555555555555556,0.3888888888888889,0.4444444444444444
1100502,Novo Horizonte Do Oeste,RO,Norte,1,84.97,4.97,14.968722073279714,1102.33,4.88,0.8571428571428571,0.7142857142857143,0.7142857142857143
1100601,Cacaulândia,RO,Norte,1,90.07,10.07,13.171449595290655,1187.1,4.8625,0.6,0.4,0.6
1100700,Campo Novo De Rondônia,RO,Norte,1,81.15,1.15,16.907577748576436,1004.63,4.806666666666667,0.75,0.125,0.375
1100809,Candeias Do Jamari,RO,Norte,2,61.95,-18.05,30.051768766177737,927.05,4.748,0.15789473684210525,0.2631578947368421,0.3157894736842105
1100908,Castanheiras,RO,Norte,1,77.45,-2.55,19.157088122605366,1163.49,4.9,0.3333333333333333,0.3333333333333333,0.3333333333333333
1100924,Chupinguaia,RO,Norte,1,74.24,-5.76,26.760082023239917,1275.25,4.953333333333333,0.09090909090909091,0.2727272727272727,0.5454545454545454
1100940,Cujubim,RO,Norte,0,88.93,8.93,23.466771839873793,1152.39,4.775,0.2857142857142857,0.2857142857142857,0.42857142857142855
1101005,Governador Jorge Teixeira,RO,Norte,0,93.15,13.15,20.3860480866915,943.98,4.768,0.4444444444444444,0.2222222222222222,0.5555555555555556
1101104,Itapuã Do Oeste,RO,Norte,1,85.43,5.43,21.69873921698739,1014.42,4.583333333333333,0.2222222222222222,0.5555555555555556,0.4444444444444444
1101203,Ministro Andreazza,RO,Norte,1,84.09,4.09,25.948018747337027,1209.48,4.97,0.5714285714285714,0.2857142857142857,0.42857142857142855
1101302,Mirante Da Serra,RO,Norte,1,86.69,6.69,15.810895428929243,1199.72,4.824,0.5,0.4,0.7
1101401,Monte Negro,RO,Norte,1,79.62,-0.38,24.768779607489286,1241.8,4.898571428571429,0.4444444444444444,0.6666666666666666,0.3333333333333333
1101435,Nova União,RO,Norte,0,87.71,7.71,25.918836140888207,920.17,4.8149999999999995,0.2,0.2,0.4
1101450,Parecis,RO,Norte,1,82.45,2.45,17.45318352059925,1014.39,4.9350000000000005,0.3333333333333333,0.16666666666666666,0.8333333333333334
1101468,Pimenteiras Do Oeste,RO,Norte,0,79.58,-0.42,22.589792060491494,911.62,4.76,0.3333333333333333,0.3333333333333333,0.3333333333333333
1101476,Primavera De Rondônia,RO,Norte,1,81.01,1.01,16.930379746835442,919.32,5.0,0.6,0.6,0.4
1101484,São Felipe D'Oeste,RO,Norte,1,84.3,4.3,10.413793103448276,1362.82,5.0,0.8,0.8,0.8
1101492,São Francisco Do Guaporé,RO,Norte,1,86.03,6.03,18.10887009325526,1172.03,4.9557142857142855,0.2857142857142857,0.6428571428571429,0.6428571428571429
1101500,Seringueiras,RO,Norte,1,81.51,1.51,18.29975158708253,1027.63,4.8566666666666665,0.45454545454545453,0.6363636363636364,0.8181818181818182
1101559,Teixeirópolis,RO,Norte,1,88.17,8.17,20.91280653950954,1179.05,4.87,0.6666666666666666,0.3333333333333333,0.3333333333333333
1101609,Theobroma,RO,Norte,1,86.26,6.26,14.953703703703702,1102.84,4.744,0.125,0.625,0.625
1101708,Urupá,RO,Norte,1,79.23,-0.77,24.976377952755904,1121.21,4.838333333333334,0.4444444444444444,0.4444444444444444,0.6666666666666666
1101757,Vale Do Anari,RO,Norte,0,73.98,-6.02,24.078212290502794,1095.38,4.865,0.3333333333333333,0.16666666666666666,0.3333333333333333
1101807,Vale Do Paraíso,RO,Norte,1,79.0,-1.0,21.389847215377035,1218.98,4.8075,0.6666666666666666,0.5,0.6666666666666666
1200013,Acrelândia,AC,Norte,0,68.7,-11.3,30.728412928123493,880.5,4.685555555555556,0.18181818181818182,0.09090909090909091,0.18181818181818182
1200054,Assis Brasil,AC,Norte,0,71.71,-8.29,38.34066624764299,775.86,4.44,0.0,0.018518518518518517,0.018518518518518517
1200104,Brasiléia,AC,Norte,0,71.27,-8.73,37.95702134009849,914.18,4.6054545454545455,0.023809523809523808,0.047619047619047616,0.09523809523809523
1200138,Bujari,AC,Norte,2,35.56,-44.44,31.40303842716711,709.71,4.341666666666666,0.03333333333333333,0.06666666666666667,0.1
1200179,Capixaba,AC,Norte,2,44.66,-35.34,32.046402030088814,806.69,4.386666666666667,0.0,0.14285714285714285,0.14285714285714285
1200203,Cruzeiro Do Sul,AC,Norte,2,59.49,-20.51,37.88229246980211,905.21,4.488305084745763,0.07058823529411765,0.10588235294117647,0.35294117647058826
1200252,Epitaciolândia,AC,Norte,0,71.86,-8.14,33.393326872490654,1026.76,4.71,0.09523809523809523,0.0,0.19047619047619047
1200302,Feijó,AC,Norte,0,78.72,-1.28,38.268568617806196,610.92,4.1825,0.006622516556291391,0.039735099337748346,0.10596026490066225
1200328,Jordão,AC,Norte,2,64.54,-15.46,41.30380691714357,542.04,4.0566666666666675,0.0,0.0,0.014492753623188406
1200336,Mâncio Lima,AC,Norte,2,58.34,-21.66,42.228793199038996,695.9,4.265,0.0,0.044444444444444446,0.3111111111111111
1200344,Manoel Urbano,AC,Norte,2,60.42,-19.58,37.207881472430124,622.38,4.444,0.046511627906976744,0.023255813953488372,0.046511627906976744
1200351,Marechal Thaumaturgo,AC,Norte,0,77.01,-2.99,40.53859100745372,516.91,3.640625,0.0,0.0,0.07017543859649122
1200385,Plácido De Castro,AC,Norte,2,55.75,-24.25,31.281533804238144,992.54,4.556363636363637,0.09090909090909091,0.18181818181818182,0.22727272727272727
1200393,Porto Walter,AC,Norte,0,73.31,-6.69,42.0981971614883,603.27,3.9799999999999995,0.0,0.06666666666666667,0.08888888888888889
1200401,Rio Branco,AC,Norte,2,69.25,-10.75,32.020130216327125,1436.01,4.768936170212766,0.10948905109489052,0.32116788321167883,0.3467153284671533
1200427,Rodrigues Alves,AC,Norte,0,67.07,-12.93,39.470736488378606,633.26,3.953076923076923,0.027777777777777776,0.05555555555555555,0.1111111111111111
1200435,Santa Rosa Do Purus,AC,Norte,0,66.63,-13.37,36.65467625899281,449.8,4.0,0.03225806451612903,0.016129032258064516,0.0
1200450,Senador Guiomard,AC,Norte,2,54.42,-25.58,32.94569391113549,974.21,4.594117647058823,0.03333333333333333,0.13333333333333333,0.3
1200500,Sena Madureira,AC,Norte,0,77.18,-2.82,38.40694362822657,794.44,4.50421052631579,0.044444444444444446,0.022222222222222223,0.06666666666666667
1200609,Tarauacá,AC,Norte,0,66.27,-13.73,39.470365699873895,604.36,4.204444444444444,0.043478260869565216,0.07608695652173914,0.10869565217391304
1200708,Xapuri,AC,Norte,0,69.89,-10.11,33.68170392909115,898.65,4.484,0.017543859649122806,0.05263157894736842,0.07017543859649122
1200807,Porto Acre,AC,Norte,2,56.64,-23.36,37.5335585000433,733.17,4.44375,0.03571428571428571,0.10714285714285714,0.10714285714285714
1300029,Alvarães,AM,Norte,0,67.85,-12.15,38.88610763454318,494.91,3.9033333333333338,0.11290322580645161,0.016129032258064516,0.11290322580645161
1300060,Amaturá,AM,Norte,0,72.27,-7.73,35.35279448437729,556.4,3.5383333333333336,0.14285714285714285,0.10714285714285714,0.32142857142857145
1300086,Anamã,AM,Norte,2,63.24,-16.76,39.81196054254008,559.76,4.159166666666667,0.3333333333333333,0.1,0.06666666666666667
1300102,Anori,AM,Norte,0,85.46,5.46,41.36824154880128,624.85,4.167777777777777,0.3684210526315789,0.2631578947368421,0.05263157894736842
1300144,Apuí,AM,Norte,2,58.38,-21.62,28.360435625839177,1009.03,4.604444444444444,0.5333333333333333,0.2,0.06666666666666667
1300201,Atalaia Do Norte,AM,Norte,2,63.81,-16.19,33.249613601236476,556.2,3.8350000000000004,0.16216216216216217,0.08108108108108109,0.02702702702702703
1300300,Autazes,AM,Norte,2,37.11,-42.89,42.06024544440312,649.03,4.185862068965517,0.3157894736842105,0.15789473684210525,0.14035087719298245
1300409,Barcelos,AM,Norte,2,57.95,-22.05,35.87411750628216,595.57,4.03090909090909,0.09090909090909091,0.09090909090909091,0.09090909090909091
1300508,Barreirinha,AM,Norte,2,36.7,-43.3,38.44820413257523,521.15,3.684137931034483,0.05555555555555555,0.08333333333333333,0.19444444444444445
1300607,Benjamin Constant,AM,Norte,0,68.16,-11.84,39.773860991020946,576.24,3.7331250000000002,0.1282051282051282,0.08974358974358974,0.05128205128205128
1300631,Beruri,AM,Norte,0,79.28,-0.72,41.73108988934364,608.58,3.7186666666666666,0.0425531914893617,0.0425531914893617,0.06382978723404255
1300680,Boa Vista Do Ramos,AM,Norte,2,23.83,-56.17,40.68333521891617,497.38,4.014,0.06818181818181818,0.18181818181818182,0.1590909090909091
1300706,Boca Do Acre,AM,Norte,2,54.74,-25.26,37.206505917347,669.72,4.446315789473684,0.05504587155963303,0.05504587155963303,0.08256880733944955
1300805,Borba,AM,Norte,2,35.52,-44.48,39.50361294376374,567.31,3.9440625000000002,0.14102564102564102,0.057692307692307696,0.08333333333333333
1300839,Caapiranga,AM,Norte,2,49.41,-30.59,38.87599469496021,488.73,4.172222222222222,0.14285714285714285,0.02857142857142857,0.08571428571428572
1300904,Canutama,AM,Norte,0,75.18,-4.82,36.88494265630781,601.49,4.285,0.0625,0.0625,0.0
1301001,Carauari,AM,Norte,2,52.01,-27.99,39.61187214611872,579.82,4.0736842105263165,0.2153846153846154,0.07692307692307693,0.03076923076923077
1301100,Careiro,AM,Norte,2,34.75,-45.25,34.340428284919454,698.24,4.285172413793103,0.16666666666666666,0.07407407407407407,0.09259259259259259
1301159,Careiro Da Várzea,AM,Norte,2,57.68,-22.32,37.7893464720647,638.54,4.236190476190476,0.46296296296296297,0.09259259259259259,0.05555555555555555
1301209,Coari,AM,Norte,2,37.03,-42.97,38.65135664798918,580.54,4.081666666666667,0.20155038759689922,0.10852713178294573,0.12403100775193798
1301308,Codajás,AM,Norte,2,47.45,-32.55,35.909483171924435,586.95,4.243076923076923,0.1,0.13333333333333333,0.03333333333333333
1301407,Eirunepé,AM,Norte,2,30.74,-49.26,38.989791860002654,588.49,3.98125,0.19230769230769232,0.15384615384615385,0.09615384615384616
1301506,Envira,AM,Norte,2,61.02,-18.98,41.07326082495383,579.21,3.90375,0.0851063829787234,0.10638297872340426,0.0
1301605,Fonte Boa,AM,Norte,2,52.3,-27.7,43.80743982494529,638.8,4.1688888888888895,0.15,0.06666666666666667,0.06666666666666667
1301654,Guajará,AM,Norte,2,61.18,-18.82,41.777718550106606,596.23,4.14875,0.0975609756097561,0.07317073170731707,0.024390243902439025
1301704,Humaitá,AM,Norte,2,62.62,-17.38,37.880311792808655,871.32,4.168823529411765,0.18085106382978725,0.14893617021276595,0.14893617021276595
1301803,Ipixuna,AM,Norte,0,64.42,-15.58,45.277963831212325,508.99,3.708181818181818,0.20512820512820512,0.02564102564102564,0.02564102564102564
1301852,Iranduba,AM,Norte,2,41.23,-38.77,37.044534412955464,805.81,4.6370000000000005,0.36363636363636365,0.3787878787878788,0.36363636363636365
1301902,Itacoatiara,AM,Norte,2,47.12,-32.88,33.8044963358589,734.27,4.272075471698113,0.2727272727272727,0.13986013986013987,0.15384615384615385
1301951,Itamarati,AM,Norte,0,87.61,7.61,37.904498816101025,525.38,3.692857142857143,0.07142857142857142,0.07142857142857142,0.09523809523809523
1302009,Itapiranga,AM,Norte,2,39.16,-40.84,32.13240673006584,687.95,4.266666666666667,0.13636363636363635,0.045454545454545456,0.045454545454545456
1302108,Japurá,AM,Norte,0,79.79,-0.21,36.448087431693985,823.6,3.82625,0.1320754716981132,0.09433962264150944,0.09433962264150944
1302207,Juruá,AM,Norte,2,61.55,-18.45,41.09106287003102,516.57,3.8957142857142855,0.16666666666666666,0.1388888888888889,0.05555555555555555
1302306,Jutaí,AM,Norte,2,54.12,-25.88,40.53194309445966,566.68,3.741578947368421,0.043010752688172046,0.021505376344086023,0.021505376344086023
1302405,Lábrea,AM,Norte,2,60.27,-19.73,40.106267834300894,618.0,4.415384615384616,0.07096774193548387,0.05161290322580645,0.025806451612903226
1302504,Manacapuru,AM,Norte,2,52.34,-27.66,37.9117305000887,680.39,4.329122807017543,0.24404761904761904,0.125,0.1130952380952381
1302553,Manaquiri,AM,Norte,2,21.87,-58.13,37.46304244158322,568.36,4.164,0.3488372093023256,0.06976744186046512,0.09302325581395349
1302603,Manaus,AM,Norte,2,57.53,-22.47,33.64420297461921,1284.7,4.85392789373814,0.6094619666048238,0.4972170686456401,0.5445269016697588
1302702,Manicoré,AM,Norte,2,57.02,-22.98,34.28695694196105,701.45,4.013529411764706,0.06289308176100629,0.05660377358490566,0.09433962264150944
1302801,Maraã,AM,Norte,2,44.76,-35.24,39.07692307692307,518.13,3.78,0.058823529411764705,0.0196078431372549,0.029411764705882353
1302900,Maués,AM,Norte,2,50.38,-29.62,39.79237762037223,488.47,3.8873333333333333,0.08602150537634409,0.043010752688172046,0.0913978494623656
1303007,Nhamundá,AM,Norte,0,71.99,-8.01,38.749182013648685,539.62,4.006923076923077,0.078125,0.09375,0.125
1303106,Nova Olinda Do Norte,AM,Norte,2,48.06,-31.94,37.46780534092449,537.7,3.8156521739130436,0.05714285714285714,0.04285714285714286,0.15714285714285714
1303205,Novo Airão,AM,Norte,0,70.46,-9.54,31.121495327102807,700.88,4.51375,0.1724137931034483,0.13793103448275862,0.10344827586206896
1303304,Novo Aripuanã,AM,Norte,2,64.57,-15.43,38.53774519516545,630.53,4.01,0.17857142857142858,0.05357142857142857,0.16071428571428573
1303403,Parintins,AM,Norte,2,58.52,-21.48,39.12984809931375,796.66,4.132678571428571,0.24858757062146894,0.2033898305084746,0.15254237288135594
1303502,Pauini,AM,Norte,2,48.4,-31.6,39.399269381680426,454.55,4.058333333333334,0.07526881720430108,0.043010752688172046,0.15053763440860216
1303536,Presidente Figueiredo,AM,Norte,2,45.72,-34.28,33.70246831220814,976.41,4.604347826086957,0.38235294117647056,0.35294117647058826,0.47058823529411764
1303569,Rio Preto Da Eva,AM,Norte,2,49.55,-30.45,33.96310788149805,801.1,4.475454545454546,0.25925925925925924,0.07407407407407407,0.37037037037037035
1303601,Santa Isabel Do Rio Negro,AM,Norte,0,66.73,-13.27,38.92502567613831,448.85,4.0600000000000005,0.12244897959183673,0.061224489795918366,0.061224489795918366
1303700,Santo Antônio Do Içá,AM,Norte,2,61.73,-18.27,33.816332405719216,489.41,3.789444444444444,0.1643835616438356,0.0547945205479452,0.0273972602739726
1303809,São Gabriel Da Cachoeira,AM,Norte,2,33.15,-46.85,39.07417908139595,577.82,3.7777777777777777,0.08071748878923767,0.03587443946188341,0.02242152466367713
1303908,São Paulo De Olivença,AM,Norte,2,55.15,-24.85,40.28872145856099,396.95,3.7807407407407405,0.10112359550561797,0.07865168539325842,0.056179775280898875
1303957,São Sebastião Do Uatumã,AM,Norte,2,61.82,-18.18,39.22679553407765,657.76,4.0225,0.15625,0.09375,0.09375
1304005,Silves,AM,Norte,2,57.71,-22.29,36.55034532897128,559.89,4.212000000000001,0.46153846153846156,0.07692307692307693,0.07692307692307693
1304062,Tabatinga,AM,Norte,2,44.55,-35.45,36.55195580770379,669.6,3.91,0.30158730158730157,0.3968253968253968,0.4444444444444444
1304104,Tapauá,AM,Norte,0,72.26,-7.74,36.65753424657534,541.23,4.04,0.0297029702970297,0.009900990099009901,0.0
1304203,Tefé,AM,Norte,2,50.64,-29.36,34.8609538960443,767.14,4.0806818181818185,0.36585365853658536,0.17886178861788618,0.15447154471544716
1304237,Tonantins,AM,Norte,2,55.58,-24.42,38.98954703832753,432.01,3.8058333333333336,0.08333333333333333,0.027777777777777776,0.06944444444444445
1304260,Uarini,AM,Norte,2,56.01,-23.99,42.366538249862415,516.14,3.778,0.10416666666666667,0.041666666666666664,0.16666666666666666
1304302,Urucará,AM,Norte,0,84.91,4.91,38.306052949577065,690.49,4.113333333333333,0.3333333333333333,0.1111111111111111,0.4166666666666667
1304401,Urucurituba,AM,Norte,2,37.43,-42.57,40.88240372992575,629.39,3.9311111111111114,0.2702702702702703,0.05405405405405406,0.05405405405405406
1400027,Amajari,RR,Norte,2,54.75,-25.25,35.74313408723748,493.7,4.181,0.19230769230769232,0.057692307692307696,0.19230769230769232
1400050,Alto Alegre,RR,Norte,2,50.51,-29.49,33.98280032249396,467.63,4.35,0.13043478260869565,0.10869565217391304,0.021739130434782608
1400100,Boa Vista,RR,Norte,1,62.17,-17.83,25.839973161117168,1399.0,4.8535042735042735,0.3684210526315789,0.2593984962406015,0.5075187969924813
1400159,Bonfim,RR,Norte,2,35.84,-44.16,39.12203202650469,583.73,4.223684210526316,0.1590909090909091,0.045454545454545456,0.1590909090909091
1400175,Cantá,RR,Norte,2,54.48,-25.52,36.48261441957717,787.97,4.316666666666667,0.17647058823529413,0.0392156862745098,0.35294117647058826
1400209,Caracaraí,RR,Norte,2,43.94,-36.06,35.549943883277216,714.44,4.497777777777777,0.3225806451612903,0.06451612903225806,0.1935483870967742
1400233,Caroebe,RR,Norte,2,44.04,-35.96,37.12605913885527,917.6,4.508333333333334,0.21052631578947367,0.10526315789473684,0.2631578947368421
1400282,Iracema,RR,Norte,2,50.84,-29.16,34.688272452622904,781.65,4.498333333333334,0.2777777777777778,0.16666666666666666,0.1111111111111111
1400308,Mucajaí,RR,Norte,2,48.9,-31.1,39.59978936282254,809.57,4.568181818181818,0.38095238095238093,0.14285714285714285,0.2857142857142857
1400407,Normandia,RR,Norte,2,61.44,-18.56,38.90302066772655,486.61,3.7342857142857144,0.05084745762711865,0.00847457627118644,0.3813559322033898
1400456,Pacaraima,RR,Norte,2,45.79,-34.21,38.90084660639977,578.04,3.8866666666666667,0.14516129032258066,0.03225806451612903,0.1935483870967742
1400472,Rorainópolis,RR,Norte,2,48.49,-31.51,33.592167454422686,831.4,4.4816666666666665,0.2619047619047619,0.11904761904761904,0.23809523809523808
1400506,São João Da Baliza,RR,Norte,2,44.18,-35.82,35.00391542678152,895.8,4.404000000000001,0.26666666666666666,0.2,0.8666666666666667
1400605,São Luiz,RR,Norte,2,58.74,-21.26,34.77704288457436,827.26,4.706,0.6363636363636364,0.2727272727272727,0.18181818181818182
1400704,Uiramutã,RR,Norte,2,49.95,-30.05,40.77708006279435,288.65,3.5199999999999996,0.008403361344537815,0.008403361344537815,0.15966386554621848
1500107,Abaetetuba,PA,Norte,2,47.11,-32.89,39.06331045003814,771.33,4.171860465116279,0.15311004784688995,0.15311004784688995,0.28708133971291866
1500131,Abel Figueiredo,PA,Norte,0,83.17,3.17,37.302423603793464,923.2,4.4325,0.2222222222222222,0.2222222222222222,0.1111111111111111
1500206,Acará,PA,Norte,2,46.97,-33.03,39.62096626048619,505.33,4.128,0.028985507246376812,0.021739130434782608,0.10869565217391304
1500305,Afuá,PA,Norte,2,52.94,-27.06,40.64822937347061,476.09,3.657173913043478,0.425531914893617,0.07446808510638298,0.11702127659574468
1500347,Água Azul Do Norte,PA,Norte,0,71.47,-8.53,33.307501549907,936.7,4.5,0.5,0.375,0.3125
1500404,Alenquer,PA,Norte,2,42.33,-37.67,40.761314998634,562.3,4.139743589743589,0.10309278350515463,0.10309278350515463,0.17525773195876287
1500503,Almeirim,PA,Norte,2,45.64,-34.36,38.323116472216725,773.03,4.077916666666667,0.12162162162162163,0.02702702702702703,0.06756756756756757
1500602,Altamira,PA,Norte,2,49.62,-30.38,30.440131509173824,1245.26,4.6196,0.0903954802259887,0.2768361581920904,0.21468926553672316
1500701,Anajás,PA,Norte,2,36.19,-43.81,39.160382400095,524.25,3.5342857142857143,0.018867924528301886,0.009433962264150943,0.07547169811320754
1500800,Ananindeua,PA,Norte,2,58.54,-21.46,29.34527672644789,1219.88,4.5197183098591545,0.4268774703557312,0.30434782608695654,0.4980237154150198
1500859,Anapu,PA,Norte,2,40.1,-39.9,37.62913372193687,765.01,4.403333333333333,0.06557377049180328,0.11475409836065574,0.09836065573770492
1500909,Augusto Corrêa,PA,Norte,2,49.17,-30.83,40.181446861990416,479.94,3.786944444444444,0.06097560975609756,0.036585365853658534,0.14634146341463414
1500958,Aurora Do Pará,PA,Norte,0,72.25,-7.75,39.4708128750682,574.32,3.995294117647059,0.0273972602739726,0.0821917808219178,0.3424657534246575
1501006,Aveiro,PA,Norte,2,64.55,-15.45,37.98187474638171,477.87,4.128,0.11320754716981132,0.018867924528301886,0.18867924528301888
1501105,Bagre,PA,Norte,2,65.32,-14.68,44.98935366440003,358.65,3.508125,0.08333333333333333,0.06666666666666667,0.7166666666666667
1501204,Baião,PA,Norte,2,52.09,-27.91,41.32335209003216,460.65,4.245833333333334,0.1,0.05714285714285714,0.08571428571428572
1501253,Bannach,PA,Norte,2,57.63,-22.37,32.215122470713524,995.23,4.425,0.1111111111111111,0.1111111111111111,0.4444444444444444
1501303,Barcarena,PA,Norte,2,51.15,-28.85,33.3818152435206,975.54,4.461944444444445,0.3088235294117647,0.36764705882352944,0.6985294117647058
1501402,Belém,PA,Norte,2,50.65,-29.35,34.909436009702,1668.52,4.500893470790378,0.5930735930735931,0.41414141414141414,0.6075036075036075
1501451,Belterra,PA,Norte,0,72.03,-7.97,29.53020134228188,741.15,4.2375,0.05660377358490566,0.07547169811320754,0.07547169811320754
1501501,Benevides,PA,Norte,0,75.97,-4.03,33.00847071682303,818.99,4.471315789473684,0.10714285714285714,0.10714285714285714,0.30357142857142855
1501576,Bom Jesus Do Tocantins,PA,Norte,0,71.68,-8.32,31.62962962962963,947.99,4.338333333333334,0.09090909090909091,0.06060606060606061,0.6363636363636364
1501600,Bonito,PA,Norte,0,78.54,-1.46,38.14877761798928,739.25,4.131666666666667,0.0,0.03333333333333333,0.13333333333333333
1501709,Bragança,PA,Norte,2,52.97,-27.03,37.970837419417066,810.48,4.091969696969697,0.13855421686746988,0.27710843373493976,0.3614457831325301
1501725,Brasil Novo,PA,Norte,0,85.67,5.67,30.047466607793353,763.34,4.39625,0.1,0.06666666666666667,0.6666666666666666
1501758,Brejo Grande Do Araguaia,PA,Norte,0,93.22,13.22,35.35663675011809,766.2,4.158888888888889,0.1875,0.125,0.75
1501782,Breu Branco,PA,Norte,2,55.7,-24.3,33.63451113076243,725.32,4.21,0.14705882352941177,0.08823529411764706,0.20588235294117646
1501808,Breves,PA,Norte,2,59.78,-20.22,39.787771430508705,606.08,3.9105263157894736,0.14457831325301204,0.07630522088353414,0.1285140562248996
1501907,Bujaru,PA,Norte,2,64.48,-15.52,38.188153310104525,526.09,3.8836,0.029850746268656716,0.029850746268656716,0.31343283582089554
1501956,Cachoeira Do Piriá,PA,Norte,0,69.29,-10.71,38.670694864048336,564.23,4.041764705882352,0.04081632653061224,0.061224489795918366,0.16326530612244897
1502004,Cachoeira Do Arari,PA,Norte,2,47.83,-32.17,40.49908424908425,488.54,4.022142857142858,0.18181818181818182,0.022727272727272728,0.1590909090909091
1502103,Cametá,PA,Norte,2,42.25,-37.75,42.80922081487937,597.9,4.025619047619047,0.18552036199095023,0.10407239819004525,0.3393665158371041
1502152,Canaã Dos Carajás,PA,Norte,1,75.15,-4.85,30.015848790795964,1364.4,4.762631578947368,0.9210526315789473,0.5,0.6052631578947368
1502202,Capanema,PA,Norte,2,64.96,-15.04,36.631154995452775,966.47,4.215833333333333,0.2835820895522388,0.26865671641791045,0.5671641791044776
1502301,Capitão Poço,PA,Norte,2,55.47,-24.53,39.038658705747544,704.58,4.045151515151516,0.06722689075630252,0.058823529411764705,0.25210084033613445
1502400,Castanhal,PA,Norte,2,43.11,-36.89,30.262128625550254,1055.05,4.454193548387098,0.2826086956521739,0.21014492753623187,0.5
1502509,Chaves,PA,Norte,2,57.97,-22.03,41.08260041708224,584.29,3.6787500000000004,0.04950495049504951,0.0297029702970297,0.0297029702970297
1502608,Colares,PA,Norte,2,52.19,-27.81,35.99143698153599,655.87,4.105555555555556,0.03225806451612903,0.03225806451612903,0.25806451612903225
1502707,Conceição Do Araguaia,PA,Norte,2,58.96,-21.04,21.366865041274714,1032.8,4.427826086956522,0.5277777777777778,0.4166666666666667,0.5833333333333334
1502756,Concórdia Do Pará,PA,Norte,0,76.31,-3.69,39.67506475158935,699.98,3.9,0.0625,0.0375,0.2625
1502764,Cumaru Do Norte,PA,Norte,0,73.13,-6.87,33.35419274092616,1007.72,4.515714285714286,0.4444444444444444,0.2777777777777778,0.3888888888888889
1502772,Curionópolis,PA,Norte,0,79.23,-0.77,30.29092399098545,1036.35,4.601333333333333,0.08,0.24,0.76
1502806,Curralinho,PA,Norte,2,35.12,-44.88,42.83639381678597,472.98,3.6046428571428573,0.1702127659574468,0.0851063829787234,0.14893617021276595
1502855,Curuá,PA,Norte,2,50.92,-29.08,36.97446970659215,556.04,3.8790909090909094,0.25,0.125,0.075
1502905,Curuçá,PA,Norte,2,53.15,-26.85,40.32606480538007,614.45,4.1685185185185185,0.08333333333333333,0.11666666666666667,0.38333333333333336
1502939,Dom Eliseu,PA,Norte,0,80.51,0.51,32.24826135234644,782.32,4.462105263157895,0.16326530612244897,0.24489795918367346,0.3673469387755102
1502954,Eldorado Do Carajás,PA,Norte,2,51.95,-28.05,28.504382635102495,879.96,4.390625,0.24390243902439024,0.12195121951219512,0.2682926829268293
1503002,Faro,PA,Norte,0,68.83,-11.17,39.82628277304166,594.92,4.057272727272728,0.13043478260869565,0.13043478260869565,0.2608695652173913
1503044,Floresta Do Araguaia,PA,Norte,0,70.29,-9.71,35.17233402729586,831.86,4.423,0.041666666666666664,0.041666666666666664,0.375
1503077,Garrafão Do Norte,PA,Norte,2,50.19,-29.81,39.65016804155209,620.45,3.7911764705882356,0.15789473684210525,0.07017543859649122,0.08771929824561403
1503093,Goianésia Do Pará,PA,Norte,2,53.86,-26.14,27.735278420209923,829.0,4.311875,0.09302325581395349,0.09302325581395349,0.2558139534883721
1503101,Gurupá,PA,Norte,2,49.05,-30.95,41.7471865408662,634.91,3.6875757575757575,0.21739130434782608,0.06521739130434782,0.20652173913043478
1503200,Igarapé-Açu,PA,Norte,2,41.81,-38.19,37.34900950233532,718.26,4.160454545454545,0.2028985507246377,0.08695652173913043,0.21739130434782608
1503309,Igarapé-Miri,PA,Norte,2,47.05,-32.95,40.40699233202853,617.29,4.168723404255319,0.08411214953271028,0.056074766355140186,0.08411214953271028
1503408,Inhangapi,PA,Norte,2,50.17,-29.83,33.694984646878204,631.7,4.117777777777778,0.15,0.15,0.2
1503457,Ipixuna Do Pará,PA,Norte,2,55.48,-24.52,37.04630122405535,594.25,4.089444444444444,0.028985507246376812,0.17391304347826086,0.2463768115942029
1503507,Irituia,PA,Norte,2,54.52,-25.48,38.73955394687816,616.62,4.162,0.04,0.01,0.06
1503606,Itaituba,PA,Norte,2,65.85,-14.15,32.520391186138056,1074.37,4.61,0.27702702702702703,0.1554054054054054,0.1891891891891892
1503705,Itupiranga,PA,Norte,2,54.31,-25.69,35.7074310510285,636.27,4.338636363636364,0.12195121951219512,0.04878048780487805,0.13414634146341464
1503754,Jacareacanga,PA,Norte,2,47.21,-32.79,41.359202714164546,787.87,4.55,0.012195121951219513,0.07317073170731707,0.08536585365853659
1503804,Jacundá,PA,Norte,2,47.09,-32.91,34.64774789638673,905.18,4.317368421052632,0.18181818181818182,0.045454545454545456,0.3409090909090909
1503903,Juruti,PA,Norte,0,77.9,-2.1,36.735255281690144,713.05,3.8970731707317072,0.056,0.048,0.208
1504000,Limoeiro Do Ajuru,PA,Norte,2,61.26,-18.74,40.29034568061975,463.89,3.7807142857142857,0.1320754716981132,0.05660377358490566,0.11320754716981132
1504059,Mãe Do Rio,PA,Norte,2,61.55,-18.45,37.99636503827725,786.61,4.245625,0.22,0.16,0.28
1504109,Magalhães Barata,PA,Norte,0,75.69,-4.31,33.754187065189384,619.04,4.173333333333334,0.08695652173913043,0.08695652173913043,0.21739130434782608
1504208,Marabá,PA,Norte,2,55.75,-24.25,28.32304081307112,1137.5,4.522905982905982,0.18867924528301888,0.4226415094339623,0.49056603773584906
1504307,Maracanã,PA,Norte,2,54.94,-25.06,39.29712460063898,634.79,4.047391304347826,0.12222222222222222,0.044444444444444446,0.1111111111111111
1504406,Marapanim,PA,Norte,2,47.22,-32.78,39.65631196298744,576.69,4.101578947368421,0.09836065573770492,0.09836065573770492,0.29508196721311475
1504422,Marituba,PA,Norte,2,61.39,-18.61,34.553812295896634,883.71,4.5015217391304345,0.5,0.39705882352941174,0.4117647058823529
1504455,Medicilândia,PA,Norte,2,55.31,-24.69,40.57387364711805,763.1,4.386153846153847,0.2631578947368421,0.07894736842105263,0.10526315789473684
1504505,Melgaço,PA,Norte,2,37.47,-42.53,44.357716324710076,476.85,3.580689655172414,0.125,0.17857142857142858,0.07142857142857142
1504604,Mocajuba,PA,Norte,2,56.71,-23.29,44.6254359246016,694.48,4.121666666666666,0.08771929824561403,0.08771929824561403,0.21052631578947367
1504703,Moju,PA,Norte,2,45.42,-34.58,38.5239852398524,626.33,4.0121153846153845,0.11180124223602485,0.055900621118012424,0.2732919254658385
1504752,Mojuí Dos Campos,PA,Norte,2,64.4,-15.6,34.48123620309051,705.92,4.340588235294118,0.0,0.01694915254237288,0.0847457627118644
1504802,Monte Alegre,PA,Norte,2,59.55,-20.45,37.67094902610858,687.01,4.1498,0.06666666666666667,0.05925925925925926,0.1111111111111111
1504901,Muaná,PA,Norte,2,61.41,-18.59,39.58437795977492,505.26,3.785769230769231,0.2,0.025,0.175
1504950,Nova Esperança Do Piriá,PA,Norte,2,62.33,-17.67,41.29474485910129,535.3,3.9353846153846157,0.05555555555555555,0.027777777777777776,0.8888888888888888
1504976,Nova Ipixuna,PA,Norte,2,66.98,-13.02,36.251439855191705,824.87,4.355555555555556,0.043478260869565216,0.0,0.2608695652173913
1505007,Nova Timboteua,PA,Norte,2,59.2,-20.8,36.5159901599016,709.95,4.2299999999999995,0.04,0.04,0.08
1505031,Novo Progresso,PA,Norte,2,67.35,-12.65,25.158907404226078,1274.42,4.693333333333333,0.25,0.16666666666666666,0.6666666666666666
1505064,Novo Repartimento,PA,Norte,2,59.69,-20.31,37.3820321117784,721.31,4.376571428571428,0.16417910447761194,0.08955223880597014,0.373134328358209
1505106,Óbidos,PA,Norte,0,71.88,-8.12,38.08569838619922,652.59,3.979268292682927,0.03125,0.0625,0.13541666666666666
1505205,Oeiras Do Pará,PA,Norte,2,35.58,-44.42,45.6918941085342,460.54,3.8175,0.14285714285714285,0.08163265306122448,0.22448979591836735
1505304,Oriximiná,PA,Norte,2,41.99,-38.01,35.626748368189695,727.72,3.8029545454545453,0.14285714285714285,0.12244897959183673,0.5612244897959183
1505403,Ourém,PA,Norte,2,49.4,-30.6,37.76116542073989,694.89,4.27875,0.04081632653061224,0.08163265306122448,0.6122448979591837
1505437,Ourilândia Do Norte,PA,Norte,2,67.8,-12.2,31.56502800248911,935.72,4.535,0.0975609756097561,0.12195121951219512,0.9024390243902439
1505486,Pacajá,PA,Norte,2,54.82,-25.18,38.10089281787395,689.59,4.380625,0.0625,0.026785714285714284,0.0625
1505494,Palestina Do Pará,PA,Norte,2,56.18,-23.82,35.058621675722044,856.12,4.212,0.3,0.1,0.9
1505502,Paragominas,PA,Norte,0,68.68,-11.32,27.877260083449233,992.06,4.517941176470589,0.1836734693877551,0.25510204081632654,0.2653061224489796
1505536,Parauapebas,PA,Norte,2,58.52,-21.48,25.77073382544507,1321.92,4.710181818181818,0.2158273381294964,0.381294964028777,0.5179856115107914
1505551,Pau D'Arco,PA,Norte,2,48.96,-31.04,29.821826280623608,882.09,4.45,0.0,0.09090909090909091,0.8181818181818182
1505601,Peixe-Boi,PA,Norte,0,87.36,7.36,35.58418480675255,756.62,4.248571428571428,0.2222222222222222,0.16666666666666666,0.8333333333333334
1505635,Piçarra,PA,Norte,0,80.68,0.68,28.972303206997086,864.32,4.4037500000000005,0.04,0.08,0.32
1505650,Placas,PA,Norte,0,69.95,-10.05,35.02491609885081,793.04,4.369,0.1111111111111111,0.047619047619047616,0.06349206349206349
1505700,Ponta De Pedras,PA,Norte,2,54.51,-25.49,41.647382920110196,574.17,3.76375,0.0847457627118644,0.03389830508474576,0.0847457627118644
1505809,Portel,PA,Norte,2,46.04,-33.96,38.09835826871974,508.31,3.6599999999999997,0.09467455621301775,0.03550295857988166,0.28402366863905326
1505908,Porto De Moz,PA,Norte,0,74.5,-5.5,37.994565217391305,484.97,3.4996551724137928,0.06862745098039216,0.0784313725490196,0.14705882352941177
1506005,Prainha,PA,Norte,2,43.06,-36.94,42.097794356146615,451.71,3.7272,0.10476190476190476,0.009523809523809525,0.047619047619047616
1506104,Primavera,PA,Norte,0,67.48,-12.52,37.3079287031346,716.9,4.18,0.23076923076923078,0.38461538461538464,0.23076923076923078
1506112,Quatipuru,PA,Norte,0,70.7,-9.3,37.878096975224196,649.32,4.028888888888889,0.375,0.125,0.1875
1506138,Redenção,PA,Norte,1,66.0,-14.0,26.066027366106965,1295.2,4.658214285714286,0.6833333333333333,0.23333333333333334,0.4
1506161,Rio Maria,PA,Norte,2,51.37,-28.63,30.05403907440765,1039.0,4.593333333333333,0.10526315789473684,0.15789473684210525,0.631578947368421
1506187,Rondon Do Pará,PA,Norte,2,68.03,-11.97,32.8952916373858,946.14,4.516153846153847,0.1724137931034483,0.06896551724137931,0.41379310344827586
1506195,Rurópolis,PA,Norte,2,62.55,-17.45,31.797154577987257,731.95,4.415625,0.047619047619047616,0.047619047619047616,0.06349206349206349
1506203,Salinópolis,PA,Norte,2,62.07,-17.93,34.49781659388647,875.11,4.048518518518518,0.28205128205128205,0.3333333333333333,0.38461538461538464
1506302,Salvaterra,PA,Norte,2,61.88,-18.12,42.32360170253582,723.4,4.159473684210527,0.2549019607843137,0.13725490196078433,0.11764705882352941
1506351,Santa Bárbara Do Pará,PA,Norte,2,63.21,-16.79,32.71452145214521,762.45,4.2943750000000005,0.1111111111111111,0.18518518518518517,0.37037037037037035
1506401,Santa Cruz Do Arari,PA,Norte,2,54.36,-25.64,38.953904943873894,520.36,3.9150000000000005,0.0,0.0,0.09090909090909091
1506500,Santa Izabel Do Pará,PA,Norte,2,55.05,-24.95,32.45362878127723,914.02,4.2429411764705875,0.11940298507462686,0.1791044776119403,0.31343283582089554
1506559,Santa Luzia Do Pará,PA,Norte,0,81.15,1.15,39.70208870766414,685.08,4.241818181818181,0.28125,0.1875,0.15625
1506583,Santa Maria Das Barreiras,PA,Norte,0,73.35,-6.65,23.514688446844946,1175.42,4.495384615384615,0.4166666666666667,0.20833333333333334,0.2916666666666667
1506609,Santa Maria Do Pará,PA,Norte,2,62.87,-17.13,34.92089787128303,793.59,4.256,0.08,0.1,0.24
1506708,Santana Do Araguaia,PA,Norte,0,77.03,-2.97,32.2772748928061,1137.95,4.509375,0.35135135135135137,0.02702702702702703,0.8648648648648649
1506807,Santarém,PA,Norte,2,58.96,-21.04,31.567004977697334,1024.3,4.262666666666667,0.21157684630738524,0.30538922155688625,0.32934131736526945
1506906,Santarém Novo,PA,Norte,2,61.8,-18.2,38.081211866189776,743.73,4.121666666666667,0.058823529411764705,0.058823529411764705,0.058823529411764705
1507003,Santo Antônio Do Tauá,PA,Norte,2,61.52,-18.48,34.71655056449676,697.67,4.28,0.06349206349206349,0.047619047619047616,0.25396825396825395
1507102,São Caetano De Odivelas,PA,Norte,0,76.68,-3.32,33.561920129084314,611.22,3.9172727272727275,0.05263157894736842,0.02631578947368421,0.07894736842105263
1507151,São Domingos Do Araguaia,PA,Norte,2,50.43,-29.57,36.21773179928454,922.63,4.4525,0.125,0.25,0.15625
1507201,São Domingos Do Capim,PA,Norte,2,40.22,-39.78,41.64200785495238,520.37,3.939047619047619,0.0625,0.025,0.225
1507300,São Félix Do Xingu,PA,Norte,2,46.51,-33.49,35.55327493310853,980.71,4.549354838709678,0.13513513513513514,0.07207207207207207,0.18018018018018017
1507409,São Francisco Do Pará,PA,Norte,2,37.79,-42.21,34.63687150837989,681.98,4.276666666666667,0.05714285714285714,0.02857142857142857,0.14285714285714285
1507458,São Geraldo Do Araguaia,PA,Norte,2,64.41,-15.59,34.36951176677204,852.58,4.417368421052632,0.08108108108108109,0.05405405405405406,0.2702702702702703
1507466,São João Da Ponta,PA,Norte,2,46.8,-33.2,36.35327635327636,566.06,4.1274999999999995,0.0,0.0,0.15384615384615385
1507474,São João De Pirabas,PA,Norte,2,56.33,-23.67,37.77567737870196,624.11,3.9975,0.02857142857142857,0.05714285714285714,0.2
1507508,São João Do Araguaia,PA,Norte,2,42.95,-37.05,34.63961693548387,684.94,4.278333333333333,0.034482758620689655,0.0,0.06896551724137931
1507607,São Miguel Do Guamá,PA,Norte,2,52.32,-27.68,34.25198617532205,739.47,4.1964,0.19230769230769232,0.08974358974358974,0.11538461538461539
1507706,São Sebastião Da Boa Vista,PA,Norte,2,47.12,-32.88,40.80986389974397,541.45,3.746,0.05128205128205128,0.1794871794871795,0.2564102564102564
1507755,Sapucaia,PA,Norte,0,72.49,-7.51,32.902704884941464,780.97,4.476666666666667,0.375,0.125,0.5
1507805,Senador José Porfírio,PA,Norte,2,59.68,-20.32,40.85545722713864,627.7,4.2130769230769225,0.05555555555555555,0.19444444444444445,0.2222222222222222
1507904,Soure,PA,Norte,0,70.8,-9.2,38.38879408418658,728.05,4.234166666666667,0.04,0.12,0.24
1507953,Tailândia,PA,Norte,2,56.13,-23.87,34.43575009169825,829.7,4.263333333333334,0.15714285714285714,0.2714285714285714,0.2857142857142857
1507961,Terra Alta,PA,Norte,2,43.69,-36.31,37.3098925631366,729.04,4.162222222222223,0.1111111111111111,0.05555555555555555,0.2222222222222222
1507979,Terra Santa,PA,Norte,0,71.89,-8.11,37.78468947526839,692.2,4.2975,0.0967741935483871,0.12903225806451613,0.1935483870967742
1508001,Tomé-Açu,PA,Norte,2,61.34,-18.66,36.04727296536371,710.04,4.115471698113208,0.3979591836734694,0.12244897959183673,0.6224489795918368
1508035,Tracuateua,PA,Norte,0,91.42,11.42,40.909989131508745,536.71,3.912352941176471,0.09375,0.15625,0.09375
1508050,Trairão,PA,Norte,0,75.74,-4.26,33.294117647058826,964.72,4.546666666666667,0.2727272727272727,0.045454545454545456,0.13636363636363635
1508084,Tucumã,PA,Norte,1,67.86,-12.14,16.67253211332043,1120.97,4.701538461538461,0.4,0.28,0.36
1508100,Tucuruí,PA,Norte,2,60.89,-19.11,26.51554286061564,1124.55,4.422222222222222,0.32786885245901637,0.2786885245901639,0.9180327868852459
1508126,Ulianópolis,PA,Norte,0,80.68,0.68,36.10784544243279,718.62,4.464285714285714,0.08571428571428572,0.37142857142857144,0.3142857142857143
1508159,Uruará,PA,Norte,2,59.48,-20.52,35.40599455040872,840.09,4.373333333333333,0.1375,0.0875,0.075
1508209,Vigia,PA,Norte,0,75.79,-4.21,39.41743011510454,699.55,4.2903125,0.08433734939759036,0.2289156626506024,0.1686746987951807
1508308,Viseu,PA,Norte,2,50.84,-29.16,37.93182789337015,515.8,3.8456,0.09230769230769231,0.046153846153846156,0.2
1508357,Vitória Do Xingu,PA,Norte,0,80.11,0.11,33.709839357429715,838.42,4.373333333333333,0.0,0.46153846153846156,0.7307692307692307
1508407,Xinguara,PA,Norte,1,67.59,-12.41,30.258573262424353,1187.19,4.608,0.6097560975609756,0.36585365853658536,0.4634146341463415
1600055,Serra Do Navio,AP,Norte,0,69.59,-10.41,32.37632508833922,1096.98,4.636666666666667,0.25,0.125,0.25
1600105,Amapá,AP,Norte,2,44.46,-35.54,40.49740932642487,841.51,4.311111111111111,0.19047619047619047,0.09523809523809523,0.047619047619047616
1600154,Pedra Branca Do Amapari,AP,Norte,0,68.29,-11.71,37.356409863685094,885.6,4.3966666666666665,0.07407407407407407,0.1111111111111111,0.1111111111111111
1600204,Calçoene,AP,Norte,2,49.78,-30.22,36.30255327318103,827.69,4.519,0.22727272727272727,0.09090909090909091,0.09090909090909091
1600212,Cutias,AP,Norte,0,85.39,5.39,34.835611377909125,642.81,4.221666666666667,0.2222222222222222,0.0,0.0
1600238,Ferreira Gomes,AP,Norte,0,82.25,2.25,31.892091648189208,758.6,4.5025,0.07142857142857142,0.07142857142857142,0.07142857142857142
1600253,Itaubal,AP,Norte,2,56.28,-23.72,42.0,628.24,4.129,0.14285714285714285,0.03571428571428571,0.03571428571428571
1600279,Laranjal Do Jari,AP,Norte,0,81.63,1.63,36.02532033283986,867.35,4.5634999999999994,0.16417910447761194,0.1044776119402985,0.11940298507462686
1600303,Macapá,AP,Norte,2,62.72,-17.28,35.384472597336305,1313.17,4.667882352941176,0.46647230320699706,0.20408163265306123,0.32653061224489793
1600402,Mazagão,AP,Norte,2,66.16,-13.84,38.03165553971945,650.57,4.363684210526316,0.05747126436781609,0.022988505747126436,0.05747126436781609
1600501,Oiapoque,AP,Norte,2,30.98,-49.02,35.61798964624677,846.41,4.30375,0.22448979591836735,0.14285714285714285,0.061224489795918366
1600535,Porto Grande,AP,Norte,0,74.5,-5.5,36.78970129739515,889.05,4.399166666666667,0.25806451612903225,0.06451612903225806,0.22580645161290322
1600550,Pracuúba,AP,Norte,2,40.85,-39.15,42.46075209930631,639.24,4.326666666666667,0.0,0.16666666666666666,0.08333333333333333
1600600,Santana,AP,Norte,0,74.95,-5.05,33.794764356900906,1029.14,4.6432,0.1951219512195122,0.23170731707317074,0.21951219512195122
1600709,Tartarugalzinho,AP,Norte,2,57.68,-22.32,36.00944510035419,669.0,4.21235294117647,0.15789473684210525,0.10526315789473684,0.05263157894736842
1600808,Vitória Do Jari,AP,Norte,2,49.25,-30.75,37.26739312657167,656.35,4.3475,0.07142857142857142,0.10714285714285714,0.10714285714285714
1700251,Abreulândia,TO,Norte,1,89.7,9.7,15.2324431256182,1103.87,4.8,0.2,0.2,0.4
1700301,Aguiarnópolis,TO,Norte,2,49.57,-30.43,23.1023102310231,969.45,4.7,0.3333333333333333,0.0,0.0
1700350,Aliança Do Tocantins,TO,Norte,0,85.87,5.87,25.376762275158,962.77,4.7875,0.5,0.0,0.6666666666666666
1700400,Almas,TO,Norte,2,66.12,-13.88,27.886710239651418,901.21,4.667142857142857,0.2222222222222222,0.2222222222222222,0.5555555555555556
1700707,Alvorada,TO,Norte,1,83.24,3.24,24.39510389980074,1420.73,4.986,0.5,0.4,0.7
1701002,Ananás,TO,Norte,2,58.27,-21.73,32.90335790335791,905.85,4.675714285714286,0.4444444444444444,0.3333333333333333,0.4444444444444444
1701051,Angico,TO,Norte,0,75.0,-5.0,18.9247311827957,864.48,4.6,0.25,0.25,0.5
1701101,Aparecida Do Rio Negro,TO,Norte,0,70.65,-9.35,29.353932584269664,1086.79,4.615,0.6666666666666666,0.3333333333333333,0.3333333333333333
1701309,Aragominas,TO,Norte,2,53.42,-26.58,27.199074074074076,948.87,4.378,0.6666666666666666,0.0,0.3333333333333333
1701903,Araguacema,TO,Norte,2,63.0,-17.0,27.49800159872102,1126.54,4.696666666666666,0.42857142857142855,0.2857142857142857,0.5714285714285714
1702000,Araguaçu,TO,Norte,1,71.03,-8.97,20.259845716605763,1309.8,4.9175,0.625,0.625,0.875
1702109,Araguaína,TO,Norte,1,55.46,-24.54,20.62866253016201,1450.2,4.86046875,0.3819444444444444,0.19444444444444445,0.8402777777777778
1702158,Araguanã,TO,Norte,2,52.23,-27.77,30.74021687883074,882.97,4.422499999999999,0.3333333333333333,0.0,0.5
1702208,Araguatins,TO,Norte,2,63.24,-16.76,27.35399863958799,968.04,4.404117647058824,0.23333333333333334,0.1,0.43333333333333335
1702307,Arapoema,TO,Norte,2,65.18,-14.82,29.087048832271762,1063.76,4.633333333333334,0.8,0.2,0.6
1702406,Arraias,TO,Norte,2,61.36,-18.64,31.111915972473742,1165.13,4.62125,0.2222222222222222,0.1111111111111111,0.7222222222222222
1702554,Augustinópolis,TO,Norte,0,81.69,1.69,29.72437695989437,995.19,4.645555555555556,0.22727272727272727,0.18181818181818182,0.45454545454545453
1702703,Aurora Do Tocantins,TO,Norte,0,88.73,8.73,26.030368763557483,988.14,4.533333333333333,0.5,0.25,0.5
1702901,Axixá Do Tocantins,TO,Norte,2,55.63,-24.37,35.528906389833544,729.12,4.397142857142858,0.04,0.0,0.12
1703008,Babaçulândia,TO,Norte,2,24.94,-55.06,31.281444214264575,877.11,4.46,0.3333333333333333,0.0,0.3333333333333333
1703057,Bandeirantes Do Tocantins,TO,Norte,2,62.26,-17.74,26.461538461538463,1113.71,4.745,0.2857142857142857,0.2857142857142857,0.2857142857142857
1703073,Barra Do Ouro,TO,Norte,2,47.43,-32.57,28.924485125858123,750.89,4.54,0.6,0.0,0.4
1703107,Barrolândia,TO,Norte,2,60.63,-19.37,26.981059141863163,1073.11,4.912000000000001,0.5714285714285714,0.14285714285714285,0.7142857142857143
1703206,Bernardo Sayão,TO,Norte,1,82.61,2.61,25.71602681291895,1113.41,4.6259999999999994,0.5,0.8333333333333334,0.5
1703305,Bom Jesus Do Tocantins,TO,Norte,2,45.65,-34.35,34.834968777876895,1047.77,4.183333333333334,0.25,0.0,0.25
1703602,Brasilândia Do Tocantins,TO,Norte,2,31.58,-48.42,27.379784102060846,945.34,4.62,0.25,0.25,0.5
1703701,Brejinho De Nazaré,TO,Norte,0,82.22,2.22,29.585516912815628,889.67,4.833333333333333,0.5,0.16666666666666666,0.6666666666666666
1703800,Buriti Do Tocantins,TO,Norte,2,60.7,-19.3,28.292046936114733,665.2,4.42,0.35714285714285715,0.14285714285714285,0.35714285714285715
1703826,Cachoeirinha,TO,Norte,0,81.33,1.33,27.8125,763.82,4.48,0.5,0.5,0.25
1703842,Campos Lindos,TO,Norte,2,60.1,-19.9,27.569444444444446,912.29,4.074,0.125,0.125,0.25
1703867,Cariri Do Tocantins,TO,Norte,1,75.64,-4.36,16.69266770670827,1174.15,4.95,0.6666666666666666,0.3333333333333333,0.6666666666666666
1703883,Carmolândia,TO,Norte,2,68.61,-11.39,27.02915681639086,982.1,4.77,0.5,0.25,0.5
1703891,Carrasco Bonito,TO,Norte,2,63.23,-16.77,29.577464788732392,590.1,4.286,0.3333333333333333,0.16666666666666666,0.5
1703909,Caseara,TO,Norte,0,70.37,-9.63,29.371271225332723,1047.86,4.693333333333334,0.5,0.16666666666666666,0.3333333333333333
1704105,Centenário,TO,Norte,0,71.43,-8.57,29.735034347399413,860.47,4.3149999999999995,0.6666666666666666,0.0,0.3333333333333333
1704600,Chapada De Areia,TO,Norte,2,60.87,-19.13,28.588098016336055,927.68,4.63,0.0,0.5,0.5
1705102,Chapada Da Natividade,TO,Norte,2,53.78,-26.22,29.83498349834984,809.82,4.5649999999999995,0.3333333333333333,0.3333333333333333,0.6666666666666666
1705508,Colinas Do Tocantins,TO,Norte,1,71.73,-8.27,28.05440854991499,1378.65,4.737058823529412,0.43333333333333335,0.4,0.5666666666666667
1705557,Combinado,TO,Norte,0,72.81,-7.19,28.16643804298125,1156.96,4.6825,0.4,0.2,0.4
1705607,Conceição Do Tocantins,TO,Norte,2,51.33,-28.67,29.308093994778066,966.54,4.53,0.6666666666666666,0.3333333333333333,0.6666666666666666
1706001,Couto Magalhães,TO,Norte,2,52.59,-27.41,26.426533523537802,878.4,4.568,0.5,0.25,0.625
1706100,Cristalândia,TO,Norte,1,66.41,-13.59,27.739984882842027,1299.17,4.913333333333333,0.6,0.4,0.6
1706258,Crixás Do Tocantins,TO,Norte,2,62.88,-17.12,20.821529745042493,1034.63,4.755,0.6666666666666666,0.0,0.3333333333333333
1706506,Darcinópolis,TO,Norte,2,52.09,-27.91,31.852617079889807,865.8,4.515000000000001,0.16666666666666666,0.0,0.5
1707009,Dianópolis,TO,Norte,2,67.39,-12.61,24.765302290649643,1143.3,4.833636363636364,0.38095238095238093,0.14285714285714285,0.47619047619047616
1707108,Divinópolis Do Tocantins,TO,Norte,1,75.24,-4.76,29.07504363001745,1231.09,4.765000000000001,0.375,0.375,0.625
1707207,Dois Irmãos Do Tocantins,TO,Norte,2,64.19,-15.81,29.27653820148749,1097.58,4.575,0.1,0.0,0.2
1707306,Dueré,TO,Norte,2,59.29,-20.71,29.442417926003127,1188.81,4.654999999999999,0.25,0.5,0.75
1707405,Esperantina,TO,Norte,2,63.43,-16.57,35.023696682464454,723.55,4.33,0.125,0.125,0.125
1707553,Fátima,TO,Norte,1,83.77,3.77,26.66139240506329,1181.37,4.855,0.75,0.25,0.5
1707652,Figueirópolis,TO,Norte,1,84.78,4.78,27.918235610543302,1201.32,4.803333333333334,0.75,0.5,0.75
1707702,Filadélfia,TO,Norte,2,12.84,-67.16,33.15406516925024,922.76,4.262,0.16666666666666666,0.3333333333333333,0.4166666666666667
1708205,Formoso Do Araguaia,TO,Norte,2,68.1,-11.9,27.688289072703526,1174.54,4.694999999999999,0.45454545454545453,0.2727272727272727,0.3181818181818182
1708254,Tabocão,TO,Norte,2,65.46,-14.54,30.220883534136544,1092.33,4.73,0.75,0.0,0.25
1708304,Goianorte,TO,Norte,0,75.32,-4.68,25.208333333333332,1104.48,4.786666666666666,0.25,0.125,0.5
1709005,Goiatins,TO,Norte,2,40.21,-39.79,35.016148223695396,803.98,4.05,0.18181818181818182,0.045454545454545456,0.13636363636363635
1709302,Guaraí,TO,Norte,1,61.37,-18.63,25.445396436828503,1406.97,4.801666666666667,0.5,0.5,0.85
1709500,Gurupi,TO,Norte,1,64.26,-15.74,16.186987615559044,1665.16,5.008387096774193,0.5245901639344263,0.3770491803278688,0.639344262295082
1709807,Ipueiras,TO,Norte,2,41.18,-38.82,22.052704576976424,1060.8,4.683333333333334,0.3333333333333333,0.3333333333333333,0.0
1710508,Itacajá,TO,Norte,0,84.42,4.42,34.27642276422765,951.97,4.6000000000000005,0.16666666666666666,0.16666666666666666,0.0
1710706,Itaguatins,TO,Norte,2,43.34,-36.66,32.62773722627737,850.59,4.335,0.2727272727272727,0.0,0.09090909090909091
1710904,Itapiratins,TO,Norte,2,51.02,-28.98,27.801724137931032,933.46,4.48,0.6666666666666666,0.3333333333333333,0.6666666666666666
1711100,Itaporã Do Tocantins,TO,Norte,2,57.74,-22.26,29.333333333333332,1076.92,4.57,1.0,0.0,0.5
1711506,Jaú Do Tocantins,TO,Norte,1,75.25,-4.75,20.946538124452236,1033.94,4.8325,0.3333333333333333,0.5,0.6666666666666666
1711803,Juarina,TO,Norte,2,63.66,-16.34,21.489161168708765,791.63,4.59,0.3333333333333333,0.0,0.3333333333333333
1711902,Lagoa Da Confusão,TO,Norte,2,59.32,-20.68,36.81031010873943,1229.28,4.6325,0.14285714285714285,0.14285714285714285,0.5238095238095238
1711951,Lagoa Do Tocantins,TO,Norte,2,51.61,-28.39,29.474431818181817,777.8,4.415,0.6666666666666666,0.0,0.0
1712009,Lajeado,TO,Norte,1,60.15,-19.85,18.39323467230444,1306.33,4.753333333333333,0.25,0.0,1.0
1712157,Lavandeira,TO,Norte,0,90.91,10.91,29.609690444145357,904.21,4.705,0.6666666666666666,0.3333333333333333,0.3333333333333333
1712405,Lizarda,TO,Norte,2,47.4,-32.6,27.66122766122766,912.48,4.003333333333333,0.2,0.0,1.0
1712454,Luzinópolis,TO,Norte,2,64.09,-15.91,22.37623762376238,658.43,4.6850000000000005,0.6666666666666666,0.0,0.3333333333333333
1712504,Marianópolis Do Tocantins,TO,Norte,2,67.06,-12.94,24.28491306786315,1221.45,4.609999999999999,0.2,0.0,0.6
1712702,Mateiros,TO,Norte,2,33.33,-46.67,28.256513026052104,775.8,4.593333333333334,0.125,0.0,0.125
1712801,Maurilândia Do Tocantins,TO,Norte,2,49.49,-30.51,32.230869001297016,810.37,4.390000000000001,0.2,0.2,0.2
1713205,Miracema Do Tocantins,TO,Norte,2,48.24,-31.76,22.77454609554028,1345.89,4.856,0.47619047619047616,0.047619047619047616,0.42857142857142855
1713304,Miranorte,TO,Norte,1,64.82,-15.18,24.33384717022682,1172.19,4.7250000000000005,0.4,0.1,0.8
1713601,Monte Do Carmo,TO,Norte,2,46.84,-33.16,26.804511278195488,1018.53,4.486,0.625,0.125,0.375
1713700,Monte Santo Do Tocantins,TO,Norte,0,67.62,-12.38,24.561403508771928,969.74,4.695,0.6666666666666666,0.0,0.0
1713809,Palmeiras Do Tocantins,TO,Norte,2,61.98,-18.02,29.30800542740841,812.99,4.6066666666666665,0.6,0.2,0.4
1713957,Muricilândia,TO,Norte,2,34.1,-45.9,29.60385438972163,925.82,4.4125000000000005,0.125,0.0,0.25
1714203,Natividade,TO,Norte,1,74.92,-5.08,28.73102262961902,1184.27,4.828,0.9,0.3,0.7
1714302,Nazaré,TO,Norte,0,72.71,-7.29,26.12359550561798,810.68,4.577500000000001,0.5,0.0,0.5
1714880,Nova Olinda,TO,Norte,2,46.94,-33.06,27.801724137931032,916.26,4.451428571428571,0.25,0.3333333333333333,0.5
1715002,Nova Rosalândia,TO,Norte,1,95.61,15.61,19.5578231292517,1068.55,5.03,0.75,0.25,0.5
1715101,Novo Acordo,TO,Norte,2,55.68,-24.32,30.855457227138643,1024.13,4.513333333333333,0.4,0.2,0.6
1715150,Novo Alegre,TO,Norte,1,66.67,-13.33,27.43467933491687,1123.63,4.76,0.5,0.5,0.5
1715259,Novo Jardim,TO,Norte,0,78.33,-1.67,24.41742654508612,876.15,4.529999999999999,0.3333333333333333,0.3333333333333333,0.6666666666666666
1715507,Oliveira De Fátima,TO,Norte,1,87.5,7.5,22.268907563025213,925.74,4.5649999999999995,1.0,0.5,1.0
1715705,Palmeirante,TO,Norte,2,30.67,-49.33,23.25473878871937,862.06,4.442,0.2,0.0,0.4
1715754,Palmeirópolis,TO,Norte,1,96.93,16.93,17.90457452041318,1242.87,4.8575,0.42857142857142855,0.2857142857142857,0.2857142857142857
1716109,Paraíso Do Tocantins,TO,Norte,1,81.53,1.53,11.871403552664498,1526.29,5.008571428571428,0.8,0.5428571428571428,0.7428571428571429
1716208,Paranã,TO,Norte,2,63.49,-16.51,32.68101761252446,977.59,4.542222222222223,0.09090909090909091,0.09090909090909091,0.22727272727272727
1716307,Pau D'Arco,TO,Norte,2,44.35,-35.65,27.185501066098084,933.91,4.6850000000000005,0.4,0.4,0.8
1716505,Pedro Afonso,TO,Norte,1,64.68,-15.32,22.93577981651376,1441.4,4.82,0.8461538461538461,0.38461538461538464,0.6923076923076923
1716604,Peixe,TO,Norte,1,72.18,-7.82,29.61177366150723,1080.34,4.807142857142857,0.875,0.25,0.625
1716653,Pequizeiro,TO,Norte,1,68.11,-11.89,21.637744034707158,1002.46,4.6075,0.42857142857142855,0.2857142857142857,0.5714285714285714
1716703,Colméia,TO,Norte,2,46.21,-33.79,25.99567767829577,1172.54,4.942,0.18181818181818182,0.0,0.7272727272727273
1717008,Pindorama Do Tocantins,TO,Norte,2,39.58,-40.42,28.42879663688912,787.79,4.593333333333334,0.75,0.5,0.75
1717206,Piraquê,TO,Norte,2,48.53,-31.47,27.871772039180765,857.47,4.495,0.3333333333333333,0.0,0.16666666666666666
1717503,Pium,TO,Norte,2,53.89,-26.11,20.768846729905142,1037.53,4.87,0.5,0.0,0.25
1717800,Ponte Alta Do Bom Jesus,TO,Norte,0,77.78,-2.22,26.77165354330709,817.92,4.846666666666667,0.14285714285714285,0.0,0.7142857142857143
1717909,Ponte Alta Do Tocantins,TO,Norte,2,48.0,-32.0,27.68942937324602,906.89,4.496666666666666,0.625,0.25,0.375
1718006,Porto Alegre Do Tocantins,TO,Norte,2,60.36,-19.64,27.540106951871657,881.18,4.545,0.3333333333333333,0.6666666666666666,0.6666666666666666
1718204,Porto Nacional,TO,Norte,1,58.64,-21.36,23.851811495505313,1349.96,4.799714285714286,0.7454545454545455,0.34545454545454546,0.4727272727272727
1718303,Praia Norte,TO,Norte,2,52.26,-27.74,31.93620178041543,721.44,4.503333333333333,0.1875,0.0625,0.1875
1718402,Presidente Kennedy,TO,Norte,1,70.51,-9.49,23.146473779385172,1017.64,4.665,0.3333333333333333,0.6666666666666666,0.6666666666666666
1718451,Pugmil,TO,Norte,2,47.37,-32.63,28.36752899197145,912.8,4.705,0.6666666666666666,0.3333333333333333,0.6666666666666666
1718501,Recursolândia,TO,Norte,2,53.26,-26.74,40.089641434262944,723.11,4.03,0.2,0.4,0.8
1718550,Riachinho,TO,Norte,2,59.79,-20.21,25.5050505050505,708.06,4.44,0.5,0.0,0.75
1718659,Rio Da Conceição,TO,Norte,2,42.86,-37.14,28.05486284289277,913.38,4.695,0.3333333333333333,0.0,0.3333333333333333
1718709,Rio Dos Bois,TO,Norte,2,60.25,-19.75,24.42687747035573,916.21,4.535,0.5,0.25,0.5
1718758,Rio Sono,TO,Norte,2,53.18,-26.82,31.758241758241756,987.98,4.415,0.375,0.125,0.25
1718808,Sampaio,TO,Norte,2,40.53,-39.47,33.26063249727372,832.94,4.44,0.6666666666666666,0.6666666666666666,1.0
1718840,Sandolândia,TO,Norte,0,94.12,14.12,28.22085889570552,1043.85,4.93,0.375,0.0,0.25
1718865,Santa Fé Do Araguaia,TO,Norte,2,27.63,-52.37,21.836121836121837,1011.88,4.510000000000001,0.3125,0.0,0.3125
1718881,Santa Maria Do Tocantins,TO,Norte,0,83.69,3.69,25.151148730350663,915.7,4.550000000000001,0.6666666666666666,0.0,0.6666666666666666
1718899,Santa Rita Do Tocantins,TO,Norte,1,67.74,-12.26,21.57676348547718,1145.36,4.733333333333333,0.2,0.4,0.4
1718907,Santa Rosa Do Tocantins,TO,Norte,2,56.87,-23.13,26.874391431353455,848.41,4.616666666666667,0.25,0.25,0.75
1719004,Santa Tereza Do Tocantins,TO,Norte,2,51.46,-28.54,24.35282837967402,942.39,4.506666666666667,0.6666666666666666,0.0,0.6666666666666666
1720002,Santa Terezinha Do Tocantins,TO,Norte,0,84.62,4.62,19.230769230769234,793.1,4.515,0.25,0.0,0.5
1720101,São Bento Do Tocantins,TO,Norte,2,40.27,-39.73,31.35593220338983,750.11,4.311999999999999,0.09090909090909091,0.09090909090909091,0.2727272727272727
1720150,São Félix Do Tocantins,TO,Norte,2,62.5,-17.5,19.755244755244757,1195.77,4.16,0.25,0.25,1.0
1720200,São Miguel Do Tocantins,TO,Norte,2,53.09,-26.91,31.94241982507289,820.57,4.465,0.16666666666666666,0.0,0.3888888888888889
1720259,São Salvador Do Tocantins,TO,Norte,1,91.45,11.45,27.786885245901637,815.37,4.576,0.6666666666666666,0.5555555555555556,0.5555555555555556
1720309,São Sebastião Do Tocantins,TO,Norte,2,59.57,-20.43,29.7799511002445,868.76,4.386666666666667,0.2857142857142857,0.2857142857142857,0.5714285714285714
1720499,São Valério,TO,Norte,2,65.52,-14.48,28.915094339622645,1074.49,4.705,0.3333333333333333,0.0,0.16666666666666666
1720655,Silvanópolis,TO,Norte,2,60.32,-19.68,30.490848585690518,1231.48,4.8133333333333335,0.6,0.2,0.4
1720804,Sítio Novo Do Tocantins,TO,Norte,2,57.42,-22.58,31.286756057398257,803.3,4.3340000000000005,0.0625,0.0625,0.375
1720853,Sucupira,TO,Norte,1,76.26,-3.74,17.446043165467625,1087.47,4.78,0.3333333333333333,0.6666666666666666,0.6666666666666666
1720903,Taguatinga,TO,Norte,0,72.31,-7.69,33.30188679245283,1004.29,4.5875,0.23076923076923078,0.23076923076923078,0.38461538461538464
1720937,Taipas Do Tocantins,TO,Norte,0,82.14,2.14,24.186046511627907,1041.52,4.359999999999999,0.0,0.3333333333333333,1.0
1720978,Talismã,TO,Norte,2,53.85,-26.15,17.358490566037734,1136.59,4.7700000000000005,0.6666666666666666,0.0,0.3333333333333333
1721000,Palmas,TO,Norte,1,57.78,-22.22,23.34661641500828,2260.06,5.060508474576271,0.6303030303030303,0.2606060606060606,0.4
1721109,Tocantínia,TO,Norte,2,51.98,-28.02,35.004296763105124,755.36,4.7725,0.10204081632653061,0.12244897959183673,0.30612244897959184
1721208,Tocantinópolis,TO,Norte,2,48.57,-31.43,29.263893585841505,1055.63,4.587000000000001,0.24242424242424243,0.030303030303030304,0.24242424242424243
1721257,Tupirama,TO,Norte,1,82.35,2.35,27.74936061381074,1308.74,4.51,0.6666666666666666,0.3333333333333333,0.6666666666666666
1721307,Tupiratins,TO,Norte,0,70.4,-9.6,18.7221396731055,1052.03,4.503333333333333,0.25,0.0,0.5
1722081,Wanderlândia,TO,Norte,2,65.27,-14.73,30.602240896358545,870.86,4.625,0.2727272727272727,0.0,0.2727272727272727
1722107,Xambioá,TO,Norte,2,61.39,-18.61,31.046141607000795,1051.05,4.711666666666667,0.7,0.2,0.6
2100055,Açailândia,MA,Nordeste,0,70.62,-9.38,27.945611053237567,1007.41,4.549019607843137,0.205607476635514,0.1588785046728972,0.45794392523364486
2100105,Afonso Cunha,MA,Nordeste,0,83.87,3.87,43.281938325991185,605.56,3.864285714285714,0.17391304347826086,0.13043478260869565,0.13043478260869565
2100154,Água Doce Do Maranhão,MA,Nordeste,0,77.15,-2.85,39.50522433927474,597.92,4.163333333333333,0.16666666666666666,0.03333333333333333,0.03333333333333333
2100204,Alcântara,MA,Nordeste,2,65.67,-14.33,40.34929028666852,681.48,4.126666666666667,0.15217391304347827,0.08695652173913043,0.3695652173913043
2100303,Aldeias Altas,MA,Nordeste,2,65.83,-14.17,39.07140636335372,533.46,4.01375,0.07317073170731707,0.024390243902439025,0.5609756097560976
2100402,Altamira Do Maranhão,MA,Nordeste,2,62.15,-17.85,42.960988611582266,798.15,4.234,0.0625,0.125,0.8125
2100436,Alto Alegre Do Maranhão,MA,Nordeste,2,50.59,-29.41,37.43599122165325,671.08,4.224666666666667,0.21212121212121213,0.09090909090909091,0.21212121212121213
2100477,Alto Alegre Do Pindaré,MA,Nordeste,0,71.77,-8.23,36.89697154162228,616.57,4.1745833333333335,0.058823529411764705,0.014705882352941176,0.5147058823529411
2100501,Alto Parnaíba,MA,Nordeste,0,80.35,0.35,34.32167235494881,803.48,4.385000000000001,0.0,0.034482758620689655,0.034482758620689655
2100550,Amapá Do Maranhão,MA,Nordeste,2,64.35,-15.65,37.79042200094832,546.81,4.066666666666666,0.17647058823529413,0.0,0.29411764705882354
2100600,Amarante Do Maranhão,MA,Nordeste,2,58.04,-21.96,39.036781142044305,602.61,4.3629411764705885,0.05714285714285714,0.0380952380952381,0.05714285714285714
2100709,Anajatuba,MA,Nordeste,0,82.89,2.89,42.60663507109005,647.55,3.9964285714285714,0.11363636363636363,0.06818181818181818,0.022727272727272728
2100808,Anapurus,MA,Nordeste,2,41.26,-38.74,43.2926145915051,647.27,4.0953333333333335,0.4,0.14285714285714285,0.2571428571428571
2100832,Apicum-Açu,MA,Nordeste,2,48.95,-31.05,42.76470588235294,594.97,3.993846153846154,0.16,0.12,0.32
2100873,Araguanã,MA,Nordeste,0,92.19,12.19,40.57915057915058,601.3,4.1125,0.041666666666666664,0.0,0.08333333333333333
2100907,Araioses,MA,Nordeste,0,88.33,8.33,40.334746462588775,495.55,4.005172413793104,0.06578947368421052,0.10526315789473684,0.07894736842105263
2100956,Arame,MA,Nordeste,0,82.37,2.37,37.35374329198557,570.78,4.002,0.06796116504854369,0.038834951456310676,0.038834951456310676
2101004,Arari,MA,Nordeste,0,71.41,-8.59,37.27691189534038,723.36,4.1248000000000005,0.03508771929824561,0.12280701754385964,0.40350877192982454
2101103,Axixá,MA,Nordeste,0,77.1,-2.9,43.59211744478244,692.03,4.265833333333333,0.18181818181818182,0.18181818181818182,0.2727272727272727
2101202,Bacabal,MA,Nordeste,0,73.34,-6.66,34.31047507134464,894.93,4.29375,0.17054263565891473,0.17829457364341086,0.21705426356589147
2101251,Bacabeira,MA,Nordeste,2,59.46,-20.54,37.82389231632081,704.29,4.2435,0.25,0.14285714285714285,0.10714285714285714
2101301,Bacuri,MA,Nordeste,0,87.89,7.89,39.05579399141631,639.65,4.008666666666667,0.0625,0.0,0.46875
2101350,Bacurituba,MA,Nordeste,0,90.91,10.91,39.34476423759951,624.92,3.84,0.05555555555555555,0.16666666666666666,0.4444444444444444
2101400,Balsas,MA,Nordeste,2,53.24,-26.76,28.822740540114122,1166.62,4.556829268292684,0.34375,0.22916666666666666,0.4479166666666667
2101509,Barão De Grajaú,MA,Nordeste,0,70.04,-9.96,39.57736009344802,815.92,4.316363636363636,0.2413793103448276,0.1724137931034483,0.10344827586206896
2101608,Barra Do Corda,MA,Nordeste,2,63.26,-16.74,34.79014296271757,817.61,4.399117647058823,0.25,0.1683673469387755,0.25510204081632654
2101707,Barreirinhas,MA,Nordeste,0,82.19,2.19,38.81069452980947,612.86,3.9862,0.3333333333333333,0.05442176870748299,0.09523809523809523
2101731,Belágua,MA,Nordeste,0,75.16,-4.84,43.69154022032841,388.46,3.655,0.045454545454545456,0.045454545454545456,0.045454545454545456
2101772,Bela Vista Do Maranhão,MA,Nordeste,0,75.03,-4.97,39.74255832662912,670.39,4.351666666666667,0.047619047619047616,0.047619047619047616,0.09523809523809523
2101806,Benedito Leite,MA,Nordeste,0,84.33,4.33,38.705234159779614,715.98,4.3774999999999995,0.18181818181818182,0.18181818181818182,0.18181818181818182
2101905,Bequimão,MA,Nordeste,0,69.33,-10.67,37.99104066161268,679.09,4.04,0.23333333333333334,0.03333333333333333,0.5333333333333333
2101939,Bernardo Do Mearim,MA,Nordeste,0,95.12,15.12,36.280991735537185,728.32,4.1675,0.1875,0.125,0.125
2101970,Boa Vista Do Gurupi,MA,Nordeste,0,89.9,9.9,40.10393131495707,570.27,4.283333333333333,0.26666666666666666,0.06666666666666667,0.06666666666666667
2102002,Bom Jardim,MA,Nordeste,0,88.39,8.39,38.99166870864984,545.68,4.167142857142857,0.11538461538461539,0.028846153846153848,0.22115384615384615
2102036,Bom Jesus Das Selvas,MA,Nordeste,0,80.43,0.43,36.308299745002884,698.74,4.253571428571428,0.07692307692307693,0.09615384615384616,0.3076923076923077
2102077,Bom Lugar,MA,Nordeste,0,91.84,11.84,38.215488215488215,638.84,4.1854545454545455,0.0,0.25,0.3
2102101,Brejo,MA,Nordeste,2,65.26,-14.74,41.0259666052949,615.04,4.0819230769230765,0.1780821917808219,0.0684931506849315,0.136986301369863
2102150,Brejo De Areia,MA,Nordeste,0,72.24,-7.76,43.1866231020565,516.09,4.1075,0.03225806451612903,0.03225806451612903,0.3548387096774194
2102200,Buriti,MA,Nordeste,0,84.84,4.84,43.394976206252636,489.45,3.944230769230769,0.08823529411764706,0.029411764705882353,0.07352941176470588
2102309,Buriti Bravo,MA,Nordeste,0,75.2,-4.8,41.66024949946096,593.63,4.072941176470588,0.3617021276595745,0.0851063829787234,0.10638297872340426
2102325,Buriticupu,MA,Nordeste,2,47.78,-32.22,35.924037278002466,667.09,4.3,0.06818181818181818,0.022727272727272728,0.2840909090909091
2102358,Buritirana,MA,Nordeste,2,54.12,-25.88,36.44037988040802,696.88,4.421,0.07692307692307693,0.23076923076923078,0.38461538461538464
2102374,Cachoeira Grande,MA,Nordeste,0,75.34,-4.66,42.77354532405874,389.45,3.8,0.038461538461538464,0.0,0.07692307692307693
2102408,Cajapió,MA,Nordeste,0,74.58,-5.42,39.12626940026825,507.33,3.9700000000000006,0.14705882352941177,0.058823529411764705,0.08823529411764706
2102507,Cajari,MA,Nordeste,2,53.33,-26.67,41.7718541748334,552.62,4.088888888888889,0.03389830508474576,0.03389830508474576,0.2711864406779661
2102556,Campestre Do Maranhão,MA,Nordeste,0,81.42,1.42,33.97198187062217,833.52,4.482222222222223,0.05555555555555555,0.2777777777777778,0.05555555555555555
2102606,Cândido Mendes,MA,Nordeste,0,90.16,10.16,38.19085867278638,587.02,4.047857142857143,0.08333333333333333,0.08333333333333333,0.041666666666666664
2102705,Cantanhede,MA,Nordeste,0,74.8,-5.2,37.8146101903008,737.41,4.07,0.0625,0.0,0.0625
2102754,Capinzal Do Norte,MA,Nordeste,0,87.08,7.08,39.78981699583258,780.81,4.426363636363636,0.11538461538461539,0.0,0.07692307692307693
2102804,Carolina,MA,Nordeste,2,59.28,-20.72,35.97854236034036,936.53,4.3531578947368414,0.2653061224489796,0.061224489795918366,0.16326530612244897
2102903,Carutapera,MA,Nordeste,0,71.29,-8.71,39.85070538282427,676.39,4.124375,0.13953488372093023,0.20930232558139536,0.13953488372093023
2103000,Caxias,MA,Nordeste,2,61.08,-18.92,25.11272344418759,853.08,4.344646464646464,0.11715481171548117,0.27615062761506276,0.29707112970711297
2103109,Cedral,MA,Nordeste,2,59.52,-20.48,39.90767271569563,616.29,4.129,0.25,0.0625,0.0625
2103125,Central Do Maranhão,MA,Nordeste,0,95.05,15.05,40.56376761773806,580.82,4.157777777777778,0.11538461538461539,0.0,0.07692307692307693
2103158,Centro Do Guilherme,MA,Nordeste,0,89.96,9.96,43.01260022909508,735.27,4.05875,0.15625,0.1875,0.625
2103174,Centro Novo Do Maranhão,MA,Nordeste,0,75.36,-4.64,41.98047419804742,705.59,4.153333333333333,0.1875,0.0625,0.10416666666666667
2103208,Chapadinha,MA,Nordeste,0,75.33,-4.67,42.55642441537264,741.25,4.044102564102564,0.11347517730496454,0.06382978723404255,0.12056737588652482
2103257,Cidelândia,MA,Nordeste,0,87.47,7.47,38.553099397124754,831.99,4.4275,0.19047619047619047,0.0,0.2857142857142857
2103307,Codó,MA,Nordeste,2,54.98,-25.02,33.30852925205639,725.27,4.104461538461539,0.2571428571428571,0.12,0.12
2103406,Coelho Neto,MA,Nordeste,0,90.35,10.35,38.44786452729569,671.03,3.9939999999999998,0.25,0.15384615384615385,0.3269230769230769
2103505,Colinas,MA,Nordeste,2,66.2,-13.8,41.1313518696069,711.68,4.225416666666667,0.19718309859154928,0.16901408450704225,0.22535211267605634
2103554,Conceição Do Lago-Açu,MA,Nordeste,2,51.14,-28.86,40.68209500609014,542.17,4.071538461538461,0.05555555555555555,0.05555555555555555,0.027777777777777776
2103604,Coroatá,MA,Nordeste,2,46.15,-33.85,36.81314362078453,625.41,4.018,0.23595505617977527,0.06741573033707865,0.16853932584269662
2103703,Cururupu,MA,Nordeste,0,67.45,-12.55,38.81488286632981,699.05,3.9918181818181817,0.12727272727272726,0.05454545454545454,0.36363636363636365
2103752,Davinópolis,MA,Nordeste,2,65.01,-14.99,26.57960437872095,823.31,4.53,0.058823529411764705,0.0,0.23529411764705882
2103802,Dom Pedro,MA,Nordeste,2,60.8,-19.2,39.111354909489854,863.58,4.35,0.29411764705882354,0.11764705882352941,0.14705882352941177
2103901,Duque Bacelar,MA,Nordeste,0,94.03,14.03,43.60496492174852,535.56,3.8641666666666663,0.15384615384615385,0.07692307692307693,0.07692307692307693
2104008,Esperantinópolis,MA,Nordeste,0,86.81,6.81,36.998064828253504,641.75,4.144285714285714,0.11428571428571428,0.08571428571428572,0.34285714285714286
2104057,Estreito,MA,Nordeste,2,64.51,-15.49,29.95856016900951,1045.87,4.575454545454545,0.2631578947368421,0.10526315789473684,0.3157894736842105
2104073,Feira Nova Do Maranhão,MA,Nordeste,0,79.1,-0.9,35.42919628212138,680.02,4.331666666666666,0.125,0.125,0.375
2104081,Fernando Falcão,MA,Nordeste,0,97.22,17.22,40.999650471862985,584.52,4.113333333333333,0.03125,0.0625,0.09375
2104099,Formosa Da Serra Negra,MA,Nordeste,0,83.98,3.98,39.14997431946585,658.6,4.182142857142857,0.1875,0.0625,0.25
2104107,Fortaleza Dos Nogueiras,MA,Nordeste,0,84.96,4.96,35.084940973222004,922.26,4.266666666666667,0.2,0.05,0.35
2104206,Fortuna,MA,Nordeste,0,75.86,-4.14,38.96357858714251,663.54,4.354705882352941,0.12903225806451613,0.0,0.2903225806451613
2104305,Godofredo Viana,MA,Nordeste,0,92.31,12.31,39.97957099080695,799.67,4.448,0.0,0.125,0.125
2104404,Gonçalves Dias,MA,Nordeste,0,82.42,2.42,41.03585657370518,761.9,4.34,0.1111111111111111,0.022222222222222223,0.6222222222222222
2104503,Governador Archer,MA,Nordeste,0,81.84,1.84,39.45375258205187,708.84,4.198571428571428,0.15384615384615385,0.07692307692307693,0.07692307692307693
2104552,Governador Edison Lobão,MA,Nordeste,2,67.49,-12.51,29.915904031659657,790.85,4.458181818181818,0.19047619047619047,0.14285714285714285,0.3333333333333333
2104602,Governador Eugênio Barros,MA,Nordeste,0,74.83,-5.17,36.41589180050718,734.73,4.470000000000001,0.1,0.0,0.0
2104628,Governador Luiz Rocha,MA,Nordeste,0,78.5,-1.5,36.4877161055505,710.62,4.406666666666666,0.0,0.07142857142857142,0.07142857142857142
2104651,Governador Newton Bello,MA,Nordeste,0,88.84,8.84,39.35735150925024,619.07,4.065,0.02857142857142857,0.08571428571428572,0.11428571428571428
2104677,Governador Nunes Freire,MA,Nordeste,2,64.53,-15.47,39.51227549843467,678.51,4.233157894736842,0.02857142857142857,0.05714285714285714,0.22857142857142856
2104701,Graça Aranha,MA,Nordeste,0,70.84,-9.16,33.98587933247754,681.18,4.506,0.2,0.0,0.06666666666666667
2104800,Grajaú,MA,Nordeste,2,54.15,-25.85,38.47572927476075,821.45,4.362444444444445,0.06282722513089005,0.03664921465968586,0.43455497382198954
2104909,Guimarães,MA,Nordeste,0,82.45,2.45,36.96980589503954,740.79,4.264444444444445,0.23529411764705882,0.17647058823529413,0.23529411764705882
2105005,Humberto De Campos,MA,Nordeste,2,60.63,-19.37,40.757842274992676,415.69,3.8853846153846154,0.012658227848101266,0.02531645569620253,0.22784810126582278
2105104,Icatu,MA,Nordeste,0,72.05,-7.95,42.44178483153376,439.27,3.8076923076923075,0.08064516129032258,0.04838709677419355,0.16129032258064516
2105153,Igarapé Do Meio,MA,Nordeste,0,85.97,5.97,37.25432244717009,646.04,4.190909090909091,0.02564102564102564,0.3076923076923077,0.15384615384615385
2105203,Igarapé Grande,MA,Nordeste,0,89.25,9.25,36.48860958366064,800.72,4.026666666666667,0.045454545454545456,0.045454545454545456,0.22727272727272727
2105302,Imperatriz,MA,Nordeste,2,60.08,-19.92,29.66985504803641,1324.19,4.684835164835165,0.4807692307692308,0.20673076923076922,0.34134615384615385
2105351,Itaipava Do Grajaú,MA,Nordeste,0,90.95,10.95,41.942472018293415,553.45,4.31,0.15789473684210525,0.02631578947368421,0.18421052631578946
2105401,Itapecuru Mirim,MA,Nordeste,0,77.48,-2.52,33.36736296528978,658.19,4.056590909090909,0.19811320754716982,0.04716981132075472,0.16981132075471697
2105427,Itinga Do Maranhão,MA,Nordeste,0,80.03,0.03,35.21442885771543,882.07,4.5,0.175,0.05,0.35
2105450,Jatobá,MA,Nordeste,0,67.12,-12.88,40.560705403572236,559.77,4.20375,0.1111111111111111,0.1111111111111111,0.16666666666666666
2105476,Jenipapo Dos Vieiras,MA,Nordeste,0,72.41,-7.59,39.90994678673761,465.99,4.372857142857143,0.0,0.010869565217391304,0.010869565217391304
2105500,João Lisboa,MA,Nordeste,2,64.03,-15.97,32.73559353693845,850.02,4.4350000000000005,0.18867924528301888,0.018867924528301886,0.2830188679245283
2105609,Joselândia,MA,Nordeste,0,79.08,-0.92,39.21406979939544,669.96,4.010909090909091,0.45454545454545453,0.0,0.13636363636363635
2105658,Junco Do Maranhão,MA,Nordeste,0,93.48,13.48,37.669197755034666,569.66,4.0685714285714285,0.16666666666666666,0.25,0.08333333333333333
2105708,Lago Da Pedra,MA,Nordeste,0,86.59,6.59,40.55000959877136,819.51,4.3705,0.2647058823529412,0.07352941176470588,0.1323529411764706
2105807,Lago Do Junco,MA,Nordeste,0,82.24,2.24,39.50456323337679,780.64,4.132857142857143,0.37142857142857144,0.02857142857142857,0.22857142857142856
2105906,Lago Verde,MA,Nordeste,0,73.26,-6.74,38.53284965739621,665.18,4.21,0.10526315789473684,0.02631578947368421,0.21052631578947367
2105922,Lagoa Do Mato,MA,Nordeste,0,83.33,3.33,42.6894527878474,568.19,4.38,0.0625,0.25,0.75
2105948,Lago Dos Rodrigues,MA,Nordeste,0,74.19,-5.81,37.70888302550572,774.33,4.078888888888889,0.14285714285714285,0.07142857142857142,0.07142857142857142
2105963,Lagoa Grande Do Maranhão,MA,Nordeste,0,91.69,11.69,36.178451178451176,589.81,4.135000000000001,0.16129032258064516,0.0,0.2903225806451613
2105989,Lajeado Novo,MA,Nordeste,2,64.14,-15.86,41.67533818938606,765.61,4.418,0.0,0.0,0.0
2106003,Lima Campos,MA,Nordeste,0,84.9,4.9,34.2174140638632,831.6,4.245,0.08,0.08,0.84
2106102,Loreto,MA,Nordeste,0,72.08,-7.92,36.62392411733708,747.53,4.4275,0.24,0.12,0.4
2106201,Luís Domingues,MA,Nordeste,0,73.41,-6.59,39.43558731903977,592.02,4.266,0.08333333333333333,0.0,0.16666666666666666
2106300,Magalhães De Almeida,MA,Nordeste,0,76.09,-3.91,38.44492440604751,660.15,4.076875,0.23529411764705882,0.11764705882352941,0.14705882352941177
2106326,Maracaçumé,MA,Nordeste,2,56.25,-23.75,40.63567113212503,546.44,4.183125,0.18518518518518517,0.1111111111111111,0.2962962962962963
2106359,Marajá Do Sena,MA,Nordeste,0,73.66,-6.34,41.881051175656985,425.87,4.15,0.025,0.025,0.05
2106375,Maranhãozinho,MA,Nordeste,0,72.45,-7.55,37.72996057818659,468.04,4.233,0.20689655172413793,0.1724137931034483,0.1724137931034483
2106409,Mata Roma,MA,Nordeste,0,73.6,-6.4,42.499469552302145,624.96,4.111538461538462,0.10344827586206896,0.0,0.06896551724137931
2106508,Matinha,MA,Nordeste,2,59.1,-20.9,41.51898734177215,630.66,4.114705882352942,0.11320754716981132,0.07547169811320754,0.6226415094339622
2106607,Matões,MA,Nordeste,0,76.3,-3.7,38.633026298224536,597.81,4.028148148148149,0.22950819672131148,0.09836065573770492,0.2459016393442623
2106631,Matões Do Norte,MA,Nordeste,0,76.21,-3.79,34.99894135083633,446.05,4.0236363636363635,0.045454545454545456,0.022727272727272728,0.13636363636363635
2106672,Milagres Do Maranhão,MA,Nordeste,0,90.68,10.68,41.36791253496059,433.27,3.932,0.045454545454545456,0.0,0.045454545454545456
2106706,Mirador,MA,Nordeste,2,61.62,-18.38,41.518386714116254,584.89,4.102941176470588,0.2631578947368421,0.15789473684210525,0.15789473684210525
2106755,Miranda Do Norte,MA,Nordeste,0,78.98,-1.02,40.476190476190474,629.09,4.081538461538462,0.07407407407407407,0.18518518518518517,0.18518518518518517
2106805,Mirinzal,MA,Nordeste,2,57.0,-23.0,43.018037835459744,750.33,4.1530000000000005,0.3,0.03333333333333333,0.1
2106904,Monção,MA,Nordeste,2,50.29,-29.71,39.53214926666254,555.93,4.034285714285714,0.06451612903225806,0.06451612903225806,0.11827956989247312
2107001,Montes Altos,MA,Nordeste,2,56.23,-23.77,36.19556285949055,775.51,4.325,0.1111111111111111,0.1111111111111111,0.1111111111111111
2107100,Morros,MA,Nordeste,0,79.19,-0.81,41.59334353481255,509.29,3.8274999999999997,0.09302325581395349,0.046511627906976744,0.046511627906976744
2107209,Nina Rodrigues,MA,Nordeste,0,72.62,-7.38,40.296662546353524,535.22,3.9718181818181817,0.21052631578947367,0.05263157894736842,0.3684210526315789
2107258,Nova Colinas,MA,Nordeste,0,87.14,7.14,34.48412698412698,765.0,4.328,0.2857142857142857,0.14285714285714285,0.14285714285714285
2107308,Nova Iorque,MA,Nordeste,0,68.15,-11.85,39.66854724964739,727.08,4.203333333333333,0.16666666666666666,0.0,0.3333333333333333
2107357,Nova Olinda Do Maranhão,MA,Nordeste,0,87.77,7.77,39.90189040440297,627.94,4.136666666666667,0.09090909090909091,0.09090909090909091,0.06060606060606061
2107407,Olho D'Água Das Cunhãs,MA,Nordeste,0,69.51,-10.49,39.61439077718148,786.89,4.318666666666667,0.14705882352941177,0.029411764705882353,0.6764705882352942
2107456,Olinda Nova Do Maranhão,MA,Nordeste,2,43.98,-36.02,41.72606924643584,566.55,4.1000000000000005,0.21428571428571427,0.17857142857142858,0.25
2107506,Paço Do Lumiar,MA,Nordeste,2,56.91,-23.09,32.76432500456695,1055.14,4.543548387096774,0.22857142857142856,0.09285714285714286,0.2
2107605,Palmeirândia,MA,Nordeste,2,58.35,-21.65,43.5630689206762,522.16,4.167857142857143,0.03773584905660377,0.03773584905660377,0.1320754716981132
2107704,Paraibano,MA,Nordeste,2,65.05,-14.95,39.960666791533995,735.73,4.356363636363636,0.14285714285714285,0.10714285714285714,0.14285714285714285
2107803,Parnarama,MA,Nordeste,0,83.57,3.57,35.785176321531644,609.43,4.031363636363636,0.21568627450980393,0.13725490196078433,0.4117647058823529
2107902,Passagem Franca,MA,Nordeste,2,51.09,-28.91,39.08252754666067,634.75,4.041333333333333,0.09375,0.0625,0.0625
2108009,Pastos Bons,MA,Nordeste,0,84.11,4.11,40.1602078371942,759.03,4.3549999999999995,0.28125,0.125,0.59375
2108058,Paulino Neves,MA,Nordeste,0,82.7,2.7,38.814898419864555,560.24,3.904814814814815,0.04,0.12,0.62
2108108,Paulo Ramos,MA,Nordeste,0,94.51,14.51,40.78785002373042,668.82,4.159230769230769,0.21052631578947367,0.07894736842105263,0.13157894736842105
2108207,Pedreiras,MA,Nordeste,0,85.22,5.22,30.579845487732406,1102.76,4.355625,0.275,0.15,0.5
2108256,Pedro Do Rosário,MA,Nordeste,2,55.34,-24.66,43.194335169158144,507.8,3.8968421052631577,0.012048192771084338,0.0,0.08433734939759036
2108306,Penalva,MA,Nordeste,0,78.48,-1.52,41.734372409219034,565.26,4.118571428571428,0.08433734939759036,0.060240963855421686,0.7710843373493976
2108405,Peri Mirim,MA,Nordeste,0,78.04,-1.96,41.24181709978179,665.56,4.108333333333333,0.02631578947368421,0.02631578947368421,0.05263157894736842
2108454,Peritoró,MA,Nordeste,0,68.14,-11.86,39.84004463870548,710.01,4.15,0.0625,0.020833333333333332,0.6041666666666666
2108504,Pindaré-Mirim,MA,Nordeste,2,56.56,-23.44,36.946016843849236,786.22,4.218518518518518,0.09523809523809523,0.07936507936507936,0.19047619047619047
2108603,Pinheiro,MA,Nordeste,2,59.87,-20.13,38.98916967509025,833.75,4.171276595744681,0.18471337579617833,0.08280254777070063,0.1464968152866242
2108702,Pio Xii,MA,Nordeste,2,59.22,-20.78,39.701908115633444,726.65,4.208947368421053,0.11764705882352941,0.17647058823529413,0.11764705882352941
2108801,Pirapemas,MA,Nordeste,0,73.2,-6.8,39.55961466282998,629.73,4.23625,0.0,0.041666666666666664,0.041666666666666664
2108900,Poção De Pedras,MA,Nordeste,0,84.2,4.2,40.893724910204945,810.21,4.033636363636363,0.07692307692307693,0.019230769230769232,0.46153846153846156
2109007,Porto Franco,MA,Nordeste,0,85.33,5.33,23.01360057265569,1084.18,4.658125,0.075,0.025,0.125
2109056,Porto Rico Do Maranhão,MA,Nordeste,2,61.79,-18.21,43.21658615136876,671.08,4.18125,0.07692307692307693,0.0,0.38461538461538464
2109106,Presidente Dutra,MA,Nordeste,2,67.43,-12.57,31.547488884029452,1062.56,4.377894736842106,0.32653061224489793,0.24489795918367346,0.2857142857142857
2109205,Presidente Juscelino,MA,Nordeste,2,50.29,-29.71,42.1582507472078,539.16,3.887777777777778,0.03571428571428571,0.0,0.14285714285714285
2109239,Presidente Médici,MA,Nordeste,0,88.77,8.77,38.22919751258513,663.31,4.291666666666667,0.25,0.1,0.3
2109270,Presidente Sarney,MA,Nordeste,2,57.46,-22.54,40.98086568827791,516.19,4.0475,0.061224489795918366,0.061224489795918366,0.04081632653061224
2109304,Presidente Vargas,MA,Nordeste,0,67.9,-12.1,38.85882931628136,549.26,3.7553846153846155,0.041666666666666664,0.041666666666666664,0.041666666666666664
2109403,Primeira Cruz,MA,Nordeste,0,72.69,-7.31,37.32758620689655,413.0,3.88875,0.10344827586206896,0.017241379310344827,0.034482758620689655
2109452,Raposa,MA,Nordeste,2,49.94,-30.06,39.483195770620924,872.96,4.373529411764705,0.35294117647058826,0.029411764705882353,0.17647058823529413
2109502,Riachão,MA,Nordeste,2,58.5,-21.5,35.33760473139478,751.06,4.2676923076923075,0.037037037037037035,0.07407407407407407,0.07407407407407407
2109551,Ribamar Fiquene,MA,Nordeste,0,72.26,-7.74,32.722143864598024,725.47,4.473333333333334,0.1111111111111111,0.05555555555555555,0.5
2109601,Rosário,MA,Nordeste,2,63.51,-16.49,34.34106755057721,675.16,4.099722222222223,0.15942028985507245,0.07246376811594203,0.17391304347826086
2109700,Sambaíba,MA,Nordeste,0,81.77,1.77,35.26366871562601,703.14,4.2475,0.2,0.2,0.1
2109759,Santa Filomena Do Maranhão,MA,Nordeste,2,45.99,-34.01,38.51851851851852,602.71,4.206666666666666,0.047619047619047616,0.0,0.6666666666666666
2109809,Santa Helena,MA,Nordeste,0,69.72,-10.28,39.513467475779834,599.67,4.262941176470588,0.09900990099009901,0.04950495049504951,0.07920792079207921
2109908,Santa Inês,MA,Nordeste,2,58.71,-21.29,31.041512778844734,979.59,4.454102564102564,0.3258426966292135,0.0898876404494382,0.19101123595505617
2110005,Santa Luzia,MA,Nordeste,2,67.09,-12.91,37.76563448694596,712.85,4.2475,0.04861111111111111,0.034722222222222224,0.3541666666666667
2110039,Santa Luzia Do Paruá,MA,Nordeste,0,96.42,16.42,40.896440603486155,793.93,4.335714285714286,0.1346153846153846,0.07692307692307693,0.07692307692307693
2110104,Santa Quitéria Do Maranhão,MA,Nordeste,0,94.64,14.64,40.75574543311726,509.6,4.0676,0.11688311688311688,0.012987012987012988,0.11688311688311688
2110203,Santa Rita,MA,Nordeste,0,68.21,-11.79,41.74311926605505,667.41,4.19551724137931,0.10810810810810811,0.02702702702702703,0.10810810810810811
2110237,Santana Do Maranhão,MA,Nordeste,0,78.97,-1.03,39.64830011723329,552.6,3.9966666666666666,0.047619047619047616,0.09523809523809523,0.09523809523809523
2110278,Santo Amaro Do Maranhão,MA,Nordeste,2,47.52,-32.48,42.296493226990755,520.09,3.84875,0.09090909090909091,0.045454545454545456,0.06818181818181818
2110302,Santo Antônio Dos Lopes,MA,Nordeste,0,74.94,-5.06,41.20937666489078,717.65,4.2784615384615385,0.045454545454545456,0.06818181818181818,0.09090909090909091
2110401,São Benedito Do Rio Preto,MA,Nordeste,2,57.61,-22.39,42.23882124219789,445.33,3.8673333333333333,0.09259259259259259,0.1111111111111111,0.05555555555555555
2110500,São Bento,MA,Nordeste,0,87.83,7.83,39.34982738780207,536.73,4.12,0.0875,0.025,0.0625
2110609,São Bernardo,MA,Nordeste,0,85.86,5.86,41.968225948808474,648.46,4.067083333333334,0.07272727272727272,0.05454545454545454,0.10909090909090909
2110658,São Domingos Do Azeitão,MA,Nordeste,0,70.36,-9.64,37.06876591803658,762.98,4.297499999999999,0.0,0.07142857142857142,0.07142857142857142
2110708,São Domingos Do Maranhão,MA,Nordeste,2,64.34,-15.66,37.77395550130389,758.81,4.3608,0.3559322033898305,0.06779661016949153,0.3050847457627119
2110807,São Félix De Balsas,MA,Nordeste,0,71.07,-8.93,35.36480686695279,673.96,4.138,0.21428571428571427,0.2857142857142857,0.21428571428571427
2110856,São Francisco Do Brejão,MA,Nordeste,0,76.82,-3.18,36.038394415357764,766.28,4.503333333333333,0.2727272727272727,0.18181818181818182,0.18181818181818182
2110906,São Francisco Do Maranhão,MA,Nordeste,0,84.38,4.38,41.19192250861927,595.04,3.98,0.1,0.05,0.05
2111003,São João Batista,MA,Nordeste,0,68.62,-11.38,43.98080534112247,591.36,4.094166666666667,0.03278688524590164,0.0,0.01639344262295082
2111029,São João Do Carú,MA,Nordeste,0,77.08,-2.92,40.67422810333963,554.76,3.92,0.05714285714285714,0.02857142857142857,0.05714285714285714
2111052,São João Do Paraíso,MA,Nordeste,2,57.02,-22.98,38.31016042780749,773.11,4.381428571428572,0.05263157894736842,0.15789473684210525,0.42105263157894735
2111078,São João Do Soter,MA,Nordeste,2,60.05,-19.95,38.97400976052661,537.27,4.146153846153846,0.14754098360655737,0.09836065573770492,0.09836065573770492
2111102,São João Dos Patos,MA,Nordeste,0,79.02,-0.98,37.16647569160255,851.72,4.421666666666667,0.22857142857142856,0.08571428571428572,0.14285714285714285
2111201,São José De Ribamar,MA,Nordeste,2,64.01,-15.99,33.81355367495169,1134.31,4.495263157894737,0.29955947136563876,0.0881057268722467,0.1762114537444934
2111250,São José Dos Basílios,MA,Nordeste,0,79.04,-0.96,37.2093023255814,543.75,4.377142857142857,0.21428571428571427,0.07142857142857142,0.6428571428571429
2111300,São Luís,MA,Nordeste,2,63.85,-16.15,33.05302669542564,1595.48,4.58125,0.6217687074829932,0.2639455782312925,0.4748299319727891
2111409,São Luís Gonzaga Do Maranhão,MA,Nordeste,0,69.14,-10.86,37.72385291935997,635.4,4.244,0.07462686567164178,0.05970149253731343,0.04477611940298507
2111508,São Mateus Do Maranhão,MA,Nordeste,2,61.65,-18.35,35.5455117569655,753.38,4.235833333333333,0.08333333333333333,0.13333333333333333,0.2
2111532,São Pedro Da Água Branca,MA,Nordeste,0,72.67,-7.33,29.783662812383437,728.31,4.332857142857143,0.35714285714285715,0.0,0.14285714285714285
2111573,São Pedro Dos Crentes,MA,Nordeste,2,56.89,-23.11,36.875,726.47,4.535,0.14285714285714285,0.14285714285714285,0.5714285714285714
2111607,São Raimundo Das Mangabeiras,MA,Nordeste,0,92.31,12.31,33.659033078880405,850.43,4.366666666666666,0.18518518518518517,0.07407407407407407,0.1111111111111111
2111631,São Raimundo Do Doca Bezerra,MA,Nordeste,0,72.36,-7.64,39.01754385964912,589.9,4.2299999999999995,0.125,0.0,0.125
2111672,São Roberto,MA,Nordeste,0,73.6,-6.4,39.43502824858757,545.37,4.29,0.1875,0.0625,0.0625
2111706,São Vicente Ferrer,MA,Nordeste,2,58.19,-21.81,41.83466166588529,605.08,4.173125,0.08163265306122448,0.04081632653061224,0.04081632653061224
2111722,Satubinha,MA,Nordeste,0,91.46,11.46,38.696224758560135,634.69,3.901666666666667,0.03225806451612903,0.03225806451612903,0.0967741935483871
2111748,Senador Alexandre Costa,MA,Nordeste,0,88.05,8.05,43.29882286200539,661.54,4.2811111111111115,0.07692307692307693,0.0,0.038461538461538464
2111763,Senador La Rocque,MA,Nordeste,0,77.35,-2.65,37.07014276846679,797.07,4.4781818181818185,0.125,0.08333333333333333,0.16666666666666666
2111789,Serrano Do Maranhão,MA,Nordeste,2,52.44,-27.56,43.50383363092112,642.91,3.7670000000000003,0.034482758620689655,0.1724137931034483,0.1724137931034483
2111805,Sítio Novo,MA,Nordeste,2,65.54,-14.46,38.23801347246071,668.73,4.276428571428571,0.06896551724137931,0.13793103448275862,0.1724137931034483
2111904,Sucupira Do Norte,MA,Nordeste,0,79.16,-0.84,39.83994978816884,694.83,4.125555555555556,0.22727272727272727,0.2727272727272727,0.3181818181818182
2111953,Sucupira Do Riachão,MA,Nordeste,2,61.86,-18.14,37.99010277883517,658.02,4.022,0.16666666666666666,0.08333333333333333,0.08333333333333333
2112001,Tasso Fragoso,MA,Nordeste,0,75.49,-4.51,30.237890513040988,889.15,4.458,0.07142857142857142,0.0,0.07142857142857142
2112100,Timbiras,MA,Nordeste,0,69.9,-10.1,39.57140378275204,538.9,4.069411764705883,0.020833333333333332,0.0625,0.10416666666666667
2112209,Timon,MA,Nordeste,0,76.33,-3.67,34.110503627378826,937.58,4.460714285714285,0.328,0.152,0.288
2112233,Trizidela Do Vale,MA,Nordeste,0,89.2,9.2,31.984287584811334,801.9,4.385,0.045454545454545456,0.09090909090909091,0.5909090909090909
2112274,Tufilândia,MA,Nordeste,2,39.44,-40.56,39.496781743709775,622.31,4.048571428571429,0.0,0.058823529411764705,0.17647058823529413
2112308,Tuntum,MA,Nordeste,2,63.49,-16.51,39.00630123236491,648.84,4.281851851851852,0.15254237288135594,0.06779661016949153,0.15254237288135594
2112407,Turiaçu,MA,Nordeste,0,88.92,8.92,43.8462892860287,548.2,4.025217391304348,0.039603960396039604,0.0,0.019801980198019802
2112456,Turilândia,MA,Nordeste,0,72.43,-7.57,43.58266835707361,469.19,4.152857142857143,0.13333333333333333,0.016666666666666666,0.3
2112506,Tutóia,MA,Nordeste,0,73.69,-6.31,40.049295540085936,594.37,4.1051219512195125,0.2222222222222222,0.18518518518518517,0.3333333333333333
2112605,Urbano Santos,MA,Nordeste,0,71.25,-8.75,41.344219618980006,552.47,3.903,0.08450704225352113,0.056338028169014086,0.07042253521126761
2112704,Vargem Grande,MA,Nordeste,0,96.36,16.36,36.65797232932638,616.42,3.8940740740740742,0.1728395061728395,0.1111111111111111,0.12345679012345678
2112803,Viana,MA,Nordeste,2,59.61,-20.39,38.752837175964636,717.55,4.287857142857143,0.14432989690721648,0.061855670103092786,0.25773195876288657
2112852,Vila Nova Dos Martírios,MA,Nordeste,0,93.91,13.91,36.44973288003885,727.65,4.371666666666667,0.08333333333333333,0.08333333333333333,0.25
2112902,Vitória Do Mearim,MA,Nordeste,2,64.53,-15.47,38.53049028928426,641.96,4.26,0.0847457627118644,0.06779661016949153,0.06779661016949153
2113009,Vitorino Freire,MA,Nordeste,2,56.04,-23.96,37.11720009210223,754.86,4.312173913043479,0.1509433962264151,0.18867924528301888,0.41509433962264153
2114007,Zé Doca,MA,Nordeste,0,81.33,1.33,34.59874114870181,760.1,4.26,0.13793103448275862,0.16091954022988506,0.14942528735632185
2200053,Acauã,PI,Nordeste,0,93.22,13.22,37.635004153973966,611.2,4.2700000000000005,0.2222222222222222,0.1111111111111111,0.2222222222222222
2200103,Agricolândia,PI,Nordeste,0,80.81,0.81,34.11764705882353,728.51,4.373333333333334,0.5,0.25,0.25
2200202,Água Branca,PI,Nordeste,0,95.92,15.92,36.87620204474137,838.94,4.415555555555556,0.35,0.4,0.55
2200251,Alagoinha Do Piauí,PI,Nordeste,0,76.86,-3.14,38.01295896328294,640.87,4.205,0.5714285714285714,0.14285714285714285,0.2857142857142857
2200277,Alegrete Do Piauí,PI,Nordeste,0,87.29,7.29,35.83074534161491,652.29,4.32,0.1111111111111111,0.1111111111111111,0.0
2200301,Alto Longá,PI,Nordeste,0,75.79,-4.21,38.252821098009385,754.37,4.1850000000000005,0.22727272727272727,0.13636363636363635,0.13636363636363635
2200400,Altos,PI,Nordeste,0,91.23,11.23,32.895108051684254,836.62,4.265652173913043,0.21739130434782608,0.1956521739130435,0.10869565217391304
2200459,Alvorada Do Gurguéia,PI,Nordeste,0,78.66,-1.34,35.61946902654867,644.28,4.4175,0.375,0.625,0.25
2200509,Amarante,PI,Nordeste,0,82.69,2.69,35.893918609968,765.13,4.173846153846154,0.2,0.2,0.16666666666666666
2200608,Angical Do Piauí,PI,Nordeste,0,92.78,12.78,38.022028453419,869.02,4.292,0.45454545454545453,0.45454545454545453,0.36363636363636365
2200707,Anísio De Abreu,PI,Nordeste,0,89.59,9.59,38.04595321879528,740.25,4.231428571428571,0.1875,0.0625,0.25
2200806,Antônio Almeida,PI,Nordeste,0,100.0,20.0,32.952108649035026,906.69,4.426666666666667,0.2,0.4,0.6
2200905,Aroazes,PI,Nordeste,2,63.93,-16.07,36.64674425920101,732.79,4.297499999999999,0.07142857142857142,0.0,0.07142857142857142
2200954,Aroeiras Do Itaim,PI,Nordeste,2,40.91,-39.09,38.9564336372847,705.46,3.8033333333333332,0.2222222222222222,0.2222222222222222,0.5555555555555556
2201002,Arraial,PI,Nordeste,0,70.34,-9.66,33.84379785604901,683.68,4.13,0.0,0.3333333333333333,0.2222222222222222
2201051,Assunção Do Piauí,PI,Nordeste,0,78.89,-1.11,35.4016354016354,499.26,4.341666666666667,0.14285714285714285,0.07142857142857142,0.07142857142857142
2201101,Avelino Lopes,PI,Nordeste,0,86.12,6.12,35.66479709666777,678.26,4.2250000000000005,0.3,0.1,0.1
2201150,Baixa Grande Do Ribeiro,PI,Nordeste,0,92.61,12.61,37.89237668161435,816.19,4.54111111111111,0.2857142857142857,0.14285714285714285,0.2857142857142857
2201176,Barra D'Alcântara,PI,Nordeste,0,91.5,11.5,33.6076817558299,661.27,4.39,0.14285714285714285,0.14285714285714285,0.14285714285714285
2201200,Barras,PI,Nordeste,0,68.9,-11.1,41.725100636281006,741.61,3.9185000000000003,0.11864406779661017,0.15254237288135594,0.864406779661017
2201309,Barreiras Do Piauí,PI,Nordeste,0,75.06,-4.94,37.472283813747225,660.51,4.166666666666667,0.2857142857142857,0.2857142857142857,0.2857142857142857
2201408,Barro Duro,PI,Nordeste,0,74.48,-5.52,37.69893899204244,740.09,4.31,0.7142857142857143,0.7142857142857143,0.7142857142857143
2201507,Batalha,PI,Nordeste,0,80.58,0.58,37.75993883792049,649.57,4.089444444444444,0.16129032258064516,0.06451612903225806,0.0967741935483871
2201556,Bela Vista Do Piauí,PI,Nordeste,0,100.0,20.0,31.210191082802545,691.55,4.123333333333334,0.4,0.2,0.6
2201572,Belém Do Piauí,PI,Nordeste,0,100.0,20.0,34.60246360582307,843.88,4.126666666666666,0.09090909090909091,0.45454545454545453,0.36363636363636365
2201606,Beneditinos,PI,Nordeste,0,76.31,-3.69,37.83124128312413,652.94,4.129,0.19047619047619047,0.09523809523809523,0.47619047619047616
2201705,Bertolínia,PI,Nordeste,0,87.6,7.6,34.48275862068966,945.82,4.4159999999999995,0.2727272727272727,0.18181818181818182,0.18181818181818182
2201739,Betânia Do Piauí,PI,Nordeste,0,85.01,5.01,34.69637610186092,574.1,4.045,0.14285714285714285,0.14285714285714285,0.7142857142857143
2201770,Boa Hora,PI,Nordeste,0,67.35,-12.65,42.09739427595045,616.36,4.03,0.17647058823529413,0.058823529411764705,0.0
2201804,Bocaina,PI,Nordeste,2,52.63,-27.37,35.35489667565139,900.37,4.390000000000001,0.1111111111111111,0.1111111111111111,0.2222222222222222
2201903,Bom Jesus,PI,Nordeste,0,100.0,20.0,34.938132733408324,1130.24,4.503333333333333,0.3448275862068966,0.41379310344827586,0.41379310344827586
2201919,Bom Princípio Do Piauí,PI,Nordeste,2,53.97,-26.03,36.839222130923034,544.35,4.032,0.14285714285714285,0.09523809523809523,0.14285714285714285
2201929,Bonfim Do Piauí,PI,Nordeste,0,72.62,-7.38,35.884496776002244,637.35,4.0075,0.125,0.0,0.5
2201945,Boqueirão Do Piauí,PI,Nordeste,0,94.15,14.15,38.76433785192909,672.54,4.087142857142857,0.2727272727272727,0.09090909090909091,0.2727272727272727
2201960,Brasileira,PI,Nordeste,0,91.2,11.2,38.07862293556641,799.36,4.256,0.3,0.2,0.1
2201988,Brejo Do Piauí,PI,Nordeste,0,91.43,11.43,39.98390989541432,662.87,4.19,0.125,0.125,0.125
2202000,Buriti Dos Lopes,PI,Nordeste,0,77.64,-2.36,37.1145265245414,655.04,4.1306666666666665,0.13793103448275862,0.1724137931034483,0.20689655172413793
2202026,Buriti Dos Montes,PI,Nordeste,0,100.0,20.0,36.007506450856205,666.86,4.0249999999999995,0.09090909090909091,0.09090909090909091,0.36363636363636365
2202059,Cabeceiras Do Piauí,PI,Nordeste,0,76.04,-3.96,36.188436830835116,623.38,4.125,0.05,0.0,0.05
2202075,Cajazeiras Do Piauí,PI,Nordeste,0,77.36,-2.64,31.99121522693997,630.48,4.17,0.0,0.09090909090909091,0.2727272727272727
2202083,Cajueiro Da Praia,PI,Nordeste,0,93.46,13.46,25.341130604288498,833.97,4.1739999999999995,0.18181818181818182,0.09090909090909091,0.09090909090909091
2202091,Caldeirão Grande Do Piauí,PI,Nordeste,0,100.0,20.0,34.082644628099175,710.22,4.174,0.375,0.375,0.25
2202109,Campinas Do Piauí,PI,Nordeste,2,55.27,-24.73,35.06955677774183,685.57,4.2,0.375,0.0625,0.125
2202117,Campo Alegre Do Fidalgo,PI,Nordeste,2,45.16,-34.84,40.006178560395426,636.4,4.2475000000000005,0.09090909090909091,0.09090909090909091,0.6363636363636364
2202133,Campo Grande Do Piauí,PI,Nordeste,0,96.88,16.88,34.182951005380914,686.67,4.282,0.1,0.2,0.7
2202174,Campo Largo Do Piauí,PI,Nordeste,0,66.59,-13.41,41.413515189088656,525.88,4.058333333333334,0.0,0.0,0.0
2202208,Campo Maior,PI,Nordeste,0,81.07,1.07,37.04366778236164,1038.91,4.2659259259259255,0.3409090909090909,0.3409090909090909,0.38636363636363635
2202251,Canavieira,PI,Nordeste,0,81.63,1.63,38.547486033519554,755.33,4.612,0.1111111111111111,0.1111111111111111,0.2222222222222222
2202307,Canto Do Buriti,PI,Nordeste,2,56.55,-23.45,38.614619211634135,913.41,4.126666666666667,0.2857142857142857,0.23809523809523808,0.14285714285714285
2202406,Capitão De Campos,PI,Nordeste,0,69.78,-10.22,38.07650569723277,618.65,4.01,0.19047619047619047,0.09523809523809523,0.3333333333333333
2202455,Capitão Gervásio Oliveira,PI,Nordeste,0,90.0,10.0,38.177182919056726,677.47,4.14,0.3333333333333333,0.1111111111111111,0.3333333333333333
2202505,Caracol,PI,Nordeste,2,59.61,-20.39,39.62792229173526,643.52,3.9925,0.19047619047619047,0.047619047619047616,0.047619047619047616
2202539,Caraúbas Do Piauí,PI,Nordeste,0,80.1,0.1,34.96159754224271,554.55,3.968,0.375,0.125,0.0
2202554,Caridade Do Piauí,PI,Nordeste,0,68.91,-11.09,35.27449196239005,633.05,4.194,0.2222222222222222,0.1111111111111111,0.2222222222222222
2202604,Castelo Do Piauí,PI,Nordeste,0,85.08,5.08,36.132756132756136,711.61,4.2907692307692304,0.25,0.15,0.2
2202653,Caxingó,PI,Nordeste,0,83.61,3.61,38.23796548592189,577.3,3.9566666666666666,0.15384615384615385,0.07692307692307693,0.07692307692307693
2202703,Cocal,PI,Nordeste,0,98.5,18.5,39.29105274396754,594.08,4.048636363636363,0.3055555555555556,0.3611111111111111,0.4166666666666667
2202711,Cocal De Telha,PI,Nordeste,0,79.03,-0.97,39.294039294039294,716.92,4.1825,0.125,0.125,0.125
2202729,Cocal Dos Alves,PI,Nordeste,0,95.45,15.45,35.324177579048225,567.23,3.926666666666667,0.18181818181818182,0.09090909090909091,0.0
2202737,Coivaras,PI,Nordeste,0,75.54,-4.46,33.33333333333333,658.23,4.061999999999999,0.16666666666666666,0.16666666666666666,0.0
2202752,Colônia Do Gurguéia,PI,Nordeste,0,82.58,2.58,37.60451505016722,843.92,4.552857142857143,0.45454545454545453,0.2727272727272727,0.36363636363636365
2202778,Colônia Do Piauí,PI,Nordeste,0,74.7,-5.3,36.48775894538606,716.44,4.286,0.2222222222222222,0.1111111111111111,0.5555555555555556
2202802,Conceição Do Canindé,PI,Nordeste,0,75.17,-4.83,36.299511665762346,776.18,4.1525,0.3333333333333333,0.16666666666666666,0.3333333333333333
2202851,Coronel José Dias,PI,Nordeste,0,76.59,-3.41,39.58080194410692,724.86,4.101999999999999,0.2857142857142857,0.14285714285714285,0.14285714285714285
2202901,Corrente,PI,Nordeste,2,53.42,-26.58,31.907016788635385,946.37,4.275,0.3055555555555556,0.19444444444444445,0.19444444444444445
2203008,Cristalândia Do Piauí,PI,Nordeste,0,79.14,-0.86,33.250466128029835,684.39,4.2375,0.0,0.1,0.1
2203107,Cristino Castro,PI,Nordeste,0,100.0,20.0,32.18859138533178,857.08,4.385,0.4666666666666667,0.3333333333333333,0.2
2203206,Curimatá,PI,Nordeste,0,98.61,18.61,33.865010073875084,693.11,4.175,0.17647058823529413,0.17647058823529413,0.35294117647058826
2203230,Currais,PI,Nordeste,0,93.63,13.63,31.754684838160134,664.97,4.555,0.0,0.15384615384615385,0.23076923076923078
2203255,Curralinhos,PI,Nordeste,0,74.58,-5.42,33.88817755014938,744.99,4.123333333333334,0.0,0.0,0.0
2203271,Curral Novo Do Piauí,PI,Nordeste,0,77.86,-2.14,38.68057513391599,567.11,3.9633333333333334,0.1,0.1,0.3
2203305,Demerval Lobão,PI,Nordeste,0,100.0,20.0,39.38969484742371,862.34,4.295,0.26666666666666666,0.2,0.2
2203354,Dirceu Arcoverde,PI,Nordeste,2,56.92,-23.08,41.64853758762388,799.6,4.021428571428571,0.2,0.1,0.0
2203404,Dom Expedito Lopes,PI,Nordeste,0,84.73,4.73,29.96146435452794,918.12,4.395,0.6,0.3,0.1
2203420,Domingos Mourão,PI,Nordeste,0,94.64,14.64,35.25508087930319,591.0,4.01,0.125,0.25,0.875
2203453,Dom Inocêncio,PI,Nordeste,0,82.37,2.37,34.86005089058524,748.74,3.9883333333333333,0.5,0.16666666666666666,0.08333333333333333
2203503,Elesbão Veloso,PI,Nordeste,0,88.04,8.04,30.58656742867269,794.04,4.235714285714286,0.21739130434782608,0.13043478260869565,0.17391304347826086
2203602,Eliseu Martins,PI,Nordeste,0,77.56,-2.44,34.22594142259414,886.51,4.3025,0.5,0.3333333333333333,0.16666666666666666
2203701,Esperantina,PI,Nordeste,0,85.16,5.16,38.160780872998465,826.99,4.142608695652174,0.28846153846153844,0.09615384615384616,0.057692307692307696
2203750,Fartura Do Piauí,PI,Nordeste,0,75.48,-4.52,42.929427430093206,575.61,3.996,0.125,0.125,0.125
2203800,Flores Do Piauí,PI,Nordeste,0,79.66,-0.34,36.8133633151301,629.95,4.308,0.14285714285714285,0.2857142857142857,0.2857142857142857
2203859,Floresta Do Piauí,PI,Nordeste,0,100.0,20.0,32.809773123909245,727.11,4.376666666666666,0.25,0.5,0.5
2203909,Floriano,PI,Nordeste,0,75.38,-4.62,30.645362626388717,1223.01,4.4253124999999995,0.37333333333333335,0.4266666666666667,0.49333333333333335
2204006,Francinópolis,PI,Nordeste,0,100.0,20.0,31.899775617053105,679.25,4.2,0.2,0.2,0.2
2204105,Francisco Ayres,PI,Nordeste,0,80.99,0.99,35.901851054670686,701.6,4.266666666666667,0.3333333333333333,0.0,0.3333333333333333
2204154,Francisco Macedo,PI,Nordeste,0,88.24,8.24,30.56105610561056,693.49,4.296666666666667,0.4,0.2,0.2
2204204,Francisco Santos,PI,Nordeste,0,73.73,-6.27,30.558096980786825,882.67,4.2700000000000005,0.36363636363636365,0.36363636363636365,0.09090909090909091
2204303,Fronteiras,PI,Nordeste,0,100.0,20.0,34.9067599067599,790.71,4.07,0.36363636363636365,0.2727272727272727,0.36363636363636365
2204352,Geminiano,PI,Nordeste,0,71.87,-8.13,36.37024472982796,667.92,4.1866666666666665,0.16666666666666666,0.0,0.6666666666666666
2204402,Gilbués,PI,Nordeste,2,55.62,-24.38,38.14709331546322,747.26,4.3100000000000005,0.037037037037037035,0.07407407407407407,0.07407407407407407
2204501,Guadalupe,PI,Nordeste,0,68.63,-11.37,37.80487804878049,1002.95,4.57,0.6666666666666666,0.3333333333333333,0.3333333333333333
2204550,Guaribas,PI,Nordeste,2,63.01,-16.99,42.682544656847384,511.07,4.3100000000000005,0.375,0.625,0.875
2204600,Hugo Napoleão,PI,Nordeste,0,93.33,13.33,39.036144578313255,795.13,4.353333333333333,0.25,0.5,0.5
2204659,Ilha Grande,PI,Nordeste,2,61.26,-18.74,35.98726114649681,675.74,4.10625,0.23076923076923078,0.23076923076923078,0.15384615384615385
2204709,Inhuma,PI,Nordeste,0,85.77,5.77,34.507356219349084,822.11,4.322,0.3333333333333333,0.2777777777777778,0.5555555555555556
2204808,Ipiranga Do Piauí,PI,Nordeste,0,100.0,20.0,31.18754357425052,708.73,4.32,0.07692307692307693,0.0,0.38461538461538464
2204907,Isaías Coelho,PI,Nordeste,2,58.62,-21.38,36.28784554629224,606.85,4.072857142857143,0.2,0.1,0.0
2205003,Itainópolis,PI,Nordeste,0,88.74,8.74,33.35489086499596,783.42,4.20875,0.13333333333333333,0.2,0.2
2205102,Itaueira,PI,Nordeste,2,65.03,-14.97,36.782296650717704,828.9,4.123333333333334,0.07692307692307693,0.15384615384615385,0.23076923076923078
2205151,Jacobina Do Piauí,PI,Nordeste,0,98.25,18.25,38.523196502307506,800.2,4.255,0.09090909090909091,0.09090909090909091,0.45454545454545453
2205201,Jaicós,PI,Nordeste,0,77.21,-2.79,39.85664434593983,728.46,4.061,0.30434782608695654,0.30434782608695654,0.17391304347826086
2205250,Jardim Do Mulato,PI,Nordeste,0,84.0,4.0,37.16108452950559,698.08,4.215999999999999,0.1111111111111111,0.1111111111111111,0.5555555555555556
2205276,Jatobá Do Piauí,PI,Nordeste,0,78.45,-1.55,37.37343656938654,724.37,4.163333333333333,0.06666666666666667,0.13333333333333333,0.2
2205300,Jerumenha,PI,Nordeste,2,60.88,-19.12,34.440969507427674,958.54,4.23,0.4,0.0,0.2
2205359,João Costa,PI,Nordeste,0,91.89,11.89,35.8433734939759,613.26,4.2,0.25,0.25,0.5
2205409,Joaquim Pires,PI,Nordeste,0,85.77,5.77,36.849109965064045,613.19,3.8890000000000002,0.15,0.0,0.6
2205458,Joca Marques,PI,Nordeste,0,73.29,-6.71,40.04854368932039,545.86,4.05,0.0,0.0625,0.0
2205508,José De Freitas,PI,Nordeste,0,70.86,-9.14,34.72681647085662,709.87,4.104090909090909,0.25,0.275,0.325
2205516,Juazeiro Do Piauí,PI,Nordeste,0,87.68,7.68,37.37640079103494,798.22,4.2375,0.18181818181818182,0.09090909090909091,0.2727272727272727
2205524,Júlio Borges,PI,Nordeste,0,100.0,20.0,34.23160961398398,611.82,4.09,0.14285714285714285,0.2857142857142857,0.7142857142857143
2205532,Jurema,PI,Nordeste,0,98.31,18.31,39.48497854077253,570.59,4.045,0.0,0.14285714285714285,0.2857142857142857
2205540,Lagoinha Do Piauí,PI,Nordeste,0,77.01,-2.99,34.35689455388181,646.62,4.346666666666667,0.2857142857142857,0.14285714285714285,0.14285714285714285
2205557,Lagoa Alegre,PI,Nordeste,0,79.88,-0.12,39.76970770593445,735.09,4.0975,0.0,0.2,0.4
2205565,Lagoa Do Barro Do Piauí,PI,Nordeste,0,85.31,5.31,31.951312286040316,791.53,4.47,0.2857142857142857,0.14285714285714285,0.14285714285714285
2205573,Lagoa De São Francisco,PI,Nordeste,0,85.37,5.37,33.26896551724138,610.03,4.11,0.16666666666666666,0.08333333333333333,0.9166666666666666
2205581,Lagoa Do Piauí,PI,Nordeste,2,57.68,-22.32,36.591276252019384,781.88,4.055,0.2,0.2,0.0
2205599,Lagoa Do Sítio,PI,Nordeste,0,74.83,-5.17,36.40363743033148,692.81,4.435,0.14285714285714285,0.5714285714285714,0.2857142857142857
2205607,Landri Sales,PI,Nordeste,0,74.31,-5.69,35.69967864446392,766.24,4.5525,0.09090909090909091,0.09090909090909091,0.2727272727272727
2205706,Luís Correia,PI,Nordeste,2,61.36,-18.64,34.504173622704506,694.72,4.102083333333334,0.1724137931034483,0.06896551724137931,0.5517241379310345
2205805,Luzilândia,PI,Nordeste,0,76.67,-3.33,39.711858145548575,648.33,4.141764705882353,0.13725490196078433,0.058823529411764705,0.0784313725490196
2205854,Madeiro,PI,Nordeste,0,70.08,-9.92,37.84869976359338,617.37,4.12,0.08333333333333333,0.08333333333333333,0.75
2205904,Manoel Emídio,PI,Nordeste,0,91.1,11.1,34.5933175835302,790.65,4.606,0.2222222222222222,0.1111111111111111,0.5555555555555556
2205953,Marcolândia,PI,Nordeste,0,86.34,6.34,37.77949113338474,723.89,4.266,0.4166666666666667,0.25,0.16666666666666666
2206001,Marcos Parente,PI,Nordeste,0,87.76,7.76,37.88546255506608,822.41,4.535,0.16666666666666666,0.3333333333333333,0.3333333333333333
2206050,Massapê Do Piauí,PI,Nordeste,0,89.17,9.17,34.53389830508475,569.05,3.9575,0.0,0.08333333333333333,0.08333333333333333
2206100,Matias Olímpio,PI,Nordeste,2,64.15,-15.85,41.81468324452339,625.81,4.21,0.09523809523809523,0.09523809523809523,0.047619047619047616
2206209,Miguel Alves,PI,Nordeste,2,57.46,-22.54,40.32300767805136,561.01,4.017826086956521,0.21428571428571427,0.16666666666666666,0.07142857142857142
2206308,Miguel Leão,PI,Nordeste,2,58.33,-21.67,30.350877192982455,694.67,4.21,0.3333333333333333,0.3333333333333333,0.3333333333333333
2206357,Milton Brandão,PI,Nordeste,0,75.0,-5.0,38.07040417209909,548.51,3.9480000000000004,0.125,0.0625,0.0
2206407,Monsenhor Gil,PI,Nordeste,0,73.44,-6.56,33.902728351126925,799.67,4.38,0.18181818181818182,0.18181818181818182,0.09090909090909091
2206506,Monsenhor Hipólito,PI,Nordeste,0,89.83,9.83,36.01756954612006,748.47,4.325714285714286,0.3333333333333333,0.25,0.75
2206605,Monte Alegre Do Piauí,PI,Nordeste,2,60.9,-19.1,36.06456885982836,587.18,4.194999999999999,0.3076923076923077,0.23076923076923078,0.6153846153846154
2206654,Morro Cabeça No Tempo,PI,Nordeste,0,100.0,20.0,38.25616762419736,579.63,4.3325,0.1111111111111111,0.1111111111111111,0.1111111111111111
2206670,Morro Do Chapéu Do Piauí,PI,Nordeste,0,81.97,1.97,39.33534743202417,591.58,3.9949999999999997,0.07142857142857142,0.14285714285714285,0.21428571428571427
2206696,Murici Dos Portelas,PI,Nordeste,0,97.78,17.78,40.41464728056005,586.54,4.008,0.11764705882352941,0.0,0.0
2206704,Nazaré Do Piauí,PI,Nordeste,0,84.68,4.68,37.378535953357805,722.03,4.206666666666667,0.125,0.125,0.125
2206720,Nazária,PI,Nordeste,2,59.78,-20.22,34.74576271186441,634.76,4.346666666666667,0.16666666666666666,0.08333333333333333,0.08333333333333333
2206753,Nossa Senhora De Nazaré,PI,Nordeste,0,93.94,13.94,35.26627218934911,759.01,4.3175,0.13333333333333333,0.06666666666666667,0.13333333333333333
2206803,Nossa Senhora Dos Remédios,PI,Nordeste,0,77.64,-2.36,44.86697513013303,607.6,3.753,0.07692307692307693,0.6153846153846154,0.8846153846153846
2206902,Novo Oriente Do Piauí,PI,Nordeste,0,92.11,12.11,35.08771929824561,724.29,4.13,0.42857142857142855,0.2857142857142857,0.42857142857142855
2206951,Novo Santo Antônio,PI,Nordeste,0,95.56,15.56,37.52699784017279,664.96,3.9600000000000004,0.2,0.2,0.0
2207009,Oeiras,PI,Nordeste,0,86.91,6.91,35.11899684381131,986.29,4.119130434782608,0.3829787234042553,0.5319148936170213,0.723404255319149
2207108,Olho D'Água Do Piauí,PI,Nordeste,0,95.0,15.0,32.4142568930733,688.37,4.5,0.1111111111111111,0.1111111111111111,0.1111111111111111
2207207,Padre Marcos,PI,Nordeste,0,96.67,16.67,39.11556315660884,711.16,4.194,0.16666666666666666,0.3333333333333333,0.75
2207306,Paes Landim,PI,Nordeste,2,55.56,-24.44,36.204975863349425,709.55,4.283333333333334,0.0,0.3333333333333333,0.0
2207355,Pajeú Do Piauí,PI,Nordeste,0,88.89,8.89,31.04426787741203,907.28,4.423333333333333,0.2,0.2,0.4
2207405,Palmeira Do Piauí,PI,Nordeste,0,100.0,20.0,32.34921973850696,749.81,4.54,0.25,0.25,0.375
2207504,Palmeirais,PI,Nordeste,2,49.9,-30.1,39.9977497749775,746.07,4.0625,0.09090909090909091,0.09090909090909091,0.6363636363636364
2207553,Paquetá,PI,Nordeste,0,87.57,7.57,35.96190476190476,640.94,4.1675,0.07692307692307693,0.07692307692307693,0.23076923076923078
2207603,Parnaguá,PI,Nordeste,0,69.37,-10.63,41.311922435994546,668.53,4.285714285714286,0.16666666666666666,0.05555555555555555,0.1111111111111111
2207702,Parnaíba,PI,Nordeste,2,51.3,-28.7,30.365304893172233,1121.72,4.357142857142857,0.3333333333333333,0.17006802721088435,0.23809523809523808
2207751,Passagem Franca Do Piauí,PI,Nordeste,0,67.15,-12.85,41.4496833216045,776.48,4.176666666666667,0.08333333333333333,0.08333333333333333,0.08333333333333333
2207777,Patos Do Piauí,PI,Nordeste,0,75.19,-4.81,31.96448390677026,610.9,3.9239999999999995,0.2222222222222222,0.2222222222222222,0.4444444444444444
2207793,Pau D'Arco Do Piauí,PI,Nordeste,0,90.91,10.91,38.06506125897761,539.48,3.96,0.16666666666666666,0.16666666666666666,0.0
2207801,Paulistana,PI,Nordeste,0,78.27,-1.73,37.91976468665741,853.62,4.135625,0.30434782608695654,0.2608695652173913,0.7391304347826086
2207850,Pavussu,PI,Nordeste,0,81.28,1.28,42.260523699038785,612.34,4.1899999999999995,0.0,0.0,0.0
2207900,Pedro Ii,PI,Nordeste,0,70.11,-9.89,38.14964983413196,726.92,4.14695652173913,0.21428571428571427,0.21428571428571427,0.6428571428571429
2207934,Pedro Laurentino,PI,Nordeste,0,75.0,-5.0,36.58051689860835,630.74,4.225,0.5,0.25,0.0
2207959,Nova Santa Rita,PI,Nordeste,0,78.68,-1.32,36.82983682983683,581.67,4.125,0.25,0.25,0.25
2208007,Picos,PI,Nordeste,2,62.61,-17.39,32.258555133079845,1207.78,4.465333333333334,0.42857142857142855,0.38571428571428573,0.35714285714285715
2208106,Pimenteiras,PI,Nordeste,0,89.63,9.63,35.19032837771606,696.28,4.25375,0.4117647058823529,0.35294117647058826,0.11764705882352941
2208205,Pio Ix,PI,Nordeste,2,54.26,-25.74,39.184261850250145,696.71,4.155555555555555,0.05,0.1,0.15
2208304,Piracuruca,PI,Nordeste,0,77.56,-2.44,35.00954805856142,817.75,4.105833333333333,0.2692307692307692,0.3076923076923077,0.2692307692307692
2208403,Piripiri,PI,Nordeste,0,75.38,-4.62,33.69646480828794,943.13,4.293809523809524,0.2465753424657534,0.1780821917808219,0.3013698630136986
2208502,Porto,PI,Nordeste,2,62.9,-17.1,41.680463576158935,562.71,3.9725,0.17391304347826086,0.13043478260869565,0.08695652173913043
2208551,Porto Alegre Do Piauí,PI,Nordeste,0,100.0,20.0,40.66471163245357,768.43,4.43,0.25,0.5,0.75
2208601,Prata Do Piauí,PI,Nordeste,0,68.63,-11.37,39.507186858316224,756.31,4.17,0.0,0.3333333333333333,0.6666666666666666
2208650,Queimada Nova,PI,Nordeste,0,92.31,12.31,31.782945736434108,691.98,4.082,0.14285714285714285,0.14285714285714285,0.7142857142857143
2208700,Redenção Do Gurguéia,PI,Nordeste,0,92.09,12.09,37.75611368142763,697.28,4.226666666666667,0.3076923076923077,0.15384615384615385,0.3076923076923077
2208809,Regeneração,PI,Nordeste,2,63.07,-16.93,38.909510847150045,691.08,4.163076923076923,0.45454545454545453,0.22727272727272727,0.45454545454545453
2208858,Riacho Frio,PI,Nordeste,0,100.0,20.0,35.11593118922962,613.04,4.043333333333334,0.5,0.3333333333333333,0.3333333333333333
2208874,Ribeira Do Piauí,PI,Nordeste,0,78.95,-1.05,38.174882629107984,710.23,4.204,0.0,0.0,0.0
2208908,Ribeiro Gonçalves,PI,Nordeste,0,80.17,0.17,34.67872134323539,822.23,4.586666666666667,0.1,0.5,0.3
2209005,Rio Grande Do Piauí,PI,Nordeste,0,75.05,-4.95,38.77408869282563,770.9,4.28,0.1111111111111111,0.0,0.1111111111111111
2209104,Santa Cruz Do Piauí,PI,Nordeste,0,77.87,-2.13,34.42976543542734,778.5,4.201666666666667,0.625,0.5,0.5
2209153,Santa Cruz Dos Milagres,PI,Nordeste,0,77.54,-2.46,31.733845169545745,635.96,4.244999999999999,0.2,0.6,0.4
2209203,Santa Filomena,PI,Nordeste,0,74.64,-5.36,35.77188940092166,791.19,4.405,0.14285714285714285,0.2857142857142857,0.07142857142857142
2209302,Santa Luz,PI,Nordeste,0,88.07,8.07,39.49471513276618,703.92,4.385,0.1111111111111111,0.2222222222222222,0.2222222222222222
2209351,Santana Do Piauí,PI,Nordeste,0,73.41,-6.59,30.07481296758105,756.73,4.2825,0.1,0.1,0.1
2209377,Santa Rosa Do Piauí,PI,Nordeste,0,88.44,8.44,37.92172739541161,716.12,4.140000000000001,0.16666666666666666,0.16666666666666666,0.16666666666666666
2209401,Santo Antônio De Lisboa,PI,Nordeste,0,67.99,-12.01,35.04740017236426,764.21,4.4366666666666665,0.5,0.4,0.3
2209450,Santo Antônio Dos Milagres,PI,Nordeste,0,100.0,20.0,28.421052631578945,593.44,4.2,0.2,0.2,0.4
2209500,Santo Inácio Do Piauí,PI,Nordeste,0,90.0,10.0,31.591639871382636,761.49,4.29,0.25,0.5,0.25
2209559,São Braz Do Piauí,PI,Nordeste,0,89.37,9.37,35.52926127278542,707.43,4.2775,0.09090909090909091,0.09090909090909091,0.5454545454545454
2209609,São Félix Do Piauí,PI,Nordeste,0,87.15,7.15,28.009630818619584,899.57,4.343333333333333,0.125,0.25,0.125
2209658,São Francisco De Assis Do Piauí,PI,Nordeste,0,70.15,-9.85,37.69005068018138,564.56,3.8466666666666662,0.0,0.2222222222222222,0.8888888888888888
2209708,São Francisco Do Piauí,PI,Nordeste,0,84.64,4.64,35.69066395319257,677.67,4.104,0.0,0.09090909090909091,0.09090909090909091
2209757,São Gonçalo Do Gurguéia,PI,Nordeste,2,64.57,-15.43,36.831550802139034,669.94,4.275,0.125,0.125,0.125
2209807,São Gonçalo Do Piauí,PI,Nordeste,0,75.73,-4.27,38.27483196415235,761.61,4.49,0.5,0.125,0.5
2209856,São João Da Canabrava,PI,Nordeste,1,100.0,20.0,35.912408759124084,801.84,4.2225,0.8,0.8,1.0
2209872,São João Da Fronteira,PI,Nordeste,2,64.85,-15.15,39.794117647058826,592.16,4.18,0.25,0.25,0.75
2209906,São João Da Serra,PI,Nordeste,0,96.92,16.92,36.66456494325347,704.34,4.038333333333333,0.2,0.2,0.6
2209955,São João Da Varjota,PI,Nordeste,0,93.18,13.18,34.819234819234815,606.44,4.11,0.125,0.125,0.375
2209971,São João Do Arraial,PI,Nordeste,0,98.4,18.4,40.76076462637575,562.84,4.008,0.0,0.11764705882352941,0.29411764705882354
2210003,São João Do Piauí,PI,Nordeste,0,70.55,-9.45,35.00476039352586,938.51,4.086666666666667,0.631578947368421,0.3157894736842105,0.7368421052631579
2210052,São José Do Divino,PI,Nordeste,0,94.34,14.34,38.39874411302983,675.53,4.220000000000001,0.16666666666666666,0.16666666666666666,0.0
2210102,São José Do Peixe,PI,Nordeste,0,97.68,17.68,34.51232583065381,840.15,4.2725,0.0,0.0,0.2
2210201,São José Do Piauí,PI,Nordeste,0,94.44,14.44,35.72104764910066,717.8,4.388,0.06666666666666667,0.13333333333333333,0.0
2210300,São Julião,PI,Nordeste,0,88.85,8.85,39.386792452830186,844.95,4.276,0.7,0.2,0.1
2210359,São Lourenço Do Piauí,PI,Nordeste,0,71.9,-8.1,37.43068391866913,792.54,4.109999999999999,0.2,0.3,0.1
2210375,São Luis Do Piauí,PI,Nordeste,0,79.17,-0.83,32.38405207485761,627.35,4.3225,0.0,0.25,0.5
2210383,São Miguel Da Baixa Grande,PI,Nordeste,2,65.22,-14.78,31.330049261083744,668.78,4.44,0.3333333333333333,0.3333333333333333,0.3333333333333333
2210391,São Miguel Do Fidalgo,PI,Nordeste,0,90.83,10.83,33.92504930966469,686.11,4.065,0.0,0.16666666666666666,0.16666666666666666
2210409,São Miguel Do Tapuio,PI,Nordeste,0,96.27,16.27,33.48732273313279,649.54,4.123636363636364,0.12903225806451613,0.1935483870967742,0.1935483870967742
2210508,São Pedro Do Piauí,PI,Nordeste,0,87.03,7.03,41.1970190964136,706.19,4.16,0.23076923076923078,0.3076923076923077,0.46153846153846156
2210607,São Raimundo Nonato,PI,Nordeste,0,72.96,-7.04,34.07057404242485,1068.24,4.34,0.37142857142857144,0.2571428571428571,0.34285714285714286
2210623,Sebastião Barros,PI,Nordeste,2,51.41,-28.59,34.852763210972164,634.49,4.1425,0.0,0.125,0.125
2210631,Sebastião Leal,PI,Nordeste,0,96.83,16.83,34.94505494505494,814.19,4.586,0.0,0.1,0.2
2210656,Sigefredo Pacheco,PI,Nordeste,0,71.78,-8.22,37.33023588277341,659.91,4.222857142857142,0.08333333333333333,0.08333333333333333,0.5833333333333334
2210706,Simões,PI,Nordeste,0,90.54,10.54,32.02768601541608,698.6,4.307,0.13333333333333333,0.3333333333333333,0.6
2210805,Simplício Mendes,PI,Nordeste,0,80.44,0.44,33.313042154923146,856.73,4.173333333333334,0.25,0.2,0.1
2210904,Socorro Do Piauí,PI,Nordeste,0,74.76,-5.24,36.715803908124784,569.04,4.305,0.0,0.2222222222222222,0.3333333333333333
2210938,Sussuapara,PI,Nordeste,0,74.81,-5.19,37.12540005819028,798.91,4.425,0.2,0.1,0.9
2210953,Tamboril Do Piauí,PI,Nordeste,0,73.17,-6.83,36.795086543830266,671.89,3.9499999999999997,0.0,0.5,0.5
2210979,Tanque Do Piauí,PI,Nordeste,0,76.47,-3.53,29.62707182320442,955.24,4.385,0.0,0.125,0.75
2211001,Teresina,PI,Nordeste,0,80.58,0.58,33.44530063990469,1559.89,4.532272727272727,0.405103668261563,0.34609250398724084,0.4370015948963317
2211100,União,PI,Nordeste,0,78.15,-1.85,38.635009786401156,727.69,4.104827586206897,0.21212121212121213,0.16666666666666666,0.09090909090909091
2211209,Uruçuí,PI,Nordeste,2,57.7,-22.3,35.90883298657083,1041.2,4.4390909090909085,0.24242424242424243,0.21212121212121213,0.18181818181818182
2211308,Valença Do Piauí,PI,Nordeste,2,55.42,-24.58,29.545934530095035,1059.55,4.455454545454545,0.24,0.2,0.32
2211357,Várzea Branca,PI,Nordeste,0,65.77,-14.23,38.848289973691905,610.54,3.928,0.25,0.08333333333333333,0.0
2211407,Várzea Grande,PI,Nordeste,0,92.31,12.31,35.85041352031643,839.8,4.503333333333333,0.25,0.5,0.25
2211506,Vera Mendes,PI,Nordeste,0,86.35,6.35,31.90839694656489,599.07,4.056666666666667,0.14285714285714285,0.14285714285714285,0.2857142857142857
2211605,Vila Nova Do Piauí,PI,Nordeste,0,100.0,20.0,34.40102498398463,738.02,4.079999999999999,0.2,0.4,0.6
2211704,Wall Ferraz,PI,Nordeste,0,93.33,13.33,39.839999999999996,601.14,4.13,0.16666666666666666,0.16666666666666666,0.16666666666666666
2300101,Abaiara,CE,Nordeste,0,81.9,1.9,34.43858327053504,677.33,4.3149999999999995,0.11764705882352941,0.11764705882352941,0.29411764705882354
2300150,Acarape,CE,Nordeste,0,76.63,-3.37,35.42692939244663,674.46,4.365555555555556,0.42857142857142855,0.2857142857142857,0.21428571428571427
2300200,Acaraú,CE,Nordeste,0,98.59,18.59,40.243532126806755,694.7,4.216388888888889,0.3225806451612903,0.22580645161290322,0.22580645161290322
2300309,Acopiara,CE,Nordeste,2,59.16,-20.84,36.22858561615493,758.47,4.312692307692307,0.5348837209302325,0.18604651162790697,0.4186046511627907
2300408,Aiuaba,CE,Nordeste,0,70.82,-9.18,36.1047145800509,659.88,4.181111111111111,0.2222222222222222,0.2222222222222222,0.2777777777777778
2300507,Alcântaras,CE,Nordeste,0,100.0,20.0,29.567541302235178,753.79,4.313,0.11764705882352941,0.11764705882352941,0.11764705882352941
2300606,Altaneira,CE,Nordeste,0,98.73,18.73,33.13356164383562,699.36,4.223333333333334,0.125,0.25,0.5
2300705,Alto Santo,CE,Nordeste,0,97.69,17.69,31.6866708780796,803.58,4.461111111111111,0.7058823529411765,0.35294117647058826,0.5294117647058824
2300754,Amontada,CE,Nordeste,0,86.94,6.94,37.897125567322234,582.24,4.048157894736843,0.16901408450704225,0.16901408450704225,0.1267605633802817
2300804,Antonina Do Norte,CE,Nordeste,0,95.45,15.45,37.632301058408466,793.02,4.1325,0.125,0.625,0.125
2300903,Apuiarés,CE,Nordeste,0,77.03,-2.97,39.31352754542832,627.92,4.205,0.1,0.2,0.55
2301000,Aquiraz,CE,Nordeste,0,86.63,6.63,35.02871825876663,930.64,4.559333333333333,0.2857142857142857,0.2,0.5285714285714286
2301109,Aracati,CE,Nordeste,0,86.79,6.79,30.445808372229777,904.09,4.479375,0.4393939393939394,0.25757575757575757,0.8181818181818182
2301208,Aracoiaba,CE,Nordeste,0,82.89,2.89,32.27791784072372,718.73,4.275333333333333,0.6071428571428571,0.17857142857142858,0.8571428571428571
2301257,Ararendá,CE,Nordeste,0,100.0,20.0,34.23407301360057,623.37,4.1925,0.6428571428571429,0.42857142857142855,0.7142857142857143
2301307,Araripe,CE,Nordeste,0,72.6,-7.4,34.680048035683654,545.54,4.202,0.4666666666666667,0.23333333333333334,0.3333333333333333
2301406,Aratuba,CE,Nordeste,1,87.27,7.27,33.21186019546133,732.99,4.418888888888889,0.7333333333333333,0.7333333333333333,0.7333333333333333
2301505,Arneiroz,CE,Nordeste,2,63.82,-16.18,33.0520909757887,732.65,4.3,0.2222222222222222,0.1111111111111111,0.7777777777777778
2301604,Assaré,CE,Nordeste,0,99.35,19.35,35.11894995898277,720.44,4.055,0.2727272727272727,0.2727272727272727,0.5
2301703,Aurora,CE,Nordeste,0,70.92,-9.08,32.148046841610395,714.57,4.2170000000000005,0.30434782608695654,0.13043478260869565,0.391304347826087
2301802,Baixio,CE,Nordeste,0,75.53,-4.47,33.60495436766623,660.22,4.215,0.14285714285714285,0.14285714285714285,0.14285714285714285
2301851,Banabuiú,CE,Nordeste,0,75.73,-4.27,34.650455927051674,740.46,4.298461538461539,0.38095238095238093,0.23809523809523808,0.47619047619047616
2301901,Barbalha,CE,Nordeste,0,82.81,2.81,28.457171421430356,1005.61,4.429285714285714,0.532258064516129,0.24193548387096775,0.22580645161290322
2301950,Barreira,CE,Nordeste,0,90.47,10.47,36.87150837988827,713.88,4.457272727272727,0.42105263157894735,0.21052631578947367,0.21052631578947367
2302008,Barro,CE,Nordeste,0,74.63,-5.37,33.27286614473935,729.66,4.386428571428572,0.23809523809523808,0.2857142857142857,0.42857142857142855
2302057,Barroquinha,CE,Nordeste,0,99.57,19.57,37.98900743614614,509.21,4.0325,0.35294117647058826,0.17647058823529413,0.35294117647058826
2302107,Baturité,CE,Nordeste,0,87.79,7.79,37.40060637263314,773.07,4.242727272727273,0.28205128205128205,0.20512820512820512,0.6410256410256411
2302206,Beberibe,CE,Nordeste,0,84.29,4.29,37.65279394644936,759.16,4.405161290322581,0.28,0.34,0.5
2302305,Bela Cruz,CE,Nordeste,0,94.82,14.82,38.41655420602789,621.73,4.0947826086956525,0.20512820512820512,0.23076923076923078,0.3076923076923077
2302404,Boa Viagem,CE,Nordeste,0,90.27,10.27,34.11441234405778,714.71,4.3212,0.08928571428571429,0.25,0.75
2302503,Brejo Santo,CE,Nordeste,0,91.7,11.7,35.23734592184631,873.09,4.340416666666667,0.3275862068965517,0.39655172413793105,0.5689655172413793
2302602,Camocim,CE,Nordeste,0,97.57,17.57,35.56217474664475,731.25,4.161,0.5,0.21666666666666667,0.8666666666666667
2302701,Campos Sales,CE,Nordeste,2,57.68,-22.32,30.192837465564736,748.63,4.247647058823529,0.41379310344827586,0.27586206896551724,0.3103448275862069
2302800,Canindé,CE,Nordeste,0,96.5,16.5,37.50493388592856,816.43,4.225714285714286,0.24731182795698925,0.22580645161290322,0.3225806451612903
2302909,Capistrano,CE,Nordeste,0,74.48,-5.52,36.859045504994455,612.32,4.15125,0.3157894736842105,0.15789473684210525,0.631578947368421
2303006,Caridade,CE,Nordeste,0,93.95,13.95,38.77409099940393,655.3,4.254166666666666,0.16,0.16,0.16
2303105,Cariré,CE,Nordeste,0,99.49,19.49,31.690889755405884,608.07,3.727272727272727,0.19230769230769232,0.3076923076923077,0.3076923076923077
2303204,Caririaçu,CE,Nordeste,0,80.38,0.38,34.85355088939414,627.49,4.388333333333333,0.18518518518518517,0.2222222222222222,0.37037037037037035
2303303,Cariús,CE,Nordeste,0,94.99,14.99,34.61538461538461,681.18,4.258571428571429,0.5,0.3333333333333333,0.8333333333333334
2303402,Carnaubal,CE,Nordeste,0,97.01,17.01,33.40056474384833,654.73,4.276,0.22727272727272727,0.18181818181818182,0.22727272727272727
2303501,Cascavel,CE,Nordeste,0,78.66,-1.34,35.14115898959881,873.81,4.426571428571429,0.30434782608695654,0.18840579710144928,0.6086956521739131
2303600,Catarina,CE,Nordeste,0,82.13,2.13,33.548271538599316,715.33,4.36,0.058823529411764705,0.058823529411764705,0.058823529411764705
2303659,Catunda,CE,Nordeste,0,98.84,18.84,40.551852425980464,659.33,4.185,0.3333333333333333,0.2,0.8666666666666667
2303709,Caucaia,CE,Nordeste,2,57.7,-22.3,35.97245916876097,947.97,4.484358974358974,0.6299559471365639,0.19823788546255505,0.5022026431718062
2303808,Cedro,CE,Nordeste,0,92.37,12.37,33.94804503945385,857.12,4.233846153846153,0.39285714285714285,0.2857142857142857,0.2857142857142857
2303907,Chaval,CE,Nordeste,0,87.37,7.37,35.74690150032615,672.47,4.128888888888889,0.21052631578947367,0.2631578947368421,0.3157894736842105
2303931,Choró,CE,Nordeste,0,95.85,15.85,33.66111951588503,549.53,4.1657142857142855,0.3,0.25,0.4
2303956,Chorozinho,CE,Nordeste,0,99.55,19.55,34.70028450897675,723.23,4.463846153846154,0.38461538461538464,0.46153846153846156,0.5
2304004,Coreaú,CE,Nordeste,0,100.0,20.0,35.46455306032585,656.99,3.850909090909091,0.11538461538461539,0.3076923076923077,0.34615384615384615
2304103,Crateús,CE,Nordeste,0,97.3,17.3,32.85804816223067,920.1,4.230263157894737,0.4666666666666667,0.32,0.4266666666666667
2304202,Crato,CE,Nordeste,0,91.83,11.83,30.53342223703951,1060.11,4.380869565217392,0.2975206611570248,0.5206611570247934,0.5867768595041323
2304236,Croatá,CE,Nordeste,0,97.67,17.67,34.97126112926857,576.04,4.255714285714285,0.13513513513513514,0.13513513513513514,0.5945945945945946
2304251,Cruz,CE,Nordeste,0,98.09,18.09,38.911584476218266,834.25,4.422083333333333,0.25,0.17857142857142858,0.17857142857142858
2304269,Deputado Irapuan Pinheiro,CE,Nordeste,0,95.06,15.06,30.43126138894513,606.51,4.244,0.5,0.875,0.75
2304277,Ereré,CE,Nordeste,0,86.21,6.21,29.98808814770697,705.28,4.286666666666666,0.4444444444444444,0.1111111111111111,0.5555555555555556
2304285,Eusébio,CE,Nordeste,1,95.56,15.56,33.61094902127208,2512.7,4.7773076923076925,0.3384615384615385,0.18461538461538463,0.4
2304301,Farias Brito,CE,Nordeste,0,97.91,17.91,32.5516157989228,691.36,4.22,0.16666666666666666,0.5416666666666666,0.5833333333333334
2304350,Forquilha,CE,Nordeste,0,100.0,20.0,28.26108229768079,727.41,4.186,0.4444444444444444,0.2222222222222222,0.2777777777777778
2304400,Fortaleza,CE,Nordeste,1,73.31,-6.69,34.10674357561813,1668.98,4.559839816933638,0.7585139318885449,0.43653250773993807,0.49767801857585137
2304459,Fortim,CE,Nordeste,0,88.64,8.64,36.20297228544651,900.17,4.51,0.16666666666666666,0.08333333333333333,0.08333333333333333
2304509,Frecheirinha,CE,Nordeste,0,98.8,18.8,33.05740263265029,822.31,4.231428571428571,0.08695652173913043,0.17391304347826086,0.13043478260869565
2304608,General Sampaio,CE,Nordeste,0,94.49,14.49,38.17616084250838,634.44,4.12,0.3333333333333333,0.3333333333333333,0.5
2304657,Graça,CE,Nordeste,0,96.24,16.24,34.820215000617814,574.75,4.137,0.6842105263157895,0.05263157894736842,0.21052631578947367
2304707,Granja,CE,Nordeste,0,98.7,18.7,36.599835447971245,564.83,3.8024324324324326,0.3709677419354839,0.1935483870967742,0.27419354838709675
2304806,Granjeiro,CE,Nordeste,0,92.48,12.48,33.05304010349289,693.39,4.3225,0.3,0.4,0.4
2304905,Groaíras,CE,Nordeste,0,100.0,20.0,29.71029381549209,753.78,4.232,0.8181818181818182,0.2727272727272727,0.2727272727272727
2304954,Guaiúba,CE,Nordeste,0,74.55,-5.45,33.402828136330676,601.44,4.3707692307692305,0.65625,0.34375,0.5
2305001,Guaraciaba Do Norte,CE,Nordeste,0,98.18,18.18,37.04921202745818,716.54,4.0622727272727275,0.14285714285714285,0.16666666666666666,0.47619047619047616
2305100,Guaramiranga,CE,Nordeste,0,100.0,20.0,33.32282471626734,748.44,4.37,0.2222222222222222,0.2222222222222222,0.4444444444444444
2305209,Hidrolândia,CE,Nordeste,0,98.05,18.05,37.617394855042875,659.36,4.026000000000001,0.65,0.25,0.5
2305233,Horizonte,CE,Nordeste,0,97.67,17.67,20.534935555770907,762.19,4.619285714285715,0.23809523809523808,0.2698412698412698,0.38095238095238093
2305266,Ibaretama,CE,Nordeste,0,71.9,-8.1,35.633074935400515,624.16,4.146666666666667,0.16666666666666666,0.16666666666666666,0.4166666666666667
2305308,Ibiapina,CE,Nordeste,0,90.63,10.63,35.33776621374193,692.97,4.324375,0.3076923076923077,0.15384615384615385,0.38461538461538464
2305332,Ibicuitinga,CE,Nordeste,0,98.7,18.7,35.43368774482373,627.47,4.3629999999999995,0.26666666666666666,0.26666666666666666,0.4
2305357,Icapuí,CE,Nordeste,0,67.76,-12.24,33.67211131276467,824.14,4.59625,0.3888888888888889,0.4444444444444444,0.3888888888888889
2305407,Icó,CE,Nordeste,2,56.95,-23.05,37.639714026784816,706.4,4.21,0.3050847457627119,0.1864406779661017,0.3389830508474576
2305506,Iguatu,CE,Nordeste,2,65.46,-14.54,32.7477840451249,1009.72,4.486363636363636,0.4177215189873418,0.2911392405063291,0.31645569620253167
2305605,Independência,CE,Nordeste,0,100.0,20.0,36.9058265116599,705.5,4.24,0.23809523809523808,0.16666666666666666,0.16666666666666666
2305654,Ipaporanga,CE,Nordeste,0,99.11,19.11,34.944931864849735,648.09,4.1125,0.5,0.2,0.8
2305704,Ipaumirim,CE,Nordeste,0,93.67,13.67,36.128024980484,744.84,4.186,0.15384615384615385,0.23076923076923078,0.15384615384615385
2305803,Ipu,CE,Nordeste,0,91.09,11.09,39.402823856183936,735.8,4.03695652173913,0.36363636363636365,0.25,0.7045454545454546
2305902,Ipueiras,CE,Nordeste,0,98.24,18.24,35.20487150376716,625.83,4.183333333333334,0.14285714285714285,0.08928571428571429,0.125
2306009,Iracema,CE,Nordeste,0,84.43,4.43,32.219607843137254,850.77,4.345714285714286,0.10526315789473684,0.3157894736842105,0.7894736842105263
2306108,Irauçuba,CE,Nordeste,0,96.55,16.55,37.64019399818127,584.86,4.013846153846154,0.36666666666666664,0.3,0.3333333333333333
2306207,Itaiçaba,CE,Nordeste,0,97.05,17.05,30.654205607476637,772.01,4.48,0.7142857142857143,0.42857142857142855,0.7142857142857143
2306256,Itaitinga,CE,Nordeste,0,78.05,-1.95,32.634032634032636,1008.7,4.645714285714286,0.4186046511627907,0.18604651162790697,0.3488372093023256
2306306,Itapajé,CE,Nordeste,0,90.69,10.69,35.87922640582429,687.35,4.138333333333333,0.3409090909090909,0.18181818181818182,0.20454545454545456
2306405,Itapipoca,CE,Nordeste,0,88.17,8.17,36.35136698415147,720.4,4.176712328767123,0.1864406779661017,0.16101694915254236,0.211864406779661
2306504,Itapiúna,CE,Nordeste,2,61.68,-18.32,36.3013698630137,597.58,4.071666666666666,0.375,0.125,0.4375
2306553,Itarema,CE,Nordeste,0,91.32,11.32,40.96122337520481,642.63,4.206666666666667,0.22727272727272727,0.18181818181818182,0.21212121212121213
2306603,Itatira,CE,Nordeste,0,99.62,19.62,36.30357445366762,602.54,4.243333333333333,0.34285714285714286,0.22857142857142856,0.34285714285714286
2306702,Jaguaretama,CE,Nordeste,0,88.5,8.5,33.472553699284006,744.65,4.416,0.25,0.5,0.375
2306801,Jaguaribara,CE,Nordeste,0,89.1,9.1,31.85775143545101,892.83,4.384285714285714,0.3125,0.5625,0.75
2306900,Jaguaribe,CE,Nordeste,0,82.34,2.34,31.628444151130175,882.89,4.365882352941177,0.3488372093023256,0.46511627906976744,0.5116279069767442
2307007,Jaguaruana,CE,Nordeste,0,86.26,6.26,34.104930134458215,789.66,4.272352941176471,0.41379310344827586,0.2413793103448276,0.41379310344827586
2307106,Jardim,CE,Nordeste,0,69.26,-10.74,36.56465075413677,726.42,4.345882352941176,0.4,0.2,0.6
2307205,Jati,CE,Nordeste,0,84.27,4.27,32.1396328618718,727.11,4.294,0.1,0.1,0.3
2307254,Jijoca De Jericoacoara,CE,Nordeste,0,98.39,18.39,34.63607027608462,968.32,4.603,0.08695652173913043,0.08695652173913043,0.21739130434782608
2307304,Juazeiro Do Norte,CE,Nordeste,2,54.9,-25.1,28.720928101460697,1021.94,4.539166666666667,0.72,0.44,0.5644444444444444
2307403,Jucás,CE,Nordeste,0,83.97,3.97,33.40704201394795,694.23,4.197142857142857,0.5714285714285714,0.23809523809523808,0.9047619047619048
2307502,Lavras Da Mangabeira,CE,Nordeste,0,71.85,-8.15,34.548325547733405,677.99,4.198181818181818,0.53125,0.28125,0.625
2307601,Limoeiro Do Norte,CE,Nordeste,0,79.62,-0.38,33.620157272839556,1128.21,4.613,0.5,0.4,0.675
2307635,Madalena,CE,Nordeste,0,96.17,16.17,34.863803972879744,656.35,4.206363636363636,0.16,0.24,0.52
2307650,Maracanaú,CE,Nordeste,0,83.93,3.93,32.91316987548681,910.74,4.645555555555556,0.32085561497326204,0.37433155080213903,0.5294117647058824
2307700,Maranguape,CE,Nordeste,0,77.54,-2.46,34.70990822834033,833.02,4.471860465116279,0.13861386138613863,0.43564356435643564,0.504950495049505
2307809,Marco,CE,Nordeste,0,93.27,13.27,36.2580834803057,584.74,4.1225,0.16129032258064516,0.16129032258064516,0.1935483870967742
2307908,Martinópole,CE,Nordeste,0,100.0,20.0,39.43430110745286,622.75,3.956666666666667,0.3125,0.1875,0.25
2308005,Massapê,CE,Nordeste,0,97.98,17.98,35.29178470254957,652.16,4.033333333333333,0.37777777777777777,0.08888888888888889,0.2
2308104,Mauriti,CE,Nordeste,0,79.23,-0.77,35.48946948731179,667.97,4.135,0.25925925925925924,0.2037037037037037,0.3333333333333333
2308203,Meruoca,CE,Nordeste,0,99.18,19.18,31.4518563235738,752.71,4.310833333333334,0.06666666666666667,0.06666666666666667,0.8
2308302,Milagres,CE,Nordeste,0,72.17,-7.83,35.10371552313654,740.97,4.3020000000000005,0.3,0.23333333333333334,0.26666666666666666
2308351,Milhã,CE,Nordeste,0,100.0,20.0,35.057227638830014,827.51,4.1899999999999995,0.3,0.2,0.8
2308377,Miraíma,CE,Nordeste,0,92.66,12.66,38.844807467911316,453.17,4.182222222222222,0.3333333333333333,0.2,0.3333333333333333
2308401,Missão Velha,CE,Nordeste,2,65.62,-14.38,37.0655968321784,629.9,4.376842105263158,0.1590909090909091,0.11363636363636363,0.3409090909090909
2308500,Mombaça,CE,Nordeste,0,99.13,19.13,36.91539276524898,765.22,4.090357142857143,0.26,0.42,0.42
2308609,Monsenhor Tabosa,CE,Nordeste,0,100.0,20.0,35.773988632564354,705.32,4.1607692307692306,0.24242424242424243,0.3939393939393939,0.5757575757575758
2308708,Morada Nova,CE,Nordeste,2,62.38,-17.62,35.70125212357642,842.15,4.389473684210526,0.75,0.3611111111111111,0.2777777777777778
2308807,Moraújo,CE,Nordeste,0,99.01,19.01,35.68904593639576,763.44,3.7700000000000005,0.11764705882352941,0.11764705882352941,0.11764705882352941
2308906,Morrinhos,CE,Nordeste,0,92.35,12.35,36.99396599012616,667.16,4.116923076923077,0.125,0.2916666666666667,0.5833333333333334
2309003,Mucambo,CE,Nordeste,0,100.0,20.0,31.52619589977221,730.44,4.118,0.5833333333333334,0.08333333333333333,0.4166666666666667
2309102,Mulungu,CE,Nordeste,0,96.97,16.97,38.98648648648649,768.51,4.3966666666666665,0.4,0.3,0.4
2309201,Nova Olinda,CE,Nordeste,0,100.0,20.0,31.37046233889086,674.97,4.2371428571428575,0.7142857142857143,0.2857142857142857,0.5
2309300,Nova Russas,CE,Nordeste,0,98.81,18.81,32.41234326901419,744.82,4.168,0.43243243243243246,0.3783783783783784,0.3783783783783784
2309409,Novo Oriente,CE,Nordeste,0,99.18,19.18,39.76907511010594,771.68,4.167777777777777,0.3,0.16666666666666666,0.4666666666666667
2309458,Ocara,CE,Nordeste,0,73.05,-6.95,35.54975065305153,714.07,4.422,0.5172413793103449,0.3448275862068966,0.5172413793103449
2309508,Orós,CE,Nordeste,0,95.36,15.36,36.88713392563343,673.92,4.3420000000000005,0.10526315789473684,0.15789473684210525,0.3157894736842105
2309607,Pacajus,CE,Nordeste,0,87.37,7.37,30.417444425589686,835.89,4.612222222222222,0.2807017543859649,0.15789473684210525,0.3684210526315789
2309706,Pacatuba,CE,Nordeste,0,74.33,-5.67,32.63781471120619,862.29,4.5892,0.2653061224489796,0.16326530612244897,0.2653061224489796
2309805,Pacoti,CE,Nordeste,0,92.87,12.87,35.49945457378838,720.8,4.2725,0.2,0.13333333333333333,0.4666666666666667
2309904,Pacujá,CE,Nordeste,0,98.5,18.5,34.25076452599388,723.25,4.183999999999999,0.25,0.25,0.3333333333333333
2310001,Palhano,CE,Nordeste,0,78.95,-1.05,32.443211375065026,838.31,4.458333333333333,0.6666666666666666,0.1111111111111111,0.2222222222222222
2310100,Palmácia,CE,Nordeste,0,89.72,9.72,34.14208690136378,689.96,4.08,0.6153846153846154,0.3076923076923077,0.5384615384615384
2310209,Paracuru,CE,Nordeste,0,96.01,16.01,36.94985188319932,871.22,4.386818181818182,0.4666666666666667,0.36666666666666664,0.4
2310258,Paraipaba,CE,Nordeste,0,99.39,19.39,38.833456867552314,813.25,4.36625,0.17857142857142858,0.10714285714285714,0.39285714285714285
2310308,Parambu,CE,Nordeste,0,79.56,-0.44,30.549285176824682,643.03,4.365714285714286,0.2127659574468085,0.14893617021276595,0.14893617021276595
2310407,Paramoti,CE,Nordeste,0,98.97,18.97,38.1636843649164,569.94,4.114285714285715,0.10526315789473684,0.05263157894736842,0.10526315789473684
2310506,Pedra Branca,CE,Nordeste,0,99.77,19.77,35.25170367113651,667.71,4.0892,0.40425531914893614,0.2765957446808511,0.2978723404255319
2310605,Penaforte,CE,Nordeste,0,71.17,-8.83,37.26944285985929,712.89,4.3740000000000006,0.7777777777777778,0.5555555555555556,0.7777777777777778
2310704,Pentecoste,CE,Nordeste,0,86.72,6.72,37.787926926131846,733.42,4.065263157894736,0.2857142857142857,0.5428571428571428,0.7428571428571429
2310803,Pereiro,CE,Nordeste,0,93.42,13.42,31.896424893335297,719.3,4.509,0.2222222222222222,0.4444444444444444,0.4444444444444444
2310852,Pindoretama,CE,Nordeste,0,95.27,15.27,36.04758314484376,794.0,4.400769230769231,0.08333333333333333,0.125,0.125
2310902,Piquet Carneiro,CE,Nordeste,0,99.35,19.35,31.83862614147472,704.36,4.148888888888889,0.2857142857142857,0.35714285714285715,0.2857142857142857
2310951,Pires Ferreira,CE,Nordeste,0,100.0,20.0,32.3258559622196,651.65,4.125,0.5789473684210527,0.3157894736842105,0.9473684210526315
2311009,Poranga,CE,Nordeste,0,99.34,19.34,33.57677235482722,654.04,4.198571428571428,0.4,0.3333333333333333,0.4666666666666667
2311108,Porteiras,CE,Nordeste,0,94.06,14.06,36.1139896373057,829.82,4.4025,0.25,0.2,0.4
2311207,Potengi,CE,Nordeste,0,94.81,14.81,34.56946454413893,604.42,3.9240000000000004,0.75,0.125,0.5
2311231,Potiretama,CE,Nordeste,0,98.7,18.7,33.360927152317885,756.94,4.38,0.5714285714285714,0.5714285714285714,0.8571428571428571
2311264,Quiterianópolis,CE,Nordeste,0,91.94,11.94,34.919466175793836,677.69,4.27,0.7931034482758621,0.5172413793103449,0.13793103448275862
2311306,Quixadá,CE,Nordeste,0,88.7,8.7,35.367042763616105,888.08,4.294848484848485,0.23157894736842105,0.35789473684210527,0.4
2311355,Quixelô,CE,Nordeste,0,76.74,-3.26,35.68740592072253,693.31,4.264,0.13333333333333333,0.13333333333333333,0.7333333333333333
2311405,Quixeramobim,CE,Nordeste,0,98.2,18.2,34.60363217065437,853.65,4.340487804878049,0.26136363636363635,0.4090909090909091,0.9659090909090909
2311504,Quixeré,CE,Nordeste,0,83.94,3.94,26.969260326609028,900.07,4.5325,0.09090909090909091,0.2727272727272727,0.7272727272727273
2311603,Redenção,CE,Nordeste,0,76.73,-3.27,34.19173503494379,670.02,4.305,0.22580645161290322,0.1935483870967742,0.5161290322580645
2311702,Reriutaba,CE,Nordeste,0,98.04,18.04,33.48314606741573,724.54,4.107692307692307,0.5769230769230769,0.23076923076923078,0.46153846153846156
2311801,Russas,CE,Nordeste,0,93.43,13.43,30.74019145206957,867.47,4.4003125,0.2857142857142857,0.3469387755102041,0.7346938775510204
2311900,Saboeiro,CE,Nordeste,0,81.29,1.29,33.073110285006194,665.49,4.276999999999999,0.6923076923076923,0.3076923076923077,0.15384615384615385
2311959,Salitre,CE,Nordeste,0,95.63,15.63,33.42591603461169,544.51,4.276153846153846,0.2,0.04,0.08
2312007,Santana Do Acaraú,CE,Nordeste,0,99.29,19.29,37.92863469568518,587.81,3.95,0.25925925925925924,0.18518518518518517,0.8148148148148148
2312106,Santana Do Cariri,CE,Nordeste,0,94.68,14.68,35.93875906526994,597.15,4.039090909090909,0.5555555555555556,0.1111111111111111,0.2777777777777778
2312205,Santa Quitéria,CE,Nordeste,0,96.6,16.6,34.97534938679053,770.52,4.216086956521739,0.5111111111111111,0.17777777777777778,0.4444444444444444
2312304,São Benedito,CE,Nordeste,0,97.2,17.2,34.96063824166535,718.45,4.163333333333333,0.5416666666666666,0.2708333333333333,0.6041666666666666
2312403,São Gonçalo Do Amarante,CE,Nordeste,0,94.34,14.34,33.99499582985822,834.41,4.564347826086957,0.2786885245901639,0.21311475409836064,0.47540983606557374
2312502,São João Do Jaguaribe,CE,Nordeste,1,85.2,5.2,29.985185185185188,939.84,4.523333333333333,0.7142857142857143,0.2857142857142857,0.8571428571428571
2312601,São Luís Do Curu,CE,Nordeste,0,96.05,16.05,35.81402257872846,622.89,4.083333333333333,0.3076923076923077,0.15384615384615385,0.38461538461538464
2312700,Senador Pompeu,CE,Nordeste,0,100.0,20.0,35.51429706115965,781.3,4.180714285714286,0.5714285714285714,0.35714285714285715,0.8571428571428571
2312809,Senador Sá,CE,Nordeste,0,100.0,20.0,34.54061251664447,623.36,4.082,0.7,0.1,0.2
2312908,Sobral,CE,Nordeste,0,96.85,16.85,31.63352106065939,1013.74,4.354366197183099,0.6293706293706294,0.45454545454545453,0.3706293706293706
2313005,Solonópole,CE,Nordeste,0,98.98,18.98,33.85535307517084,788.81,4.324285714285714,0.17647058823529413,0.23529411764705882,1.0
2313104,Tabuleiro Do Norte,CE,Nordeste,0,83.75,3.75,31.371692461308037,895.75,4.537857142857143,0.5833333333333334,0.25,0.3333333333333333
2313203,Tamboril,CE,Nordeste,0,98.5,18.5,34.04934437543133,688.17,4.12,0.17073170731707318,0.17073170731707318,0.2926829268292683
2313252,Tarrafas,CE,Nordeste,0,96.93,16.93,30.910852713178294,767.47,4.308,0.4444444444444444,0.1111111111111111,0.4444444444444444
2313302,Tauá,CE,Nordeste,1,80.69,0.69,31.75640355462624,831.53,4.438529411764706,0.8571428571428571,0.7619047619047619,0.7619047619047619
2313351,Tejuçuoca,CE,Nordeste,0,77.1,-2.9,39.072265625,554.86,4.182727272727273,0.125,0.40625,0.28125
2313401,Tianguá,CE,Nordeste,0,90.31,10.31,33.15219050526637,844.1,4.355405405405405,0.6438356164383562,0.6575342465753424,0.589041095890411
2313500,Trairi,CE,Nordeste,0,94.39,14.39,39.67575489268159,662.17,4.2958823529411765,0.35185185185185186,0.2037037037037037,0.35185185185185186
2313559,Tururu,CE,Nordeste,0,95.46,15.46,36.26204633996309,565.11,4.122857142857143,0.21739130434782608,0.043478260869565216,0.13043478260869565
2313609,Ubajara,CE,Nordeste,0,96.67,16.67,35.32462777642177,785.04,4.306818181818182,0.5714285714285714,0.3142857142857143,0.42857142857142855
2313708,Umari,CE,Nordeste,0,100.0,20.0,34.55331412103747,629.05,4.348000000000001,0.15384615384615385,0.07692307692307693,0.3076923076923077
2313757,Umirim,CE,Nordeste,0,94.53,14.53,36.139279169211974,558.68,4.129090909090909,0.19047619047619047,0.09523809523809523,0.19047619047619047
2313807,Uruburetama,CE,Nordeste,0,76.83,-3.17,39.68197248525996,661.25,4.130625,0.19444444444444445,0.2222222222222222,0.3333333333333333
2313906,Uruoca,CE,Nordeste,0,92.14,12.14,36.43173826632014,611.47,4.133333333333334,0.6470588235294118,0.47058823529411764,0.7058823529411765
2313955,Varjota,CE,Nordeste,0,99.23,19.23,35.42575166398898,702.29,4.252222222222222,0.6428571428571429,0.25,0.4642857142857143
2314003,Várzea Alegre,CE,Nordeste,0,93.2,13.2,34.736946398494005,768.75,4.27625,0.2894736842105263,0.4473684210526316,0.5
2314102,Viçosa Do Ceará,CE,Nordeste,0,87.03,7.03,37.55387612918463,548.18,4.056666666666667,0.11428571428571428,0.3,0.18571428571428572
2400109,Acari,RN,Nordeste,2,54.07,-25.93,29.847609038360485,1023.87,4.58,0.375,0.375,0.375
2400208,Açu,RN,Nordeste,2,50.2,-29.8,31.871465488183965,1026.89,4.53875,0.5116279069767442,0.3488372093023256,0.5581395348837209
2400307,Afonso Bezerra,RN,Nordeste,2,18.91,-61.09,39.58885105309623,792.26,4.386666666666667,0.13333333333333333,0.2,0.8666666666666667
2400406,Água Nova,RN,Nordeste,2,51.12,-28.88,31.593038821954483,773.54,4.4399999999999995,1.0,0.25,0.5
2400505,Alexandria,RN,Nordeste,2,55.55,-24.45,33.520336605890606,767.82,4.48625,0.5714285714285714,0.5714285714285714,0.6428571428571429
2400604,Almino Afonso,RN,Nordeste,0,73.17,-6.83,35.4814253222138,918.71,4.396,0.25,0.25,0.375
2400703,Alto Do Rodrigues,RN,Nordeste,0,81.37,1.37,34.391622340425535,885.33,4.7725,0.3333333333333333,0.13333333333333333,0.6
2400802,Angicos,RN,Nordeste,2,45.03,-34.97,31.72043010752688,913.59,4.572,0.4166666666666667,0.16666666666666666,0.5
2400901,Antônio Martins,RN,Nordeste,2,48.0,-32.0,38.16046966731898,702.33,4.5,0.1875,0.0625,0.9375
2401008,Apodi,RN,Nordeste,2,63.95,-16.05,33.740042351517594,923.68,4.535,0.6060606060606061,0.21212121212121213,0.45454545454545453
2401107,Areia Branca,RN,Nordeste,2,54.43,-25.57,28.520236087689714,1004.75,4.663571428571429,0.3103448275862069,0.06896551724137931,0.13793103448275862
2401206,Arês,RN,Nordeste,2,48.12,-31.88,33.80352644836272,714.09,4.42,0.46153846153846156,0.15384615384615385,0.3076923076923077
2401305,Campo Grande,RN,Nordeste,2,43.21,-36.79,39.578484613395396,716.29,4.378,0.4117647058823529,0.11764705882352941,0.23529411764705882
2401404,Baía Formosa,RN,Nordeste,2,47.04,-32.96,32.13048498845266,917.51,4.526666666666666,0.36363636363636365,0.09090909090909091,0.7272727272727273
2401453,Baraúna,RN,Nordeste,2,48.1,-31.9,32.15572180659462,816.94,4.5075,0.37142857142857144,0.2,0.17142857142857143
2401503,Barcelona,RN,Nordeste,0,75.01,-4.99,33.143153526970956,727.09,4.333333333333333,0.25,0.25,0.25
2401602,Bento Fernandes,RN,Nordeste,2,32.74,-47.26,34.304442825928625,702.64,4.416666666666667,0.16666666666666666,0.16666666666666666,0.3333333333333333
2401651,Bodó,RN,Nordeste,2,59.88,-20.12,34.72803347280335,748.45,4.475,0.14285714285714285,0.14285714285714285,0.42857142857142855
2401701,Bom Jesus,RN,Nordeste,2,36.94,-43.06,35.23483168715985,760.67,4.576666666666667,0.4,0.6,0.6
2401800,Brejinho,RN,Nordeste,2,54.63,-25.37,32.526164580340655,714.73,4.484,0.2,0.13333333333333333,0.6
2401859,Caiçara Do Norte,RN,Nordeste,2,48.81,-31.19,36.01681215648238,765.49,4.43,0.16666666666666666,0.08333333333333333,0.4166666666666667
2401909,Caiçara Do Rio Do Vento,RN,Nordeste,2,27.21,-52.79,38.00277392510402,744.88,4.516666666666667,0.2,0.2,0.6
2402006,Caicó,RN,Nordeste,2,53.46,-26.54,29.67505373624984,1387.38,4.566923076923077,0.5081967213114754,0.45901639344262296,0.6557377049180327
2402105,Campo Redondo,RN,Nordeste,2,55.39,-24.61,36.86094069529652,737.65,4.4628571428571435,0.4,0.3333333333333333,0.7333333333333333
2402204,Canguaretama,RN,Nordeste,2,46.7,-33.3,39.145399051886486,678.69,4.4354545454545455,0.3611111111111111,0.16666666666666666,0.4444444444444444
2402303,Caraúbas,RN,Nordeste,2,51.13,-28.87,32.58755782120268,863.21,4.416666666666667,0.6129032258064516,0.0967741935483871,0.3870967741935484
2402402,Carnaúba Dos Dantas,RN,Nordeste,1,76.15,-3.85,23.18000724375226,1016.38,4.81,0.6363636363636364,0.36363636363636365,0.5454545454545454
2402501,Carnaubais,RN,Nordeste,2,60.86,-19.14,36.130492174241,770.65,4.564,0.2727272727272727,0.18181818181818182,0.5454545454545454
2402600,Ceará-Mirim,RN,Nordeste,2,32.25,-47.75,31.54961777523755,749.64,4.4362790697674415,0.47297297297297297,0.22972972972972974,0.4189189189189189
2402709,Cerro Corá,RN,Nordeste,2,54.5,-25.5,37.44865358283889,795.91,4.633333333333334,0.6363636363636364,0.18181818181818182,0.6363636363636364
2402808,Coronel Ezequiel,RN,Nordeste,2,22.84,-57.16,35.44303797468354,623.76,4.42,0.8571428571428571,0.2857142857142857,0.42857142857142855
2402907,Coronel João Pessoa,RN,Nordeste,0,68.42,-11.58,32.55926463473634,777.32,4.256666666666667,0.6923076923076923,0.07692307692307693,0.6153846153846154
2403004,Cruzeta,RN,Nordeste,2,64.52,-15.48,31.51248970628603,984.82,4.5325,0.5,0.16666666666666666,0.3333333333333333
2403103,Currais Novos,RN,Nordeste,2,54.51,-25.49,29.24015382575255,1156.23,4.586111111111111,0.4423076923076923,0.38461538461538464,0.6346153846153846
2403202,Doutor Severiano,RN,Nordeste,0,76.25,-3.75,30.816791409046534,730.16,4.59,0.375,0.25,0.875
2403251,Parnamirim,RN,Nordeste,2,44.36,-35.64,31.37311286843997,1846.59,4.8419298245614035,0.7647058823529411,0.39869281045751637,0.5098039215686274
2403301,Encanto,RN,Nordeste,0,67.45,-12.55,29.618956131924435,783.97,4.57,0.18181818181818182,0.18181818181818182,0.18181818181818182
2403400,Equador,RN,Nordeste,2,55.29,-24.71,35.539971949509116,866.99,4.4375,0.7142857142857143,0.14285714285714285,0.7142857142857143
2403509,Espírito Santo,RN,Nordeste,2,48.11,-31.89,39.41348973607038,705.54,4.348333333333334,0.5384615384615384,0.07692307692307693,0.38461538461538464
2403608,Extremoz,RN,Nordeste,2,38.83,-41.17,35.14703292833246,910.25,4.592727272727273,0.2641509433962264,0.03773584905660377,0.2641509433962264
2403707,Felipe Guerra,RN,Nordeste,2,65.5,-14.5,30.482977038796516,860.07,4.46,0.18181818181818182,0.0,0.9090909090909091
2403756,Fernando Pedroza,RN,Nordeste,2,34.92,-45.08,33.37257210123602,820.99,4.52,0.3333333333333333,0.3333333333333333,0.6666666666666666
2403806,Florânia,RN,Nordeste,2,54.27,-25.73,31.958762886597935,884.77,4.415,0.75,0.25,0.375
2403905,Francisco Dantas,RN,Nordeste,2,61.9,-18.1,25.43046357615894,823.81,4.535,0.4,0.0,0.4
2404002,Frutuoso Gomes,RN,Nordeste,2,10.71,-69.29,32.29166666666667,794.96,4.433333333333334,0.3333333333333333,0.2222222222222222,0.6666666666666666
2404101,Galinhos,RN,Nordeste,0,76.5,-3.5,27.513227513227513,993.68,4.323333333333333,0.6,0.4,0.4
2404200,Goianinha,RN,Nordeste,2,46.43,-33.57,36.021173356859286,825.49,4.531428571428571,0.5365853658536586,0.21951219512195122,0.2926829268292683
2404309,Governador Dix-Sept Rosado,RN,Nordeste,2,64.07,-15.93,34.41447060658038,792.12,4.468,0.26666666666666666,0.2,0.4
2404408,Grossos,RN,Nordeste,0,71.53,-8.47,36.505706760316066,875.5,4.5920000000000005,0.2727272727272727,0.09090909090909091,0.18181818181818182
2404507,Guamaré,RN,Nordeste,2,35.56,-44.44,34.45745913244948,840.99,4.6066666666666665,0.13636363636363635,0.3181818181818182,0.5909090909090909
2404606,Ielmo Marinho,RN,Nordeste,2,48.61,-31.39,38.65468071915685,602.87,4.256666666666667,0.21052631578947367,0.10526315789473684,0.2631578947368421
2404705,Ipanguaçu,RN,Nordeste,2,32.47,-47.53,30.106670912275113,767.65,4.505454545454546,0.6111111111111112,0.3333333333333333,0.5555555555555556
2404804,Ipueira,RN,Nordeste,2,64.29,-15.71,21.711366538952745,929.94,4.71,0.3333333333333333,0.0,0.6666666666666666
2404853,Itajá,RN,Nordeste,1,66.41,-13.59,29.34449093444909,820.66,4.526,0.375,0.5,0.875
2404903,Itaú,RN,Nordeste,2,58.04,-21.96,35.24840410768804,705.31,4.303333333333334,0.42857142857142855,0.2857142857142857,0.42857142857142855
2405009,Jaçanã,RN,Nordeste,2,55.76,-24.24,36.59386617100372,714.44,4.515,0.6666666666666666,0.1111111111111111,0.6666666666666666
2405108,Jandaíra,RN,Nordeste,2,38.64,-41.36,36.50884198516828,762.69,4.6125,0.18181818181818182,0.09090909090909091,0.09090909090909091
2405207,Janduís,RN,Nordeste,2,53.68,-26.32,33.28248932275778,822.98,4.4799999999999995,0.5714285714285714,0.42857142857142855,0.5714285714285714
2405306,Januário Cicco,RN,Nordeste,2,50.17,-29.83,39.611260053619304,683.18,4.34,0.14285714285714285,0.07142857142857142,0.2857142857142857
2405405,Japi,RN,Nordeste,2,39.53,-40.47,38.5885546256503,600.23,4.4,0.25,0.0,0.16666666666666666
2405504,Jardim De Angicos,RN,Nordeste,2,44.11,-35.89,39.37106918238994,735.11,4.373333333333334,0.75,0.0,0.75
2405603,Jardim De Piranhas,RN,Nordeste,2,60.89,-19.11,39.07579027548559,822.69,4.272857142857143,0.2631578947368421,0.3684210526315789,0.5263157894736842
2405702,Jardim Do Seridó,RN,Nordeste,2,64.57,-15.43,24.17529496749338,1184.5,4.606,0.5833333333333334,0.16666666666666666,0.5833333333333334
2405801,João Câmara,RN,Nordeste,2,34.99,-45.01,38.64877161055505,758.0,4.37,0.35185185185185186,0.24074074074074073,0.24074074074074073
2405900,João Dias,RN,Nordeste,2,58.62,-21.38,34.261501210653755,669.87,4.475,0.3333333333333333,0.0,0.16666666666666666
2406007,José Da Penha,RN,Nordeste,2,52.17,-27.83,29.840475445730373,869.82,4.586666666666667,0.2727272727272727,0.18181818181818182,0.2727272727272727
2406106,Jucurutu,RN,Nordeste,2,51.51,-28.49,33.32916614576822,812.37,4.45375,0.32142857142857145,0.14285714285714285,0.32142857142857145
2406155,Jundiá,RN,Nordeste,2,55.56,-24.44,35.54112554112554,716.6,4.285,0.3333333333333333,0.0,1.0
2406205,Lagoa D'Anta,RN,Nordeste,2,29.81,-50.19,36.9205746814855,691.84,4.5325,0.2,0.0,0.4
2406304,Lagoa De Pedras,RN,Nordeste,2,31.64,-48.36,39.08887533048607,552.73,4.276,0.25,0.16666666666666666,0.4166666666666667
2406403,Lagoa De Velhos,RN,Nordeste,2,59.26,-20.74,33.0520393811533,815.39,4.48,0.25,0.0,0.75
2406502,Lagoa Nova,RN,Nordeste,2,47.57,-32.43,32.773109243697476,787.33,4.446,0.6666666666666666,0.14285714285714285,0.47619047619047616
2406601,Lagoa Salgada,RN,Nordeste,2,46.11,-33.89,39.52191235059761,692.89,4.38,0.38461538461538464,0.07692307692307693,0.5384615384615384
2406700,Lajes,RN,Nordeste,2,43.78,-36.22,30.214513920584206,860.33,4.524285714285715,0.7272727272727273,0.36363636363636365,0.8181818181818182
2406809,Lajes Pintadas,RN,Nordeste,0,70.0,-10.0,33.650416171224734,785.09,4.416666666666667,0.07692307692307693,0.15384615384615385,0.5384615384615384
2406908,Lucrécia,RN,Nordeste,2,66.07,-13.93,34.963023829087916,780.38,4.6066666666666665,0.8333333333333334,0.3333333333333333,0.8333333333333334
2407005,Luís Gomes,RN,Nordeste,2,49.15,-30.85,34.04255319148936,751.13,4.398571428571429,0.2222222222222222,0.1111111111111111,0.6666666666666666
2407104,Macaíba,RN,Nordeste,2,39.14,-40.86,34.983576402575224,850.48,4.508157894736843,0.5411764705882353,0.2235294117647059,0.36470588235294116
2407203,Macau,RN,Nordeste,2,43.0,-37.0,33.925925925925924,974.59,4.482,0.3793103448275862,0.3103448275862069,0.3448275862068966
2407252,Major Sales,RN,Nordeste,2,63.1,-16.9,32.967557251908396,774.51,4.550000000000001,0.3333333333333333,0.3333333333333333,0.6666666666666666
2407302,Marcelino Vieira,RN,Nordeste,2,53.11,-26.89,34.282147315855184,714.94,4.32,0.3125,0.125,0.5
2407401,Martins,RN,Nordeste,1,68.81,-11.19,34.02881271733731,888.12,4.65125,0.9090909090909091,0.6363636363636364,0.7272727272727273
2407500,Maxaranguape,RN,Nordeste,2,37.49,-42.51,33.60315029534019,770.28,4.387777777777777,0.4117647058823529,0.11764705882352941,0.4117647058823529
2407609,Messias Targino,RN,Nordeste,2,33.84,-46.16,32.474054235018414,907.34,4.365,0.16666666666666666,0.0,0.16666666666666666
2407708,Montanhas,RN,Nordeste,2,64.43,-15.57,36.87061822817081,708.38,4.257142857142857,0.25,0.0625,0.25
2407807,Monte Alegre,RN,Nordeste,2,57.68,-22.32,35.386293761777246,743.36,4.363076923076923,0.20689655172413793,0.13793103448275862,0.1724137931034483
2407906,Monte Das Gameleiras,RN,Nordeste,2,42.18,-37.82,34.56072351421189,652.71,4.396666666666667,0.1,0.0,0.7
2408003,Mossoró,RN,Nordeste,2,56.51,-23.49,29.12333875036141,1397.73,4.675543478260869,0.59375,0.34375,0.53125
2408102,Natal,RN,Nordeste,2,40.28,-39.72,35.4119988372353,2049.37,4.665777777777778,0.6991701244813278,0.4004149377593361,0.558091286307054
2408201,Nísia Floresta,RN,Nordeste,0,82.74,2.74,34.35429244588426,849.24,4.554117647058824,0.2777777777777778,0.25,0.2777777777777778
2408300,Nova Cruz,RN,Nordeste,2,47.68,-32.32,36.5785727548431,796.06,4.357647058823529,0.4146341463414634,0.12195121951219512,0.3902439024390244
2408409,Olho D'Água Do Borges,RN,Nordeste,2,47.65,-32.35,30.482758620689655,779.49,4.3100000000000005,0.16666666666666666,0.0,0.3333333333333333
2408508,Ouro Branco,RN,Nordeste,1,81.49,1.49,29.047217537942664,1010.77,4.720000000000001,1.0,0.3333333333333333,0.3333333333333333
2408607,Paraná,RN,Nordeste,2,44.85,-35.15,37.85205818632002,792.64,4.586666666666667,0.1111111111111111,0.1111111111111111,0.1111111111111111
2408706,Paraú,RN,Nordeste,2,9.09,-70.91,30.61116965226554,867.89,4.603333333333333,0.5,0.3333333333333333,0.5
2408805,Parazinho,RN,Nordeste,2,48.52,-31.48,36.67883211678832,692.93,4.34,0.5,0.25,0.5
2408904,Parelhas,RN,Nordeste,0,74.94,-5.06,32.09310850439883,1039.24,4.5475,0.7,0.2,0.23333333333333334
2408953,Rio Do Fogo,RN,Nordeste,2,51.04,-28.96,37.53804531619885,688.26,4.452,0.3888888888888889,0.05555555555555555,0.4444444444444444
2409100,Passa E Fica,RN,Nordeste,2,39.35,-40.65,34.57001196785775,741.29,4.3533333333333335,0.2608695652173913,0.13043478260869565,0.391304347826087
2409209,Passagem,RN,Nordeste,2,47.25,-32.75,34.44268357105124,744.56,4.4399999999999995,0.2857142857142857,0.0,0.2857142857142857
2409308,Patu,RN,Nordeste,2,46.28,-33.72,33.34365325077399,832.72,4.426666666666667,0.3076923076923077,0.15384615384615385,0.38461538461538464
2409332,Santa Maria,RN,Nordeste,2,20.91,-59.09,39.343683839096684,756.95,4.285,0.25,0.0,0.0
2409407,Pau Dos Ferros,RN,Nordeste,2,53.63,-26.37,32.28288750458043,1254.99,4.595555555555555,0.6216216216216216,0.32432432432432434,0.7297297297297297
2409506,Pedra Grande,RN,Nordeste,2,41.79,-38.21,33.642578125,865.04,4.465,0.42857142857142855,0.0,0.7142857142857143
2409605,Pedra Preta,RN,Nordeste,2,64.62,-15.38,37.215713301171604,756.32,4.195,0.25,0.0,0.5
2409704,Pedro Avelino,RN,Nordeste,2,36.69,-43.31,35.981615233092576,764.88,4.292,0.07142857142857142,0.21428571428571427,0.9285714285714286
2409803,Pedro Velho,RN,Nordeste,2,23.16,-56.84,39.847842354701925,697.64,4.42,0.2692307692307692,0.038461538461538464,0.19230769230769232
2409902,Pendências,RN,Nordeste,2,34.65,-45.35,35.137022167917614,903.44,4.45125,0.625,0.375,0.75
2410009,Pilões,RN,Nordeste,2,63.16,-16.84,36.86823104693141,753.42,4.46,0.25,0.0,0.75
2410108,Poço Branco,RN,Nordeste,2,25.23,-54.77,37.33243967828418,657.73,4.323333333333333,0.125,0.125,0.125
2410207,Portalegre,RN,Nordeste,0,77.87,-2.13,32.19873730441943,910.62,4.546,0.2727272727272727,0.18181818181818182,0.45454545454545453
2410256,Porto Do Mangue,RN,Nordeste,2,36.22,-43.78,35.40349572331722,666.78,4.606,0.6666666666666666,0.0,0.8333333333333334
2410306,Serra Caiada,RN,Nordeste,2,37.01,-42.99,35.20522388059702,632.55,4.398000000000001,0.1875,0.0625,0.8125
2410405,Pureza,RN,Nordeste,2,49.55,-30.45,35.69698304338252,619.44,4.36,0.46153846153846156,0.07692307692307693,0.23076923076923078
2410504,Rafael Fernandes,RN,Nordeste,2,48.07,-31.93,34.183673469387756,890.46,4.493333333333333,0.625,0.25,0.5
2410603,Rafael Godeiro,RN,Nordeste,0,95.45,15.45,32.54804711717297,762.21,4.3100000000000005,0.4,0.0,0.6
2410702,Riacho Da Cruz,RN,Nordeste,1,60.0,-20.0,33.70716510903427,662.16,4.36,0.75,0.75,1.0
2410801,Riacho De Santana,RN,Nordeste,1,72.21,-7.79,31.645569620253166,708.26,4.726666666666667,0.5714285714285714,0.2857142857142857,0.8571428571428571
2410900,Riachuelo,RN,Nordeste,2,39.9,-40.1,33.71599700524083,761.66,4.426666666666667,0.3333333333333333,0.0,0.5555555555555556
2411007,Rodolfo Fernandes,RN,Nordeste,2,66.96,-13.04,31.191088260497,589.27,4.423333333333333,0.5,0.0,0.5
2411056,Tibau,RN,Nordeste,2,51.85,-28.15,31.0,965.37,4.733333333333333,0.375,0.125,0.125
2411106,Ruy Barbosa,RN,Nordeste,0,70.37,-9.63,33.24061196105703,690.88,4.235,0.16666666666666666,0.3333333333333333,0.3333333333333333
2411205,Santa Cruz,RN,Nordeste,2,39.87,-40.13,35.34016045920031,962.17,4.446470588235294,0.5,0.55,0.775
2411403,Santana Do Matos,RN,Nordeste,2,51.46,-28.54,33.082969432314414,707.32,4.416,0.4117647058823529,0.058823529411764705,0.4117647058823529
2411429,Santana Do Seridó,RN,Nordeste,0,77.78,-2.22,26.97311361665221,1041.01,4.47,0.16666666666666666,0.3333333333333333,0.3333333333333333
2411502,Santo Antônio,RN,Nordeste,2,45.75,-34.25,37.68140981340704,756.25,4.45375,0.391304347826087,0.17391304347826086,0.43478260869565216
2411601,São Bento Do Norte,RN,Nordeste,2,53.06,-26.94,24.985405720957385,775.91,4.3999999999999995,0.3333333333333333,0.16666666666666666,0.16666666666666666
2411700,São Bento Do Trairí,RN,Nordeste,2,54.35,-25.65,36.64091093940626,715.33,4.395,0.6666666666666666,0.3333333333333333,1.0
2411809,São Fernando,RN,Nordeste,0,72.98,-7.02,30.490018148820326,1045.69,4.675000000000001,0.2,0.2,0.4
2411908,São Francisco Do Oeste,RN,Nordeste,0,84.13,4.13,30.33816425120773,913.11,4.3100000000000005,0.2,0.4,0.8
2412005,São Gonçalo Do Amarante,RN,Nordeste,2,37.44,-42.56,34.011153156741685,946.92,4.529761904761905,0.5086206896551724,0.22413793103448276,0.3879310344827586
2412104,São João Do Sabugi,RN,Nordeste,1,74.16,-5.84,29.59917780061665,1017.09,4.5566666666666675,0.75,0.5,0.5
2412203,São José De Mipibu,RN,Nordeste,2,45.13,-34.87,34.948612538540594,824.72,4.539130434782609,0.43902439024390244,0.17073170731707318,0.4146341463414634
2412302,São José Do Campestre,RN,Nordeste,2,37.26,-42.74,38.90739506995337,797.93,4.3566666666666665,0.3333333333333333,0.06666666666666667,0.8
2412401,São José Do Seridó,RN,Nordeste,2,57.66,-22.34,20.00995520159283,1033.87,4.529999999999999,0.6,0.0,1.0
2412500,São Miguel,RN,Nordeste,0,67.99,-12.01,35.79201934703748,778.63,4.5275,0.35294117647058826,0.11764705882352941,0.35294117647058826
2412559,São Miguel Do Gostoso,RN,Nordeste,2,43.39,-36.61,32.798035140751935,892.15,4.31,0.045454545454545456,0.09090909090909091,0.3181818181818182
2412609,São Paulo Do Potengi,RN,Nordeste,2,35.59,-44.41,35.97388197609954,907.11,4.535,0.5263157894736842,0.2631578947368421,0.631578947368421
2412708,São Pedro,RN,Nordeste,2,32.72,-47.28,34.7563025210084,766.63,4.37,0.1,0.0,0.4
2412807,São Rafael,RN,Nordeste,2,50.53,-29.47,38.521538734266976,766.6,4.46,0.5,0.3333333333333333,0.6666666666666666
2412906,São Tomé,RN,Nordeste,2,47.58,-32.42,33.451228592702904,779.34,4.4125,0.23076923076923078,0.0,0.23076923076923078
2413003,São Vicente,RN,Nordeste,0,89.66,9.66,34.631071560993696,795.8,4.675,0.42857142857142855,0.2857142857142857,0.7142857142857143
2413102,Senador Elói De Souza,RN,Nordeste,2,27.42,-52.58,43.78391711889492,685.44,4.45,0.42857142857142855,0.14285714285714285,0.14285714285714285
2413201,Senador Georgino Avelino,RN,Nordeste,2,52.24,-27.76,31.879606879606882,676.62,4.3533333333333335,0.6,0.4,1.0
2413300,Serra De São Bento,RN,Nordeste,2,65.4,-14.6,39.7730854081311,664.27,4.473333333333334,0.2222222222222222,0.0,0.2222222222222222
2413359,Serra Do Mel,RN,Nordeste,2,26.92,-53.08,35.32695374800638,697.83,4.688000000000001,0.14285714285714285,0.47619047619047616,0.8095238095238095
2413409,Serra Negra Do Norte,RN,Nordeste,2,60.25,-19.75,31.233850129198963,966.15,4.503333333333334,0.4,0.4,0.7
2413508,Serrinha,RN,Nordeste,0,69.16,-10.84,37.12871287128713,684.65,4.3,0.375,0.375,0.875
2413557,Serrinha Dos Pintos,RN,Nordeste,2,59.32,-20.68,35.15005174197999,795.22,4.486666666666667,0.42857142857142855,0.2857142857142857,0.5714285714285714
2413607,Severiano Melo,RN,Nordeste,0,71.54,-8.46,32.67246061922868,852.77,4.664,0.4,0.1,0.3
2413706,Sítio Novo,RN,Nordeste,2,59.6,-20.4,35.25073746312684,664.2,4.323333333333333,0.6,0.6,0.8
2413805,Taboleiro Grande,RN,Nordeste,0,97.29,17.29,34.3236409608091,845.26,4.3100000000000005,0.3333333333333333,0.0,0.3333333333333333
2413904,Taipu,RN,Nordeste,2,26.53,-53.47,38.56259659969088,669.73,4.33625,0.14285714285714285,0.2857142857142857,0.3333333333333333
2414001,Tangará,RN,Nordeste,2,37.37,-42.63,38.163148887621226,716.71,4.425,0.4,0.26666666666666666,0.3333333333333333
2414100,Tenente Ananias,RN,Nordeste,2,58.05,-21.95,34.620073140999594,689.68,4.53125,0.25,0.55,0.8
2414159,Tenente Laurentino Cruz,RN,Nordeste,1,55.11,-24.89,33.36411203447214,789.17,4.5825,0.8333333333333334,0.6666666666666666,0.8333333333333334
2414209,Tibau Do Sul,RN,Nordeste,1,56.1,-23.9,35.45828885160896,1286.38,4.552727272727273,0.5,0.6428571428571429,0.8571428571428571
2414308,Timbaúba Dos Batistas,RN,Nordeste,2,30.0,-50.0,31.809145129224653,1082.62,4.525,0.6666666666666666,0.0,0.3333333333333333
2414407,Touros,RN,Nordeste,2,63.98,-16.02,38.92758089368259,701.16,4.378823529411765,0.275,0.05,0.6
2414456,Triunfo Potiguar,RN,Nordeste,2,35.76,-44.24,39.77580208735987,736.83,4.206666666666666,0.8,0.2,0.2
2414506,Umarizal,RN,Nordeste,0,72.89,-7.11,35.3830976652417,836.22,4.488333333333333,0.5,0.1111111111111111,0.8333333333333334
2414605,Upanema,RN,Nordeste,2,50.85,-29.15,31.61477190441709,825.81,4.392857142857143,0.38461538461538464,0.23076923076923078,0.6923076923076923
2414704,Várzea,RN,Nordeste,2,50.0,-30.0,36.84399712437096,723.48,4.18,0.6666666666666666,0.0,0.6666666666666666
2414753,Venha-Ver,RN,Nordeste,0,83.33,3.33,33.11881188118812,592.1,4.3999999999999995,0.21428571428571427,0.07142857142857142,0.14285714285714285
2414803,Vera Cruz,RN,Nordeste,2,56.58,-23.42,34.27789405892771,662.24,4.4799999999999995,0.5,0.4,0.4
2414902,Viçosa,RN,Nordeste,2,60.87,-19.13,31.54016212232867,860.02,4.865,0.6666666666666666,0.3333333333333333,0.3333333333333333
2415008,Vila Flor,RN,Nordeste,2,34.0,-46.0,36.92307692307693,758.88,4.4,0.2,0.0,0.4
2500106,Água Branca,PB,Nordeste,0,91.99,11.99,35.173471343684106,771.95,4.3875,0.14285714285714285,0.42857142857142855,0.7857142857142857
2500205,Aguiar,PB,Nordeste,0,91.53,11.53,31.027027027027028,737.35,4.443333333333333,0.5,0.5,0.16666666666666666
2500304,Alagoa Grande,PB,Nordeste,2,63.59,-16.41,35.94885207788433,725.37,4.2231250000000005,0.23076923076923078,0.1282051282051282,0.1794871794871795
2500403,Alagoa Nova,PB,Nordeste,0,91.5,11.5,33.78076062639821,726.13,4.297,0.30303030303030304,0.09090909090909091,0.12121212121212122
2500502,Alagoinha,PB,Nordeste,0,70.04,-9.96,40.132070769997505,687.49,4.2716666666666665,0.5,0.07142857142857142,0.07142857142857142
2500536,Alcantil,PB,Nordeste,0,75.89,-4.11,37.11975356180208,723.59,4.635,0.375,0.75,0.5
2500577,Algodão De Jandaíra,PB,Nordeste,0,80.07,0.07,39.571263035921206,556.64,4.363333333333333,0.3333333333333333,0.16666666666666666,0.0
2500601,Alhandra,PB,Nordeste,2,66.06,-13.94,34.330736543909346,764.63,4.465833333333333,0.17857142857142858,0.03571428571428571,0.0
2500700,São João Do Rio Do Peixe,PB,Nordeste,0,78.27,-1.73,34.85976669148672,847.03,4.4375,0.16,0.08,0.28
2500734,Amparo,PB,Nordeste,0,100.0,20.0,34.44444444444444,642.4,4.26,0.25,0.0,0.0
2500775,Aparecida,PB,Nordeste,0,100.0,20.0,35.88957055214724,735.42,3.968,0.2,0.13333333333333333,0.06666666666666667
2500809,Araçagi,PB,Nordeste,2,51.62,-28.38,39.752927076611044,644.87,4.24,0.32142857142857145,0.03571428571428571,0.25
2500908,Arara,PB,Nordeste,0,80.85,0.85,40.73684210526316,763.66,4.337999999999999,0.42105263157894735,0.3684210526315789,0.0
2501005,Araruna,PB,Nordeste,2,65.32,-14.68,37.73090527970654,657.11,4.421538461538462,0.03333333333333333,0.13333333333333333,0.9
2501104,Areia,PB,Nordeste,0,95.29,15.29,37.53063725490196,782.89,4.222142857142857,0.2857142857142857,0.2857142857142857,0.25
2501153,Areia De Baraúnas,PB,Nordeste,2,59.09,-20.91,35.026943802925324,611.76,4.54,0.0,0.0,0.8333333333333334
2501203,Areial,PB,Nordeste,0,82.27,2.27,37.44908350305499,763.73,4.354,0.3333333333333333,0.0,0.3333333333333333
2501302,Aroeiras,PB,Nordeste,0,82.45,2.45,38.31692826106234,639.85,3.871176470588235,0.39473684210526316,0.18421052631578946,0.8157894736842105
2501351,Assunção,PB,Nordeste,0,78.24,-1.76,39.38484621155289,687.73,4.586666666666667,0.2222222222222222,0.7777777777777778,0.8888888888888888
2501401,Baía Da Traição,PB,Nordeste,2,59.99,-20.01,36.40824337585868,660.37,4.174,0.15789473684210525,0.21052631578947367,0.8947368421052632
2501500,Bananeiras,PB,Nordeste,0,81.57,1.57,36.4048827914011,803.76,4.481538461538461,0.325,0.075,0.175
2501534,Baraúna,PB,Nordeste,0,79.08,-0.92,34.19131771033423,689.63,4.39,0.2,0.0,0.2
2501575,Barra De Santana,PB,Nordeste,0,77.78,-2.22,38.58231355345186,596.44,4.39,0.2,0.26666666666666666,0.2
2501609,Barra De Santa Rosa,PB,Nordeste,0,81.47,1.47,37.832427795253075,686.75,4.348333333333334,0.23076923076923078,0.0,0.23076923076923078
2501708,Barra De São Miguel,PB,Nordeste,0,94.45,14.45,37.731833384007295,692.09,4.48,0.2857142857142857,0.2857142857142857,0.5714285714285714
2501807,Bayeux,PB,Nordeste,2,50.19,-29.81,34.22619742649635,854.8,4.508,0.2391304347826087,0.20652173913043478,0.1956521739130435
2501906,Belém,PB,Nordeste,2,57.08,-22.92,36.28881406659185,772.54,4.21875,0.2727272727272727,0.13636363636363635,0.09090909090909091
2502003,Belém Do Brejo Do Cruz,PB,Nordeste,0,72.03,-7.97,38.92889288928893,798.02,4.398333333333333,0.4,0.2,0.2
2502052,Bernardino Batista,PB,Nordeste,2,33.33,-46.67,35.311572700296736,774.5,4.413333333333333,0.07692307692307693,0.15384615384615385,0.9230769230769231
2502102,Boa Ventura,PB,Nordeste,0,72.22,-7.78,37.458806298059315,693.65,4.2524999999999995,0.25,0.08333333333333333,0.3333333333333333
2502151,Boa Vista,PB,Nordeste,1,93.25,13.25,28.000000000000004,958.96,4.545,0.7272727272727273,0.45454545454545453,0.7272727272727273
2502201,Bom Jesus,PB,Nordeste,0,88.89,8.89,34.171195652173914,755.41,4.47,0.25,0.0,0.125
2502300,Bom Sucesso,PB,Nordeste,0,87.96,7.96,33.248081841432224,782.42,4.573333333333333,0.6666666666666666,0.5,0.3333333333333333
2502409,Bonito De Santa Fé,PB,Nordeste,2,62.83,-17.17,37.48742032874874,665.95,4.29,0.42105263157894735,0.21052631578947367,0.2631578947368421
2502508,Boqueirão,PB,Nordeste,0,74.04,-5.96,38.25631732608477,769.1,4.4075,0.6521739130434783,0.2608695652173913,0.21739130434782608
2502607,Igaracy,PB,Nordeste,2,60.47,-19.53,33.29935440027183,702.71,4.3933333333333335,0.4,0.2,0.6
2502706,Borborema,PB,Nordeste,2,51.8,-28.2,35.163820950622984,691.08,4.2325,0.09090909090909091,0.09090909090909091,0.36363636363636365
2502805,Brejo Do Cruz,PB,Nordeste,0,75.95,-4.05,37.27272727272727,732.48,4.3742857142857146,0.2,0.4,0.9333333333333333
2502904,Brejo Dos Santos,PB,Nordeste,2,27.66,-52.34,38.892686261107315,910.04,4.3875,0.4,0.3,0.1
2503001,Caaporã,PB,Nordeste,2,64.59,-15.41,36.51324965132496,673.18,4.583076923076923,0.15384615384615385,0.34615384615384615,0.3076923076923077
2503100,Cabaceiras,PB,Nordeste,0,96.41,16.41,31.149927219796215,833.95,4.6883333333333335,0.625,0.375,0.5
2503209,Cabedelo,PB,Nordeste,0,76.3,-3.7,37.600407080289315,1834.97,4.7363333333333335,0.29411764705882354,0.11764705882352941,0.13725490196078433
2503308,Cachoeira Dos Índios,PB,Nordeste,0,79.94,-0.06,36.08346094946401,695.21,4.245,0.375,0.25,0.25
2503407,Cacimba De Areia,PB,Nordeste,0,93.55,13.55,39.31194433706997,672.45,4.505,0.2857142857142857,0.0,0.2857142857142857
2503506,Cacimba De Dentro,PB,Nordeste,0,79.79,-0.21,35.898130587916555,686.16,4.300000000000001,0.25,0.07142857142857142,0.07142857142857142
2503555,Cacimbas,PB,Nordeste,2,61.74,-18.26,42.085697515163375,559.0,4.244,0.38461538461538464,0.0,0.23076923076923078
2503605,Caiçara,PB,Nordeste,0,80.29,0.29,38.431838431838436,617.26,4.146,0.4,0.3,0.2
2503704,Cajazeiras,PB,Nordeste,0,68.6,-11.4,38.919085509357835,1119.77,4.529333333333333,0.543859649122807,0.42105263157894735,0.49122807017543857
2503753,Cajazeirinhas,PB,Nordeste,0,96.43,16.43,36.64259927797834,624.16,4.140000000000001,0.16666666666666666,0.3333333333333333,0.16666666666666666
2503803,Caldas Brandão,PB,Nordeste,0,91.67,11.67,38.23529411764706,668.83,4.348333333333334,0.5833333333333334,0.4166666666666667,0.16666666666666666
2503902,Camalaú,PB,Nordeste,0,86.34,6.34,37.56737754862901,687.73,4.386666666666667,0.1111111111111111,0.5555555555555556,0.6666666666666666
2504009,Campina Grande,PB,Nordeste,2,69.34,-10.66,25.96681749622926,1373.42,4.673802816901408,0.4106145251396648,0.15921787709497207,0.40502793296089384
2504033,Capim,PB,Nordeste,0,70.59,-9.41,38.161734055856606,624.27,4.3925,0.09090909090909091,0.09090909090909091,0.18181818181818182
2504074,Caraúbas,PB,Nordeste,0,89.42,9.42,34.64717101080738,790.87,4.413333333333333,0.25,0.25,0.375
2504108,Carrapateira,PB,Nordeste,0,90.97,10.97,34.94753833736885,697.38,4.42,0.8333333333333334,0.0,0.16666666666666666
2504157,Casserengue,PB,Nordeste,0,81.98,1.98,39.953512396694215,581.94,4.266,0.42857142857142855,0.14285714285714285,0.14285714285714285
2504207,Catingueira,PB,Nordeste,0,66.36,-13.64,39.77232301672003,663.05,4.085,0.5,0.5,0.3333333333333333
2504306,Catolé Do Rocha,PB,Nordeste,2,51.41,-28.59,34.27000610873549,1018.31,4.462222222222222,0.39285714285714285,0.35714285714285715,0.5357142857142857
2504355,Caturité,PB,Nordeste,0,85.85,5.85,32.05696202531645,674.16,4.49,0.1111111111111111,0.1111111111111111,0.2222222222222222
2504405,Conceição,PB,Nordeste,0,93.35,13.35,38.53339059480352,749.69,4.38,0.13513513513513514,0.13513513513513514,0.1891891891891892
2504504,Condado,PB,Nordeste,2,64.95,-15.05,36.20060790273556,770.62,4.324999999999999,0.2857142857142857,0.2857142857142857,0.14285714285714285
2504603,Conde,PB,Nordeste,0,90.53,10.53,33.21371610845295,880.41,4.549411764705883,0.04878048780487805,0.12195121951219512,0.34146341463414637
2504702,Congo,PB,Nordeste,0,86.86,6.86,37.10837185413457,763.73,4.335,0.3333333333333333,0.2222222222222222,0.6666666666666666
2504801,Coremas,PB,Nordeste,2,65.29,-14.71,37.4757281553398,772.26,4.333333333333333,0.19047619047619047,0.0,0.14285714285714285
2504850,Coxixola,PB,Nordeste,0,91.67,11.67,33.22175732217573,882.3,4.425000000000001,0.2,0.2,0.2
2504900,Cruz Do Espírito Santo,PB,Nordeste,2,62.89,-17.11,38.06801083358411,671.67,4.291666666666667,0.39285714285714285,0.10714285714285714,0.21428571428571427
2505006,Cubati,PB,Nordeste,0,83.65,3.65,36.382681564245814,693.24,4.5825,0.2727272727272727,0.2727272727272727,0.18181818181818182
2505105,Cuité,PB,Nordeste,0,87.31,7.31,37.11919550428867,864.92,4.535454545454545,0.35714285714285715,0.10714285714285714,0.17857142857142858
2505204,Cuitegi,PB,Nordeste,2,42.35,-37.65,35.59027777777778,625.73,4.24,0.07692307692307693,0.07692307692307693,0.15384615384615385
2505238,Cuité De Mamanguape,PB,Nordeste,2,55.57,-24.43,38.682340076544556,661.45,4.221666666666667,0.17647058823529413,0.11764705882352941,0.058823529411764705
2505279,Curral De Cima,PB,Nordeste,0,74.41,-5.59,41.8220005250722,653.58,4.113333333333333,0.16666666666666666,0.0,0.16666666666666666
2505303,Curral Velho,PB,Nordeste,0,86.96,6.96,37.57961783439491,745.84,4.206666666666666,0.75,0.0,0.25
2505352,Damião,PB,Nordeste,0,78.93,-1.07,38.71382636655948,566.06,4.3566666666666665,0.09090909090909091,0.0,0.0
2505402,Desterro,PB,Nordeste,2,56.3,-23.7,41.3243626062323,696.72,4.5625,0.21428571428571427,0.2857142857142857,0.07142857142857142
2505600,Diamante,PB,Nordeste,2,46.65,-33.35,35.52036199095023,720.93,4.273333333333333,0.14285714285714285,0.14285714285714285,0.14285714285714285
2505709,Dona Inês,PB,Nordeste,0,89.5,9.5,37.59276018099548,657.97,4.266,0.4117647058823529,0.23529411764705882,0.5294117647058824
2505808,Duas Estradas,PB,Nordeste,0,95.45,15.45,38.35701050030883,696.67,4.1225,0.2222222222222222,0.4444444444444444,0.6666666666666666
2505907,Emas,PB,Nordeste,0,87.76,7.76,39.41267387944359,759.34,4.176666666666667,0.14285714285714285,0.2857142857142857,0.7142857142857143
2506004,Esperança,PB,Nordeste,0,88.47,8.47,34.151493080844865,809.81,4.408181818181818,0.3055555555555556,0.08333333333333333,0.16666666666666666
2506103,Fagundes,PB,Nordeste,2,61.76,-18.24,35.72558323448003,651.81,4.168,0.3181818181818182,0.22727272727272727,0.09090909090909091
2506202,Frei Martinho,PB,Nordeste,0,69.23,-10.77,37.29577464788733,854.92,4.49,0.25,0.5,0.75
2506251,Gado Bravo,PB,Nordeste,0,78.91,-1.09,39.190605997064374,554.19,3.8499999999999996,0.06666666666666667,0.0,0.0
2506301,Guarabira,PB,Nordeste,0,75.44,-4.56,35.440032746623004,1027.67,4.375806451612903,0.38571428571428573,0.1,0.3142857142857143
2506400,Gurinhém,PB,Nordeste,0,78.38,-1.62,36.25143513203214,684.73,4.18,0.42857142857142855,0.0,0.047619047619047616
2506509,Gurjão,PB,Nordeste,0,93.53,13.53,34.24586776859504,777.68,4.68,0.2,0.2,0.2
2506608,Ibiara,PB,Nordeste,0,85.82,5.82,34.50608930987821,719.73,4.591666666666667,0.18181818181818182,0.2727272727272727,0.18181818181818182
2506707,Imaculada,PB,Nordeste,2,50.71,-29.29,39.49579831932773,599.58,4.243,0.42857142857142855,0.14285714285714285,0.35714285714285715
2506806,Ingá,PB,Nordeste,2,57.58,-22.42,39.80255039078568,841.64,4.2212499999999995,0.2903225806451613,0.16129032258064516,0.41935483870967744
2506905,Itabaiana,PB,Nordeste,2,47.73,-32.27,36.918990703851264,811.3,4.275454545454545,0.3333333333333333,0.2,0.1
2507002,Itaporanga,PB,Nordeste,0,70.69,-9.31,35.10981575934215,875.23,4.3870000000000005,0.3181818181818182,0.18181818181818182,0.2727272727272727
2507101,Itapororoca,PB,Nordeste,0,71.27,-8.73,35.71176262804663,653.03,4.279090909090909,0.3181818181818182,0.22727272727272727,0.13636363636363635
2507200,Itatuba,PB,Nordeste,2,33.42,-46.58,36.608897623726996,675.15,4.06,0.21428571428571427,0.07142857142857142,0.14285714285714285
2507309,Jacaraú,PB,Nordeste,2,53.02,-26.98,39.497008641701754,721.89,4.341111111111111,0.23076923076923078,0.07692307692307693,0.6153846153846154
2507408,Jericó,PB,Nordeste,2,47.37,-32.63,34.876773711725164,811.24,4.51,0.06666666666666667,0.2,0.0
2507507,João Pessoa,PB,Nordeste,1,65.56,-14.44,33.777153745863004,1879.0,4.7405347593582885,0.496,0.312,0.464
2507606,Juarez Távora,PB,Nordeste,0,83.74,3.74,42.54470223141717,753.84,4.168,0.35714285714285715,0.35714285714285715,0.35714285714285715
2507705,Juazeirinho,PB,Nordeste,0,66.42,-13.58,37.28792099265637,673.57,4.385833333333333,0.15,0.35,0.05
2507804,Junco Do Seridó,PB,Nordeste,0,84.71,4.71,36.59305993690852,836.75,4.5633333333333335,0.25,0.25,0.375
2507903,Juripiranga,PB,Nordeste,2,49.89,-30.11,36.68389814282979,659.58,4.246666666666667,0.25,0.3125,0.3125
2508000,Juru,PB,Nordeste,0,86.78,6.78,37.3572228443449,626.11,4.325,0.08333333333333333,0.0,0.5833333333333334
2508109,Lagoa,PB,Nordeste,0,76.53,-3.47,35.52447552447553,737.35,4.2924999999999995,0.2222222222222222,0.2222222222222222,0.6666666666666666
2508208,Lagoa De Dentro,PB,Nordeste,2,55.07,-24.93,39.89526303261128,738.79,4.296666666666667,0.1875,0.0625,0.125
2508307,Lagoa Seca,PB,Nordeste,0,79.17,-0.83,34.168098862427364,927.2,4.457272727272727,0.3333333333333333,0.06060606060606061,0.42424242424242425
2508406,Lastro,PB,Nordeste,2,22.2,-57.8,35.60753736192333,607.64,4.225,0.6666666666666666,0.16666666666666666,0.16666666666666666
2508505,Livramento,PB,Nordeste,0,84.73,4.73,37.94068270844992,619.98,4.3625,0.3076923076923077,0.23076923076923078,0.07692307692307693
2508554,Logradouro,PB,Nordeste,0,97.15,17.15,39.96261682242991,713.72,4.3125,0.2857142857142857,0.0,0.14285714285714285
2508604,Lucena,PB,Nordeste,0,69.91,-10.09,31.371340523882896,759.66,4.573,0.0,0.05555555555555555,0.7222222222222222
2508703,Mãe D'Água,PB,Nordeste,0,74.19,-5.81,33.744449925999014,740.54,4.253333333333333,0.125,0.0,0.0
2508802,Malta,PB,Nordeste,0,83.1,3.1,36.13569321533923,879.93,4.346666666666667,0.6,0.4,0.6
2508901,Mamanguape,PB,Nordeste,0,80.61,0.61,35.465938000565345,772.08,4.3168,0.5909090909090909,0.13636363636363635,0.20454545454545456
2509008,Manaíra,PB,Nordeste,0,87.54,7.54,36.808746632863254,617.91,4.1725,0.3157894736842105,0.15789473684210525,0.2631578947368421
2509057,Marcação,PB,Nordeste,2,58.61,-21.39,39.21420476010578,547.14,4.31,0.2631578947368421,0.15789473684210525,0.05263157894736842
2509107,Mari,PB,Nordeste,2,65.73,-14.27,41.627501007116955,675.91,4.340769230769231,0.25806451612903225,0.0,0.03225806451612903
2509156,Marizópolis,PB,Nordeste,0,94.51,14.51,24.99215070643642,737.18,4.4625,0.2727272727272727,0.45454545454545453,0.6363636363636364
2509206,Massaranduba,PB,Nordeste,0,70.07,-9.93,36.885245901639344,759.5,4.27375,0.5294117647058824,0.17647058823529413,0.11764705882352941
2509305,Mataraca,PB,Nordeste,2,61.74,-18.26,36.816895275419114,761.17,4.488,0.4444444444444444,0.1111111111111111,0.1111111111111111
2509339,Matinhas,PB,Nordeste,0,94.53,14.53,34.45491251682369,557.71,4.445,0.6666666666666666,0.0,0.0
2509370,Mato Grosso,PB,Nordeste,2,35.71,-44.29,33.30980945659845,812.1,4.615,0.1111111111111111,0.2222222222222222,0.7777777777777778
2509396,Maturéia,PB,Nordeste,0,85.81,5.81,39.04174573055029,653.01,4.293333333333333,0.25,0.0,0.125
2509404,Mogeiro,PB,Nordeste,2,65.81,-14.19,37.22971254133808,685.55,4.218,0.08695652173913043,0.08695652173913043,0.13043478260869565
2509503,Montadas,PB,Nordeste,0,78.09,-1.91,34.43030114871158,711.2,4.62,0.3333333333333333,0.1111111111111111,0.1111111111111111
2509602,Monte Horebe,PB,Nordeste,0,71.07,-8.93,37.71220695230396,588.45,4.195,0.42857142857142855,0.14285714285714285,0.7142857142857143
2509701,Monteiro,PB,Nordeste,0,86.39,6.39,34.35835856740106,855.1,4.438,0.26666666666666666,0.3,0.23333333333333334
2509800,Mulungu,PB,Nordeste,2,64.58,-15.42,39.920336357601236,701.66,4.311428571428571,0.23529411764705882,0.23529411764705882,0.058823529411764705
2509909,Natuba,PB,Nordeste,0,81.71,1.71,34.32797093928386,597.24,4.123333333333334,0.05,0.1,0.15
2510006,Nazarezinho,PB,Nordeste,0,70.04,-9.96,36.216357460151556,710.83,4.067500000000001,0.4,0.2,0.4
2510105,Nova Floresta,PB,Nordeste,0,71.25,-8.75,36.91890765061497,745.22,4.58,0.3333333333333333,0.0,0.08333333333333333
2510204,Nova Olinda,PB,Nordeste,2,51.58,-28.42,38.85885885885886,669.66,4.282,0.1,0.0,0.0
2510303,Nova Palmeira,PB,Nordeste,0,100.0,20.0,34.01135288552507,859.4,4.484999999999999,0.4,0.4,0.2
2510402,Olho D'Água,PB,Nordeste,2,60.47,-19.53,39.366240097501525,506.11,4.258571428571429,0.0,0.0,0.0
2510501,Olivedos,PB,Nordeste,0,87.05,7.05,31.58774373259053,705.86,4.523333333333333,0.375,0.125,0.25
2510600,Ouro Velho,PB,Nordeste,0,100.0,20.0,28.80703683342496,789.71,4.57,0.0,0.0,0.0
2510659,Parari,PB,Nordeste,0,100.0,20.0,28.50729517396184,810.88,4.654999999999999,0.2,0.2,0.0
2510709,Passagem,PB,Nordeste,0,87.87,7.87,36.1609907120743,746.66,4.54,0.2857142857142857,0.2857142857142857,0.42857142857142855
2510808,Patos,PB,Nordeste,0,84.46,4.46,33.30485905230893,1142.69,4.490769230769231,0.3763440860215054,0.17204301075268819,0.24731182795698925
2510907,Paulista,PB,Nordeste,2,52.36,-27.64,36.84836135167261,838.4,4.431666666666667,0.3,0.15,0.15
2511004,Pedra Branca,PB,Nordeste,0,92.03,12.03,32.1656050955414,803.95,4.286666666666666,0.2222222222222222,0.2222222222222222,0.3333333333333333
2511103,Pedra Lavrada,PB,Nordeste,0,93.08,13.08,35.165132647536545,756.49,4.54,0.2727272727272727,0.18181818181818182,0.09090909090909091
2511202,Pedras De Fogo,PB,Nordeste,2,57.26,-22.74,34.03215957663342,753.14,4.461111111111111,0.16129032258064516,0.0967741935483871,0.16129032258064516
2511301,Piancó,PB,Nordeste,2,45.52,-34.48,41.121872477804686,818.71,4.207,0.3333333333333333,0.06666666666666667,0.5333333333333333
2511400,Picuí,PB,Nordeste,0,69.29,-10.71,35.75432610285157,811.97,4.483333333333333,0.5454545454545454,0.2727272727272727,0.45454545454545453
2511509,Pilar,PB,Nordeste,0,67.28,-12.72,37.5063699677255,684.5,4.347142857142857,0.5555555555555556,0.2777777777777778,0.3333333333333333
2511608,Pilões,PB,Nordeste,0,79.22,-0.78,39.048723897911835,631.44,4.185714285714286,0.15384615384615385,0.15384615384615385,0.38461538461538464
2511707,Pilõezinhos,PB,Nordeste,0,75.75,-4.25,40.76215505913272,698.44,4.256666666666667,0.08333333333333333,0.08333333333333333,0.08333333333333333
2511806,Pirpirituba,PB,Nordeste,2,45.43,-34.57,33.811554866227226,705.61,4.292,0.3125,0.1875,0.375
2511905,Pitimbu,PB,Nordeste,2,59.46,-20.54,37.54724487766063,792.24,4.386666666666667,0.16,0.2,0.24
2512002,Pocinhos,PB,Nordeste,0,72.94,-7.06,38.603049680275454,675.29,4.397272727272727,0.25,0.125,0.375
2512036,Poço Dantas,PB,Nordeste,0,74.61,-5.39,32.82876064333018,624.78,4.3999999999999995,0.07142857142857142,0.14285714285714285,0.7142857142857143
2512077,Poço De José De Moura,PB,Nordeste,0,73.57,-6.43,32.26102941176471,838.02,4.3475,0.07692307692307693,0.07692307692307693,0.0
2512101,Pombal,PB,Nordeste,0,73.59,-6.41,32.37162162162162,933.34,4.42,0.325,0.325,0.5
2512200,Prata,PB,Nordeste,0,71.08,-8.92,32.626219770895204,839.7,4.5600000000000005,0.5,0.5,0.25
2512309,Princesa Isabel,PB,Nordeste,0,75.87,-4.13,35.59562398703404,878.34,4.475714285714285,0.2857142857142857,0.23809523809523808,0.23809523809523808
2512408,Puxinanã,PB,Nordeste,0,75.23,-4.77,32.70257156720039,699.33,4.522857142857143,0.7647058823529411,0.058823529411764705,0.0
2512507,Queimadas,PB,Nordeste,0,96.37,16.37,32.85415212840196,731.28,4.5645454545454545,0.375,0.125,0.275
2512606,Quixaba,PB,Nordeste,0,100.0,20.0,37.34713076199436,661.14,4.45,0.25,0.25,0.25
2512705,Remígio,PB,Nordeste,0,68.86,-11.14,40.16465745369009,855.49,4.384545454545455,0.32,0.16,0.2
2512721,Pedro Régis,PB,Nordeste,0,70.45,-9.55,41.76968119713728,566.4,4.178,0.2,0.2,0.3
2512747,Riachão,PB,Nordeste,0,83.29,3.29,33.48300192431046,576.42,4.305,0.1111111111111111,0.1111111111111111,0.0
2512754,Riachão Do Bacamarte,PB,Nordeste,2,60.05,-19.95,36.10443146684988,669.38,4.4975,0.7777777777777778,0.6666666666666666,0.4444444444444444
2512762,Riachão Do Poço,PB,Nordeste,2,58.93,-21.07,35.309667673716014,516.3,4.413333333333333,0.36363636363636365,0.09090909090909091,0.18181818181818182
2512788,Riacho De Santo Antônio,PB,Nordeste,0,90.91,10.91,34.49296817172465,750.97,4.38,0.25,0.25,0.0
2512804,Riacho Dos Cavalos,PB,Nordeste,2,34.69,-45.31,38.29185520361991,677.3,4.282500000000001,0.047619047619047616,0.0,0.0
2512903,Rio Tinto,PB,Nordeste,2,60.34,-19.66,35.04212860310421,898.43,4.336111111111111,0.22857142857142856,0.17142857142857143,0.14285714285714285
2513000,Salgadinho,PB,Nordeste,0,79.9,-0.1,41.35936370209689,704.73,4.27,0.1111111111111111,0.0,0.2222222222222222
2513109,Salgado De São Félix,PB,Nordeste,2,65.22,-14.78,36.310200985968905,636.36,4.1579999999999995,0.2727272727272727,0.22727272727272727,0.2727272727272727
2513158,Santa Cecília,PB,Nordeste,0,72.92,-7.08,38.88888888888889,619.23,4.3774999999999995,0.17647058823529413,0.29411764705882354,0.058823529411764705
2513208,Santa Cruz,PB,Nordeste,0,79.95,-0.05,32.89798799858807,784.35,4.356,0.375,0.25,0.625
2513307,Santa Helena,PB,Nordeste,2,62.2,-17.8,35.67342693707749,806.74,4.425,0.6,0.4,0.4
2513356,Santa Inês,PB,Nordeste,2,63.16,-16.84,41.566820276497694,715.43,4.66,0.125,0.0,0.5
2513406,Santa Luzia,PB,Nordeste,1,68.39,-11.61,34.14239482200647,1091.08,4.558,0.4666666666666667,0.4666666666666667,0.6666666666666666
2513505,Santana De Mangueira,PB,Nordeste,0,96.96,16.96,38.700331125827816,646.52,4.188000000000001,0.14285714285714285,0.0,0.0
2513604,Santana Dos Garrotes,PB,Nordeste,0,88.73,8.73,33.01146650573325,712.84,4.164,0.3333333333333333,0.1111111111111111,0.1111111111111111
2513653,Joca Claudino,PB,Nordeste,0,76.02,-3.98,31.475186947654656,642.82,4.56,0.0,0.0,0.7
2513703,Santa Rita,PB,Nordeste,2,44.78,-35.22,32.65861929611864,798.63,4.487692307692308,0.32,0.16,0.15333333333333332
2513802,Santa Teresinha,PB,Nordeste,0,96.72,16.72,37.32394366197183,755.28,4.153333333333333,0.16666666666666666,0.0,0.08333333333333333
2513851,Santo André,PB,Nordeste,0,69.66,-10.34,32.40371845949535,760.73,4.324999999999999,0.6666666666666666,0.3333333333333333,0.3333333333333333
2513901,São Bento,PB,Nordeste,0,72.24,-7.76,37.16118894854,768.83,4.323846153846154,0.34285714285714286,0.4857142857142857,0.3142857142857143
2513927,São Bentinho,PB,Nordeste,0,79.45,-0.55,34.6726862302483,710.23,4.1850000000000005,0.3333333333333333,0.6666666666666666,0.6666666666666666
2513968,São Domingos,PB,Nordeste,0,86.21,6.21,33.18250377073906,612.72,4.425000000000001,0.3333333333333333,0.16666666666666666,0.3333333333333333
2513984,São Francisco,PB,Nordeste,0,100.0,20.0,28.430232558139533,799.27,4.45,0.14285714285714285,0.2857142857142857,0.2857142857142857
2514008,São João Do Cariri,PB,Nordeste,0,70.93,-9.07,33.22246858832224,945.1,4.616,0.7,0.1,0.2
2514107,São João Do Tigre,PB,Nordeste,0,82.29,2.29,35.64213564213564,646.3,4.261666666666667,0.1111111111111111,0.1111111111111111,0.4444444444444444
2514206,São José Da Lagoa Tapada,PB,Nordeste,0,92.74,12.74,36.826684696867254,704.78,4.266666666666667,0.08333333333333333,0.0,0.0
2514305,São José De Caiana,PB,Nordeste,0,76.33,-3.67,38.9413988657845,647.02,4.34,0.16666666666666666,0.0,0.5
2514404,São José De Espinharas,PB,Nordeste,0,82.35,2.35,34.469328140214216,728.77,4.3525,0.2,0.0,0.2
2514453,São José Dos Ramos,PB,Nordeste,0,80.32,0.32,36.44630989856593,555.75,4.133333333333334,0.1,0.0,0.0
2514503,São José De Piranhas,PB,Nordeste,2,43.03,-36.97,37.059200683906816,820.53,4.3116666666666665,0.15789473684210525,0.631578947368421,0.6842105263157895
2514552,São José De Princesa,PB,Nordeste,0,88.89,8.89,38.56975381008206,600.8,4.235,0.0,0.0,0.8333333333333334
2514602,São José Do Bonfim,PB,Nordeste,0,71.35,-8.65,31.603053435114504,706.28,4.215,0.4,0.2,0.0
2514701,São José Do Sabugi,PB,Nordeste,0,87.87,7.87,29.893924783027963,857.72,4.465,0.125,0.125,0.125
2514800,São José Dos Cordeiros,PB,Nordeste,0,70.0,-10.0,32.341831916902734,702.98,4.54,0.18181818181818182,0.2727272727272727,0.8181818181818182
2514909,São Mamede,PB,Nordeste,2,65.38,-14.62,36.3964464186563,964.15,4.529999999999999,0.5555555555555556,0.2222222222222222,0.4444444444444444
2515005,São Miguel De Taipu,PB,Nordeste,0,95.19,15.19,38.330871491875925,666.13,4.2925,0.13333333333333333,0.0,0.13333333333333333
2515104,São Sebastião De Lagoa De Roça,PB,Nordeste,0,76.24,-3.76,31.283827668326474,790.63,4.4475,0.1,0.1,0.1
2515203,São Sebastião Do Umbuzeiro,PB,Nordeste,0,89.36,9.36,30.282861896838604,649.4,4.546666666666667,0.25,0.5,0.5
2515302,Sapé,PB,Nordeste,2,64.45,-15.55,37.20719148193402,745.51,4.410416666666666,0.2835820895522388,0.07462686567164178,0.1044776119402985
2515401,São Vicente Do Seridó,PB,Nordeste,0,78.93,-1.07,36.77144728225279,565.48,4.37,0.29411764705882354,0.17647058823529413,0.47058823529411764
2515500,Serra Branca,PB,Nordeste,0,95.2,15.2,36.332179930795846,799.81,4.376666666666667,0.631578947368421,0.10526315789473684,0.21052631578947367
2515609,Serra Da Raiz,PB,Nordeste,0,85.55,5.55,36.17208077260755,775.82,4.3925,0.18181818181818182,0.09090909090909091,0.0
2515708,Serra Grande,PB,Nordeste,2,42.63,-37.37,34.38617401668653,808.7,4.3100000000000005,0.0,0.16666666666666666,0.3333333333333333
2515807,Serra Redonda,PB,Nordeste,0,96.02,16.02,37.87325456498389,753.33,4.2175,0.10526315789473684,0.05263157894736842,0.0
2515906,Serraria,PB,Nordeste,2,53.87,-26.13,37.0436649964209,675.36,4.0633333333333335,0.5,0.25,0.25
2515930,Sertãozinho,PB,Nordeste,2,66.75,-13.25,36.98019801980198,740.43,4.383333333333334,0.0,0.23076923076923078,0.3076923076923077
2515971,Sobrado,PB,Nordeste,0,86.74,6.74,39.78343693603369,652.46,4.494285714285715,0.625,0.4375,0.1875
2516003,Solânea,PB,Nordeste,0,83.17,3.17,37.59374753295966,839.65,4.347894736842105,0.20588235294117646,0.029411764705882353,0.11764705882352941
2516102,Soledade,PB,Nordeste,0,73.58,-6.42,33.577586206896555,706.29,4.624285714285714,0.375,0.125,0.3125
2516151,Sossêgo,PB,Nordeste,0,96.0,16.0,36.75675675675676,616.53,4.536666666666666,0.3333333333333333,0.3333333333333333,0.3333333333333333
2516201,Sousa,PB,Nordeste,0,72.13,-7.87,36.05945788399884,981.33,4.399666666666667,0.5666666666666667,0.31666666666666665,0.48333333333333334
2516300,Sumé,PB,Nordeste,0,86.92,6.92,36.223662884927066,880.46,4.566666666666666,0.42857142857142855,0.07142857142857142,0.2857142857142857
2516409,Tacima,PB,Nordeste,2,65.46,-14.54,40.08495416946121,650.92,4.28,0.058823529411764705,0.0,0.5294117647058824
2516508,Taperoá,PB,Nordeste,0,83.73,3.73,36.82222492993786,700.22,4.298333333333333,0.7894736842105263,0.15789473684210525,0.21052631578947367
2516607,Tavares,PB,Nordeste,0,74.22,-5.78,36.92704970948999,663.48,4.2375,0.2727272727272727,0.36363636363636365,0.2727272727272727
2516706,Teixeira,PB,Nordeste,0,95.44,15.44,40.798687089715536,702.92,4.291428571428571,0.1,0.05,0.1
2516755,Tenório,PB,Nordeste,0,79.22,-0.78,39.165009940357855,702.81,4.34,1.0,0.6666666666666666,0.6666666666666666
2516805,Triunfo,PB,Nordeste,0,92.03,12.03,37.04939919893191,789.08,4.2250000000000005,0.05555555555555555,0.05555555555555555,0.1111111111111111
2516904,Uiraúna,PB,Nordeste,2,50.17,-29.83,33.608126012071246,952.63,4.4425,0.3076923076923077,0.11538461538461539,0.0
2517001,Umbuzeiro,PB,Nordeste,0,89.0,9.0,35.843995047461824,654.31,4.351666666666667,0.5,0.22727272727272727,0.7727272727272727
2517100,Várzea,PB,Nordeste,0,91.3,11.3,30.99236641221374,1170.44,4.359999999999999,0.0,0.25,0.25
2517209,Vieirópolis,PB,Nordeste,0,95.15,15.15,33.00429184549356,639.99,4.34,0.18181818181818182,0.09090909090909091,0.2727272727272727
2517407,Zabelê,PB,Nordeste,0,93.75,13.75,31.61814488828707,663.21,4.52,0.3333333333333333,0.3333333333333333,0.3333333333333333
2600054,Abreu E Lima,PE,Nordeste,2,49.26,-30.74,34.796398608553304,846.62,4.612702702702703,0.4,0.18571428571428572,0.3
2600104,Afogados Da Ingazeira,PE,Nordeste,0,85.05,5.05,31.650893796004205,919.32,4.514666666666667,0.3157894736842105,0.631578947368421,0.7368421052631579
2600203,Afrânio,PE,Nordeste,0,80.64,0.64,34.3621587069674,691.79,4.2675,0.4,0.4666666666666667,0.8
2600302,Agrestina,PE,Nordeste,0,77.42,-2.58,38.41180273908188,705.78,4.09,0.5454545454545454,0.045454545454545456,0.3181818181818182
2600401,Água Preta,PE,Nordeste,0,77.71,-2.29,37.28514165364495,648.88,4.414545454545455,0.7857142857142857,0.11904761904761904,0.19047619047619047
2600500,Águas Belas,PE,Nordeste,2,59.53,-20.47,42.44709672695321,664.95,4.124444444444444,0.3076923076923077,0.15384615384615385,0.23076923076923078
2600609,Alagoinha,PE,Nordeste,2,50.38,-29.62,37.704918032786885,874.61,4.35,0.5384615384615384,0.15384615384615385,0.15384615384615385
2600708,Aliança,PE,Nordeste,2,50.89,-29.11,37.74681768066553,690.2,4.054166666666666,0.6,0.26666666666666666,0.4666666666666667
2600807,Altinho,PE,Nordeste,0,72.44,-7.56,39.2934446505875,750.58,4.2283333333333335,0.5185185185185185,0.14814814814814814,0.6666666666666666
2600906,Amaraji,PE,Nordeste,0,67.39,-12.61,38.22977201609298,660.2,4.15625,0.631578947368421,0.10526315789473684,0.10526315789473684
2601003,Angelim,PE,Nordeste,0,70.12,-9.88,41.08502538071066,715.39,4.323333333333333,0.16666666666666666,0.08333333333333333,0.16666666666666666
2601052,Araçoiaba,PE,Nordeste,2,57.64,-22.36,38.59116292740276,654.41,4.4125,0.7058823529411765,0.11764705882352941,0.29411764705882354
2601102,Araripina,PE,Nordeste,2,52.69,-27.31,36.62668450731148,739.65,4.204146341463415,0.4714285714285714,0.24285714285714285,0.4857142857142857
2601201,Arcoverde,PE,Nordeste,2,62.75,-17.25,36.56925109861406,1070.66,4.585,0.6470588235294118,0.35294117647058826,0.4117647058823529
2601300,Barra De Guabiraba,PE,Nordeste,0,93.86,13.86,36.35702599527358,636.98,4.183333333333334,0.45454545454545453,0.09090909090909091,0.09090909090909091
2601409,Barreiros,PE,Nordeste,2,54.1,-25.9,36.30317894538251,716.35,4.307619047619048,0.29545454545454547,0.11363636363636363,0.22727272727272727
2601508,Belém De Maria,PE,Nordeste,0,83.12,3.12,38.42287150486962,699.08,4.235,0.5,0.16666666666666666,0.16666666666666666
2601607,Belém Do São Francisco,PE,Nordeste,2,50.7,-29.3,40.88211491772323,787.99,4.343333333333334,0.52,0.44,0.36
2601706,Belo Jardim,PE,Nordeste,0,68.24,-11.76,36.5019638001593,891.95,4.3549999999999995,0.47297297297297297,0.17567567567567569,0.2702702702702703
2601805,Betânia,PE,Nordeste,0,87.75,7.75,36.73354054817745,640.05,4.085,0.2631578947368421,0.15789473684210525,0.3157894736842105
2601904,Bezerros,PE,Nordeste,2,65.6,-14.4,38.78294573643411,924.11,4.4670000000000005,0.6181818181818182,0.12727272727272726,0.34545454545454546
2602001,Bodocó,PE,Nordeste,2,53.86,-26.14,38.96728502721844,682.16,4.225625,0.1956521739130435,0.08695652173913043,0.17391304347826086
2602100,Bom Conselho,PE,Nordeste,2,53.64,-26.36,37.89933762898211,770.5,4.154285714285714,0.24324324324324326,0.1891891891891892,0.4594594594594595
2602209,Bom Jardim,PE,Nordeste,0,94.13,14.13,40.1098659635245,690.72,4.307222222222222,0.5517241379310345,0.2413793103448276,0.7931034482758621
2602308,Bonito,PE,Nordeste,0,73.54,-6.46,38.12468002992951,709.58,4.165,0.4473684210526316,0.4473684210526316,0.23684210526315788
2602407,Brejão,PE,Nordeste,0,73.85,-6.15,38.8936170212766,636.03,4.305,0.1875,0.0,0.0625
2602506,Brejinho,PE,Nordeste,1,86.62,6.62,36.93618790272293,773.01,4.3,0.4,1.0,1.0
2602605,Brejo Da Madre De Deus,PE,Nordeste,2,59.7,-20.3,37.37908961593172,675.81,4.515555555555555,0.26,0.06,0.06
2602704,Buenos Aires,PE,Nordeste,0,93.67,13.67,39.017176657945626,708.2,4.315,0.11764705882352941,0.17647058823529413,0.11764705882352941
2602803,Buíque,PE,Nordeste,0,70.19,-9.81,39.66988784651196,568.15,4.077333333333333,0.43478260869565216,0.21739130434782608,0.30434782608695654
2602902,Cabo De Santo Agostinho,PE,Nordeste,2,52.07,-27.93,34.005015022477245,945.95,4.533125,0.564625850340136,0.2789115646258503,0.29931972789115646
2603009,Cabrobó,PE,Nordeste,0,79.75,-0.25,38.91020721412126,696.24,4.345294117647059,0.3409090909090909,0.3409090909090909,0.6590909090909091
2603108,Cachoeirinha,PE,Nordeste,0,88.75,8.75,39.25868123293016,751.83,4.3862499999999995,0.46153846153846156,0.15384615384615385,0.8461538461538461
2603207,Caetés,PE,Nordeste,0,69.52,-10.48,38.002255745100804,638.0,4.349333333333333,0.2631578947368421,0.631578947368421,0.5263157894736842
2603306,Calçado,PE,Nordeste,2,60.73,-19.27,39.12676650495676,649.94,4.375,0.25,0.0625,0.5625
2603405,Calumbi,PE,Nordeste,0,94.64,14.64,38.169642857142854,734.95,4.3075,0.1,0.0,0.0
2603454,Camaragibe,PE,Nordeste,2,61.82,-18.18,34.19879707719583,1097.38,4.59075,0.6666666666666666,0.25806451612903225,0.3655913978494624
2603504,Camocim De São Félix,PE,Nordeste,0,81.65,1.65,39.851150202976996,756.16,4.228,0.9333333333333333,0.2,0.3333333333333333
2603603,Camutanga,PE,Nordeste,0,71.45,-8.55,33.54130272023958,704.26,4.09,0.23076923076923078,0.0,0.23076923076923078
2603702,Canhotinho,PE,Nordeste,2,60.49,-19.51,37.95220710255559,705.83,4.305,0.13333333333333333,0.06666666666666667,0.5
2603801,Capoeiras,PE,Nordeste,0,73.26,-6.74,37.33681462140992,632.03,4.44,0.4,0.3,0.2
2603900,Carnaíba,PE,Nordeste,0,91.6,11.6,30.72329878323569,701.37,4.430769230769231,0.6666666666666666,0.3333333333333333,0.5714285714285714
2603926,Carnaubeira Da Penha,PE,Nordeste,0,100.0,20.0,39.52007278517002,646.68,4.245,0.2857142857142857,0.09090909090909091,0.42857142857142855
2604007,Carpina,PE,Nordeste,0,72.65,-7.35,37.2574631296459,1015.04,4.535925925925926,0.7424242424242424,0.21212121212121213,0.3787878787878788
2604106,Caruaru,PE,Nordeste,2,65.08,-14.92,31.770868640803624,1147.39,4.615443037974684,0.5461538461538461,0.36153846153846153,0.6346153846153846
2604155,Casinhas,PE,Nordeste,0,95.24,15.24,36.846569822924394,604.46,4.345714285714285,0.631578947368421,0.10526315789473684,0.05263157894736842
2604205,Catende,PE,Nordeste,2,51.83,-28.17,40.48820335399548,751.85,4.300714285714286,0.6216216216216216,0.1891891891891892,0.35135135135135137
2604304,Cedro,PE,Nordeste,2,57.27,-22.73,34.37558862309286,684.12,4.261666666666667,0.375,0.1875,0.375
2604403,Chã De Alegria,PE,Nordeste,2,64.0,-16.0,38.8446946518174,658.43,4.20625,0.5384615384615384,0.38461538461538464,0.38461538461538464
2604502,Chã Grande,PE,Nordeste,2,63.18,-16.82,39.42241968557758,751.12,4.3950000000000005,0.6666666666666666,0.05555555555555555,0.3333333333333333
2604601,Condado,PE,Nordeste,2,53.69,-26.31,33.6473050758765,767.77,4.331428571428572,0.375,0.4375,0.3125
2604700,Correntes,PE,Nordeste,2,56.6,-23.4,41.033399278482484,619.92,4.35,0.16666666666666666,0.041666666666666664,0.08333333333333333
2604809,Cortês,PE,Nordeste,0,94.16,14.16,36.474264101299134,678.09,4.175714285714285,0.1875,0.125,0.5625
2604908,Cumaru,PE,Nordeste,0,85.7,5.7,37.72140221402214,750.88,4.175,0.35,0.1,0.1
2605004,Cupira,PE,Nordeste,0,90.02,10.02,35.7939414114514,712.78,4.411,0.2857142857142857,0.2857142857142857,0.6071428571428571
2605103,Custódia,PE,Nordeste,0,95.38,15.38,38.086933775123164,857.53,4.192352941176471,0.6333333333333333,0.26666666666666666,0.5333333333333333
2605152,Dormentes,PE,Nordeste,0,79.07,-0.93,31.5063431457076,775.81,4.355,0.375,0.125,0.1875
2605202,Escada,PE,Nordeste,2,61.65,-18.35,36.42930129311864,822.04,4.404583333333333,0.6031746031746031,0.1111111111111111,0.36507936507936506
2605301,Exu,PE,Nordeste,0,77.08,-2.92,38.646743447180306,647.76,4.319375,0.2571428571428571,0.14285714285714285,0.2571428571428571
2605400,Feira Nova,PE,Nordeste,0,89.69,9.69,41.664008166911245,738.81,4.368181818181818,0.8333333333333334,0.1111111111111111,0.4444444444444444
2605509,Ferreiros,PE,Nordeste,0,94.94,14.94,34.291121816930485,803.44,4.205,0.2727272727272727,0.2727272727272727,0.2727272727272727
2605608,Flores,PE,Nordeste,0,89.78,9.78,36.01202016285382,666.01,4.411,0.4,0.28,0.36
2605707,Floresta,PE,Nordeste,0,74.5,-5.5,38.939857288481136,843.67,4.299230769230769,0.36065573770491804,0.16393442622950818,0.3770491803278688
2605806,Frei Miguelinho,PE,Nordeste,0,76.42,-3.58,41.589828205377074,794.41,4.242857142857143,0.2,0.2,0.6
2605905,Gameleira,PE,Nordeste,0,86.38,6.38,38.84651641100351,707.33,4.311,0.19230769230769232,0.19230769230769232,0.23076923076923078
2606002,Garanhuns,PE,Nordeste,0,71.64,-8.36,34.894575169246366,1128.17,4.6847916666666665,0.40336134453781514,0.2689075630252101,0.42857142857142855
2606101,Glória Do Goitá,PE,Nordeste,0,75.64,-4.36,36.2041564792176,691.86,4.2325,0.32432432432432434,0.10810810810810811,0.4594594594594595
2606200,Goiana,PE,Nordeste,2,46.2,-33.8,35.67933585325696,839.04,4.507428571428571,0.6027397260273972,0.2328767123287671,0.3561643835616438
2606309,Granito,PE,Nordeste,2,62.65,-17.35,37.33794295592048,697.41,4.296666666666667,0.625,0.25,0.5
2606408,Gravatá,PE,Nordeste,2,41.59,-38.41,38.21270897411755,1029.73,4.46,0.5316455696202531,0.16455696202531644,0.24050632911392406
2606507,Iati,PE,Nordeste,0,78.66,-1.34,39.9633629001157,670.09,3.9899999999999998,0.29411764705882354,0.058823529411764705,0.11764705882352941
2606606,Ibimirim,PE,Nordeste,0,73.23,-6.77,38.42517645535194,646.06,4.205,0.39285714285714285,0.25,0.5
2606705,Ibirajuba,PE,Nordeste,0,76.48,-3.52,35.05499760879962,704.48,4.4225,0.07692307692307693,0.07692307692307693,0.23076923076923078
2606804,Igarassu,PE,Nordeste,0,75.35,-4.65,34.0476818861617,880.67,4.621956521739131,0.47058823529411764,0.21176470588235294,0.4
2606903,Iguaracy,PE,Nordeste,0,90.66,10.66,36.02542241512944,691.37,4.351666666666667,0.3333333333333333,0.06666666666666667,0.3333333333333333
2607000,Inajá,PE,Nordeste,0,82.57,2.57,44.70787468247248,506.86,4.092727272727273,0.3181818181818182,0.22727272727272727,0.22727272727272727
2607109,Ingazeira,PE,Nordeste,0,84.62,4.62,34.39071566731141,728.49,4.516666666666667,0.1,0.3,0.7
2607208,Ipojuca,PE,Nordeste,2,59.66,-20.34,35.0229798612852,829.65,4.5307692307692315,0.49382716049382713,0.12345679012345678,0.32098765432098764
2607307,Ipubi,PE,Nordeste,0,72.86,-7.14,40.263499940919296,677.16,4.173846153846154,0.08823529411764706,0.058823529411764705,0.29411764705882354
2607406,Itacuruba,PE,Nordeste,2,66.36,-13.64,33.547466095645966,662.99,4.386666666666667,0.6363636363636364,0.5454545454545454,0.5454545454545454
2607505,Itaíba,PE,Nordeste,2,56.43,-23.57,39.92179863147605,603.53,4.398888888888888,0.2903225806451613,0.12903225806451613,0.16129032258064516
2607604,Ilha De Itamaracá,PE,Nordeste,2,51.64,-28.36,38.83007083555488,871.13,4.511818181818182,0.3333333333333333,0.08333333333333333,0.20833333333333334
2607653,Itambé,PE,Nordeste,0,66.87,-13.13,35.77561201995591,728.38,4.294545454545454,0.42857142857142855,0.14285714285714285,0.2857142857142857
2607703,Itapetim,PE,Nordeste,0,92.8,12.8,37.08323042726599,874.77,4.3740000000000006,0.4,0.06666666666666667,0.13333333333333333
2607752,Itapissuma,PE,Nordeste,0,87.6,7.6,37.644953471725124,745.48,4.466666666666667,0.3333333333333333,0.2916666666666667,0.5
2607802,Itaquitinga,PE,Nordeste,0,68.81,-11.19,33.3875258646172,625.18,4.21,0.3157894736842105,0.21052631578947367,0.10526315789473684
2607901,Jaboatão Dos Guararapes,PE,Nordeste,2,54.96,-25.04,33.56187826394179,1141.05,4.5495031055900625,0.6260162601626016,0.21951219512195122,0.33604336043360433
2607950,Jaqueira,PE,Nordeste,0,91.57,11.57,38.85915277565377,544.67,4.278333333333333,0.2631578947368421,0.15789473684210525,0.10526315789473684
2608008,Jataúba,PE,Nordeste,2,57.33,-22.67,39.69506182204354,627.22,4.073333333333333,0.17391304347826086,0.043478260869565216,0.13043478260869565
2608057,Jatobá,PE,Nordeste,0,72.94,-7.06,37.88704318936877,826.57,4.684285714285714,0.42857142857142855,0.25,0.42857142857142855
2608107,João Alfredo,PE,Nordeste,0,90.5,10.5,37.80929623063285,727.48,4.245,0.7777777777777778,0.07407407407407407,0.2962962962962963
2608206,Joaquim Nabuco,PE,Nordeste,2,50.01,-29.99,40.32917705735661,689.95,4.232857142857143,0.11764705882352941,0.11764705882352941,0.29411764705882354
2608255,Jucati,PE,Nordeste,0,69.4,-10.6,37.66660896659166,651.62,4.246,0.3333333333333333,0.08333333333333333,0.6666666666666666
2608305,Jupi,PE,Nordeste,2,63.27,-16.73,36.90606392028193,802.92,4.378333333333333,0.25,0.08333333333333333,0.3333333333333333
2608404,Jurema,PE,Nordeste,0,72.72,-7.28,41.19435396308361,613.2,4.246,0.3076923076923077,0.23076923076923078,0.5384615384615384
2608453,Lagoa Do Carro,PE,Nordeste,2,63.8,-16.2,36.0,736.67,4.315,0.3157894736842105,0.05263157894736842,0.15789473684210525
2608503,Lagoa De Itaenga,PE,Nordeste,0,74.64,-5.36,35.64112664959622,702.56,4.2411111111111115,0.42857142857142855,0.19047619047619047,0.14285714285714285
2608602,Lagoa Do Ouro,PE,Nordeste,0,89.48,9.48,36.72291296625222,631.35,3.84,0.35294117647058826,0.058823529411764705,0.6470588235294118
2608701,Lagoa Dos Gatos,PE,Nordeste,0,96.3,16.3,40.15512465373961,619.0,4.38,0.3,0.03333333333333333,0.43333333333333335
2608750,Lagoa Grande,PE,Nordeste,0,74.38,-5.62,35.02743663443951,740.89,4.489090909090909,0.28,0.36,0.64
2608800,Lajedo,PE,Nordeste,2,57.81,-22.19,38.23317090777838,731.14,4.478235294117646,0.3023255813953488,0.09302325581395349,0.3488372093023256
2608909,Limoeiro,PE,Nordeste,0,76.69,-3.31,33.30552659019813,937.06,4.331363636363637,0.6666666666666666,0.22916666666666666,0.3125
2609006,Macaparana,PE,Nordeste,0,81.32,1.32,31.891837148065626,730.04,4.230769230769231,0.5806451612903226,0.12903225806451613,0.16129032258064516
2609105,Machados,PE,Nordeste,0,93.36,13.36,39.08667567973561,730.09,4.365714285714286,0.6428571428571429,0.14285714285714285,0.07142857142857142
2609154,Manari,PE,Nordeste,2,63.28,-16.72,44.03973509933775,359.1,3.8957142857142855,0.05,0.05,0.05
2609204,Maraial,PE,Nordeste,0,81.54,1.54,37.809983896940416,663.74,4.306,0.06666666666666667,0.06666666666666667,0.06666666666666667
2609303,Mirandiba,PE,Nordeste,2,65.93,-14.07,35.22099447513812,719.61,4.148571428571429,0.3333333333333333,0.1111111111111111,0.3888888888888889
2609402,Moreno,PE,Nordeste,2,52.46,-27.54,36.97185486605629,783.46,4.394761904761905,0.7619047619047619,0.14285714285714285,0.23809523809523808
2609501,Nazaré Da Mata,PE,Nordeste,0,72.17,-7.83,31.03630862329803,908.93,4.476923076923077,0.8571428571428571,0.2857142857142857,0.42857142857142855
2609600,Olinda,PE,Nordeste,2,61.61,-18.39,34.37191271181142,1277.73,4.559705882352941,0.7410358565737052,0.29880478087649404,0.4063745019920319
2609709,Orobó,PE,Nordeste,0,88.28,8.28,36.05552896122547,685.96,4.294,0.6666666666666666,0.2,0.36666666666666664
2609808,Orocó,PE,Nordeste,0,81.59,1.59,40.70332959221848,578.24,4.286666666666666,0.25925925925925924,0.14814814814814814,0.18518518518518517
2609907,Ouricuri,PE,Nordeste,2,44.75,-35.25,35.111909190021166,725.6,4.234285714285714,0.31343283582089554,0.1044776119402985,0.26865671641791045
2610004,Palmares,PE,Nordeste,2,59.69,-20.31,36.35846277450455,872.56,4.358846153846153,0.34210526315789475,0.2894736842105263,0.2894736842105263
2610103,Palmeirina,PE,Nordeste,0,70.48,-9.52,39.68800183528332,744.56,4.3566666666666665,0.125,0.0,0.1875
2610202,Panelas,PE,Nordeste,0,92.79,12.79,38.696883852691215,609.74,4.225,0.2619047619047619,0.11904761904761904,0.09523809523809523
2610301,Paranatama,PE,Nordeste,0,69.21,-10.79,36.99456136202412,567.51,4.37125,0.125,0.125,0.0625
2610400,Parnamirim,PE,Nordeste,0,66.47,-13.53,36.43444026018487,704.76,4.204285714285715,0.36,0.16,0.08
2610509,Passira,PE,Nordeste,0,84.81,4.81,37.59403289557567,698.48,4.243,0.44,0.4,0.2
2610608,Paudalho,PE,Nordeste,0,75.52,-4.48,38.18726268020869,1129.46,4.383913043478261,0.6538461538461539,0.11538461538461539,0.36538461538461536
2610707,Paulista,PE,Nordeste,2,59.22,-20.78,34.8411036713033,1197.17,4.6302666666666665,0.7430167597765364,0.3687150837988827,0.547486033519553
2610806,Pedra,PE,Nordeste,2,63.5,-16.5,42.72427040506841,566.96,4.2,0.23333333333333334,0.16666666666666666,0.43333333333333335
2610905,Pesqueira,PE,Nordeste,0,69.62,-10.38,39.33570141024282,863.67,4.3376,0.3670886075949367,0.16455696202531644,0.5189873417721519
2611002,Petrolândia,PE,Nordeste,2,61.03,-18.97,36.830667069121645,745.92,4.556956521739131,0.45454545454545453,0.10909090909090909,0.21818181818181817
2611101,Petrolina,PE,Nordeste,0,72.81,-7.19,31.58566867683576,1290.18,4.642421875,0.32492997198879553,0.18207282913165265,0.3473389355742297
2611200,Poção,PE,Nordeste,2,61.41,-18.59,38.364480418997736,654.04,4.078571428571428,0.25,0.16666666666666666,0.6666666666666666
2611309,Pombos,PE,Nordeste,2,54.52,-25.48,38.72099298434971,774.09,4.306,0.4358974358974359,0.0,0.1282051282051282
2611408,Primavera,PE,Nordeste,0,81.94,1.94,35.85114806017419,660.57,4.29,0.3125,0.0625,0.625
2611507,Quipapá,PE,Nordeste,2,62.58,-17.42,38.51874183499146,633.82,4.312857142857142,0.4444444444444444,0.05555555555555555,0.2222222222222222
2611533,Quixaba,PE,Nordeste,0,97.5,17.5,32.26068144943213,551.89,4.651999999999999,0.6,0.2,0.4
2611606,Recife,PE,Nordeste,1,57.32,-22.68,31.705439502327266,2284.77,4.649479452054794,0.6654135338345865,0.32142857142857145,0.5338345864661654
2611705,Riacho Das Almas,PE,Nordeste,0,71.53,-8.47,39.05651807150736,744.57,4.32875,0.2857142857142857,0.03571428571428571,0.10714285714285714
2611804,Ribeirão,PE,Nordeste,0,92.15,12.15,35.39627407641301,833.71,4.139166666666667,0.2127659574468085,0.10638297872340426,0.23404255319148937
2611903,Rio Formoso,PE,Nordeste,0,98.17,18.17,36.693103102098185,729.18,4.367142857142857,0.46153846153846156,0.4230769230769231,0.2692307692307692
2612000,Sairé,PE,Nordeste,0,70.22,-9.78,37.7372933251684,838.63,4.294,0.3888888888888889,0.2777777777777778,0.16666666666666666
2612109,Salgadinho,PE,Nordeste,2,61.94,-18.06,38.201928530913214,771.72,4.133333333333334,0.08333333333333333,0.4166666666666667,0.75
2612208,Salgueiro,PE,Nordeste,0,82.76,2.76,34.41516817921123,952.41,4.4925,0.43859649122807015,0.2807017543859649,0.45614035087719296
2612307,Saloá,PE,Nordeste,0,83.38,3.38,37.21461187214612,658.78,4.244285714285715,0.2777777777777778,0.16666666666666666,0.1111111111111111
2612406,Sanharó,PE,Nordeste,0,69.7,-10.3,40.116279069767444,656.04,4.220909090909091,0.25,0.3,0.3
2612455,Santa Cruz,PE,Nordeste,0,90.91,10.91,33.27825967231172,661.87,4.1375,0.26666666666666666,0.3333333333333333,0.7333333333333333
2612471,Santa Cruz Da Baixa Verde,PE,Nordeste,0,92.85,12.85,33.91935483870967,629.41,4.444,0.5454545454545454,0.0,0.2727272727272727
2612505,Santa Cruz Do Capibaribe,PE,Nordeste,2,57.61,-22.39,30.62341018290467,965.72,4.488846153846154,0.7058823529411765,0.17647058823529413,0.47058823529411764
2612554,Santa Filomena,PE,Nordeste,2,53.43,-26.57,32.647740440324455,600.05,4.224444444444445,0.6666666666666666,0.25,0.4166666666666667
2612604,Santa Maria Da Boa Vista,PE,Nordeste,0,83.37,3.37,40.87948954084989,698.96,4.259354838709677,0.37037037037037035,0.1111111111111111,0.3333333333333333
2612703,Santa Maria Do Cambucá,PE,Nordeste,0,78.0,-2.0,39.33778572100461,698.75,4.37,0.13043478260869565,0.0,0.08695652173913043
2612802,Santa Terezinha,PE,Nordeste,0,87.74,7.74,38.48034605980816,710.2,4.3975,0.5454545454545454,0.0,0.2727272727272727
2612901,São Benedito Do Sul,PE,Nordeste,0,71.07,-8.93,38.0764163372859,606.58,4.2219999999999995,0.38095238095238093,0.23809523809523808,0.14285714285714285
2613008,São Bento Do Una,PE,Nordeste,0,75.04,-4.96,35.48910786423529,678.99,4.374090909090909,0.5,0.4117647058823529,0.38235294117647056
2613107,São Caitano,PE,Nordeste,2,52.38,-27.62,37.48920826773653,698.82,4.27,0.4186046511627907,0.046511627906976744,0.8372093023255814
2613206,São João,PE,Nordeste,0,72.92,-7.08,38.16962460129222,739.27,4.33375,0.06451612903225806,0.03225806451612903,0.1935483870967742
2613305,São Joaquim Do Monte,PE,Nordeste,0,85.78,5.78,39.43564508688298,646.01,4.125,0.6428571428571429,0.14285714285714285,0.14285714285714285
2613404,São José Da Coroa Grande,PE,Nordeste,2,49.31,-30.69,38.62351495288816,953.27,4.39,0.5,0.3181818181818182,0.5
2613503,São José Do Belmonte,PE,Nordeste,0,69.39,-10.61,36.269366841527386,780.35,4.40421052631579,0.37037037037037035,0.2962962962962963,0.37037037037037035
2613602,São José Do Egito,PE,Nordeste,0,81.49,1.49,38.05319815458222,818.37,4.454166666666667,0.9285714285714286,0.17857142857142858,0.5357142857142857
2613701,São Lourenço Da Mata,PE,Nordeste,2,60.31,-19.69,34.48148679384464,850.82,4.472162162162162,0.6125,0.1625,0.2375
2613800,São Vicente Férrer,PE,Nordeste,2,59.41,-20.59,37.00250170570843,623.2,3.861666666666667,0.4166666666666667,0.5,0.5833333333333334
2613909,Serra Talhada,PE,Nordeste,0,81.03,1.03,33.108090132751606,992.09,4.490571428571428,0.3181818181818182,0.3068181818181818,0.32954545454545453
2614006,Serrita,PE,Nordeste,0,69.0,-11.0,36.45285309591259,632.57,4.136666666666667,0.36363636363636365,0.045454545454545456,0.2727272727272727
2614105,Sertânia,PE,Nordeste,2,43.08,-36.92,36.13276209157074,787.05,4.382777777777778,0.5,0.46875,0.625
2614204,Sirinhaém,PE,Nordeste,0,73.83,-6.17,37.10076473234368,728.49,4.3675,0.40425531914893614,0.10638297872340426,0.3617021276595745
2614303,Moreilândia,PE,Nordeste,2,64.0,-16.0,37.99005435411125,640.24,4.446666666666666,0.5714285714285714,0.14285714285714285,0.35714285714285715
2614402,Solidão,PE,Nordeste,0,93.42,13.42,36.344537815126046,650.08,4.346,0.16666666666666666,0.16666666666666666,0.16666666666666666
2614501,Surubim,PE,Nordeste,0,71.09,-8.91,36.69235731504431,868.11,4.51,0.5614035087719298,0.2982456140350877,0.5087719298245614
2614600,Tabira,PE,Nordeste,0,87.1,7.1,36.782591545592005,836.97,4.456363636363637,0.32,0.16,0.72
2614709,Tacaimbó,PE,Nordeste,0,79.54,-0.46,36.87273667873771,667.75,4.4225,0.6428571428571429,0.21428571428571427,0.35714285714285715
2614808,Tacaratu,PE,Nordeste,2,54.9,-25.1,36.08889715454715,581.9,4.361,0.4411764705882353,0.17647058823529413,0.35294117647058826
2614857,Tamandaré,PE,Nordeste,0,84.0,4.0,36.02740792649692,807.27,4.434444444444444,0.4,0.13333333333333333,0.23333333333333334
2615003,Taquaritinga Do Norte,PE,Nordeste,0,68.77,-11.23,35.7338523644752,869.56,4.414,0.5625,0.1875,0.25
2615102,Terezinha,PE,Nordeste,0,94.44,14.44,39.01843817787419,627.03,4.08,0.09090909090909091,0.09090909090909091,0.18181818181818182
2615201,Terra Nova,PE,Nordeste,0,73.23,-6.77,34.853282668355504,676.58,4.315,0.1111111111111111,0.3333333333333333,0.3333333333333333
2615300,Timbaúba,PE,Nordeste,0,90.04,10.04,31.366611746894062,824.27,4.294545454545455,0.5384615384615384,0.3076923076923077,0.5641025641025641
2615409,Toritama,PE,Nordeste,2,64.89,-15.11,36.8711526215241,775.68,4.321875,0.32,0.28,0.52
2615508,Tracunhaém,PE,Nordeste,0,78.75,-1.25,36.10852713178295,697.46,4.3133333333333335,0.3333333333333333,0.2,0.3333333333333333
2615607,Trindade,PE,Nordeste,0,76.24,-3.76,38.72954055049734,700.43,4.194999999999999,0.35714285714285715,0.17857142857142858,0.32142857142857145
2615706,Triunfo,PE,Nordeste,0,86.94,6.94,29.623004953219596,988.78,4.565555555555555,0.2222222222222222,0.3333333333333333,0.5555555555555556
2615805,Tupanatinga,PE,Nordeste,0,69.68,-10.32,40.911010982821736,507.68,4.195,0.14285714285714285,0.21428571428571427,0.17857142857142858
2615904,Tuparetama,PE,Nordeste,1,81.05,1.05,36.545339785398696,802.72,4.595714285714286,0.875,0.75,0.75
2616001,Venturosa,PE,Nordeste,2,64.45,-15.55,39.16525763104031,812.65,4.001111111111111,0.2962962962962963,0.4444444444444444,0.4444444444444444
2616100,Verdejante,PE,Nordeste,2,63.8,-16.2,32.64762826718296,697.9,4.348000000000001,0.25,0.08333333333333333,0.4166666666666667
2616183,Vertente Do Lério,PE,Nordeste,0,87.33,7.33,39.70017636684303,693.87,4.3740000000000006,0.23076923076923078,0.07692307692307693,0.15384615384615385
2616209,Vertentes,PE,Nordeste,2,54.56,-25.44,38.75488607112213,820.75,4.352857142857143,0.7647058823529411,0.11764705882352941,0.17647058823529413
2616308,Vicência,PE,Nordeste,0,69.69,-10.31,33.72851759948534,752.56,4.1499999999999995,0.3076923076923077,0.34615384615384615,0.38461538461538464
2616407,Vitória De Santo Antão,PE,Nordeste,2,47.31,-32.69,33.270858915530276,945.42,4.439722222222223,0.56,0.208,0.504
2616506,Xexéu,PE,Nordeste,0,73.69,-6.31,39.87836663770634,639.13,4.354,0.2727272727272727,0.18181818181818182,0.13636363636363635
2700102,Água Branca,AL,Nordeste,0,67.84,-12.16,34.435161641845255,625.07,4.295454545454546,0.07142857142857142,0.14285714285714285,0.35714285714285715
2700201,Anadia,AL,Nordeste,0,77.35,-2.65,39.852763432589825,686.24,3.9954545454545456,0.15789473684210525,0.10526315789473684,0.3684210526315789
2700300,Arapiraca,AL,Nordeste,2,62.87,-17.13,34.766910481367496,1080.25,4.6132,0.46296296296296297,0.35185185185185186,0.5185185185185185
2700409,Atalaia,AL,Nordeste,2,56.36,-23.64,34.52134272689598,711.54,4.156666666666667,0.3055555555555556,0.2222222222222222,0.5277777777777778
2700508,Barra De Santo Antônio,AL,Nordeste,2,50.09,-29.91,39.324755731837094,823.52,4.448,0.21428571428571427,0.07142857142857142,0.35714285714285715
2700607,Barra De São Miguel,AL,Nordeste,2,61.28,-18.72,31.515957446808514,1090.24,4.656666666666667,0.14285714285714285,0.21428571428571427,0.21428571428571427
2700706,Batalha,AL,Nordeste,2,57.96,-22.04,41.022454956953936,781.96,4.34,0.1111111111111111,0.4444444444444444,0.18518518518518517
2700805,Belém,AL,Nordeste,0,73.77,-6.23,31.497797356828194,785.36,4.244,0.0,0.0,0.75
2700904,Belo Monte,AL,Nordeste,0,100.0,20.0,41.6891064871481,552.98,3.85125,0.07692307692307693,0.07692307692307693,0.5384615384615384
2701001,Boca Da Mata,AL,Nordeste,0,87.5,7.5,37.649514329292764,747.1,4.23,0.5625,0.25,0.3125
2701100,Branquinha,AL,Nordeste,0,90.59,10.59,33.02439947039909,590.5,4.284000000000001,0.5263157894736842,0.05263157894736842,0.631578947368421
2701209,Cacimbinhas,AL,Nordeste,0,86.08,6.08,35.26775711404885,674.58,4.061999999999999,0.3333333333333333,0.16666666666666666,0.3333333333333333
2701308,Cajueiro,AL,Nordeste,2,63.64,-16.36,36.724616808970275,735.55,4.314285714285714,0.19047619047619047,0.19047619047619047,0.09523809523809523
2701357,Campestre,AL,Nordeste,0,89.3,9.3,37.19595517901066,700.77,4.443333333333333,0.5714285714285714,0.5714285714285714,0.42857142857142855
2701407,Campo Alegre,AL,Nordeste,0,84.08,4.08,35.13820269728936,751.21,4.335384615384616,0.12,0.52,0.64
2701506,Campo Grande,AL,Nordeste,0,72.29,-7.71,43.31404203472434,550.5,3.796666666666667,0.08695652173913043,0.0,0.043478260869565216
2701605,Canapi,AL,Nordeste,0,79.42,-0.58,40.34927519689533,628.19,3.9285714285714284,0.058823529411764705,0.08823529411764706,0.29411764705882354
2701704,Capela,AL,Nordeste,2,63.75,-16.25,32.65267890595729,743.82,4.157,0.2631578947368421,0.5789473684210527,0.631578947368421
2701803,Carneiros,AL,Nordeste,2,59.65,-20.35,39.505024190547076,607.69,3.8114285714285714,0.1111111111111111,0.1111111111111111,0.2222222222222222
2701902,Chã Preta,AL,Nordeste,0,79.27,-0.73,41.94727727535116,674.99,3.8850000000000002,0.4444444444444444,0.2222222222222222,0.2222222222222222
2702009,Coité Do Nóia,AL,Nordeste,0,96.71,16.71,36.9573148485954,649.14,4.176666666666667,0.14285714285714285,0.0,0.42857142857142855
2702108,Colônia Leopoldina,AL,Nordeste,0,98.9,18.9,41.077199281867145,704.1,4.142857142857143,0.15789473684210525,0.15789473684210525,0.3157894736842105
2702207,Coqueiro Seco,AL,Nordeste,2,46.55,-33.45,34.20183486238532,846.43,4.351666666666667,0.4444444444444444,0.2222222222222222,0.2222222222222222
2702306,Coruripe,AL,Nordeste,0,99.38,19.38,36.06450561980778,849.84,4.50421052631579,0.4666666666666667,0.5666666666666667,0.6333333333333333
2702355,Craíbas,AL,Nordeste,2,63.62,-16.38,38.38193133347318,558.43,4.347333333333333,0.20689655172413793,0.41379310344827586,0.41379310344827586
2702405,Delmiro Gouveia,AL,Nordeste,2,49.8,-30.2,33.939033709773284,919.98,4.488095238095238,0.23255813953488372,0.27906976744186046,0.23255813953488372
2702504,Dois Riachos,AL,Nordeste,0,66.79,-13.21,38.0023128071697,614.92,3.986666666666667,0.07142857142857142,0.03571428571428571,0.14285714285714285
2702553,Estrela De Alagoas,AL,Nordeste,2,60.29,-19.71,36.707094558334234,603.82,4.035,0.5,0.125,0.875
2702603,Feira Grande,AL,Nordeste,2,57.23,-22.77,39.85014210662303,543.54,4.289166666666667,0.36363636363636365,0.09090909090909091,0.4090909090909091
2702702,Feliz Deserto,AL,Nordeste,0,82.35,2.35,34.47204968944099,731.46,4.42,0.2,0.2,0.6
2702801,Flexeiras,AL,Nordeste,2,59.86,-20.14,32.64346190028222,656.18,4.148000000000001,0.0,0.1,0.1
2702900,Girau Do Ponciano,AL,Nordeste,2,55.81,-24.19,41.64527230021303,607.35,4.0775,0.21875,0.1875,0.34375
2703007,Ibateguara,AL,Nordeste,0,100.0,20.0,35.07890961262554,666.04,4.108,0.2608695652173913,0.08695652173913043,0.34782608695652173
2703106,Igaci,AL,Nordeste,2,59.83,-20.17,35.31308331919226,646.11,4.294705882352941,0.11538461538461539,0.07692307692307693,0.46153846153846156
2703205,Igreja Nova,AL,Nordeste,0,67.59,-12.41,33.99981313650378,525.81,4.263636363636364,0.11538461538461539,0.15384615384615385,0.23076923076923078
2703304,Inhapi,AL,Nordeste,0,74.43,-5.57,39.78516013526954,599.89,4.18375,0.13043478260869565,0.30434782608695654,0.34782608695652173
2703403,Jacaré Dos Homens,AL,Nordeste,0,79.66,-0.34,38.40494408475574,724.87,4.194,0.09090909090909091,0.09090909090909091,0.09090909090909091
2703502,Jacuípe,AL,Nordeste,0,92.86,12.86,33.524268917696716,677.81,4.5375,0.7142857142857143,0.5714285714285714,0.2857142857142857
2703601,Japaratinga,AL,Nordeste,2,46.26,-33.74,40.35333707234997,827.16,4.3757142857142854,0.125,0.1875,0.25
2703700,Jaramataia,AL,Nordeste,0,70.91,-9.09,37.234848484848484,637.77,4.363333333333333,0.0,0.1111111111111111,0.3333333333333333
2703759,Jequiá Da Praia,AL,Nordeste,0,91.65,11.65,39.310344827586206,778.85,4.49125,0.0,0.08333333333333333,0.08333333333333333
2703809,Joaquim Gomes,AL,Nordeste,2,58.26,-21.74,37.650524127176645,618.24,4.087272727272727,0.17857142857142858,0.07142857142857142,0.14285714285714285
2703908,Jundiá,AL,Nordeste,0,72.34,-7.66,37.44094488188976,714.04,4.32,0.0,0.1111111111111111,0.4444444444444444
2704005,Junqueiro,AL,Nordeste,0,72.26,-7.74,33.20823710546574,749.29,4.392352941176471,0.037037037037037035,0.2222222222222222,0.7037037037037037
2704104,Lagoa Da Canoa,AL,Nordeste,2,51.97,-28.03,36.865686179020166,633.44,4.45,0.037037037037037035,0.037037037037037035,0.07407407407407407
2704203,Limoeiro De Anadia,AL,Nordeste,2,58.78,-21.22,41.111037542210155,652.14,4.267333333333334,0.11538461538461539,0.038461538461538464,0.5
2704302,Maceió,AL,Nordeste,2,49.72,-30.28,31.665872637764014,1605.6,4.553085106382979,0.4796905222437137,0.344294003868472,0.3539651837524178
2704401,Major Isidoro,AL,Nordeste,2,64.85,-15.15,34.632516703786195,744.14,3.8876923076923076,0.10526315789473684,0.21052631578947367,0.5263157894736842
2704500,Maragogi,AL,Nordeste,2,51.73,-28.27,38.75100080064051,833.62,4.386666666666667,0.15384615384615385,0.1282051282051282,0.3333333333333333
2704609,Maravilha,AL,Nordeste,0,98.84,18.84,36.556367282624265,713.11,4.203333333333333,0.0,0.125,0.375
2704708,Marechal Deodoro,AL,Nordeste,2,67.28,-12.72,35.24746951462501,1208.19,4.647058823529412,0.4117647058823529,0.23529411764705882,0.2647058823529412
2704807,Maribondo,AL,Nordeste,0,68.96,-11.04,34.59782226905514,783.47,4.1,0.1111111111111111,0.2222222222222222,0.6666666666666666
2704906,Mar Vermelho,AL,Nordeste,0,79.49,-0.51,34.57516339869281,904.73,4.203333333333333,0.0,0.16666666666666666,0.3333333333333333
2705002,Mata Grande,AL,Nordeste,0,78.44,-1.56,41.43998382040651,528.9,4.058333333333333,0.1,0.15,0.175
2705101,Matriz De Camaragibe,AL,Nordeste,2,55.15,-24.85,36.967032967032964,681.56,4.3725000000000005,0.05,0.1,0.15
2705200,Messias,AL,Nordeste,2,52.21,-27.79,30.29523088569266,643.98,4.442857142857143,0.3333333333333333,0.06666666666666667,0.26666666666666666
2705309,Minador Do Negrão,AL,Nordeste,2,48.38,-31.62,36.730506155950756,646.55,4.225,0.0,0.2,0.4
2705408,Monteirópolis,AL,Nordeste,0,89.25,9.25,37.77262180974478,635.08,3.7785714285714285,0.07142857142857142,0.07142857142857142,0.14285714285714285
2705507,Murici,AL,Nordeste,0,91.48,11.48,31.553860819828405,749.66,4.3533333333333335,0.3055555555555556,0.08333333333333333,0.16666666666666666
2705606,Novo Lino,AL,Nordeste,2,68.12,-11.88,37.17948717948718,705.65,4.305,0.13333333333333333,0.26666666666666666,0.8666666666666667
2705705,Olho D'Água Das Flores,AL,Nordeste,2,58.52,-21.48,36.62674650698603,697.42,4.1,0.47058823529411764,0.17647058823529413,0.11764705882352941
2705804,Olho D'Água Do Casado,AL,Nordeste,2,50.87,-29.13,38.20264948084497,576.56,4.112,0.5,0.125,0.75
2705903,Olho D'Água Grande,AL,Nordeste,0,87.89,7.89,41.58305462653289,436.54,3.995,0.0,0.0,0.058823529411764705
2706000,Olivença,AL,Nordeste,0,91.58,11.58,41.06393690216479,521.06,4.078571428571428,0.6363636363636364,0.18181818181818182,0.45454545454545453
2706109,Ouro Branco,AL,Nordeste,0,90.03,10.03,39.890224002373536,758.14,4.343333333333333,0.043478260869565216,0.043478260869565216,0.43478260869565216
2706208,Palestina,AL,Nordeste,0,77.35,-2.65,37.72228528187666,726.16,3.9225,0.14285714285714285,0.14285714285714285,0.2857142857142857
2706307,Palmeira Dos Índios,AL,Nordeste,2,52.31,-27.69,38.23860053192948,878.62,4.34948717948718,0.2463768115942029,0.37681159420289856,0.5797101449275363
2706406,Pão De Açúcar,AL,Nordeste,0,69.84,-10.16,35.451045104510456,738.27,4.083636363636364,0.15625,0.21875,0.625
2706422,Pariconha,AL,Nordeste,0,72.57,-7.43,34.68521975224843,606.59,4.2316666666666665,0.10526315789473684,0.10526315789473684,0.21052631578947367
2706448,Paripueira,AL,Nordeste,2,49.22,-30.78,34.86538747582924,1071.88,4.48,0.375,0.625,0.625
2706505,Passo De Camaragibe,AL,Nordeste,2,55.07,-24.93,35.736811926605505,721.98,4.47,0.05263157894736842,0.05263157894736842,0.21052631578947367
2706604,Paulo Jacinto,AL,Nordeste,2,52.74,-27.26,37.85201546107123,731.19,4.253333333333333,0.3333333333333333,0.2222222222222222,0.2222222222222222
2706703,Penedo,AL,Nordeste,0,73.02,-6.98,35.144573264422405,911.94,4.402333333333333,0.36,0.26,0.74
2706802,Piaçabuçu,AL,Nordeste,0,70.52,-9.48,42.35419359744506,689.66,4.276000000000001,0.2631578947368421,0.05263157894736842,0.3157894736842105
2706901,Pilar,AL,Nordeste,0,72.64,-7.36,34.46386642316723,819.78,4.476153846153846,0.12121212121212122,0.09090909090909091,0.3939393939393939
2707008,Pindoba,AL,Nordeste,0,75.86,-4.14,34.66424682395644,674.19,4.225,0.0,0.25,0.5
2707107,Piranhas,AL,Nordeste,2,51.16,-28.84,36.64837484170536,826.25,4.2238461538461545,0.2608695652173913,0.2608695652173913,0.6956521739130435
2707206,Poço Das Trincheiras,AL,Nordeste,0,69.53,-10.47,39.50617283950617,509.59,3.992,0.3076923076923077,0.15384615384615385,0.46153846153846156
2707305,Porto Calvo,AL,Nordeste,2,55.45,-24.55,35.25543753161355,796.62,4.459090909090909,0.18181818181818182,0.09090909090909091,0.18181818181818182
2707404,Porto De Pedras,AL,Nordeste,2,52.62,-27.38,37.74058577405858,731.48,4.49625,0.14285714285714285,0.14285714285714285,0.14285714285714285
2707503,Porto Real Do Colégio,AL,Nordeste,0,75.61,-4.39,41.14809060430125,571.27,4.171666666666667,0.07692307692307693,0.038461538461538464,0.2692307692307692
2707602,Quebrangulo,AL,Nordeste,0,76.15,-3.85,35.28997003349198,699.05,3.816,0.125,0.125,0.25
2707701,Rio Largo,AL,Nordeste,2,52.06,-27.94,31.231804514866607,778.71,4.554411764705883,0.3448275862068966,0.1896551724137931,0.3103448275862069
2707800,Roteiro,AL,Nordeste,2,49.18,-30.82,39.23671738588176,665.34,4.5649999999999995,0.0,0.42857142857142855,0.5714285714285714
2707909,Santa Luzia Do Norte,AL,Nordeste,2,64.86,-15.14,37.977048305310916,692.89,4.473999999999999,0.375,0.125,0.25
2708006,Santana Do Ipanema,AL,Nordeste,2,58.3,-21.7,36.3581647298486,721.11,4.193076923076923,0.38461538461538464,0.2564102564102564,0.5384615384615384
2708105,Santana Do Mundaú,AL,Nordeste,0,100.0,20.0,33.87410772225827,642.22,4.25,0.17857142857142858,0.10714285714285714,0.14285714285714285
2708204,São Brás,AL,Nordeste,0,77.25,-2.75,37.80975219824141,557.56,4.127142857142857,0.1,0.1,0.9
2708303,São José Da Laje,AL,Nordeste,0,100.0,20.0,34.346087949743,702.25,4.339,0.14705882352941177,0.08823529411764706,0.23529411764705882
2708402,São José Da Tapera,AL,Nordeste,0,73.99,-6.01,36.322006902044066,603.09,4.0556,0.12121212121212122,0.15151515151515152,0.696969696969697
2708501,São Luís Do Quitunde,AL,Nordeste,2,61.55,-18.45,39.30387172467736,750.66,4.256666666666667,0.15625,0.0625,0.1875
2708600,São Miguel Dos Campos,AL,Nordeste,0,75.05,-4.95,34.345553883917965,912.83,4.506666666666666,0.2702702702702703,0.2702702702702703,0.5945945945945946
2708709,São Miguel Dos Milagres,AL,Nordeste,2,50.23,-29.77,32.55914912090297,959.27,4.659999999999999,0.23076923076923078,0.07692307692307693,0.8461538461538461
2708808,São Sebastião,AL,Nordeste,0,72.35,-7.65,37.64719947396736,672.44,4.217619047619047,0.10256410256410256,0.1282051282051282,0.717948717948718
2708907,Satuba,AL,Nordeste,0,74.27,-5.73,31.671812968681078,970.21,4.6466666666666665,0.5714285714285714,0.3333333333333333,0.14285714285714285
2708956,Senador Rui Palmeira,AL,Nordeste,0,75.2,-4.8,39.23034330011074,560.65,3.87125,0.42857142857142855,0.2857142857142857,0.42857142857142855
2709004,Tanque D'Arca,AL,Nordeste,0,68.49,-11.51,35.38188277087034,687.88,4.3075,0.0,0.125,0.625
2709103,Taquarana,AL,Nordeste,2,60.68,-19.32,37.0285951098218,618.0,4.261111111111111,0.16666666666666666,0.20833333333333334,0.20833333333333334
2709152,Teotônio Vilela,AL,Nordeste,0,72.41,-7.59,32.96965564268667,740.39,4.558421052631579,0.5555555555555556,0.17777777777777778,0.3333333333333333
2709202,Traipu,AL,Nordeste,2,57.76,-22.24,35.723609781568186,599.73,3.9342857142857146,0.05660377358490566,0.03773584905660377,0.11320754716981132
2709301,União Dos Palmares,AL,Nordeste,0,98.45,18.45,32.04970595075921,768.95,4.292,0.6585365853658537,0.24390243902439024,0.4878048780487805
2709400,Viçosa,AL,Nordeste,2,63.92,-16.08,37.235851348068984,742.73,4.024666666666667,0.29411764705882354,0.14705882352941177,0.2647058823529412
2800100,Amparo Do São Francisco,SE,Nordeste,2,63.29,-16.71,27.715355805243448,773.49,4.343333333333333,0.0,0.14285714285714285,0.14285714285714285
2800209,Aquidabã,SE,Nordeste,2,37.51,-42.49,36.08445297504799,782.01,4.1450000000000005,0.13333333333333333,0.1,0.8666666666666667
2800308,Aracaju,SE,Nordeste,1,56.41,-23.59,31.257976096678615,2087.74,4.7381196581196585,0.4188034188034188,0.37037037037037035,0.6125356125356125
2800407,Arauá,SE,Nordeste,2,58.02,-21.98,35.52967453733248,749.83,4.29,0.19047619047619047,0.047619047619047616,0.3333333333333333
2800506,Areia Branca,SE,Nordeste,2,37.94,-42.06,31.353383458646615,794.41,4.4875,0.0,0.14285714285714285,0.7619047619047619
2800605,Barra Dos Coqueiros,SE,Nordeste,2,46.88,-33.12,30.930321106739434,1589.75,4.726666666666667,0.42857142857142855,0.2857142857142857,0.2857142857142857
2800670,Boquim,SE,Nordeste,2,47.28,-32.72,35.41194531764018,880.42,4.492727272727273,0.3333333333333333,0.3333333333333333,0.2916666666666667
2800704,Brejo Grande,SE,Nordeste,2,33.34,-46.66,37.18280683583635,554.26,4.195,0.2,0.1,0.1
2801009,Campo Do Brito,SE,Nordeste,2,39.6,-40.4,33.99094812579784,921.66,4.446,0.05,0.15,0.2
2801108,Canhoba,SE,Nordeste,2,64.44,-15.56,37.37277353689568,689.22,4.140000000000001,0.0,0.1111111111111111,0.2222222222222222
2801207,Canindé De São Francisco,SE,Nordeste,2,32.15,-47.85,37.1609570084261,707.36,4.309444444444444,0.375,0.25,0.5416666666666666
2801306,Capela,SE,Nordeste,2,41.44,-38.56,36.17783676177837,698.56,4.324,0.12121212121212122,0.12121212121212122,0.696969696969697
2801405,Carira,SE,Nordeste,2,62.68,-17.32,38.69491525423729,712.75,4.308888888888889,0.05555555555555555,0.3333333333333333,0.5
2801504,Carmópolis,SE,Nordeste,2,38.74,-41.26,34.43417663990304,766.36,4.571428571428571,0.1875,0.3125,0.5625
2801603,Cedro De São João,SE,Nordeste,2,66.1,-13.9,34.367816091954026,764.19,4.453333333333333,0.125,0.125,0.25
2801702,Cristinápolis,SE,Nordeste,2,44.43,-35.57,36.74852652259332,661.19,4.2153846153846155,0.0,0.0,0.7407407407407407
2801900,Cumbe,SE,Nordeste,0,70.77,-9.23,35.31547889241943,711.39,4.645,0.2,0.2,0.4
2802007,Divina Pastora,SE,Nordeste,2,25.06,-54.94,33.998186763372615,789.16,4.4925,0.375,0.125,0.5
2802106,Estância,SE,Nordeste,2,45.2,-34.8,33.31111582391614,896.64,4.448333333333333,0.16666666666666666,0.35,0.7166666666666667
2802205,Feira Nova,SE,Nordeste,2,40.95,-39.05,36.17957746478873,640.0,4.38,0.14285714285714285,0.14285714285714285,1.0
2802304,Frei Paulo,SE,Nordeste,2,41.37,-38.63,33.52692713833157,851.07,4.472857142857143,0.13333333333333333,0.13333333333333333,0.2
2802403,Gararu,SE,Nordeste,2,60.49,-19.51,38.31006612784717,700.41,4.116666666666667,0.3,0.3,0.9
2802502,General Maynard,SE,Nordeste,2,39.6,-40.4,34.1876629018245,765.34,4.545,0.4,0.2,0.6
2802601,Graccho Cardoso,SE,Nordeste,0,73.17,-6.83,41.44890588485235,665.05,4.195,0.07142857142857142,0.07142857142857142,0.14285714285714285
2802700,Ilha Das Flores,SE,Nordeste,2,55.93,-24.07,39.26591473905563,522.34,4.298333333333333,0.0,0.1,0.6
2802809,Indiaroba,SE,Nordeste,2,54.62,-25.38,36.802258437058896,611.83,4.034545454545454,0.15789473684210525,0.10526315789473684,0.7894736842105263
2802908,Itabaiana,SE,Nordeste,2,41.89,-38.11,29.082434272546347,1080.72,4.570571428571428,0.17567567567567569,0.24324324324324326,0.527027027027027
2803005,Itabaianinha,SE,Nordeste,0,74.37,-5.63,39.4214970769172,682.43,4.010000000000001,0.06896551724137931,0.10344827586206896,0.7931034482758621
2803104,Itabi,SE,Nordeste,2,49.32,-30.68,35.01152959262106,772.31,4.25,0.14285714285714285,0.14285714285714285,0.42857142857142855
2803203,Itaporanga D'Ajuda,SE,Nordeste,2,37.6,-42.4,33.45087548638132,663.07,4.35962962962963,0.06818181818181818,0.06818181818181818,0.29545454545454547
2803302,Japaratuba,SE,Nordeste,2,65.83,-14.17,33.2345971563981,816.67,4.432,0.06451612903225806,0.16129032258064516,0.2903225806451613
2803401,Japoatã,SE,Nordeste,2,50.44,-29.56,36.91012568176429,715.33,4.248,0.21052631578947367,0.2631578947368421,0.7368421052631579
2803500,Lagarto,SE,Nordeste,2,45.77,-34.23,35.38906763971024,928.75,4.507826086956522,0.17142857142857143,0.10476190476190476,0.7333333333333333
2803609,Laranjeiras,SE,Nordeste,2,32.69,-47.31,32.74210713018801,752.52,4.452307692307692,0.3103448275862069,0.10344827586206896,0.1724137931034483
2803708,Macambira,SE,Nordeste,2,57.9,-22.1,34.018036072144284,859.09,4.265000000000001,0.08333333333333333,0.08333333333333333,0.16666666666666666
2803807,Malhada Dos Bois,SE,Nordeste,2,65.52,-14.48,33.48694316436252,747.74,4.516666666666667,0.0,0.5,0.5
2803906,Malhador,SE,Nordeste,2,48.47,-31.53,35.24566473988439,779.87,4.482857142857143,0.0,0.2,0.6666666666666666
2804003,Maruim,SE,Nordeste,2,36.38,-43.62,36.56295129316003,770.84,4.441111111111111,0.42857142857142855,0.5,0.9285714285714286
2804102,Moita Bonita,SE,Nordeste,2,62.74,-17.26,31.647036107356634,796.8,4.536,0.07692307692307693,0.3076923076923077,0.46153846153846156
2804201,Monte Alegre De Sergipe,SE,Nordeste,2,32.36,-47.64,38.89988540472966,727.55,4.298571428571429,0.25,0.16666666666666666,0.16666666666666666
2804300,Muribeca,SE,Nordeste,2,65.53,-14.47,38.7502759991168,740.68,4.474,0.0,0.1,0.5
2804409,Neópolis,SE,Nordeste,2,42.37,-37.63,35.881294964028775,761.43,4.308125,0.28,0.24,0.64
2804458,Nossa Senhora Aparecida,SE,Nordeste,2,64.42,-15.58,37.449727939436954,812.94,4.46,0.07142857142857142,0.0,0.6428571428571429
2804508,Nossa Senhora Da Glória,SE,Nordeste,2,45.95,-34.05,37.32676785623636,879.22,4.510000000000001,0.16666666666666666,0.2,0.5333333333333333
2804607,Nossa Senhora Das Dores,SE,Nordeste,2,32.89,-47.11,39.614808765482515,760.07,4.3963636363636365,0.48148148148148145,0.1111111111111111,0.5925925925925926
2804706,Nossa Senhora De Lourdes,SE,Nordeste,2,56.13,-23.87,32.91320538527642,814.61,4.382,0.2857142857142857,0.2857142857142857,0.7142857142857143
2804805,Nossa Senhora Do Socorro,SE,Nordeste,2,39.14,-40.86,33.579157022124136,822.63,4.647454545454545,0.2857142857142857,0.22556390977443608,0.39849624060150374
2804904,Pacatuba,SE,Nordeste,2,51.17,-28.83,34.78766724840023,588.41,3.9015384615384616,0.17647058823529413,0.11764705882352941,0.11764705882352941
2805000,Pedra Mole,SE,Nordeste,2,54.34,-25.66,37.02171664943123,631.36,4.3025,0.0,0.14285714285714285,0.2857142857142857
2805109,Pedrinhas,SE,Nordeste,2,23.39,-56.61,40.61412796853728,745.96,4.4399999999999995,0.2,0.1,0.5
2805208,Pinhão,SE,Nordeste,2,47.4,-32.6,37.3241306079108,677.94,4.390000000000001,0.3333333333333333,0.1111111111111111,0.2222222222222222
2805307,Pirambu,SE,Nordeste,2,48.09,-31.91,34.5679012345679,750.38,4.493333333333333,0.2857142857142857,0.07142857142857142,0.2857142857142857
2805406,Poço Redondo,SE,Nordeste,2,25.75,-54.25,39.769058173261094,632.67,4.168235294117647,0.2,0.17142857142857143,0.17142857142857143
2805505,Poço Verde,SE,Nordeste,2,47.72,-32.28,38.15789473684211,757.03,4.25,0.17391304347826086,0.13043478260869565,0.7391304347826086
2805604,Porto Da Folha,SE,Nordeste,2,32.22,-47.78,41.408897147229204,616.69,4.209090909090909,0.06060606060606061,0.18181818181818182,0.42424242424242425
2805703,Propriá,SE,Nordeste,2,52.37,-27.63,35.05447291698635,941.63,4.443846153846153,0.5,0.6153846153846154,0.5384615384615384
2805802,Riachão Do Dantas,SE,Nordeste,2,49.07,-30.93,39.15374947633013,671.74,4.138125,0.06896551724137931,0.06896551724137931,0.6551724137931034
2805901,Riachuelo,SE,Nordeste,2,44.23,-35.77,34.23482849604222,688.58,4.4075,0.08333333333333333,0.3333333333333333,0.5
2806008,Ribeirópolis,SE,Nordeste,2,68.18,-11.82,36.50672759583651,883.07,4.545,0.3333333333333333,0.2,0.4666666666666667
2806107,Rosário Do Catete,SE,Nordeste,2,58.91,-21.09,37.03310320410692,753.63,4.68,0.6666666666666666,0.3333333333333333,0.6666666666666666
2806206,Salgado,SE,Nordeste,2,57.2,-22.8,34.768889646938426,798.99,4.321666666666666,0.19230769230769232,0.19230769230769232,0.4230769230769231
2806305,Santa Luzia Do Itanhy,SE,Nordeste,2,41.86,-38.14,35.57204217102694,571.88,4.198333333333333,0.05263157894736842,0.05263157894736842,0.8421052631578947
2806404,Santana Do São Francisco,SE,Nordeste,2,46.98,-33.02,39.67789165446559,717.52,4.32,0.75,0.25,0.875
2806503,Santa Rosa De Lima,SE,Nordeste,2,52.33,-27.67,30.242825607064017,578.91,4.3275,0.14285714285714285,0.42857142857142855,0.5714285714285714
2806602,Santo Amaro Das Brotas,SE,Nordeste,2,28.11,-51.89,36.03092783505154,767.22,4.55,0.5384615384615384,0.15384615384615385,0.23076923076923078
2806701,São Cristóvão,SE,Nordeste,0,85.27,5.27,30.809065092711172,1124.93,4.577941176470588,0.31746031746031744,0.25396825396825395,0.6825396825396826
2806800,São Domingos,SE,Nordeste,2,51.98,-28.02,34.083658277206666,729.31,4.34,0.06666666666666667,0.13333333333333333,0.26666666666666666
2806909,São Francisco,SE,Nordeste,0,78.21,-1.79,35.72503763171099,776.93,4.275,0.0,0.2,0.2
2807006,São Miguel Do Aleixo,SE,Nordeste,2,15.74,-64.26,37.04009921455147,734.03,4.29,0.25,0.25,0.25
2807105,Simão Dias,SE,Nordeste,2,48.4,-31.6,35.62512228526707,850.37,4.362592592592592,0.26,0.24,0.64
2807204,Siriri,SE,Nordeste,2,47.15,-32.85,35.14684641309581,759.73,4.322,0.1,0.1,0.3
2807303,Telha,SE,Nordeste,2,63.65,-16.35,36.42095053346266,692.33,4.286666666666666,0.2,0.2,0.2
2807402,Tobias Barreto,SE,Nordeste,2,60.34,-19.66,37.143823194909785,881.15,4.298260869565217,0.25,0.175,0.575
2807501,Tomar Do Geru,SE,Nordeste,2,57.77,-22.23,37.561612061467095,552.13,4.127142857142857,0.0,0.1111111111111111,0.2222222222222222
2807600,Umbaúba,SE,Nordeste,2,52.71,-27.29,35.85865257595773,743.59,4.340714285714286,0.2692307692307692,0.19230769230769232,0.5
2900108,Abaíra,BA,Nordeste,2,67.68,-12.32,33.33995628849593,901.48,4.484,0.4,0.0,0.7
2900207,Abaré,BA,Nordeste,2,52.72,-27.28,39.31649040344693,600.78,4.102307692307692,0.16666666666666666,0.1,0.23333333333333334
2900306,Acajutiba,BA,Nordeste,2,56.47,-23.53,37.085601187530926,706.63,4.076666666666666,0.4444444444444444,0.1111111111111111,0.2222222222222222
2900355,Adustina,BA,Nordeste,0,78.14,-1.86,37.53379569766075,739.27,4.04375,0.2,0.1,0.2
2900405,Água Fria,BA,Nordeste,2,44.74,-35.26,40.13639387890885,700.83,4.20375,0.19047619047619047,0.0,0.09523809523809523
2900504,Érico Cardoso,BA,Nordeste,0,91.46,11.46,33.40211503740005,765.89,4.587142857142857,0.1891891891891892,0.16216216216216217,0.21621621621621623
2900603,Aiquara,BA,Nordeste,2,54.61,-25.39,32.05273069679849,756.71,4.445,0.125,0.0,0.5
2900702,Alagoinhas,BA,Nordeste,2,52.3,-27.7,34.36715017932076,1072.99,4.497222222222222,0.3142857142857143,0.2857142857142857,0.4
2900801,Alcobaça,BA,Nordeste,0,69.0,-11.0,33.570119156736936,747.65,4.544615384615384,0.11904761904761904,0.07142857142857142,0.11904761904761904
2900900,Almadina,BA,Nordeste,2,50.46,-29.54,34.17918177110305,912.36,4.21,0.0,0.0,0.45454545454545453
2901007,Amargosa,BA,Nordeste,0,71.46,-8.54,30.001233349777994,839.32,4.313076923076923,0.32558139534883723,0.09302325581395349,0.16279069767441862
2901106,Amélia Rodrigues,BA,Nordeste,2,66.4,-13.6,29.87569205055886,840.69,4.33,0.2692307692307692,0.15384615384615385,0.5
2901155,América Dourada,BA,Nordeste,2,53.12,-26.88,35.193079237713135,674.14,4.399166666666667,0.36,0.24,0.16
2901205,Anagé,BA,Nordeste,2,60.54,-19.46,38.32692835575075,718.55,4.433333333333334,0.14285714285714285,0.08571428571428572,0.14285714285714285
2901304,Andaraí,BA,Nordeste,0,78.87,-1.13,34.33812029006114,758.2,4.332222222222223,0.6,0.6,0.7333333333333333
2901353,Andorinha,BA,Nordeste,2,46.01,-33.99,34.930497051390056,796.26,4.20625,0.38461538461538464,0.23076923076923078,0.38461538461538464
2901403,Angical,BA,Nordeste,2,59.3,-20.7,36.47915287888816,823.95,4.59625,0.14814814814814814,0.07407407407407407,0.25925925925925924
2901502,Anguera,BA,Nordeste,0,69.98,-10.02,37.1036120061048,720.44,4.406000000000001,0.07142857142857142,0.14285714285714285,0.6785714285714286
2901601,Antas,BA,Nordeste,0,69.71,-10.29,40.44477390659748,832.0,4.234285714285714,0.20833333333333334,0.041666666666666664,0.2916666666666667
2901700,Antônio Cardoso,BA,Nordeste,2,52.07,-27.93,37.413925019127774,702.92,4.2325,0.12,0.08,0.32
2901809,Antônio Gonçalves,BA,Nordeste,0,76.91,-3.09,37.33783543628932,750.04,4.37375,0.16,0.2,0.16
2901908,Aporá,BA,Nordeste,2,40.29,-39.71,40.47813649366571,710.49,3.989,0.4583333333333333,0.16666666666666666,0.25
2901957,Apuarema,BA,Nordeste,2,62.45,-17.55,35.27796842827728,836.77,4.51,0.09090909090909091,0.18181818181818182,0.18181818181818182
2902005,Aracatu,BA,Nordeste,2,58.56,-21.44,30.61915729575938,757.68,4.495454545454546,0.10526315789473684,0.21052631578947367,0.47368421052631576
2902054,Araçás,BA,Nordeste,2,59.22,-20.78,37.65379461566573,725.59,4.3375,0.4,0.05,0.05
2902104,Araci,BA,Nordeste,2,42.67,-37.33,38.96284983898277,691.84,4.153333333333333,0.15384615384615385,0.09615384615384616,0.38461538461538464
2902203,Aramari,BA,Nordeste,2,62.63,-17.37,36.31201434548715,803.04,4.4079999999999995,0.2857142857142857,0.0,0.07142857142857142
2902252,Arataca,BA,Nordeste,2,30.7,-49.3,35.33522190745987,691.76,4.2425,0.16666666666666666,0.1111111111111111,0.5
2902302,Aratuípe,BA,Nordeste,0,74.12,-5.88,41.95868400918133,639.58,4.282857142857143,0.08333333333333333,0.08333333333333333,0.3333333333333333
2902401,Aurelino Leal,BA,Nordeste,2,45.11,-34.89,36.500838457238686,745.63,4.3566666666666665,0.08333333333333333,0.041666666666666664,0.041666666666666664
2902500,Baianópolis,BA,Nordeste,2,61.23,-18.77,36.217903248687755,700.24,4.586153846153847,0.13636363636363635,0.09090909090909091,0.22727272727272727
2902609,Baixa Grande,BA,Nordeste,2,56.15,-23.85,38.518797700932815,708.86,4.248181818181818,0.2857142857142857,0.09523809523809523,0.5714285714285714
2902658,Banzaê,BA,Nordeste,0,78.83,-1.17,31.157481719279474,707.64,4.221666666666667,0.034482758620689655,0.2413793103448276,0.7586206896551724
2902708,Barra,BA,Nordeste,2,43.97,-36.03,38.475628825447885,621.14,4.221590909090909,0.17567567567567569,0.04054054054054054,0.17567567567567569
2902807,Barra Da Estiva,BA,Nordeste,2,64.85,-15.15,35.439922650962465,796.07,4.5627272727272725,0.21428571428571427,0.10714285714285714,0.8214285714285714
2902906,Barra Do Choça,BA,Nordeste,2,52.15,-27.85,26.86670007516913,784.48,4.382777777777778,0.06382978723404255,0.0851063829787234,0.2553191489361702
2903003,Barra Do Mendes,BA,Nordeste,2,61.63,-18.37,34.36203319502075,879.61,4.2,0.13043478260869565,0.2608695652173913,0.6956521739130435
2903102,Barra Do Rocha,BA,Nordeste,2,66.54,-13.46,38.91003806852334,810.44,4.363333333333333,0.0625,0.125,0.125
2903201,Barreiras,BA,Nordeste,2,59.17,-20.83,31.02136643249736,1339.99,4.727358490566038,0.29838709677419356,0.1935483870967742,0.3467741935483871
2903235,Barro Alto,BA,Nordeste,0,78.02,-1.98,36.37162586315129,708.95,4.2975,0.19047619047619047,0.047619047619047616,0.38095238095238093
2903276,Barrocas,BA,Nordeste,0,72.44,-7.56,35.55628200937125,762.9,4.498181818181819,0.21621621621621623,0.16216216216216217,0.10810810810810811
2903300,Barro Preto,BA,Nordeste,2,50.32,-29.68,39.52047952047952,860.67,4.345,0.3333333333333333,0.0,0.4444444444444444
2903409,Belmonte,BA,Nordeste,2,46.23,-33.77,35.29106029106029,837.51,4.423333333333333,0.09302325581395349,0.0,0.5348837209302325
2903508,Belo Campo,BA,Nordeste,0,72.37,-7.63,34.14933934241524,746.56,4.481,0.12195121951219512,0.04878048780487805,0.36585365853658536
2903607,Biritinga,BA,Nordeste,2,40.96,-39.04,38.74076153054542,680.46,4.072727272727272,0.046511627906976744,0.023255813953488372,0.6511627906976745
2903706,Boa Nova,BA,Nordeste,2,52.83,-27.17,35.701418599414545,705.02,4.512727272727273,0.18518518518518517,0.037037037037037035,0.37037037037037035
2903805,Boa Vista Do Tupim,BA,Nordeste,2,56.41,-23.59,37.48726026128046,618.24,4.1066666666666665,0.2972972972972973,0.35135135135135137,0.35135135135135137
2903904,Bom Jesus Da Lapa,BA,Nordeste,2,43.63,-36.37,33.76740494913787,916.66,4.316388888888889,0.4,0.075,0.5125
2903953,Bom Jesus Da Serra,BA,Nordeste,2,46.62,-33.38,33.71025893149787,655.08,4.3244444444444445,0.2727272727272727,0.09090909090909091,0.09090909090909091
2904001,Boninal,BA,Nordeste,2,60.89,-19.11,34.456573327005216,761.38,4.5633333333333335,0.3333333333333333,0.041666666666666664,0.5
2904050,Bonito,BA,Nordeste,0,77.27,-2.73,34.315027157513576,704.84,4.365,0.4074074074074074,0.14814814814814814,0.4074074074074074
2904100,Boquira,BA,Nordeste,2,44.68,-35.32,33.78708223807735,675.66,4.235714285714286,0.14285714285714285,0.10714285714285714,0.4642857142857143
2904209,Botuporã,BA,Nordeste,0,80.32,0.32,33.09661745468137,709.0,4.498,0.16666666666666666,0.03333333333333333,0.23333333333333334
2904308,Brejões,BA,Nordeste,0,71.35,-8.65,37.024267338549265,708.98,4.424285714285714,0.2857142857142857,0.14285714285714285,0.14285714285714285
2904407,Brejolândia,BA,Nordeste,2,61.45,-18.55,31.780633318035793,739.06,4.527142857142858,0.17647058823529413,0.058823529411764705,0.35294117647058826
2904506,Brotas De Macaúbas,BA,Nordeste,0,81.62,1.62,37.02658547452844,729.3,4.461428571428572,0.3103448275862069,0.034482758620689655,0.1724137931034483
2904605,Brumado,BA,Nordeste,1,69.01,-10.99,24.002167238576845,1024.01,4.652692307692307,0.6382978723404256,0.3404255319148936,0.40425531914893614
2904704,Buerarema,BA,Nordeste,2,47.2,-32.8,33.22231473771857,880.8,4.306,0.2,0.24,0.36
2904753,Buritirama,BA,Nordeste,2,44.32,-35.68,37.87624140565317,511.72,4.262105263157895,0.18518518518518517,0.037037037037037035,0.6666666666666666
2904803,Caatiba,BA,Nordeste,0,92.47,12.47,32.925206281607664,779.57,4.553333333333334,0.07692307692307693,0.07692307692307693,0.23076923076923078
2904852,Cabaceiras Do Paraguaçu,BA,Nordeste,2,40.81,-39.19,39.177298724153104,631.12,4.372727272727273,0.030303030303030304,0.030303030303030304,0.30303030303030304
2904902,Cachoeira,BA,Nordeste,2,49.31,-30.69,38.6550928469399,913.46,4.318823529411765,0.3191489361702128,0.06382978723404255,0.3404255319148936
2905008,Caculé,BA,Nordeste,1,69.16,-10.84,26.409787652932078,1019.26,4.731428571428572,0.4782608695652174,0.6086956521739131,0.6086956521739131
2905107,Caém,BA,Nordeste,2,55.88,-24.12,40.42113955408753,806.57,4.258571428571429,0.3181818181818182,0.09090909090909091,0.2727272727272727
2905156,Caetanos,BA,Nordeste,2,46.97,-33.03,37.74630541871921,696.7,4.368,0.022222222222222223,0.022222222222222223,0.9111111111111111
2905206,Caetité,BA,Nordeste,0,67.56,-12.44,33.1932956982189,989.14,4.5119354838709675,0.6551724137931034,0.2413793103448276,0.22413793103448276
2905305,Cafarnaum,BA,Nordeste,2,44.74,-35.26,38.28969243557772,661.74,4.361111111111111,0.22727272727272727,0.13636363636363635,0.3181818181818182
2905404,Cairu,BA,Nordeste,0,67.67,-12.33,39.762522450608664,995.96,4.308333333333334,0.2413793103448276,0.10344827586206896,0.27586206896551724
2905503,Caldeirão Grande,BA,Nordeste,2,45.92,-34.08,42.76178556528995,620.16,4.301,0.20833333333333334,0.0,0.16666666666666666
2905602,Camacan,BA,Nordeste,2,52.87,-27.13,29.200923787528872,956.88,4.3999999999999995,0.18181818181818182,0.06060606060606061,0.24242424242424243
2905701,Camaçari,BA,Nordeste,2,48.95,-31.05,35.16751033656632,1177.89,4.66975,0.5291479820627802,0.3183856502242152,0.6098654708520179
2905800,Camamu,BA,Nordeste,2,51.44,-28.56,37.08255890640926,760.25,4.281363636363636,0.10714285714285714,0.03571428571428571,0.2976190476190476
2905909,Campo Alegre De Lourdes,BA,Nordeste,2,65.88,-14.12,37.71328569345195,658.13,4.31625,0.033707865168539325,0.02247191011235955,0.0449438202247191
2906006,Campo Formoso,BA,Nordeste,2,59.98,-20.02,35.64588979223126,749.39,4.345882352941176,0.14705882352941177,0.16176470588235295,0.25
2906105,Canápolis,BA,Nordeste,0,83.03,3.03,35.007779506557014,628.47,4.245555555555556,0.05263157894736842,0.05263157894736842,0.05263157894736842
2906204,Canarana,BA,Nordeste,2,61.93,-18.07,37.4522193618847,634.87,4.355384615384615,0.36666666666666664,0.3333333333333333,0.4666666666666667
2906303,Canavieiras,BA,Nordeste,2,46.76,-33.24,36.5162037037037,832.49,4.430000000000001,0.16666666666666666,0.16666666666666666,0.3125
2906402,Candeal,BA,Nordeste,2,47.44,-32.56,35.60735671514115,735.08,4.248333333333334,0.3,0.0,0.2
2906501,Candeias,BA,Nordeste,2,49.04,-30.96,38.28728188014367,845.21,4.540857142857143,0.34177215189873417,0.16455696202531644,0.5822784810126582
2906600,Candiba,BA,Nordeste,0,70.32,-9.68,31.75589547482473,751.74,4.694285714285714,0.36363636363636365,0.0,0.2727272727272727
2906709,Cândido Sales,BA,Nordeste,2,68.41,-11.59,36.319723979298445,733.66,4.548333333333334,0.16666666666666666,0.041666666666666664,0.5
2906808,Cansanção,BA,Nordeste,2,56.43,-23.57,37.26322515861062,669.08,4.271,0.3469387755102041,0.3469387755102041,0.6122448979591837
2906824,Canudos,BA,Nordeste,2,53.85,-26.15,38.76585464062814,711.38,4.2942857142857145,0.7692307692307693,0.38461538461538464,0.8461538461538461
2906857,Capela Do Alto Alegre,BA,Nordeste,2,64.8,-15.2,32.491662696522155,809.2,4.403333333333333,0.25,0.125,0.5
2906873,Capim Grosso,BA,Nordeste,2,49.22,-30.78,33.37714443829552,850.17,4.514615384615384,0.2857142857142857,0.21428571428571427,0.7142857142857143
2906899,Caraíbas,BA,Nordeste,2,61.28,-18.72,30.11218264121236,737.4,4.33,0.3333333333333333,0.1111111111111111,0.3333333333333333
2906907,Caravelas,BA,Nordeste,2,60.05,-19.95,32.79259462927321,896.46,4.4174999999999995,0.15625,0.0625,0.3125
2907004,Cardeal Da Silva,BA,Nordeste,0,68.9,-11.1,39.23124805477747,629.76,4.437142857142858,0.42857142857142855,0.2857142857142857,0.2857142857142857
2907103,Carinhanha,BA,Nordeste,2,59.27,-20.73,38.35754426890043,671.34,4.317222222222222,0.29411764705882354,0.11764705882352941,0.7352941176470589
2907202,Casa Nova,BA,Nordeste,2,23.93,-56.07,38.16048871905956,685.09,4.299310344827586,0.05263157894736842,0.08771929824561403,0.12280701754385964
2907301,Castro Alves,BA,Nordeste,2,40.59,-39.41,35.261453031004166,819.29,4.373846153846154,0.25,0.09375,0.5
2907400,Catolândia,BA,Nordeste,2,47.06,-32.94,36.937901498929335,750.89,4.343333333333334,0.0,0.0,0.5
2907509,Catu,BA,Nordeste,0,68.43,-11.57,35.64084989718986,952.59,4.625,0.30357142857142855,0.2857142857142857,0.23214285714285715
2907558,Caturama,BA,Nordeste,0,76.38,-3.62,32.304173813607775,653.61,4.478,0.13636363636363635,0.09090909090909091,0.2727272727272727
2907608,Central,BA,Nordeste,2,55.68,-24.32,33.49949020052112,735.38,4.211,0.4,0.15,0.45
2907707,Chorrochó,BA,Nordeste,2,58.05,-21.95,40.60715359182447,660.51,4.22875,0.21428571428571427,0.10714285714285714,0.6785714285714286
2907806,Cícero Dantas,BA,Nordeste,2,61.2,-18.8,34.916898494899776,845.53,4.2575,0.20588235294117646,0.20588235294117646,0.6764705882352942
2907905,Cipó,BA,Nordeste,2,49.48,-30.52,36.86664594342555,831.75,4.198181818181818,0.3870967741935484,0.0967741935483871,0.3870967741935484
2908002,Coaraci,BA,Nordeste,2,49.19,-30.81,33.049696750248934,846.49,4.402727272727272,0.24390243902439024,0.04878048780487805,0.14634146341463414
2908101,Cocos,BA,Nordeste,0,74.83,-5.17,35.25781821985148,722.49,4.4,0.1935483870967742,0.06451612903225806,0.06451612903225806
2908200,Conceição Da Feira,BA,Nordeste,2,52.82,-27.18,34.73923350454366,770.78,4.484545454545454,0.3333333333333333,0.26666666666666666,0.5666666666666667
2908309,Conceição Do Almeida,BA,Nordeste,0,84.63,4.63,34.18982695332984,864.35,4.3100000000000005,0.3684210526315789,0.15789473684210525,0.21052631578947367
2908408,Conceição Do Coité,BA,Nordeste,2,50.86,-29.14,32.11780780324882,854.96,4.5159375,0.28865979381443296,0.061855670103092786,0.5463917525773195
2908507,Conceição Do Jacuípe,BA,Nordeste,2,51.65,-28.35,35.3688989784336,1009.81,4.4175,0.24324324324324326,0.10810810810810811,0.3783783783783784
2908606,Conde,BA,Nordeste,2,54.56,-25.44,39.09572637808822,674.79,4.054666666666667,0.15625,0.15625,0.15625
2908705,Condeúba,BA,Nordeste,0,81.33,1.33,31.92530013339262,801.3,4.661,0.4,0.0,0.2
2908804,Contendas Do Sincorá,BA,Nordeste,0,82.0,2.0,30.975219824140687,781.32,4.46,0.16666666666666666,0.0,0.08333333333333333
2908903,Coração De Maria,BA,Nordeste,2,48.92,-31.08,38.779217633523075,850.84,4.266363636363637,0.375,0.15625,0.21875
2909000,Cordeiros,BA,Nordeste,0,84.71,4.71,29.404178488522053,816.33,4.625,0.25,0.16666666666666666,0.6666666666666666
2909109,Coribe,BA,Nordeste,0,69.63,-10.37,37.08418012621671,757.51,4.447142857142857,0.29411764705882354,0.0,0.23529411764705882
2909208,Coronel João Sá,BA,Nordeste,2,62.1,-17.9,37.491272981149635,704.02,4.33,0.07352941176470588,0.10294117647058823,0.08823529411764706
2909307,Correntina,BA,Nordeste,2,51.15,-28.85,34.293016612794105,930.61,4.469047619047619,0.5945945945945946,0.16216216216216217,0.3783783783783784
2909406,Cotegipe,BA,Nordeste,0,67.93,-12.07,37.44042612839921,621.91,4.366923076923078,0.16129032258064516,0.12903225806451613,0.16129032258064516
2909505,Cravolândia,BA,Nordeste,0,78.22,-1.78,34.010889292196005,723.17,4.422499999999999,0.14285714285714285,0.07142857142857142,0.2857142857142857
2909604,Crisópolis,BA,Nordeste,0,69.47,-10.53,38.921169022634636,673.53,4.216666666666667,0.20689655172413793,0.034482758620689655,0.034482758620689655
2909703,Cristópolis,BA,Nordeste,2,62.93,-17.07,35.272976210850594,778.03,4.54125,0.13636363636363635,0.45454545454545453,0.5909090909090909
2909802,Cruz Das Almas,BA,Nordeste,2,53.65,-26.35,35.5731090138148,1167.93,4.495555555555556,0.2361111111111111,0.1111111111111111,0.3055555555555556
2909901,Curaçá,BA,Nordeste,2,52.08,-27.92,38.59516995531456,646.06,4.271818181818182,0.25,0.125,0.3
2910008,Dário Meira,BA,Nordeste,2,56.3,-23.7,34.56614509246088,730.32,4.377142857142857,0.12,0.16,0.16
2910057,Dias D'Ávila,BA,Nordeste,2,45.59,-34.41,36.04636973764491,901.27,4.554736842105264,0.453125,0.125,0.546875
2910107,Dom Basílio,BA,Nordeste,0,78.99,-1.01,30.91891891891892,760.0,4.4425,0.45454545454545453,0.09090909090909091,0.2727272727272727
2910206,Dom Macedo Costa,BA,Nordeste,0,80.78,0.78,33.10924369747899,764.82,4.3,0.0,0.42857142857142855,0.7142857142857143
2910305,Elísio Medrado,BA,Nordeste,0,83.25,3.25,33.970099667774086,744.89,4.390000000000001,0.08695652173913043,0.043478260869565216,0.13043478260869565
2910404,Encruzilhada,BA,Nordeste,0,68.56,-11.44,34.86044803525523,611.21,4.35,0.1111111111111111,0.027777777777777776,0.08333333333333333
2910503,Entre Rios,BA,Nordeste,2,40.37,-39.63,37.43081592572755,828.08,4.338181818181818,0.4222222222222222,0.13333333333333333,0.4444444444444444
2910602,Esplanada,BA,Nordeste,2,45.2,-34.8,36.97986971066377,760.79,4.349230769230769,0.18421052631578946,0.02631578947368421,0.34210526315789475
2910701,Euclides Da Cunha,BA,Nordeste,2,51.42,-28.58,37.75110657133129,819.62,4.38,0.4262295081967213,0.13114754098360656,0.26229508196721313
2910727,Eunápolis,BA,Nordeste,2,48.05,-31.95,27.55376059882012,1253.64,4.646176470588236,0.208955223880597,0.11940298507462686,0.7014925373134329
2910750,Fátima,BA,Nordeste,2,64.28,-15.72,37.649302418950114,718.87,4.148000000000001,0.6666666666666666,0.08333333333333333,0.4166666666666667
2910776,Feira Da Mata,BA,Nordeste,0,85.88,5.88,28.667790893760543,731.17,4.438000000000001,0.1111111111111111,0.0,0.5555555555555556
2910800,Feira De Santana,BA,Nordeste,2,48.66,-31.34,31.740228455979487,1209.69,4.56140350877193,0.5481283422459893,0.19518716577540107,0.7914438502673797
2910859,Filadélfia,BA,Nordeste,2,53.18,-26.82,37.55593803786575,690.18,4.364615384615385,0.07407407407407407,0.2962962962962963,0.6296296296296297
2910909,Firmino Alves,BA,Nordeste,0,82.25,2.25,34.08044212465459,829.88,4.275,0.25,0.125,0.125
2911006,Floresta Azul,BA,Nordeste,2,53.92,-26.08,33.464075592797286,817.95,4.46,0.2,0.13333333333333333,0.5333333333333333
2911105,Formosa Do Rio Preto,BA,Nordeste,2,50.18,-29.82,34.91673491673492,860.52,4.336428571428572,0.0851063829787234,0.06382978723404255,0.1276595744680851
2911204,Gandu,BA,Nordeste,0,73.19,-6.81,35.85173613576653,910.6,4.3500000000000005,0.1956521739130435,0.06521739130434782,0.45652173913043476
2911253,Gavião,BA,Nordeste,2,56.17,-23.83,38.45530650823656,878.17,4.336666666666667,0.3,0.5,0.2
2911303,Gentio Do Ouro,BA,Nordeste,2,66.48,-13.52,34.24533429969197,715.0,4.593333333333334,0.2413793103448276,0.0,0.2413793103448276
2911402,Glória,BA,Nordeste,2,54.76,-25.24,27.647574884070686,722.37,4.259090909090909,0.11538461538461539,0.0,0.2692307692307692
2911501,Gongogi,BA,Nordeste,2,63.15,-16.85,37.443009118541035,733.31,4.443333333333333,0.1111111111111111,0.05555555555555555,0.2222222222222222
2911600,Governador Mangabeira,BA,Nordeste,0,79.93,-0.07,31.666848597314708,814.42,4.503076923076923,0.11428571428571428,0.22857142857142856,0.6571428571428571
2911659,Guajeru,BA,Nordeste,2,54.37,-25.63,29.23512747875354,803.95,4.638,0.5,0.16666666666666666,0.3333333333333333
2911709,Guanambi,BA,Nordeste,0,72.16,-7.84,29.368514237938324,1201.16,4.661851851851852,0.3018867924528302,0.32075471698113206,0.33962264150943394
2911808,Guaratinga,BA,Nordeste,2,49.51,-30.49,37.49207467418105,822.2,4.5,0.0967741935483871,0.0,0.1935483870967742
2911857,Heliópolis,BA,Nordeste,2,48.99,-31.01,39.02439024390244,748.53,4.1525,0.17647058823529413,0.058823529411764705,0.17647058823529413
2911907,Iaçu,BA,Nordeste,2,39.91,-40.09,34.362352194270294,765.53,4.200666666666667,0.24489795918367346,0.04081632653061224,0.46938775510204084
2912004,Ibiassucê,BA,Nordeste,0,84.0,4.0,26.397369657116016,917.13,4.776,0.09090909090909091,0.2727272727272727,0.7272727272727273
2912103,Ibicaraí,BA,Nordeste,2,59.08,-20.92,34.4717478828266,1006.71,4.366153846153846,0.16666666666666666,0.13333333333333333,0.23333333333333334
2912202,Ibicoara,BA,Nordeste,0,80.96,0.96,33.84339383706205,808.75,4.531000000000001,0.5625,0.125,0.4375
2912301,Ibicuí,BA,Nordeste,0,77.26,-2.74,35.72323890699424,914.5,4.32625,0.13636363636363635,0.13636363636363635,0.22727272727272727
2912400,Ibipeba,BA,Nordeste,2,58.71,-21.29,36.53799169313462,713.13,4.52,0.3333333333333333,0.4166666666666667,0.5833333333333334
2912509,Ibipitanga,BA,Nordeste,0,72.05,-7.95,29.486491322240116,783.29,4.5236363636363635,0.1111111111111111,0.5,0.6666666666666666
2912608,Ibiquera,BA,Nordeste,2,50.1,-29.9,39.74842767295598,655.52,4.246666666666667,0.0,0.0,0.1111111111111111
2912707,Ibirapitanga,BA,Nordeste,2,60.34,-19.66,34.04149212048673,671.17,4.386153846153847,0.14285714285714285,0.05714285714285714,0.6571428571428571
2912806,Ibirapuã,BA,Nordeste,0,73.7,-6.3,30.24523160762943,1036.38,4.581666666666667,0.1,0.4,0.2
2912905,Ibirataia,BA,Nordeste,2,63.41,-16.59,31.764830284445384,784.17,4.431818181818182,0.10810810810810811,0.05405405405405406,0.24324324324324326
2913002,Ibitiara,BA,Nordeste,2,66.39,-13.61,34.254859611231105,771.57,4.4911111111111115,0.45,0.15,0.8
2913101,Ibititá,BA,Nordeste,2,56.4,-23.6,38.037695013076025,699.28,4.5200000000000005,0.2857142857142857,0.03571428571428571,0.25
2913200,Ibotirama,BA,Nordeste,0,68.62,-11.38,35.407899593946105,804.43,4.510666666666666,0.2857142857142857,0.32142857142857145,0.5714285714285714
2913309,Ichu,BA,Nordeste,2,49.38,-30.62,34.95145631067961,889.43,4.542,0.4444444444444444,0.2222222222222222,0.7777777777777778
2913408,Igaporã,BA,Nordeste,2,59.8,-20.2,32.41185897435898,811.64,4.493,0.6111111111111112,0.1111111111111111,0.1111111111111111
2913457,Igrapiúna,BA,Nordeste,2,65.57,-14.43,38.14754098360656,726.44,4.275,0.12195121951219512,0.024390243902439025,0.2926829268292683
2913507,Iguaí,BA,Nordeste,2,63.43,-16.57,34.64057776284851,794.87,4.415555555555556,0.11428571428571428,0.11428571428571428,0.34285714285714286
2913606,Ilhéus,BA,Nordeste,2,44.91,-35.09,29.171130952380953,1298.64,4.451206896551724,0.2857142857142857,0.15966386554621848,0.44537815126050423
2913705,Inhambupe,BA,Nordeste,2,36.75,-43.25,37.38503895495284,739.71,4.2965,0.32,0.08,0.12
2913804,Ipecaetá,BA,Nordeste,2,49.37,-30.63,37.911149081589066,518.63,4.26,0.15384615384615385,0.038461538461538464,0.038461538461538464
2913903,Ipiaú,BA,Nordeste,2,56.35,-23.65,34.73671239628686,970.31,4.473571428571429,0.3111111111111111,0.13333333333333333,0.3333333333333333
2914000,Ipirá,BA,Nordeste,2,56.31,-23.69,34.82753286929621,765.59,4.1888571428571435,0.27419354838709675,0.1774193548387097,0.5161290322580645
2914109,Ipupiara,BA,Nordeste,0,89.15,9.15,34.9934036939314,779.19,4.676,0.11538461538461539,0.4230769230769231,0.8076923076923077
2914208,Irajuba,BA,Nordeste,2,62.01,-17.99,35.68681318681319,772.34,4.508,0.06666666666666667,0.0,0.06666666666666667
2914307,Iramaia,BA,Nordeste,2,42.72,-37.28,36.42700657239594,668.6,4.585,0.23076923076923078,0.07692307692307693,0.9230769230769231
2914406,Iraquara,BA,Nordeste,2,61.68,-18.32,35.30474040632054,681.79,4.3076923076923075,0.2692307692307692,0.23076923076923078,0.3076923076923077
2914505,Irará,BA,Nordeste,2,57.27,-22.73,40.92802758224393,858.51,4.464285714285714,0.375,0.1,0.225
2914604,Irecê,BA,Nordeste,2,67.93,-12.07,35.613676535572246,1188.07,4.5147619047619045,0.5423728813559322,0.4915254237288136,0.576271186440678
2914653,Itabela,BA,Nordeste,2,49.63,-30.37,36.52530779753762,910.41,4.532,0.17391304347826086,0.08695652173913043,0.43478260869565216
2914703,Itaberaba,BA,Nordeste,2,51.85,-28.15,36.00984179057093,1013.18,4.4265384615384615,0.36619718309859156,0.18309859154929578,0.2535211267605634
2914802,Itabuna,BA,Nordeste,2,35.81,-44.19,29.416979485545692,1292.99,4.446734693877551,0.33783783783783783,0.12162162162162163,0.3108108108108108
2914901,Itacaré,BA,Nordeste,2,49.86,-30.14,37.99816604359174,1013.93,4.404444444444445,0.13043478260869565,0.0,0.2391304347826087
2915007,Itaeté,BA,Nordeste,2,66.22,-13.78,39.780950518286716,688.07,4.362727272727273,0.23076923076923078,0.07692307692307693,0.15384615384615385
2915106,Itagi,BA,Nordeste,2,56.74,-23.26,37.15193223928004,682.87,4.055000000000001,0.09090909090909091,0.045454545454545456,0.18181818181818182
2915205,Itagibá,BA,Nordeste,2,62.16,-17.84,33.07077357159652,934.69,4.445,0.3,0.0,0.3
2915304,Itagimirim,BA,Nordeste,0,69.19,-10.81,30.934065934065934,888.0,4.383333333333334,0.0,0.125,0.375
2915353,Itaguaçu Da Bahia,BA,Nordeste,2,54.42,-25.58,32.793317301607395,658.64,4.225384615384615,0.04,0.04,0.24
2915403,Itaju Do Colônia,BA,Nordeste,2,24.18,-55.82,35.62982005141388,793.34,4.473333333333334,0.08333333333333333,0.08333333333333333,0.25
2915502,Itajuípe,BA,Nordeste,2,60.8,-19.2,33.96635449184877,829.36,4.386,0.08333333333333333,0.08333333333333333,0.5833333333333334
2915601,Itamaraju,BA,Nordeste,2,62.02,-17.98,26.922804030083725,997.27,4.2778125,0.1875,0.0625,0.703125
2915700,Itamari,BA,Nordeste,2,50.91,-29.09,36.566056407718946,782.5,4.2225,0.13333333333333333,0.06666666666666667,0.13333333333333333
2915809,Itambé,BA,Nordeste,2,41.23,-38.77,28.818794459004117,812.81,4.478666666666667,0.14705882352941177,0.08823529411764706,0.2647058823529412
2915908,Itanagra,BA,Nordeste,2,55.77,-24.23,38.59442481350609,658.79,4.453333333333333,0.08333333333333333,0.08333333333333333,0.08333333333333333
2916005,Itanhém,BA,Nordeste,2,67.69,-12.31,32.29401170643854,951.09,4.651111111111111,0.36666666666666664,0.1,0.3
2916104,Itaparica,BA,Nordeste,2,53.78,-26.22,38.11881188118812,857.63,4.4775,0.21428571428571427,0.14285714285714285,0.4642857142857143
2916203,Itapé,BA,Nordeste,0,69.8,-10.2,34.83247132898583,833.82,4.4225,0.15384615384615385,0.0,0.6153846153846154
2916302,Itapebi,BA,Nordeste,2,42.3,-37.7,34.9273077596777,811.95,4.506666666666667,0.09090909090909091,0.0,0.45454545454545453
2916401,Itapetinga,BA,Nordeste,2,57.24,-22.76,30.334151745613507,982.63,4.653333333333333,0.23076923076923078,0.18461538461538463,0.3384615384615385
2916500,Itapicuru,BA,Nordeste,2,60.84,-19.16,38.79429605193147,662.46,4.171333333333333,0.1935483870967742,0.0967741935483871,0.3225806451612903
2916609,Itapitanga,BA,Nordeste,2,56.47,-23.53,31.294117647058822,655.6,4.430000000000001,0.0,0.18181818181818182,0.36363636363636365
2916708,Itaquara,BA,Nordeste,0,80.02,0.02,33.83208645054032,636.45,4.27,0.0,0.09090909090909091,0.36363636363636365
2916807,Itarantim,BA,Nordeste,2,60.77,-19.23,32.99080584099513,823.97,4.452500000000001,0.1875,0.0625,0.1875
2916856,Itatim,BA,Nordeste,0,93.86,13.86,35.45464839768996,715.27,4.306666666666667,0.19230769230769232,0.038461538461538464,0.15384615384615385
2916906,Itiruçu,BA,Nordeste,0,91.58,11.58,35.62747314867157,833.85,4.45,0.3333333333333333,0.13333333333333333,0.4666666666666667
2917003,Itiúba,BA,Nordeste,2,58.88,-21.12,40.07162378663651,702.63,4.227407407407408,0.12162162162162163,0.08108108108108109,0.44594594594594594
2917102,Itororó,BA,Nordeste,2,48.99,-31.01,33.3467215583894,900.14,4.418181818181818,0.16,0.36,0.32
2917201,Ituaçu,BA,Nordeste,0,70.4,-9.6,35.22405660377358,774.57,4.521818181818182,0.38095238095238093,0.19047619047619047,0.47619047619047616
2917300,Ituberá,BA,Nordeste,2,63.98,-16.02,40.38021230833275,826.22,4.4799999999999995,0.2,0.1,0.6
2917334,Iuiu,BA,Nordeste,2,44.45,-35.55,33.981773571678936,634.79,4.258,0.3125,0.1875,0.25
2917359,Jaborandi,BA,Nordeste,2,64.17,-15.83,31.926182237600926,648.51,4.488,0.25,0.0,0.625
2917409,Jacaraci,BA,Nordeste,0,89.78,9.78,29.84770193092195,842.61,4.60125,0.4117647058823529,0.0,0.5882352941176471
2917508,Jacobina,BA,Nordeste,2,40.65,-39.35,36.558250643145904,1083.02,4.480434782608696,0.45977011494252873,0.14942528735632185,0.367816091954023
2917607,Jaguaquara,BA,Nordeste,0,72.47,-7.53,25.627899536074228,791.77,4.247,0.14516129032258066,0.08064516129032258,0.6612903225806451
2917706,Jaguarari,BA,Nordeste,2,59.94,-20.06,34.151957022256326,882.99,4.436153846153847,0.27906976744186046,0.046511627906976744,0.13953488372093023
2917805,Jaguaripe,BA,Nordeste,0,73.43,-6.57,40.907867587691754,627.54,4.336875,0.45161290322580644,0.16129032258064516,0.3225806451612903
2917904,Jandaíra,BA,Nordeste,2,39.02,-40.98,38.87797034125424,657.5,4.098571428571428,0.38461538461538464,0.0,0.23076923076923078
2918001,Jequié,BA,Nordeste,2,52.32,-27.68,29.383278082463832,1013.69,4.505813953488372,0.4315068493150685,0.2054794520547945,0.4863013698630137
2918100,Jeremoabo,BA,Nordeste,2,43.85,-36.15,38.72216844143272,764.11,4.263478260869565,0.1864406779661017,0.0847457627118644,0.13559322033898305
2918209,Jiquiriçá,BA,Nordeste,0,84.67,4.67,36.89546513220989,750.18,4.455,0.17857142857142858,0.07142857142857142,0.8571428571428571
2918308,Jitaúna,BA,Nordeste,2,43.19,-36.81,36.913783635365185,770.22,4.197,0.19230769230769232,0.07692307692307693,0.11538461538461539
2918357,João Dourado,BA,Nordeste,0,70.44,-9.56,32.3342107497665,751.74,4.203846153846154,0.3333333333333333,0.1111111111111111,0.37037037037037035
2918407,Juazeiro,BA,Nordeste,2,49.67,-30.33,36.21165196599863,1047.97,4.497471264367816,0.20673076923076922,0.23076923076923078,0.375
2918456,Jucuruçu,BA,Nordeste,0,73.31,-6.69,36.58494771129779,827.44,4.351428571428571,0.1724137931034483,0.034482758620689655,0.3103448275862069
2918506,Jussara,BA,Nordeste,2,58.49,-21.51,39.33685728015377,656.54,4.271111111111111,0.12903225806451613,0.03225806451612903,0.6451612903225806
2918555,Jussari,BA,Nordeste,2,52.37,-27.63,36.53703244983899,788.28,4.386666666666667,0.05555555555555555,0.05555555555555555,0.16666666666666666
2918605,Jussiape,BA,Nordeste,0,70.72,-9.28,31.088488645262334,757.64,4.564,0.0,0.1111111111111111,0.2222222222222222
2918704,Lafaiete Coutinho,BA,Nordeste,1,71.27,-8.73,24.651810584958216,794.63,4.502,0.0,0.5,1.0
2918753,Lagoa Real,BA,Nordeste,2,54.87,-25.13,34.26086956521739,635.69,4.605714285714286,0.17391304347826086,0.043478260869565216,0.043478260869565216
2918803,Laje,BA,Nordeste,2,64.4,-15.6,39.21689397272327,672.28,4.386,0.058823529411764705,0.029411764705882353,0.38235294117647056
2918902,Lajedão,BA,Nordeste,0,81.34,1.34,27.289581015943643,939.41,4.406666666666666,0.2222222222222222,0.0,0.1111111111111111
2919009,Lajedinho,BA,Nordeste,0,71.36,-8.64,35.63484708063021,672.38,4.135,0.375,0.125,0.125
2919058,Lajedo Do Tabocal,BA,Nordeste,0,88.35,8.35,35.30276308054086,772.77,4.2299999999999995,0.3333333333333333,0.13333333333333333,0.8666666666666667
2919108,Lamarão,BA,Nordeste,2,32.23,-47.77,38.819739346902914,697.73,4.164285714285714,0.17647058823529413,0.11764705882352941,0.35294117647058826
2919157,Lapão,BA,Nordeste,0,67.04,-12.96,35.58159474135467,703.21,4.451333333333333,0.11764705882352941,0.17647058823529413,0.058823529411764705
2919207,Lauro De Freitas,BA,Nordeste,2,38.9,-41.1,35.429210848830394,1879.69,4.578983050847458,0.44696969696969696,0.16666666666666666,0.3939393939393939
2919306,Lençóis,BA,Nordeste,2,60.98,-19.02,34.29095354523227,1042.72,4.5200000000000005,0.23529411764705882,0.058823529411764705,0.29411764705882354
2919405,Licínio De Almeida,BA,Nordeste,0,99.16,19.16,27.707676130389064,846.36,4.5275,0.19047619047619047,0.09523809523809523,0.23809523809523808
2919504,Livramento De Nossa Senhora,BA,Nordeste,2,60.64,-19.36,32.78405710886377,884.92,4.569,0.5277777777777778,0.05555555555555555,0.2222222222222222
2919553,Luís Eduardo Magalhães,BA,Nordeste,2,46.85,-33.15,35.618393362521466,1644.88,4.895666666666667,0.4722222222222222,0.25,0.3472222222222222
2919603,Macajuba,BA,Nordeste,0,72.22,-7.78,37.651483493522775,673.31,3.8840000000000003,0.1,0.1,0.1
2919702,Macarani,BA,Nordeste,2,61.38,-18.62,33.680216802168026,667.69,4.497142857142857,0.125,0.0625,0.8125
2919801,Macaúbas,BA,Nordeste,2,63.37,-16.63,34.41609887498019,799.52,4.339285714285714,0.16071428571428573,0.10714285714285714,0.7142857142857143
2919900,Macururé,BA,Nordeste,2,46.48,-33.52,39.95375722543353,659.19,4.2542857142857144,0.2222222222222222,0.05555555555555555,0.2777777777777778
2919926,Madre De Deus,BA,Nordeste,2,59.77,-20.23,36.09510969481554,1046.58,4.583333333333333,0.5454545454545454,0.45454545454545453,0.5454545454545454
2919959,Maetinga,BA,Nordeste,0,74.43,-5.57,35.82580115036976,748.52,4.545,0.38461538461538464,0.07692307692307693,0.38461538461538464
2920007,Maiquinique,BA,Nordeste,2,57.32,-22.68,35.5152932008572,859.88,4.4425,0.2727272727272727,0.18181818181818182,0.36363636363636365
2920106,Mairi,BA,Nordeste,2,56.32,-23.68,39.207612773355294,708.57,4.141666666666667,0.5,0.2,0.25
2920205,Malhada,BA,Nordeste,0,70.04,-9.96,37.951378293154306,586.1,4.2716666666666665,0.38461538461538464,0.038461538461538464,0.38461538461538464
2920304,Malhada De Pedras,BA,Nordeste,0,95.8,15.8,33.31773514272344,743.95,4.1850000000000005,0.45454545454545453,0.18181818181818182,0.18181818181818182
2920403,Manoel Vitorino,BA,Nordeste,2,43.47,-36.53,34.59792854649133,672.33,4.455555555555556,0.038461538461538464,0.0,0.11538461538461539
2920452,Mansidão,BA,Nordeste,2,46.37,-33.63,40.241184952156246,611.87,4.374545454545454,0.047619047619047616,0.047619047619047616,0.19047619047619047
2920502,Maracás,BA,Nordeste,2,62.77,-17.23,31.511122055322993,858.28,4.570909090909091,0.1282051282051282,0.1282051282051282,0.28205128205128205
2920601,Maragogipe,BA,Nordeste,0,74.72,-5.28,41.97186285972919,649.73,4.1085714285714285,0.25396825396825395,0.09523809523809523,0.42857142857142855
2920700,Maraú,BA,Nordeste,2,47.08,-32.92,39.647877712569944,1029.95,4.233888888888888,0.17857142857142858,0.05357142857142857,0.375
2920809,Marcionílio Souza,BA,Nordeste,2,59.49,-20.51,39.95870612525809,762.8,4.45875,0.6842105263157895,0.2631578947368421,0.47368421052631576
2920908,Mascote,BA,Nordeste,2,46.98,-33.02,33.65237366003063,677.4,4.2700000000000005,0.4166666666666667,0.25,0.5
2921005,Mata De São João,BA,Nordeste,0,77.23,-2.77,32.02799084914547,894.54,4.595714285714286,0.6153846153846154,0.07692307692307693,0.3076923076923077
2921054,Matina,BA,Nordeste,0,74.67,-5.33,34.91299518696779,731.93,4.303333333333334,0.5,0.3333333333333333,0.25
2921104,Medeiros Neto,BA,Nordeste,0,76.52,-3.48,30.577223088923557,928.63,4.514375,0.3,0.125,0.45
2921203,Miguel Calmon,BA,Nordeste,2,64.36,-15.64,34.180398959236776,738.57,4.208461538461538,0.3684210526315789,0.10526315789473684,0.39473684210526316
2921302,Milagres,BA,Nordeste,2,66.03,-13.97,35.097774780849626,752.9,4.382,0.25,0.0,0.1875
2921401,Mirangaba,BA,Nordeste,2,55.55,-24.45,39.01688430508193,610.87,4.4023076923076925,0.375,0.125,0.4375
2921450,Mirante,BA,Nordeste,0,75.69,-4.31,35.25652729596494,627.62,4.508,0.125,0.125,0.4375
2921500,Monte Santo,BA,Nordeste,2,50.26,-29.74,38.26710591527944,644.1,4.206206896551724,0.3780487804878049,0.0975609756097561,0.2682926829268293
2921609,Morpará,BA,Nordeste,2,63.92,-16.08,34.62218294299602,615.4,4.1325,0.18181818181818182,0.18181818181818182,0.6363636363636364
2921708,Morro Do Chapéu,BA,Nordeste,2,47.03,-32.97,31.538636535982405,858.19,4.291363636363636,0.3125,0.0625,0.22916666666666666
2921807,Mortugaba,BA,Nordeste,0,93.67,13.67,28.186528497409324,704.83,4.457777777777777,0.3125,0.0625,0.1875
2921906,Mucugê,BA,Nordeste,2,62.32,-17.68,36.14858945155073,1009.75,4.4188888888888895,0.21428571428571427,0.14285714285714285,0.6071428571428571
2922003,Mucuri,BA,Nordeste,2,61.24,-18.76,21.81903864278982,1134.46,4.58,0.5952380952380952,0.14285714285714285,0.40476190476190477
2922052,Mulungu Do Morro,BA,Nordeste,2,54.0,-26.0,40.353347842785816,619.03,4.40625,0.3125,0.125,0.125
2922102,Mundo Novo,BA,Nordeste,2,52.72,-27.28,40.66113137270117,747.97,4.346153846153846,0.3235294117647059,0.058823529411764705,0.5294117647058824
2922201,Muniz Ferreira,BA,Nordeste,0,67.35,-12.65,37.64294049008168,816.8,4.324,0.13333333333333333,0.06666666666666667,0.06666666666666667
2922250,Muquém Do São Francisco,BA,Nordeste,2,48.82,-31.18,39.21951219512195,658.83,4.260909090909091,0.3076923076923077,0.11538461538461539,0.5
2922300,Muritiba,BA,Nordeste,2,60.33,-19.67,36.97936691016276,936.11,4.375,0.36666666666666664,0.13333333333333333,0.13333333333333333
2922409,Mutuípe,BA,Nordeste,0,70.85,-9.15,35.48544637624536,713.0,4.548571428571429,0.21428571428571427,0.09523809523809523,0.5952380952380952
2922508,Nazaré,BA,Nordeste,2,39.7,-40.3,36.014967259120674,829.76,4.368461538461538,0.2727272727272727,0.15151515151515152,0.2727272727272727
2922607,Nilo Peçanha,BA,Nordeste,0,70.55,-9.45,39.33690458954683,700.48,4.2524999999999995,0.05263157894736842,0.02631578947368421,0.15789473684210525
2922656,Nordestina,BA,Nordeste,2,59.8,-20.2,38.08370340465617,571.72,4.182857142857143,0.09090909090909091,0.09090909090909091,0.18181818181818182
2922706,Nova Canaã,BA,Nordeste,2,49.53,-30.47,35.805535841022,828.75,4.402222222222223,0.05,0.1,0.25
2922730,Nova Fátima,BA,Nordeste,2,64.84,-15.16,35.79422737090124,865.88,4.325,0.2,0.26666666666666666,0.6666666666666666
2922755,Nova Ibiá,BA,Nordeste,2,47.15,-32.85,34.44857496902107,776.2,4.163333333333333,0.045454545454545456,0.18181818181818182,0.18181818181818182
2922805,Nova Itarana,BA,Nordeste,0,75.09,-4.91,39.65129358830146,639.57,4.244,0.3333333333333333,0.25,0.4166666666666667
2922854,Nova Redenção,BA,Nordeste,2,56.51,-23.49,37.03175895765472,678.6,4.3149999999999995,0.3333333333333333,0.1111111111111111,0.2222222222222222
2922904,Nova Soure,BA,Nordeste,2,55.7,-24.3,37.629566087640285,676.56,4.162,0.13636363636363635,0.09090909090909091,0.09090909090909091
2923001,Nova Viçosa,BA,Nordeste,2,64.65,-15.35,30.123032904148783,905.71,4.556111111111111,0.3191489361702128,0.19148936170212766,0.2127659574468085
2923035,Novo Horizonte,BA,Nordeste,0,86.51,6.51,36.511592200214956,637.13,4.723333333333334,0.5833333333333334,0.16666666666666666,0.75
2923050,Novo Triunfo,BA,Nordeste,2,58.54,-21.46,39.64241676942047,657.33,4.373333333333333,0.4,0.2,0.9
2923100,Olindina,BA,Nordeste,2,33.42,-46.58,38.59492446230558,659.41,4.173333333333334,0.5,0.15,0.25
2923209,Oliveira Dos Brejinhos,BA,Nordeste,2,58.91,-21.09,34.595333732159645,719.07,4.353846153846154,0.1111111111111111,0.2777777777777778,0.4444444444444444
2923308,Ouriçangas,BA,Nordeste,2,66.14,-13.86,37.8791233119327,721.96,4.1225000000000005,0.38461538461538464,0.15384615384615385,0.38461538461538464
2923357,Ourolândia,BA,Nordeste,2,52.24,-27.76,38.74073360931934,583.09,4.395555555555556,0.7142857142857143,0.2857142857142857,0.42857142857142855
2923407,Palmas De Monte Alto,BA,Nordeste,2,58.6,-21.4,31.09656301145663,776.26,4.388888888888889,0.35714285714285715,0.07142857142857142,0.39285714285714285
2923506,Palmeiras,BA,Nordeste,0,78.31,-1.69,39.16083916083916,932.17,4.632,0.45,0.05,0.25
2923605,Paramirim,BA,Nordeste,0,76.69,-3.31,35.373149994751756,985.08,4.655,0.18181818181818182,0.09090909090909091,0.25
2923704,Paratinga,BA,Nordeste,2,58.18,-21.82,41.79817792602181,652.63,4.348,0.33962264150943394,0.20754716981132076,0.3584905660377358
2923803,Paripiranga,BA,Nordeste,2,59.75,-20.25,37.60529482551143,777.04,4.24875,0.18181818181818182,0.0,0.6363636363636364
2923902,Pau Brasil,BA,Nordeste,2,63.69,-16.31,40.07740270909482,791.71,4.3500000000000005,0.23076923076923078,0.15384615384615385,0.3076923076923077
2924009,Paulo Afonso,BA,Nordeste,2,42.56,-37.44,34.11535529770475,1059.84,4.532727272727273,0.34408602150537637,0.17204301075268819,0.5698924731182796
2924058,Pé De Serra,BA,Nordeste,0,67.83,-12.17,38.06235839896429,757.86,4.28875,0.17391304347826086,0.043478260869565216,0.043478260869565216
2924108,Pedrão,BA,Nordeste,2,58.4,-21.6,38.85896180215475,706.81,4.326666666666667,0.08333333333333333,0.0,0.041666666666666664
2924207,Pedro Alexandre,BA,Nordeste,2,21.39,-58.61,40.823659480375895,609.45,3.9755555555555557,0.025,0.025,0.175
2924306,Piatã,BA,Nordeste,0,68.84,-11.16,30.48906196311992,790.79,4.553076923076923,0.3181818181818182,0.045454545454545456,0.36363636363636365
2924405,Pilão Arcado,BA,Nordeste,2,45.04,-34.96,41.67361963190184,514.71,3.8924000000000003,0.16071428571428573,0.03571428571428571,0.4642857142857143
2924504,Pindaí,BA,Nordeste,0,75.72,-4.28,30.99145530991455,780.64,4.494,0.3333333333333333,0.19047619047619047,0.2857142857142857
2924603,Pindobaçu,BA,Nordeste,2,45.32,-34.68,38.94642053129221,693.36,4.503636363636364,0.16666666666666666,0.16666666666666666,0.2777777777777778
2924652,Pintadas,BA,Nordeste,0,90.92,10.92,34.528224145035026,819.37,4.5175,0.16666666666666666,0.08333333333333333,0.4166666666666667
2924678,Piraí Do Norte,BA,Nordeste,2,48.81,-31.19,39.424904942965775,576.78,4.08,0.029411764705882353,0.0,0.14705882352941177
2924702,Piripá,BA,Nordeste,0,78.52,-1.48,31.255468066491687,716.89,4.66,0.25,0.08333333333333333,0.5833333333333334
2924801,Piritiba,BA,Nordeste,2,63.07,-16.93,40.68117313150425,741.19,4.246363636363636,0.44,0.08,0.84
2924900,Planaltino,BA,Nordeste,0,69.19,-10.81,30.961357210179074,696.59,4.3100000000000005,0.2857142857142857,0.07142857142857142,0.2857142857142857
2925006,Planalto,BA,Nordeste,2,60.32,-19.68,32.90103898017832,768.89,4.511818181818182,0.3,0.1,0.3333333333333333
2925105,Poções,BA,Nordeste,2,59.99,-20.01,33.30287106846394,793.11,4.503666666666667,0.22727272727272727,0.11363636363636363,0.4772727272727273
2925204,Pojuca,BA,Nordeste,2,68.97,-11.03,35.603566529492454,981.96,4.522666666666667,0.4642857142857143,0.21428571428571427,0.8928571428571429
2925253,Ponto Novo,BA,Nordeste,2,58.88,-21.12,40.27777777777778,629.55,4.415454545454545,0.06382978723404255,0.0425531914893617,0.0851063829787234
2925303,Porto Seguro,BA,Nordeste,2,58.1,-21.9,30.148903396171058,1293.05,4.631153846153846,0.2903225806451613,0.0967741935483871,0.3032258064516129
2925402,Potiraguá,BA,Nordeste,2,39.88,-40.12,40.61433447098976,857.35,4.459,0.4444444444444444,0.1111111111111111,0.1111111111111111
2925501,Prado,BA,Nordeste,2,54.1,-25.9,28.559924842303047,985.7,4.333043478260869,0.22641509433962265,0.09433962264150944,0.37735849056603776
2925600,Presidente Dutra,BA,Nordeste,2,54.79,-25.21,37.36468015308912,752.48,4.571818181818181,0.1111111111111111,0.2962962962962963,0.37037037037037035
2925709,Presidente Jânio Quadros,BA,Nordeste,2,62.46,-17.54,34.90696601568507,670.52,4.361666666666667,0.2777777777777778,0.05555555555555555,0.2777777777777778
2925758,Presidente Tancredo Neves,BA,Nordeste,2,47.11,-32.89,41.27016680339076,813.19,4.228,0.06521739130434782,0.043478260869565216,0.15217391304347827
2925808,Queimadas,BA,Nordeste,2,56.56,-23.44,39.18652099512966,662.08,4.333846153846154,0.26666666666666666,0.06666666666666667,0.43333333333333335
2925907,Quijingue,BA,Nordeste,2,54.74,-25.26,37.17054804071957,698.98,4.166363636363636,0.17647058823529413,0.11764705882352941,0.43137254901960786
2925931,Quixabeira,BA,Nordeste,0,75.63,-4.37,31.581838154522153,666.94,4.5125,0.125,0.08333333333333333,0.5833333333333334
2925956,Rafael Jambeiro,BA,Nordeste,2,53.26,-26.74,37.99949096462204,562.9,4.22,0.17857142857142858,0.10714285714285714,0.25
2926004,Remanso,BA,Nordeste,2,55.94,-24.06,36.06670341786108,802.97,4.26,0.1320754716981132,0.33962264150943394,0.6981132075471698
2926103,Retirolândia,BA,Nordeste,2,49.59,-30.41,38.23032759202972,765.41,4.478571428571429,0.25,0.125,0.25
2926202,Riachão Das Neves,BA,Nordeste,2,54.27,-25.73,36.827103184298394,697.01,4.524,0.11363636363636363,0.022727272727272728,0.1590909090909091
2926301,Riachão Do Jacuípe,BA,Nordeste,2,54.91,-25.09,34.327934072179595,934.18,4.327058823529412,0.4222222222222222,0.13333333333333333,0.2222222222222222
2926400,Riacho De Santana,BA,Nordeste,2,66.04,-13.96,32.38855442061828,720.89,4.381333333333333,0.36666666666666664,0.1,0.5
2926509,Ribeira Do Amparo,BA,Nordeste,2,51.91,-28.09,39.548022598870055,643.57,4.106363636363636,0.14285714285714285,0.0,0.14285714285714285
2926608,Ribeira Do Pombal,BA,Nordeste,2,59.14,-20.86,36.810876471687536,869.51,4.353928571428571,0.22413793103448276,0.1724137931034483,0.39655172413793105
2926657,Ribeirão Do Largo,BA,Nordeste,2,64.7,-15.3,36.384250669964956,677.52,4.445714285714286,0.15,0.0,0.2
2926707,Rio De Contas,BA,Nordeste,0,82.63,2.63,32.97633442736224,888.97,4.77375,0.4,0.26666666666666666,0.3333333333333333
2926806,Rio Do Antônio,BA,Nordeste,0,69.8,-10.2,35.15445838392014,723.78,4.614285714285714,0.21428571428571427,0.0,0.5
2926905,Rio Do Pires,BA,Nordeste,0,69.3,-10.7,28.205128205128204,739.04,4.509,0.21052631578947367,0.0,0.15789473684210525
2927002,Rio Real,BA,Nordeste,2,57.6,-22.4,33.30566938119197,749.58,4.078095238095238,0.16,0.12,0.24
2927101,Rodelas,BA,Nordeste,2,48.56,-31.44,45.85980036297641,697.59,4.550000000000001,0.375,0.0,0.1875
2927200,Ruy Barbosa,BA,Nordeste,2,52.8,-27.2,35.22956609485368,819.06,4.182666666666667,0.16326530612244897,0.20408163265306123,0.2653061224489796
2927309,Salinas Da Margarida,BA,Nordeste,2,62.84,-17.16,41.37769080234834,675.29,4.531538461538461,0.1724137931034483,0.034482758620689655,0.06896551724137931
2927408,Salvador,BA,Nordeste,2,50.32,-29.68,33.571830054554475,1770.35,4.520567226890757,0.45391061452513964,0.22625698324022347,0.5083798882681564
2927507,Santa Bárbara,BA,Nordeste,2,51.41,-28.59,37.61467889908257,722.28,4.225454545454546,0.3103448275862069,0.10344827586206896,0.7931034482758621
2927606,Santa Brígida,BA,Nordeste,2,57.57,-22.43,36.00887496737145,578.63,4.234285714285714,0.2,0.05,0.15
2927705,Santa Cruz Cabrália,BA,Nordeste,2,53.7,-26.3,33.911813857822345,1012.34,4.616470588235295,0.24324324324324326,0.05405405405405406,0.7837837837837838
2927804,Santa Cruz Da Vitória,BA,Nordeste,2,66.27,-13.73,34.06529904651835,739.82,4.413333333333333,0.125,0.375,0.75
2927903,Santa Inês,BA,Nordeste,0,69.96,-10.04,34.925568460657615,883.2,4.526666666666666,0.21428571428571427,0.14285714285714285,0.14285714285714285
2928000,Santaluz,BA,Nordeste,2,36.99,-43.01,36.57966669605855,750.53,4.362666666666667,0.2826086956521739,0.13043478260869565,0.2608695652173913
2928059,Santa Luzia,BA,Nordeste,2,41.33,-38.67,36.05700712589074,769.97,4.172,0.06666666666666667,0.0,0.16666666666666666
2928109,Santa Maria Da Vitória,BA,Nordeste,2,54.2,-25.8,35.07094248988125,954.86,4.282,0.2,0.2571428571428571,0.7428571428571429
2928208,Santana,BA,Nordeste,2,58.32,-21.68,32.38979931644904,777.82,4.302941176470589,0.1724137931034483,0.2413793103448276,0.5517241379310345
2928307,Santanópolis,BA,Nordeste,2,53.65,-26.35,38.95589248793935,741.39,4.416666666666667,0.10526315789473684,0.15789473684210525,0.15789473684210525
2928406,Santa Rita De Cássia,BA,Nordeste,2,64.71,-15.29,39.894461806445,771.05,4.3015384615384615,0.15555555555555556,0.3111111111111111,0.6666666666666666
2928505,Santa Terezinha,BA,Nordeste,2,48.36,-31.64,34.85657764589515,708.89,4.358333333333333,0.125,0.0,0.1875
2928604,Santo Amaro,BA,Nordeste,2,53.68,-26.32,38.834682337287944,787.73,4.402424242424242,0.34177215189873417,0.17721518987341772,0.26582278481012656
2928703,Santo Antônio De Jesus,BA,Nordeste,2,55.76,-24.24,31.401456960206154,1214.78,4.531290322580645,0.3448275862068966,0.12643678160919541,0.25287356321839083
2928802,Santo Estêvão,BA,Nordeste,2,44.37,-35.63,34.01732982713282,816.54,4.527200000000001,0.3541666666666667,0.08333333333333333,0.14583333333333334
2928901,São Desidério,BA,Nordeste,0,73.25,-6.75,36.69952390531751,921.65,4.473,0.25,0.11363636363636363,0.3181818181818182
2928950,São Domingos,BA,Nordeste,0,73.57,-6.43,37.1119389746319,842.87,4.5840000000000005,0.7272727272727273,0.45454545454545453,0.5454545454545454
2929008,São Félix,BA,Nordeste,2,45.0,-35.0,35.813782991202345,759.68,4.24,0.16666666666666666,0.1111111111111111,0.3333333333333333
2929057,São Félix Do Coribe,BA,Nordeste,2,63.83,-16.17,34.19591161526645,965.83,4.427777777777778,0.4666666666666667,0.2,0.4666666666666667
2929107,São Felipe,BA,Nordeste,2,49.8,-30.2,38.27251204179933,792.48,4.1535714285714285,0.2608695652173913,0.2608695652173913,0.782608695652174
2929206,São Francisco Do Conde,BA,Nordeste,2,43.03,-36.97,38.73848467757097,794.44,4.582173913043478,0.2413793103448276,0.08620689655172414,0.1724137931034483
2929255,São Gabriel,BA,Nordeste,2,57.09,-22.91,34.60715377560379,689.5,4.235,0.35714285714285715,0.14285714285714285,0.42857142857142855
2929305,São Gonçalo Dos Campos,BA,Nordeste,2,53.21,-26.79,30.444622910126306,898.41,4.3646666666666665,0.47058823529411764,0.08823529411764706,0.5
2929354,São José Da Vitória,BA,Nordeste,2,41.29,-38.71,35.72243779958914,764.56,4.26,0.1111111111111111,0.1111111111111111,0.1111111111111111
2929370,São José Do Jacuípe,BA,Nordeste,2,53.25,-26.75,35.6651376146789,711.0,4.386,0.42105263157894735,0.15789473684210525,0.2631578947368421
2929404,São Miguel Das Matas,BA,Nordeste,2,62.58,-17.42,36.01617052554208,871.05,4.373333333333334,0.375,0.0,0.5
2929503,São Sebastião Do Passé,BA,Nordeste,2,67.42,-12.58,32.815275310834814,884.62,4.4925,0.45454545454545453,0.06818181818181818,0.3409090909090909
2929602,Sapeaçu,BA,Nordeste,0,81.97,1.97,36.03401551256892,796.57,4.242,0.125,0.0625,0.15625
2929701,Sátiro Dias,BA,Nordeste,2,50.32,-29.68,37.88263762855414,665.74,4.247777777777778,0.24324324324324326,0.02702702702702703,0.40540540540540543
2929750,Saubara,BA,Nordeste,0,69.88,-10.12,38.68824737287112,728.12,4.361111111111111,0.045454545454545456,0.045454545454545456,0.36363636363636365
2929800,Saúde,BA,Nordeste,2,51.5,-28.5,40.6009144350098,828.22,4.384444444444444,0.1875,0.0625,0.25
2929909,Seabra,BA,Nordeste,2,63.96,-16.04,34.44061566735584,892.99,4.5056,0.41509433962264153,0.1509433962264151,0.4339622641509434
2930006,Sebastião Laranjeiras,BA,Nordeste,0,76.51,-3.49,34.91525423728813,723.55,4.574285714285715,0.5882352941176471,0.11764705882352941,0.35294117647058826
2930105,Senhor Do Bonfim,BA,Nordeste,2,46.97,-33.03,35.226499281554865,1035.85,4.423793103448276,0.2391304347826087,0.16304347826086957,0.4673913043478261
2930154,Serra Do Ramalho,BA,Nordeste,2,58.19,-21.81,33.5091857000993,748.4,4.4796,0.16981132075471697,0.018867924528301886,0.4528301886792453
2930204,Sento Sé,BA,Nordeste,2,44.05,-35.95,40.61080144269052,604.61,4.376153846153846,0.18840579710144928,0.057971014492753624,0.5797101449275363
2930303,Serra Dourada,BA,Nordeste,2,62.58,-17.42,32.333767926988266,736.13,4.3475,0.2857142857142857,0.14285714285714285,0.42857142857142855
2930402,Serra Preta,BA,Nordeste,2,47.95,-32.05,34.3311506080449,726.76,4.2275,0.3181818181818182,0.09090909090909091,0.22727272727272727
2930501,Serrinha,BA,Nordeste,2,33.15,-46.85,37.328412059884705,924.48,4.341304347826087,0.23809523809523808,0.1523809523809524,0.20952380952380953
2930600,Serrolândia,BA,Nordeste,2,49.1,-30.9,34.80291168795495,814.99,4.387142857142857,0.7272727272727273,0.18181818181818182,0.6363636363636364
2930709,Simões Filho,BA,Nordeste,2,57.44,-22.56,35.31900547829751,884.11,4.523559322033898,0.4766355140186916,0.40186915887850466,0.2523364485981308
2930758,Sítio Do Mato,BA,Nordeste,2,47.82,-32.18,40.57088744588744,626.52,4.204615384615384,0.15625,0.03125,0.09375
2930766,Sítio Do Quinto,BA,Nordeste,2,64.62,-15.38,40.05422374429224,654.99,4.188000000000001,0.5263157894736842,0.05263157894736842,0.15789473684210525
2930774,Sobradinho,BA,Nordeste,2,46.84,-33.16,32.37988247493951,846.24,4.555,0.19230769230769232,0.5,0.6538461538461539
2930808,Souto Soares,BA,Nordeste,2,62.78,-17.22,37.61837121212121,634.01,4.277272727272727,0.35,0.1,0.45
2930907,Tabocas Do Brejo Velho,BA,Nordeste,2,59.51,-20.49,31.76255707762557,655.88,4.25875,0.15,0.0,0.4
2931004,Tanhaçu,BA,Nordeste,0,72.08,-7.92,33.860612263887596,716.18,4.487692307692308,0.1111111111111111,0.037037037037037035,0.37037037037037035
2931053,Tanque Novo,BA,Nordeste,0,83.27,3.27,35.56738446648923,672.28,4.5600000000000005,0.30434782608695654,0.2608695652173913,0.5217391304347826
2931103,Tanquinho,BA,Nordeste,2,64.27,-15.73,36.85072531586336,789.95,4.42,0.4,0.0,0.1
2931202,Taperoá,BA,Nordeste,2,59.61,-20.39,40.226858416042134,725.65,4.24,0.06382978723404255,0.02127659574468085,0.0851063829787234
2931301,Tapiramutá,BA,Nordeste,2,58.56,-21.44,40.5141065830721,638.16,4.056666666666667,0.5217391304347826,0.391304347826087,0.6521739130434783
2931350,Teixeira De Freitas,BA,Nordeste,2,61.49,-18.51,24.08820548128598,1204.69,4.676153846153846,0.5726495726495726,0.15384615384615385,0.3247863247863248
2931400,Teodoro Sampaio,BA,Nordeste,2,52.33,-27.67,38.028996865203766,773.05,4.406000000000001,0.2222222222222222,0.1111111111111111,0.2222222222222222
2931509,Teofilândia,BA,Nordeste,2,44.51,-35.49,33.84196714938283,794.16,4.287857142857143,0.13333333333333333,0.1,0.3333333333333333
2931608,Teolândia,BA,Nordeste,0,78.0,-2.0,40.68822921281938,818.79,4.294444444444444,0.20833333333333334,0.0,0.16666666666666666
2931707,Terra Nova,BA,Nordeste,2,52.12,-27.88,38.258149157331715,797.69,4.3549999999999995,0.0,0.2777777777777778,0.16666666666666666
2931806,Tremedal,BA,Nordeste,0,75.13,-4.87,36.184716877405165,667.27,4.327777777777778,0.15151515151515152,0.030303030303030304,0.21212121212121213
2931905,Tucano,BA,Nordeste,2,60.77,-19.23,41.17984432609586,798.18,4.395714285714286,0.4444444444444444,0.09523809523809523,0.746031746031746
2932002,Uauá,BA,Nordeste,2,63.29,-16.71,36.831638161259164,701.98,4.416666666666667,0.2702702702702703,0.13513513513513514,0.5945945945945946
2932101,Ubaíra,BA,Nordeste,2,55.1,-24.9,36.68460303974322,759.87,4.33,0.21951219512195122,0.024390243902439025,0.2682926829268293
2932200,Ubaitaba,BA,Nordeste,2,54.99,-25.01,33.33333333333333,979.4,4.3925,0.14285714285714285,0.14285714285714285,0.17857142857142858
2932309,Ubatã,BA,Nordeste,2,58.52,-21.48,33.49919000231428,768.37,4.300909090909091,0.15384615384615385,0.07692307692307693,0.5
2932408,Uibaí,BA,Nordeste,2,59.6,-20.4,36.393404280201146,871.38,4.332222222222223,0.5,0.05,0.25
2932457,Umburanas,BA,Nordeste,2,43.52,-36.48,38.99585669022667,641.0,4.458,0.5714285714285714,0.21428571428571427,0.7142857142857143
2932507,Una,BA,Nordeste,2,66.3,-13.7,31.673881673881677,926.31,4.407,0.12,0.24,0.32
2932606,Urandi,BA,Nordeste,0,77.79,-2.21,34.648350358107315,970.15,4.647,0.2631578947368421,0.10526315789473684,0.631578947368421
2932705,Uruçuca,BA,Nordeste,2,35.27,-44.73,37.6817109369054,975.66,4.368571428571428,0.24242424242424243,0.09090909090909091,0.18181818181818182
2932804,Utinga,BA,Nordeste,2,62.37,-17.63,40.2370791844476,743.48,4.222222222222222,0.8260869565217391,0.043478260869565216,0.4782608695652174
2932903,Valença,BA,Nordeste,2,46.74,-33.26,35.61732211499691,935.55,4.35904761904762,0.15337423312883436,0.08588957055214724,0.2147239263803681
2933000,Valente,BA,Nordeste,2,68.27,-11.73,35.84989948626312,868.25,4.455333333333333,0.425,0.075,0.65
2933059,Várzea Da Roça,BA,Nordeste,2,60.21,-19.79,34.31673353788058,635.29,4.29,0.3181818181818182,0.045454545454545456,0.2727272727272727
2933109,Várzea Do Poço,BA,Nordeste,2,48.21,-31.79,37.903225806451616,759.52,4.346,0.25,0.16666666666666666,0.16666666666666666
2933158,Várzea Nova,BA,Nordeste,2,58.46,-21.54,38.60381188677117,676.06,4.366666666666666,0.7142857142857143,0.07142857142857142,0.21428571428571427
2933174,Varzedo,BA,Nordeste,0,84.12,4.12,37.871237791508875,679.67,4.258,0.4,0.2,0.5
2933208,Vera Cruz,BA,Nordeste,2,62.65,-17.35,39.81140323487167,953.76,4.5464,0.14285714285714285,0.125,0.5892857142857143
2933257,Vereda,BA,Nordeste,0,72.2,-7.8,32.073170731707314,798.6,4.6000000000000005,0.13333333333333333,0.26666666666666666,0.26666666666666666
2933307,Vitória Da Conquista,BA,Nordeste,2,62.12,-17.88,29.840601025559486,1310.93,4.679462365591398,0.24796747967479674,0.11788617886178862,0.23170731707317074
2933406,Wagner,BA,Nordeste,2,64.36,-15.64,34.25104993000467,680.62,4.29,0.4,0.1,0.2
2933455,Wanderley,BA,Nordeste,0,77.58,-2.42,31.22121645227886,803.96,4.486666666666667,0.14814814814814814,0.037037037037037035,0.2222222222222222
2933505,Wenceslau Guimarães,BA,Nordeste,2,50.2,-29.8,39.366439794975214,602.2,4.206666666666667,0.10869565217391304,0.021739130434782608,0.4782608695652174
2933604,Xique-Xique,BA,Nordeste,2,49.84,-30.16,40.05907516805867,761.53,4.295862068965517,0.18110236220472442,0.05511811023622047,0.6692913385826772
3100104,Abadia Dos Dourados,MG,Sudeste,0,90.44,10.44,25.87878787878788,1435.0,5.08,0.14285714285714285,0.14285714285714285,0.14285714285714285
3100203,Abaeté,MG,Sudeste,1,66.96,-13.04,26.170542635658915,1439.09,5.057142857142857,0.47368421052631576,0.5263157894736842,0.631578947368421
3100302,Abre Campo,MG,Sudeste,0,82.75,2.75,34.634266077565044,1100.72,4.966666666666666,0.23529411764705882,0.17647058823529413,0.23529411764705882
3100401,Acaiaca,MG,Sudeste,1,89.17,9.17,28.846153846153843,1142.1,4.915,0.5,0.6666666666666666,0.5
3100708,Água Comprida,MG,Sudeste,1,84.23,4.23,29.49526813880126,1631.86,5.425,1.0,0.5,0.5
3100807,Aguanil,MG,Sudeste,1,89.63,9.63,25.86623690572119,1383.44,5.183333333333334,0.5,0.16666666666666666,0.8333333333333334
3100906,Águas Formosas,MG,Sudeste,2,60.0,-20.0,35.56992724333064,991.23,4.552857142857143,0.5238095238095238,0.3333333333333333,0.2857142857142857
3101003,Águas Vermelhas,MG,Sudeste,0,75.48,-4.52,37.152188112344874,783.82,4.6762500000000005,0.42105263157894735,0.47368421052631576,0.42105263157894735
3101102,Aimorés,MG,Sudeste,1,73.88,-6.12,27.992207475952757,1341.42,5.013571428571429,0.5555555555555556,0.5555555555555556,0.5555555555555556
3101201,Aiuruoca,MG,Sudeste,1,95.15,15.15,14.984391259105099,1650.78,5.055,0.8333333333333334,0.16666666666666666,0.5
3101300,Alagoa,MG,Sudeste,1,90.32,10.32,36.18201997780244,1327.04,5.17,1.0,0.3333333333333333,1.0
3101409,Albertina,MG,Sudeste,1,77.98,-2.02,31.608391608391607,1222.92,5.205,0.25,0.5,0.75
3101508,Além Paraíba,MG,Sudeste,1,56.23,-23.77,26.968334449440352,1372.25,4.804615384615385,0.6,0.6666666666666666,0.4666666666666667
3101607,Alfenas,MG,Sudeste,1,76.61,-3.39,27.322535685105976,1745.37,5.21421052631579,0.6779661016949152,0.423728813559322,0.423728813559322
3101631,Alfredo Vasconcelos,MG,Sudeste,1,85.44,5.44,16.123076923076923,1133.93,5.513333333333333,0.7142857142857143,0.5714285714285714,0.8571428571428571
3101706,Almenara,MG,Sudeste,2,58.54,-21.46,31.302616609783847,1088.43,4.585,0.6,0.3,0.2
3101805,Alpercata,MG,Sudeste,1,68.82,-11.18,28.293736501079913,1077.73,5.05,0.8,0.4,0.3
3101904,Alpinópolis,MG,Sudeste,1,71.35,-8.65,22.57519432240622,1427.77,5.28,0.7142857142857143,0.35714285714285715,0.35714285714285715
3102001,Alterosa,MG,Sudeste,1,88.43,8.43,28.97743103928671,1244.79,5.152,0.7777777777777778,0.7777777777777778,0.7777777777777778
3102050,Alto Caparaó,MG,Sudeste,0,88.39,8.39,28.76297577854671,1118.1,5.013333333333333,0.25,0.25,0.5
3102100,Alto Rio Doce,MG,Sudeste,1,87.95,7.95,30.59855521155831,945.93,4.655,0.875,0.5,0.5
3102209,Alvarenga,MG,Sudeste,0,89.36,9.36,29.44472745797249,961.67,4.640000000000001,0.125,0.125,0.125
3102308,Alvinópolis,MG,Sudeste,1,78.89,-1.11,29.3627561360054,1234.09,4.865,0.45454545454545453,0.6363636363636364,0.5454545454545454
3102506,Amparo Do Serra,MG,Sudeste,0,75.32,-4.68,34.46437227338827,1119.78,4.645,0.8,0.2,0.2
3102605,Andradas,MG,Sudeste,1,79.13,-0.87,18.058284217419775,1827.75,5.272307692307693,0.3548387096774194,0.45161290322580644,0.5806451612903226
3102704,Cachoeira De Pajeú,MG,Sudeste,0,70.96,-9.04,35.574667709147775,704.82,4.476666666666667,0.5833333333333334,0.3333333333333333,0.25
3102803,Andrelândia,MG,Sudeste,1,67.4,-12.6,26.434277414669573,1272.14,5.077500000000001,0.75,0.375,0.375
3102852,Angelândia,MG,Sudeste,0,82.97,2.97,26.557583385777217,978.9,4.406666666666666,0.8,0.2,0.0
3102902,Antônio Carlos,MG,Sudeste,1,76.82,-3.18,28.745874587458747,1252.15,5.1883333333333335,0.3333333333333333,0.4166666666666667,0.5
3103009,Antônio Dias,MG,Sudeste,0,80.0,0.0,21.151026392961878,1006.48,4.9079999999999995,0.5,0.2222222222222222,0.2222222222222222
3103108,Antônio Prado De Minas,MG,Sudeste,1,93.33,13.33,25.443786982248522,1266.27,5.275,1.0,0.6666666666666666,1.0
3103207,Araçaí,MG,Sudeste,1,90.55,10.55,20.398773006134967,1095.05,4.529999999999999,0.5,0.5,0.5
3103306,Aracitaba,MG,Sudeste,1,76.22,-3.78,23.14814814814815,1076.41,4.845000000000001,1.0,1.0,1.0
3103405,Araçuaí,MG,Sudeste,2,57.31,-22.69,22.24100830003074,1140.9,4.515625,0.5909090909090909,0.36363636363636365,0.38636363636363635
3103504,Araguari,MG,Sudeste,1,72.16,-7.84,24.22629607727183,1693.43,5.140322580645161,0.4342105263157895,0.5394736842105263,0.5
3103603,Arantina,MG,Sudeste,2,46.88,-33.12,36.39075316927666,1178.03,4.965,0.75,0.5,0.5
3103702,Araponga,MG,Sudeste,0,85.0,5.0,28.796028134050477,835.2,4.6466666666666665,0.3333333333333333,0.3333333333333333,0.3333333333333333
3103751,Araporã,MG,Sudeste,1,79.46,-0.54,25.466200466200466,1606.42,5.125,0.42857142857142855,0.42857142857142855,0.5714285714285714
3103801,Arapuá,MG,Sudeste,1,96.77,16.77,23.66412213740458,1770.7,5.215,0.75,0.5,0.5
3103900,Araújos,MG,Sudeste,1,84.27,4.27,28.690629011553277,1655.99,5.21,1.0,0.5714285714285714,0.8571428571428571
3104007,Araxá,MG,Sudeste,1,85.42,5.42,22.8477597935726,1896.33,5.331935483870968,0.7209302325581395,0.5465116279069767,0.5116279069767442
3104106,Arceburgo,MG,Sudeste,1,85.32,5.32,20.014398848092153,1387.12,5.053333333333334,1.0,0.8,0.6
3104205,Arcos,MG,Sudeste,1,88.92,8.92,24.751112052531244,1485.29,5.305,0.48148148148148145,0.37037037037037035,0.25925925925925924
3104304,Areado,MG,Sudeste,1,93.84,13.84,25.239715434580884,1355.26,5.1,0.3,0.6,0.6
3104403,Argirita,MG,Sudeste,1,89.57,9.57,21.289752650176677,1184.26,4.73,1.0,0.6666666666666666,0.3333333333333333
3104452,Aricanduva,MG,Sudeste,0,91.56,11.56,32.60511129431162,936.92,4.295,0.16666666666666666,0.16666666666666666,0.3333333333333333
3104502,Arinos,MG,Sudeste,1,79.27,-0.73,27.87193973634652,1080.02,4.574,0.6206896551724138,0.4827586206896552,0.4827586206896552
3104601,Astolfo Dutra,MG,Sudeste,0,80.77,0.77,22.732919254658384,1207.03,5.031666666666667,0.4444444444444444,0.3333333333333333,0.0
3104700,Ataléia,MG,Sudeste,2,61.02,-18.98,31.276901004304158,850.69,4.492,0.5263157894736842,0.3684210526315789,0.42105263157894735
3104809,Augusto De Lima,MG,Sudeste,1,81.89,1.89,28.588304784406375,992.15,4.805,1.0,0.6666666666666666,0.6666666666666666
3104908,Baependi,MG,Sudeste,1,85.34,5.34,24.311044648579365,1268.97,4.921666666666667,0.6666666666666666,0.6666666666666666,0.6111111111111112
3105004,Baldim,MG,Sudeste,1,88.98,8.98,25.930059523809522,1121.88,4.832,0.8,0.4,0.4
3105103,Bambuí,MG,Sudeste,1,82.89,2.89,24.53416149068323,1499.46,5.145,1.0,0.5238095238095238,0.47619047619047616
3105202,Bandeira,MG,Sudeste,0,87.1,7.1,16.780045351473923,903.55,4.5633333333333335,0.3333333333333333,0.16666666666666666,0.16666666666666666
3105301,Bandeira Do Sul,MG,Sudeste,1,97.53,17.53,13.11619718309859,1440.33,5.295,1.0,0.6666666666666666,0.3333333333333333
3105400,Barão De Cocais,MG,Sudeste,1,78.21,-1.79,26.678693124874727,1539.77,5.26,0.6,0.32,0.24
3105509,Barão Do Monte Alto,MG,Sudeste,0,74.47,-5.53,26.347583643122675,1031.59,4.828,0.15384615384615385,0.15384615384615385,0.15384615384615385
3105608,Barbacena,MG,Sudeste,1,76.66,-3.34,24.83996120271581,1598.76,5.240769230769231,0.686046511627907,0.5,0.5930232558139535
3105707,Barra Longa,MG,Sudeste,2,40.0,-40.0,25.360230547550433,1180.3,5.01,0.6,0.1,0.3
3105905,Barroso,MG,Sudeste,1,85.73,5.73,27.543325836750892,1232.08,5.24,0.9,0.55,0.3
3106002,Bela Vista De Minas,MG,Sudeste,1,76.6,-3.4,25.699365908243195,1242.62,5.03,0.5,0.375,0.5
3106101,Belmiro Braga,MG,Sudeste,1,73.88,-6.12,11.921458625525947,1338.48,5.0,0.5,0.16666666666666666,0.3333333333333333
3106200,Belo Horizonte,MG,Sudeste,1,70.38,-9.62,27.429723226659803,2748.85,5.205927835051547,0.7663755458515283,0.42503639010189226,0.5676855895196506
3106309,Belo Oriente,MG,Sudeste,1,72.38,-7.62,24.172307692307694,958.65,5.06875,0.14285714285714285,0.5714285714285714,0.5
3106408,Belo Vale,MG,Sudeste,0,97.98,17.98,26.789131266743205,1300.7,4.923333333333333,0.36363636363636365,0.18181818181818182,0.2727272727272727
3106606,Bertópolis,MG,Sudeste,0,74.81,-5.19,35.02868068833652,697.84,4.7225,0.7142857142857143,0.2857142857142857,0.14285714285714285
3106655,Berizal,MG,Sudeste,0,80.49,0.49,36.96416022487702,764.89,4.46,0.2857142857142857,0.42857142857142855,0.2857142857142857
3106705,Betim,MG,Sudeste,1,64.48,-15.52,22.97922642010831,1399.69,5.2175,0.6776859504132231,0.5,0.5330578512396694
3106804,Bias Fortes,MG,Sudeste,0,81.33,1.33,31.210691823899374,1000.58,4.895,0.125,0.125,0.0
3106903,Bicas,MG,Sudeste,1,83.13,3.13,27.52641020530197,1467.66,5.072,0.8333333333333334,0.5,0.6666666666666666
3107000,Biquinhas,MG,Sudeste,1,96.43,16.43,29.679802955665025,1325.89,5.12,1.0,1.0,1.0
3107109,Boa Esperança,MG,Sudeste,1,72.32,-7.68,20.604768365962396,1439.58,5.062307692307693,0.8076923076923077,0.6923076923076923,0.5769230769230769
3107208,Bocaina De Minas,MG,Sudeste,0,74.01,-5.99,33.33333333333333,1391.48,5.06,0.16666666666666666,0.16666666666666666,0.3333333333333333
3107307,Bocaiúva,MG,Sudeste,1,72.66,-7.34,30.62545332812587,1035.32,4.67625,0.6190476190476191,0.38095238095238093,0.6190476190476191
3107406,Bom Despacho,MG,Sudeste,1,65.96,-14.04,28.27102803738318,1785.98,5.2215384615384615,0.9166666666666666,0.5555555555555556,0.5
3107505,Bom Jardim De Minas,MG,Sudeste,0,78.16,-1.84,25.79798863139484,1164.24,5.105,0.25,0.0,0.5
3107604,Bom Jesus Da Penha,MG,Sudeste,1,85.06,5.06,27.468879668049794,1448.73,4.97,1.0,0.6666666666666666,0.6666666666666666
3107703,Bom Jesus Do Amparo,MG,Sudeste,0,80.12,0.12,25.767543859649123,1079.93,5.023333333333333,0.5,0.375,0.125
3107802,Bom Jesus Do Galho,MG,Sudeste,2,55.48,-24.52,32.63174552935591,1035.37,4.841666666666667,0.5,0.7,0.5
3107901,Bom Repouso,MG,Sudeste,1,66.1,-13.9,29.517201503324657,1274.15,5.205,0.7777777777777778,0.5555555555555556,0.6666666666666666
3108008,Bom Sucesso,MG,Sudeste,1,80.64,0.64,11.998766193707588,1366.27,4.714,0.5333333333333333,0.4,0.4666666666666667
3108107,Bonfim,MG,Sudeste,1,59.63,-20.37,29.98324958123953,1304.77,5.095000000000001,1.0,0.4,0.2
3108206,Bonfinópolis De Minas,MG,Sudeste,1,67.37,-12.63,22.05340699815838,1492.57,5.033333333333333,1.0,0.5714285714285714,0.8571428571428571
3108255,Bonito De Minas,MG,Sudeste,2,66.21,-13.79,34.79809976247031,706.44,4.26375,0.3888888888888889,0.6666666666666666,0.6666666666666666
3108305,Borda Da Mata,MG,Sudeste,1,80.2,0.2,26.81367144432194,1531.54,5.264285714285714,0.5,0.6666666666666666,0.5833333333333334
3108404,Botelhos,MG,Sudeste,1,89.2,9.2,25.18323072412782,1402.29,5.064,0.625,0.4375,0.5
3108503,Botumirim,MG,Sudeste,0,82.0,2.0,31.876606683804624,760.09,4.2475000000000005,0.875,0.5,0.625
3108552,Brasilândia De Minas,MG,Sudeste,1,67.13,-12.87,30.47530288909599,1225.72,4.9,0.75,0.5,0.3333333333333333
3108602,Brasília De Minas,MG,Sudeste,0,83.96,3.96,31.045065417541593,922.51,4.481428571428571,0.6333333333333333,0.4,0.5333333333333333
3108701,Brás Pires,MG,Sudeste,0,97.2,17.2,33.22981366459628,926.17,4.69,0.3333333333333333,0.6666666666666666,0.6666666666666666
3108800,Braúnas,MG,Sudeste,0,93.33,13.33,31.177325581395348,847.02,4.755,0.5,0.5,0.5
3108909,Brazópolis,MG,Sudeste,1,83.09,3.09,16.012396694214875,1252.06,5.128181818181818,0.35714285714285715,0.8571428571428571,0.7142857142857143
3109006,Brumadinho,MG,Sudeste,1,77.86,-2.14,20.78876143832968,2128.23,5.434375,0.6785714285714286,0.5,0.7142857142857143
3109105,Bueno Brandão,MG,Sudeste,1,69.34,-10.66,14.58128078817734,1501.73,5.1499999999999995,0.3333333333333333,0.5,0.5
3109204,Buenópolis,MG,Sudeste,1,85.83,5.83,28.850931677018632,1087.41,4.695,0.5555555555555556,0.6666666666666666,0.6666666666666666
3109253,Bugre,MG,Sudeste,0,86.76,6.76,28.548034934497817,847.7,4.96,0.6,0.4,0.2
3109303,Buritis,MG,Sudeste,2,63.78,-16.22,22.470189257192867,1128.1,4.6925,0.6666666666666666,0.2,0.23333333333333334
3109402,Buritizeiro,MG,Sudeste,2,59.83,-20.17,34.44743532226708,923.83,4.572307692307692,0.5,0.43333333333333335,0.23333333333333334
3109451,Cabeceira Grande,MG,Sudeste,2,42.07,-37.93,28.856282919488336,1418.63,4.912000000000001,0.2857142857142857,0.5714285714285714,0.5714285714285714
3109501,Cabo Verde,MG,Sudeste,1,74.07,-5.93,16.03960396039604,1263.99,5.112,0.5454545454545454,0.6363636363636364,0.7272727272727273
3109600,Cachoeira Da Prata,MG,Sudeste,1,87.03,7.03,17.357001972386588,1394.94,5.225,1.0,0.6666666666666666,0.6666666666666666
3109709,Cachoeira De Minas,MG,Sudeste,1,84.67,4.67,17.56926952141058,1210.17,5.168333333333334,0.5555555555555556,0.8888888888888888,0.6666666666666666
3109808,Cachoeira Dourada,MG,Sudeste,1,90.0,10.0,17.664233576642335,1536.12,5.1850000000000005,0.3333333333333333,0.3333333333333333,0.0
3109907,Caetanópolis,MG,Sudeste,1,83.13,3.13,27.20754716981132,1269.47,5.17,0.7777777777777778,0.4444444444444444,0.7777777777777778
3110004,Caeté,MG,Sudeste,1,67.04,-12.96,28.05530194339377,1288.62,5.277777777777778,0.5151515151515151,0.5757575757575758,0.3333333333333333
3110103,Caiana,MG,Sudeste,2,61.76,-18.24,28.779979144942647,932.52,5.0,0.08333333333333333,0.0,0.08333333333333333
3110202,Cajuri,MG,Sudeste,1,65.48,-14.52,25.715800636267232,1007.83,5.016666666666667,1.0,0.6,0.6
3110301,Caldas,MG,Sudeste,1,78.24,-1.76,24.755905511811026,1496.53,5.3475,0.375,0.5,0.375
3110400,Camacho,MG,Sudeste,1,91.43,11.43,28.72727272727273,989.79,5.154999999999999,0.6666666666666666,0.6666666666666666,0.6666666666666666
3110509,Camanducaia,MG,Sudeste,1,73.53,-6.47,25.21382751247327,1544.47,5.177142857142857,0.9130434782608695,0.2608695652173913,0.2608695652173913
3110608,Cambuí,MG,Sudeste,1,81.6,1.6,22.698744769874477,1743.77,5.2909999999999995,0.4583333333333333,0.375,0.5
3110707,Cambuquira,MG,Sudeste,1,82.72,2.72,22.567179754761284,1375.16,5.032,0.36363636363636365,0.45454545454545453,0.45454545454545453
3110806,Campanário,MG,Sudeste,2,45.99,-34.01,31.07769423558897,957.55,4.7,0.25,0.25,0.25
3110905,Campanha,MG,Sudeste,1,69.49,-10.51,24.665637860082303,1448.88,5.0075,0.7142857142857143,0.5714285714285714,0.5
3111002,Campestre,MG,Sudeste,1,87.4,7.4,22.70610153702841,1278.69,5.156666666666667,0.5333333333333333,0.4,0.3333333333333333
3111101,Campina Verde,MG,Sudeste,1,65.9,-14.1,10.554493307839389,1558.18,5.18125,0.8333333333333334,0.5555555555555556,0.6111111111111112
3111150,Campo Azul,MG,Sudeste,0,86.94,6.94,37.44338198288878,831.73,4.456666666666667,0.25,0.125,0.375
3111200,Campo Belo,MG,Sudeste,1,86.6,6.6,25.768724343582996,1379.8,5.211666666666667,0.4482758620689655,0.5517241379310345,0.7241379310344828
3111309,Campo Do Meio,MG,Sudeste,1,73.07,-6.93,24.035346097201767,1167.47,5.043333333333334,0.7,0.2,0.1
3111408,Campo Florido,MG,Sudeste,1,56.14,-23.86,22.921914357682617,1420.61,5.09,1.0,0.3333333333333333,0.8333333333333334
3111507,Campos Altos,MG,Sudeste,1,77.37,-2.63,27.96467619848612,1463.9,5.2299999999999995,0.9230769230769231,0.46153846153846156,0.5384615384615384
3111606,Campos Gerais,MG,Sudeste,1,68.79,-11.21,20.8955223880597,1282.57,4.975,0.7894736842105263,0.5263157894736842,0.5789473684210527
3111705,Canaã,MG,Sudeste,0,96.97,16.97,31.791600212652842,999.28,4.825,0.3333333333333333,0.3333333333333333,0.3333333333333333
3111804,Canápolis,MG,Sudeste,1,92.91,12.91,17.06200582605077,1330.4,5.1175,0.625,0.25,0.375
3111903,Cana Verde,MG,Sudeste,1,85.38,5.38,24.116847826086957,1162.96,5.1899999999999995,0.3333333333333333,0.3333333333333333,0.3333333333333333
3112000,Candeias,MG,Sudeste,1,91.28,11.28,20.801364023870416,1219.12,5.12,0.3333333333333333,0.5555555555555556,0.7777777777777778
3112059,Cantagalo,MG,Sudeste,2,61.4,-18.6,27.989821882951656,940.19,4.744999999999999,0.5,0.16666666666666666,0.16666666666666666
3112109,Caparaó,MG,Sudeste,0,83.98,3.98,34.505494505494504,986.29,4.8825,0.2,0.2,0.2
3112208,Capela Nova,MG,Sudeste,0,79.33,-0.67,35.37953795379538,1032.86,5.0649999999999995,0.125,0.375,0.125
3112307,Capelinha,MG,Sudeste,1,74.5,-5.5,17.043792480426738,1211.15,4.693076923076923,0.696969696969697,0.36363636363636365,0.45454545454545453
3112406,Capetinga,MG,Sudeste,1,69.82,-10.18,29.43743937924345,1133.49,5.08,0.8,0.4,0.6
3112505,Capim Branco,MG,Sudeste,1,68.55,-11.45,26.69051878354204,1306.8,5.138333333333333,0.375,0.25,0.375
3112604,Capinópolis,MG,Sudeste,1,65.12,-14.88,22.13855421686747,1337.48,5.202,1.0,0.75,0.75
3112653,Capitão Andrade,MG,Sudeste,0,71.3,-8.7,29.469548133595286,1030.24,4.949999999999999,0.3333333333333333,0.3333333333333333,0.3333333333333333
3112703,Capitão Enéas,MG,Sudeste,0,70.33,-9.67,31.685044796691937,885.31,4.528888888888889,0.75,0.375,0.25
3112802,Capitólio,MG,Sudeste,1,78.94,-1.06,14.93273542600897,1679.34,5.336666666666666,0.4444444444444444,0.3333333333333333,0.6666666666666666
3112901,Caputira,MG,Sudeste,0,73.79,-6.21,32.70532823079188,1119.77,4.7620000000000005,0.36363636363636365,0.18181818181818182,0.09090909090909091
3113008,Caraí,MG,Sudeste,0,67.74,-12.26,33.018995015492386,710.86,4.216666666666667,0.28125,0.1875,0.09375
3113107,Caranaíba,MG,Sudeste,1,92.31,12.31,32.825322391559205,1026.51,4.835,0.2,0.4,1.0
3113206,Carandaí,MG,Sudeste,1,82.02,2.02,29.315413691726167,1152.8,5.09375,0.4444444444444444,0.3888888888888889,0.3888888888888889
3113305,Carangola,MG,Sudeste,2,61.47,-18.53,27.663780120481928,1342.69,4.8950000000000005,0.5,0.25,0.35
3113404,Caratinga,MG,Sudeste,1,74.56,-5.44,20.696937697993665,1369.59,4.876818181818182,0.42105263157894735,0.4342105263157895,0.39473684210526316
3113503,Carbonita,MG,Sudeste,1,79.7,-0.3,23.49416587827184,1075.86,4.903333333333333,0.6,0.3,0.6
3113602,Careaçu,MG,Sudeste,1,83.87,3.87,24.55056179775281,1366.57,5.29,0.6666666666666666,0.6666666666666666,0.6666666666666666
3113701,Carlos Chagas,MG,Sudeste,0,68.08,-11.92,26.67886808390821,1052.33,4.568181818181818,0.75,0.3,0.15
3113800,Carmésia,MG,Sudeste,1,79.65,-0.35,26.964933494558647,1123.38,4.779999999999999,0.42857142857142855,0.2857142857142857,0.7142857142857143
3113909,Carmo Da Cachoeira,MG,Sudeste,1,70.34,-9.66,23.991195891415995,1219.36,4.8825,0.7272727272727273,0.2727272727272727,0.2727272727272727
3114006,Carmo Da Mata,MG,Sudeste,1,86.37,6.37,25.47203420021375,1422.49,5.03,0.8333333333333334,0.6666666666666666,1.0
3114105,Carmo De Minas,MG,Sudeste,1,91.09,11.09,20.806506269061334,1189.7,5.038,0.5454545454545454,0.45454545454545453,0.5454545454545454
3114204,Carmo Do Cajuru,MG,Sudeste,1,82.14,2.14,20.469163828982218,1484.94,5.1066666666666665,0.9090909090909091,0.2727272727272727,0.4090909090909091
3114303,Carmo Do Paranaíba,MG,Sudeste,1,80.71,0.71,19.970916141541444,1498.4,5.194444444444445,0.76,0.36,0.32
3114402,Carmo Do Rio Claro,MG,Sudeste,1,78.7,-1.3,7.067224821472544,1360.13,5.192857142857143,0.625,0.25,0.375
3114501,Carmópolis De Minas,MG,Sudeste,1,88.08,8.08,25.857792476229847,1381.32,5.035714285714286,0.8333333333333334,0.5,0.75
3114550,Carneirinho,MG,Sudeste,1,78.06,-1.94,24.036896364622898,1588.77,5.201666666666667,0.7,0.6,0.8
3114600,Carrancas,MG,Sudeste,1,89.31,9.31,15.65217391304348,1610.15,5.135,1.0,0.3333333333333333,0.6666666666666666
3114709,Carvalhópolis,MG,Sudeste,1,92.86,12.86,21.03861517976032,1425.34,5.18,0.6666666666666666,1.0,0.6666666666666666
3114808,Carvalhos,MG,Sudeste,0,96.49,16.49,34.67391304347826,1190.33,5.0649999999999995,0.5,0.16666666666666666,0.16666666666666666
3114907,Casa Grande,MG,Sudeste,1,100.0,20.0,25.454545454545453,1418.0,4.93,0.5,1.0,1.0
3115003,Cascalho Rico,MG,Sudeste,0,86.51,6.51,27.417519908987487,1254.67,4.9366666666666665,0.42857142857142855,0.14285714285714285,0.42857142857142855
3115102,Cássia,MG,Sudeste,1,87.92,7.92,25.07903055848261,1332.07,5.199999999999999,0.5714285714285714,0.21428571428571427,0.6428571428571429
3115201,Conceição Da Barra De Minas,MG,Sudeste,1,85.2,5.2,32.685810810810814,1325.47,4.96,0.6666666666666666,0.6666666666666666,0.3333333333333333
3115300,Cataguases,MG,Sudeste,1,51.37,-28.63,22.12280916779017,1422.54,4.968095238095238,0.717391304347826,0.45652173913043476,0.5217391304347826
3115359,Catas Altas,MG,Sudeste,1,88.18,8.18,26.751918158567772,1448.8,5.386666666666667,0.6666666666666666,0.16666666666666666,0.16666666666666666
3115458,Catuji,MG,Sudeste,2,42.89,-37.11,32.380494835455195,827.43,4.5,0.3333333333333333,0.08333333333333333,0.16666666666666666
3115474,Catuti,MG,Sudeste,0,83.33,3.33,33.69679915582132,743.35,4.406000000000001,0.8571428571428571,0.42857142857142855,0.5714285714285714
3115508,Caxambu,MG,Sudeste,1,79.21,-0.79,25.95162986330179,1615.69,5.034285714285715,0.5882352941176471,0.5882352941176471,0.5882352941176471
3115706,Central De Minas,MG,Sudeste,1,85.56,5.56,28.310276679841895,1098.14,4.923333333333333,1.0,0.6666666666666666,0.3333333333333333
3115805,Centralina,MG,Sudeste,1,88.9,8.9,26.765676567656765,1367.47,5.0675,0.8333333333333334,0.3333333333333333,0.6666666666666666
3115904,Chácara,MG,Sudeste,1,54.86,-25.14,28.127696289905092,1295.5,5.105,0.6666666666666666,0.6666666666666666,0.3333333333333333
3116001,Chalé,MG,Sudeste,2,36.3,-43.7,35.78208832026413,950.59,4.7675,0.4375,0.4375,0.3125
3116100,Chapada Do Norte,MG,Sudeste,0,79.89,-0.11,29.69555035128806,981.72,4.361,0.6666666666666666,0.3333333333333333,0.3333333333333333
3116159,Chapada Gaúcha,MG,Sudeste,0,76.37,-3.63,35.268667131891135,1117.56,4.355555555555556,0.1,0.2,0.25
3116209,Chiador,MG,Sudeste,1,75.16,-4.84,21.208791208791208,1156.13,4.95,0.5714285714285714,0.7142857142857143,0.7142857142857143
3116308,Cipotânea,MG,Sudeste,0,90.91,10.91,29.960899315738025,824.01,4.865,0.3333333333333333,0.3333333333333333,0.6666666666666666
3116407,Claraval,MG,Sudeste,0,97.95,17.95,27.91696492483894,1209.49,5.333333333333333,0.2,0.2,0.2
3116506,Claro Dos Poções,MG,Sudeste,0,86.67,6.67,28.644240570846076,861.27,4.6125,0.7142857142857143,0.42857142857142855,0.42857142857142855
3116605,Cláudio,MG,Sudeste,1,87.01,7.01,21.706349206349206,1520.13,5.213636363636364,0.8947368421052632,0.6842105263157895,0.7894736842105263
3116704,Coimbra,MG,Sudeste,1,71.44,-8.56,23.601973684210524,1226.61,5.119999999999999,0.6666666666666666,0.6666666666666666,0.6666666666666666
3116803,Coluna,MG,Sudeste,0,81.36,1.36,32.12978775311052,955.24,4.516,0.25,0.3333333333333333,0.25
3116902,Comendador Gomes,MG,Sudeste,1,80.36,0.36,27.88353863381859,1482.71,4.99,0.3333333333333333,0.6666666666666666,0.6666666666666666
3117009,Comercinho,MG,Sudeste,0,82.11,2.11,33.93014382154388,761.43,4.336,0.42857142857142855,0.14285714285714285,0.21428571428571427
3117108,Conceição Da Aparecida,MG,Sudeste,1,89.51,9.51,15.828770532603285,1278.54,5.1475,0.75,0.375,0.75
3117207,Conceição Das Pedras,MG,Sudeste,1,85.71,5.71,34.441489361702125,1103.41,5.085,0.6666666666666666,0.6666666666666666,0.6666666666666666
3117306,Conceição Das Alagoas,MG,Sudeste,1,69.52,-10.48,24.36719934678642,1299.73,4.9799999999999995,0.9285714285714286,0.42857142857142855,0.35714285714285715
3117405,Conceição De Ipanema,MG,Sudeste,0,86.99,6.99,35.85002568053415,1040.28,4.67,0.6,0.3,0.3
3117504,Conceição Do Mato Dentro,MG,Sudeste,0,83.66,3.66,27.075985892914396,1246.56,4.728,0.5333333333333333,0.3,0.36666666666666664
3117603,Conceição Do Pará,MG,Sudeste,1,80.88,0.88,23.569951757408685,1380.89,5.1066666666666665,0.7142857142857143,0.42857142857142855,0.42857142857142855
3117702,Conceição Do Rio Verde,MG,Sudeste,1,79.11,-0.89,22.528089887640448,1256.41,5.046,0.7272727272727273,0.7272727272727273,0.5454545454545454
3117801,Conceição Dos Ouros,MG,Sudeste,1,80.41,0.41,20.738327904451683,1293.5,5.164,0.25,0.5,0.625
3117876,Confins,MG,Sudeste,1,76.23,-3.77,20.520231213872833,1569.68,5.22,1.0,0.3333333333333333,0.3333333333333333
3117900,Congonhal,MG,Sudeste,1,93.7,13.7,19.16,1442.78,5.13,0.4,0.4,0.6
3118007,Congonhas,MG,Sudeste,1,80.9,0.9,21.60088826082568,1419.41,5.22608695652174,0.9555555555555556,0.5777777777777777,0.7777777777777778
3118106,Congonhas Do Norte,MG,Sudeste,0,82.05,2.05,31.92942515651679,958.62,4.506666666666667,0.25,0.25,0.0
3118205,Conquista,MG,Sudeste,1,100.0,20.0,24.44653791804051,1504.91,5.04,0.6666666666666666,0.3333333333333333,0.3333333333333333
3118304,Conselheiro Lafaiete,MG,Sudeste,1,84.05,4.05,20.59953881629516,1650.12,5.297631578947368,0.6082474226804123,0.38144329896907214,0.3917525773195876
3118403,Conselheiro Pena,MG,Sudeste,1,60.08,-19.92,26.04053844963639,1260.69,4.805454545454546,0.7272727272727273,0.5454545454545454,0.45454545454545453
3118502,Consolação,MG,Sudeste,1,94.86,14.86,32.66187050359712,1271.89,5.0,1.0,0.3333333333333333,0.3333333333333333
3118601,Contagem,MG,Sudeste,1,67.34,-12.66,28.831569047285534,1662.86,5.232844036697248,0.8239202657807309,0.38870431893687707,0.6378737541528239
3118700,Coqueiral,MG,Sudeste,1,91.13,11.13,27.871362940275652,1177.95,5.003333333333333,0.2222222222222222,0.6666666666666666,0.8888888888888888
3118809,Coração De Jesus,MG,Sudeste,0,96.1,16.1,32.642924086223054,893.74,4.424375,0.7142857142857143,0.4523809523809524,0.5714285714285714
3118908,Cordisburgo,MG,Sudeste,0,96.63,16.63,30.8675799086758,1109.52,4.8525,0.42857142857142855,0.2857142857142857,0.7142857142857143
3119005,Cordislândia,MG,Sudeste,2,62.09,-17.91,31.75394846217789,1028.84,5.15,0.6666666666666666,0.3333333333333333,0.3333333333333333
3119104,Corinto,MG,Sudeste,1,78.81,-1.19,31.212892281594574,1046.63,4.674,0.7222222222222222,0.5555555555555556,0.7222222222222222
3119203,Coroaci,MG,Sudeste,0,69.05,-10.95,32.37026647966339,1144.81,4.8500000000000005,0.4375,0.375,0.375
3119302,Coromandel,MG,Sudeste,1,85.98,5.98,27.116212338593975,1675.41,5.088181818181818,0.42857142857142855,0.5357142857142857,0.5357142857142857
3119401,Coronel Fabriciano,MG,Sudeste,1,71.1,-8.9,22.71192544906136,1409.34,5.123333333333334,0.47368421052631576,0.6842105263157895,0.6140350877192983
3119500,Coronel Murta,MG,Sudeste,0,90.41,10.41,29.739596008761254,801.24,4.298,0.625,0.25,0.5
3119609,Coronel Pacheco,MG,Sudeste,2,48.21,-31.79,22.639068564036222,1116.26,5.033333333333333,0.75,0.25,0.25
3119708,Coronel Xavier Chaves,MG,Sudeste,1,78.52,-1.48,16.546762589928058,1530.2,5.335,0.5,1.0,1.0
3119807,Córrego Danta,MG,Sudeste,1,93.07,13.07,16.815476190476193,1524.19,5.010000000000001,0.8,0.2,0.2
3119906,Córrego Do Bom Jesus,MG,Sudeste,1,86.96,6.96,21.079691516709513,1580.09,5.495,0.75,0.5,0.75
3119955,Córrego Fundo,MG,Sudeste,1,98.34,18.34,9.640397857689365,1374.15,5.253333333333334,1.0,0.5,0.5
3120003,Córrego Novo,MG,Sudeste,2,61.1,-18.9,33.91304347826087,864.05,4.885,0.6666666666666666,0.3333333333333333,0.3333333333333333
3120102,Couto De Magalhães De Minas,MG,Sudeste,1,76.6,-3.4,28.226415094339625,989.82,4.693333333333333,0.8,0.4,0.4
3120151,Crisólita,MG,Sudeste,2,42.86,-37.14,34.73027195720017,796.13,4.3999999999999995,0.6666666666666666,0.6666666666666666,0.6666666666666666
3120201,Cristais,MG,Sudeste,1,86.35,6.35,20.809968847352025,1226.45,5.047499999999999,0.2,0.4,0.3
3120300,Cristália,MG,Sudeste,0,78.88,-1.12,37.56763720690544,740.25,4.573333333333333,0.5,0.3333333333333333,0.16666666666666666
3120409,Cristiano Otoni,MG,Sudeste,1,81.96,1.96,27.70780856423174,1022.92,5.316666666666666,0.8,0.6,0.6
3120508,Cristina,MG,Sudeste,1,87.87,7.87,27.91852955787382,1226.32,4.975,0.36363636363636365,0.8181818181818182,0.8181818181818182
3120607,Crucilândia,MG,Sudeste,1,95.93,15.93,23.20200125078174,1229.03,5.22,0.6666666666666666,0.6666666666666666,0.6666666666666666
3120706,Cruzeiro Da Fortaleza,MG,Sudeste,1,97.03,17.03,23.88797364085667,1557.31,5.140000000000001,0.7142857142857143,0.42857142857142855,0.5714285714285714
3120805,Cruzília,MG,Sudeste,1,73.68,-6.32,31.834101382488477,1260.02,5.146,0.7692307692307693,0.6153846153846154,0.46153846153846156
3120839,Cuparaque,MG,Sudeste,2,67.85,-12.15,32.24414303329223,1172.95,4.975,0.5714285714285714,0.2857142857142857,0.2857142857142857
3120870,Curral De Dentro,MG,Sudeste,2,63.84,-16.16,37.16433941997852,810.26,4.6825,0.625,0.5,0.125
3120904,Curvelo,MG,Sudeste,1,74.51,-5.49,26.733003237478574,1429.39,4.939333333333334,0.7230769230769231,0.6307692307692307,0.6923076923076923
3121001,Datas,MG,Sudeste,0,84.84,4.84,30.88336783988958,862.29,4.7875,0.7142857142857143,0.2857142857142857,0.2857142857142857
3121100,Delfim Moreira,MG,Sudeste,1,80.91,0.91,32.54288597376387,1261.35,5.077500000000001,0.375,0.625,0.75
3121209,Delfinópolis,MG,Sudeste,1,71.33,-8.67,20.524515393386544,1458.39,5.157500000000001,0.2727272727272727,0.18181818181818182,0.18181818181818182
3121258,Delta,MG,Sudeste,1,59.17,-20.83,33.692031770433,1021.95,5.036666666666666,0.8,0.6,0.6
3121308,Descoberto,MG,Sudeste,1,79.77,-0.23,27.138783269961976,1143.37,5.145,0.5,0.25,0.25
3121407,Desterro De Entre Rios,MG,Sudeste,1,90.56,10.56,21.826625386996902,1120.94,5.095,1.0,0.4,0.3
3121506,Desterro Do Melo,MG,Sudeste,1,100.0,20.0,29.664660361135,928.67,5.01,0.6666666666666666,0.3333333333333333,0.6666666666666666
3121605,Diamantina,MG,Sudeste,1,74.35,-5.65,24.604325238613022,1544.4,4.858181818181818,0.875,0.575,0.775
3121704,Diogo De Vasconcelos,MG,Sudeste,0,96.8,16.8,28.636363636363637,920.07,4.83,0.14285714285714285,0.42857142857142855,0.5714285714285714
3121803,Dionísio,MG,Sudeste,1,69.95,-10.05,30.387409200968523,1053.51,4.9725,0.8,0.8,0.8
3121902,Divinésia,MG,Sudeste,1,82.04,2.04,26.55367231638418,1282.56,5.025,1.0,1.0,1.0
3122009,Divino,MG,Sudeste,1,75.06,-4.94,27.226820030859866,1200.86,4.795714285714285,0.5714285714285714,0.38095238095238093,0.23809523809523808
3122108,Divino Das Laranjeiras,MG,Sudeste,2,59.29,-20.71,30.483091787439616,1015.31,4.92,0.625,0.375,0.125
3122207,Divinolândia De Minas,MG,Sudeste,0,82.4,2.4,33.71911166718799,913.25,4.8775,0.2857142857142857,0.5714285714285714,0.42857142857142855
3122306,Divinópolis,MG,Sudeste,1,71.87,-8.13,21.084148255463,1835.09,5.3001851851851844,0.5037037037037037,0.4444444444444444,0.48148148148148145
3122355,Divisa Alegre,MG,Sudeste,1,73.58,-6.42,32.289681459297576,846.99,4.72,0.6666666666666666,0.6666666666666666,1.0
3122405,Divisa Nova,MG,Sudeste,1,90.53,10.53,22.435897435897438,1160.89,5.02,0.8,0.6,0.4
3122454,Divisópolis,MG,Sudeste,2,67.8,-12.2,38.93436045578559,721.76,4.605,0.75,0.25,0.875
3122470,Dom Bosco,MG,Sudeste,1,69.72,-10.28,24.37037037037037,1136.6,4.983333333333333,0.8333333333333334,0.16666666666666666,0.16666666666666666
3122504,Dom Cavati,MG,Sudeste,1,87.1,7.1,19.12087912087912,1192.51,5.1499999999999995,0.3333333333333333,1.0,1.0
3122702,Dom Silvério,MG,Sudeste,1,76.37,-3.63,27.53433616742969,1266.36,5.16,1.0,0.75,0.75
3122801,Dom Viçoso,MG,Sudeste,0,100.0,20.0,28.331332533013203,1209.15,5.220000000000001,0.25,0.25,0.25
3122900,Dona Euzébia,MG,Sudeste,1,89.2,9.2,24.384909786768727,1113.39,5.0325,0.4,0.4,0.8
3123007,Dores De Campos,MG,Sudeste,1,76.2,-3.8,21.926427879961278,1188.87,5.26,0.75,0.625,0.625
3123106,Dores De Guanhães,MG,Sudeste,1,71.19,-8.81,33.412210127780405,860.08,4.641666666666667,0.7142857142857143,0.5714285714285714,0.42857142857142855
3123205,Dores Do Indaiá,MG,Sudeste,1,71.22,-8.78,17.395626242544733,1495.21,5.0200000000000005,0.8888888888888888,0.4444444444444444,0.6666666666666666
3123304,Dores Do Turvo,MG,Sudeste,1,85.76,5.76,28.333333333333332,1239.11,4.925000000000001,0.25,0.5,0.75
3123403,Doresópolis,MG,Sudeste,1,100.0,20.0,28.604651162790695,1181.2,5.1899999999999995,1.0,0.6666666666666666,0.6666666666666666
3123528,Durandé,MG,Sudeste,0,85.97,5.97,34.66386554621849,1202.37,4.6466666666666665,0.4,0.4,0.5
3123601,Elói Mendes,MG,Sudeste,1,72.83,-7.17,25.503685503685503,1354.11,5.168333333333334,0.8421052631578947,0.5263157894736842,0.2631578947368421
3123700,Engenheiro Caldas,MG,Sudeste,1,73.92,-6.08,26.889877059900602,968.64,4.8925,0.8333333333333334,0.6666666666666666,0.6666666666666666
3123809,Engenheiro Navarro,MG,Sudeste,0,78.42,-1.58,32.15547703180212,907.19,4.906666666666667,0.25,0.5,0.25
3123858,Entre Folhas,MG,Sudeste,1,75.56,-4.44,31.319554848966614,953.02,4.89,1.0,0.3333333333333333,0.3333333333333333
3123908,Entre Rios De Minas,MG,Sudeste,1,89.88,9.88,24.392412566686424,1410.08,5.175,0.6428571428571429,0.5,0.5
3124005,Ervália,MG,Sudeste,1,79.9,-0.1,23.547455792132805,1238.49,4.835,0.5,0.5,0.55
3124104,Esmeraldas,MG,Sudeste,1,65.74,-14.26,30.052580208431724,1207.13,5.076296296296296,0.8333333333333334,0.3333333333333333,0.3333333333333333
3124203,Espera Feliz,MG,Sudeste,1,74.56,-5.44,26.189813526301144,1138.4,4.777777777777778,0.5714285714285714,0.35714285714285715,0.35714285714285715
3124302,Espinosa,MG,Sudeste,0,83.0,3.0,32.833344853805215,886.68,4.505,0.5641025641025641,0.6153846153846154,0.6153846153846154
3124401,Espírito Santo Do Dourado,MG,Sudeste,2,61.66,-18.34,35.35528596187175,1278.49,4.7459999999999996,0.3333333333333333,0.16666666666666666,0.5
3124500,Estiva,MG,Sudeste,1,85.37,5.37,23.60774818401937,1161.12,5.255,0.3333333333333333,0.3333333333333333,0.1111111111111111
3124609,Estrela Dalva,MG,Sudeste,0,93.79,13.79,28.044280442804425,988.21,4.895,0.6666666666666666,0.3333333333333333,0.0
3124708,Estrela Do Indaiá,MG,Sudeste,1,83.22,3.22,16.693418940609952,1427.99,4.9350000000000005,1.0,0.3333333333333333,0.3333333333333333
3124807,Estrela Do Sul,MG,Sudeste,1,79.96,-0.04,26.40198511166253,1511.39,5.294,0.3,0.4,0.4
3124906,Eugenópolis,MG,Sudeste,1,67.87,-12.13,28.9179548156956,1160.5,5.053333333333334,0.8181818181818182,0.5454545454545454,0.7272727272727273
3125002,Ewbank Da Câmara,MG,Sudeste,1,74.29,-5.71,29.51566951566952,991.7,4.783333333333333,0.75,0.5,0.25
3125101,Extrema,MG,Sudeste,1,74.91,-5.09,18.278644432490587,1657.54,5.319166666666667,0.25,0.5555555555555556,0.6666666666666666
3125200,Fama,MG,Sudeste,1,100.0,20.0,25.848142164781905,1435.88,5.380000000000001,0.25,0.75,0.75
3125309,Faria Lemos,MG,Sudeste,1,69.72,-10.28,33.40094658553077,1089.64,4.62,0.6,0.8,0.4
3125408,Felício Dos Santos,MG,Sudeste,1,76.54,-3.46,28.281250000000004,879.1,4.58,1.0,0.5,0.5
3125507,São Gonçalo Do Rio Preto,MG,Sudeste,1,100.0,20.0,26.90935046395432,1029.69,4.96,0.6666666666666666,0.6666666666666666,0.6666666666666666
3125606,Felisburgo,MG,Sudeste,0,68.9,-11.1,31.656321463573995,906.32,4.3999999999999995,0.4444444444444444,0.2222222222222222,0.1111111111111111
3125705,Felixlândia,MG,Sudeste,1,74.5,-5.5,23.444070647603027,1319.2,4.87875,0.7142857142857143,0.21428571428571427,0.2857142857142857
3125804,Fernandes Tourinho,MG,Sudeste,1,80.13,0.13,20.907297830374755,1036.92,4.825,0.6666666666666666,0.3333333333333333,0.3333333333333333
3125903,Ferros,MG,Sudeste,1,100.0,20.0,27.729430379746834,1059.57,4.68,0.8947368421052632,0.47368421052631576,0.8421052631578947
3125952,Fervedouro,MG,Sudeste,1,84.04,4.04,25.74284920855318,944.84,4.6025,0.75,0.5,0.3125
3126000,Florestal,MG,Sudeste,1,85.82,5.82,21.49532710280374,1858.14,5.445,0.8333333333333334,0.3333333333333333,0.16666666666666666
3126109,Formiga,MG,Sudeste,1,84.33,4.33,17.629274395329443,1636.39,5.265263157894737,0.7916666666666666,0.25,0.2916666666666667
3126208,Formoso,MG,Sudeste,0,81.52,1.52,32.72478320401643,959.33,4.74,0.5714285714285714,0.14285714285714285,0.14285714285714285
3126307,Fortaleza De Minas,MG,Sudeste,1,81.58,1.58,23.39688041594454,1390.27,5.25,0.3333333333333333,0.6666666666666666,0.6666666666666666
3126406,Fortuna De Minas,MG,Sudeste,1,84.87,4.87,26.80221811460259,1481.31,4.9350000000000005,0.75,0.25,0.25
3126505,Francisco Badaró,MG,Sudeste,0,86.67,6.67,29.691480328332865,945.37,4.24,0.25,0.1875,0.25
3126604,Francisco Dumont,MG,Sudeste,1,80.35,0.35,32.869565217391305,895.8,4.836666666666667,1.0,0.4,0.4
3126703,Francisco Sá,MG,Sudeste,2,61.63,-18.37,33.28272905876049,904.49,4.478571428571429,0.5384615384615384,0.38461538461538464,0.34615384615384615
3126752,Franciscópolis,MG,Sudeste,0,84.25,4.25,30.59154929577465,746.03,4.416666666666667,0.3333333333333333,0.3333333333333333,0.16666666666666666
3126802,Frei Gaspar,MG,Sudeste,0,68.21,-11.79,34.1237495368655,814.37,4.6375,0.5,0.3333333333333333,0.3333333333333333
3126901,Frei Inocêncio,MG,Sudeste,2,56.84,-23.16,29.05053251756175,913.56,4.995,0.875,0.25,0.375
3126950,Frei Lagonegro,MG,Sudeste,0,87.1,7.1,35.96491228070175,894.84,4.466666666666667,0.5,0.16666666666666666,0.16666666666666666
3127008,Fronteira,MG,Sudeste,1,81.25,1.25,24.697802197802197,1354.64,5.1160000000000005,0.35714285714285715,0.35714285714285715,0.42857142857142855
3127057,Fronteira Dos Vales,MG,Sudeste,0,77.71,-2.29,41.84069936862554,831.76,4.6499999999999995,0.16666666666666666,0.16666666666666666,0.3333333333333333
3127073,Fruta De Leite,MG,Sudeste,0,72.53,-7.47,27.73382968822708,672.44,4.1,0.4,0.2,0.8
3127107,Frutal,MG,Sudeste,1,70.41,-9.59,20.480916030534353,1600.24,5.155555555555555,0.8529411764705882,0.4117647058823529,0.47058823529411764
3127206,Funilândia,MG,Sudeste,1,93.69,13.69,27.066356228172296,1229.5,4.920000000000001,1.0,0.6,0.4
3127305,Galiléia,MG,Sudeste,1,70.16,-9.84,27.24588781105019,1147.43,5.0649999999999995,0.7142857142857143,0.2857142857142857,0.42857142857142855
3127339,Gameleiras,MG,Sudeste,0,82.72,2.72,31.258941344778258,723.32,4.48,0.3076923076923077,0.15384615384615385,0.46153846153846156
3127354,Glaucilândia,MG,Sudeste,0,80.77,0.77,25.129342202512934,894.79,4.7250000000000005,0.7142857142857143,0.2857142857142857,0.2857142857142857
3127370,Goiabeira,MG,Sudeste,1,82.13,2.13,32.40924092409241,1272.17,4.975,1.0,0.6666666666666666,0.3333333333333333
3127388,Goianá,MG,Sudeste,1,69.22,-10.78,20.88565763384005,1384.47,5.165,0.75,0.5,0.5
3127404,Gonçalves,MG,Sudeste,1,73.79,-6.21,19.71631205673759,1786.45,5.3100000000000005,1.0,0.6666666666666666,0.6666666666666666
3127503,Gonzaga,MG,Sudeste,1,98.33,18.33,26.860841423948216,866.16,4.786666666666667,0.8571428571428571,0.42857142857142855,0.5714285714285714
3127602,Gouveia,MG,Sudeste,1,92.52,12.52,22.64910354921332,1051.14,4.781428571428571,0.8333333333333334,0.3333333333333333,0.25
3127701,Governador Valadares,MG,Sudeste,1,71.88,-8.12,20.77922077922078,1605.1,5.007846153846153,0.5923566878980892,0.6878980891719745,0.6815286624203821
3127800,Grão Mogol,MG,Sudeste,0,83.02,3.02,30.627598495347456,904.97,4.5425,0.38095238095238093,0.38095238095238093,0.2857142857142857
3128006,Guanhães,MG,Sudeste,1,80.63,0.63,31.766775571751698,1379.63,4.884166666666666,0.6153846153846154,0.5,0.38461538461538464
3128105,Guapé,MG,Sudeste,1,77.54,-2.46,22.584312239484653,1354.23,5.128333333333334,0.9,0.6,0.9
3128204,Guaraciaba,MG,Sudeste,0,90.91,10.91,30.629739531816686,939.25,4.818,0.625,0.5,0.25
3128253,Guaraciama,MG,Sudeste,0,78.63,-1.37,33.299284984678245,925.01,4.654999999999999,0.6666666666666666,0.3333333333333333,0.3333333333333333
3128303,Guaranésia,MG,Sudeste,1,59.72,-20.28,21.8422674060382,1386.82,5.156000000000001,0.8333333333333334,0.5,0.5
3128402,Guarani,MG,Sudeste,1,82.24,2.24,25.222419928825623,1345.45,4.865,0.8333333333333334,0.8333333333333334,0.6666666666666666
3128501,Guarará,MG,Sudeste,1,90.21,10.21,28.673835125448026,1219.41,5.154999999999999,1.0,0.6666666666666666,0.6666666666666666
3128600,Guarda-Mor,MG,Sudeste,1,68.44,-11.56,23.737373737373737,1829.31,5.14,0.8571428571428571,0.8571428571428571,0.5714285714285714
3128709,Guaxupé,MG,Sudeste,1,75.02,-4.98,21.123075374861628,1699.14,5.015,0.7878787878787878,0.5151515151515151,0.6060606060606061
3128808,Guidoval,MG,Sudeste,1,74.12,-5.88,29.74182444061962,1330.9,5.016666666666667,0.8,0.4,0.6
3128907,Guimarânia,MG,Sudeste,1,86.23,6.23,27.668097281831187,1410.72,5.036666666666666,0.7142857142857143,0.42857142857142855,0.5714285714285714
3129004,Guiricema,MG,Sudeste,1,84.66,4.66,27.36013986013986,1232.23,4.8999999999999995,1.0,0.75,1.0
3129103,Gurinhatã,MG,Sudeste,2,19.05,-60.95,27.361899845121325,1863.32,5.109999999999999,1.0,0.3333333333333333,0.16666666666666666
3129202,Heliodora,MG,Sudeste,1,83.61,3.61,19.784172661870503,1086.85,5.175,0.75,0.5,0.5
3129301,Iapu,MG,Sudeste,0,81.86,1.86,25.945671490225948,1057.55,4.89,0.5,0.25,0.125
3129400,Ibertioga,MG,Sudeste,1,77.44,-2.56,28.454332552693206,1060.87,4.975,0.6666666666666666,0.6666666666666666,0.3333333333333333
3129509,Ibiá,MG,Sudeste,1,70.04,-9.96,28.75966268446943,1577.5,5.133333333333334,0.6956521739130435,0.17391304347826086,0.2608695652173913
3129608,Ibiaí,MG,Sudeste,0,72.73,-7.27,33.91424619640387,774.15,4.57,0.9090909090909091,0.45454545454545453,0.5454545454545454
3129657,Ibiracatu,MG,Sudeste,0,73.17,-6.83,28.650442477876105,702.48,4.3275,0.2727272727272727,0.36363636363636365,0.36363636363636365
3129707,Ibiraci,MG,Sudeste,1,68.17,-11.83,30.743449116392448,1255.07,5.292,0.8,0.3,0.4
3129806,Ibirité,MG,Sudeste,1,64.45,-15.55,24.92354740061162,1185.48,5.157142857142857,0.5189873417721519,0.4050632911392405,0.31645569620253167
3129905,Ibitiúra De Minas,MG,Sudeste,1,69.08,-10.92,22.838709677419356,1530.84,5.185,0.6666666666666666,0.3333333333333333,0.0
3130002,Ibituruna,MG,Sudeste,1,79.07,-0.93,24.969097651421507,1286.16,4.949999999999999,1.0,0.6666666666666666,1.0
3130051,Icaraí De Minas,MG,Sudeste,0,77.48,-2.52,33.10995284189625,664.71,4.3566666666666665,0.47368421052631576,0.42105263157894735,0.2631578947368421
3130101,Igarapé,MG,Sudeste,1,75.1,-4.9,26.56459330143541,1434.96,5.183333333333334,0.6060606060606061,0.2727272727272727,0.36363636363636365
3130200,Igaratinga,MG,Sudeste,1,74.85,-5.15,13.99642644431209,1150.85,5.155,0.25,0.625,0.5
3130309,Iguatama,MG,Sudeste,1,81.83,1.83,23.298429319371728,1573.9,5.126666666666667,0.8571428571428571,0.14285714285714285,0.42857142857142855
3130408,Ijaci,MG,Sudeste,1,77.92,-2.08,28.68217054263566,1167.67,5.213333333333334,0.2,0.6,0.4
3130507,Ilicínea,MG,Sudeste,1,70.97,-9.03,24.84224510129525,1201.48,5.146666666666667,1.0,0.6666666666666666,0.5
3130556,Imbé De Minas,MG,Sudeste,0,98.17,18.17,35.3106462691227,854.21,4.98,0.2727272727272727,0.09090909090909091,0.0
3130606,Inconfidentes,MG,Sudeste,1,88.02,8.02,23.076923076923077,1353.68,5.2475000000000005,0.6666666666666666,0.6666666666666666,0.6666666666666666
3130655,Indaiabira,MG,Sudeste,0,83.11,3.11,34.724799010513294,751.52,4.363333333333333,0.6666666666666666,0.25,0.25
3130705,Indianópolis,MG,Sudeste,1,63.25,-16.75,24.405218726016884,1534.43,5.29,1.0,0.3333333333333333,0.8333333333333334
3130804,Ingaí,MG,Sudeste,1,92.55,12.55,25.667655786350146,1349.36,5.06,0.6666666666666666,0.3333333333333333,0.3333333333333333
3130903,Inhapim,MG,Sudeste,0,83.51,3.51,32.71276595744681,1150.02,4.9125000000000005,0.6052631578947368,0.3157894736842105,0.23684210526315788
3131000,Inhaúma,MG,Sudeste,1,66.93,-13.07,30.207013096746937,1288.32,5.025,1.0,0.3333333333333333,0.6666666666666666
3131109,Inimutaba,MG,Sudeste,2,63.6,-16.4,24.005837285662167,989.42,4.605,0.3333333333333333,0.16666666666666666,0.16666666666666666
3131158,Ipaba,MG,Sudeste,1,73.03,-6.97,23.375314861460957,994.21,4.914285714285714,0.7142857142857143,0.2857142857142857,0.6428571428571429
3131208,Ipanema,MG,Sudeste,1,84.62,4.62,28.736169549633782,1163.65,5.055,0.9230769230769231,0.8461538461538461,0.8461538461538461
3131307,Ipatinga,MG,Sudeste,1,68.15,-11.85,26.233787932582864,1763.63,5.231,0.7103448275862069,0.3793103448275862,0.5103448275862069
3131406,Ipiaçu,MG,Sudeste,1,79.59,-0.41,29.592518370073478,1429.29,5.095000000000001,0.75,0.25,0.5
3131505,Ipuiúna,MG,Sudeste,1,75.97,-4.03,11.295503211991436,1406.05,5.0600000000000005,0.2857142857142857,0.42857142857142855,0.42857142857142855
3131604,Iraí De Minas,MG,Sudeste,1,79.12,-0.88,20.286609941782356,1468.5,5.015000000000001,0.5555555555555556,0.3333333333333333,0.2222222222222222
3131703,Itabira,MG,Sudeste,1,75.02,-4.98,22.381717960496093,1619.03,5.1770000000000005,0.8023255813953488,0.627906976744186,0.5813953488372093
3131802,Itabirinha,MG,Sudeste,0,82.44,2.44,32.03863542951089,1040.93,4.875,0.42857142857142855,0.2857142857142857,0.2857142857142857
3131901,Itabirito,MG,Sudeste,1,85.16,5.16,25.613458133063492,1629.67,5.270588235294118,0.5,0.4318181818181818,0.5454545454545454
3132008,Itacambira,MG,Sudeste,0,100.0,20.0,32.94710327455919,831.2,4.273333333333333,0.6666666666666666,0.8333333333333334,0.6666666666666666
3132107,Itacarambi,MG,Sudeste,0,74.4,-5.6,32.97631048387097,765.85,4.387142857142857,0.5,0.3181818181818182,0.22727272727272727
3132206,Itaguara,MG,Sudeste,1,92.01,12.01,19.32483637616259,1429.51,5.232,1.0,0.6,0.9
3132305,Itaipé,MG,Sudeste,2,62.57,-17.43,37.465103294249026,757.17,4.545,0.38461538461538464,0.3076923076923077,0.46153846153846156
3132404,Itajubá,MG,Sudeste,1,81.13,1.13,23.467022139793674,1765.13,5.202413793103449,0.4074074074074074,0.4567901234567901,0.5802469135802469
3132503,Itamarandiba,MG,Sudeste,0,81.26,1.26,28.420099592575827,1041.12,4.601333333333333,0.39473684210526316,0.3157894736842105,0.2631578947368421
3132602,Itamarati De Minas,MG,Sudeste,1,75.25,-4.75,22.58308157099698,1027.88,5.07,0.3333333333333333,0.6666666666666666,0.6666666666666666
3132701,Itambacuri,MG,Sudeste,0,78.38,-1.62,30.75476134493299,1048.66,4.514545454545455,0.625,0.4166666666666667,0.4166666666666667
3132800,Itambé Do Mato Dentro,MG,Sudeste,1,76.47,-3.53,26.805251641137858,1014.0,4.8149999999999995,0.6666666666666666,0.3333333333333333,0.3333333333333333
3132909,Itamogi,MG,Sudeste,1,82.85,2.85,23.398760330578515,1412.13,5.221666666666667,0.6,0.7,0.3
3133006,Itamonte,MG,Sudeste,1,83.34,3.34,25.867332778240353,1160.67,5.104,0.5,0.3125,0.3125
3133105,Itanhandu,MG,Sudeste,1,71.12,-8.88,20.957159397915863,1483.59,5.208,0.9285714285714286,0.7142857142857143,0.5714285714285714
3133204,Itanhomi,MG,Sudeste,1,77.94,-2.06,19.83705278072972,1161.06,5.14,0.7272727272727273,0.6363636363636364,0.36363636363636365
3133303,Itaobim,MG,Sudeste,2,62.9,-17.1,27.614276768941764,1044.53,4.538,0.7894736842105263,0.42105263157894735,0.3684210526315789
3133402,Itapagipe,MG,Sudeste,1,67.01,-12.99,27.89179104477612,1635.17,5.29,0.7,0.9,0.8
3133501,Itapecerica,MG,Sudeste,1,81.09,1.09,22.224956928378045,1320.83,5.016666666666667,0.4666666666666667,0.4666666666666667,0.5333333333333333
3133600,Itapeva,MG,Sudeste,1,75.55,-4.45,23.691967575534267,1207.05,5.3375,0.4444444444444444,0.1111111111111111,0.2222222222222222
3133709,Itatiaiuçu,MG,Sudeste,1,78.25,-1.75,20.49616066154755,1307.86,5.2250000000000005,1.0,0.5454545454545454,0.36363636363636365
3133758,Itaú De Minas,MG,Sudeste,1,88.88,8.88,15.840811548966055,1532.93,5.318,0.7777777777777778,0.5555555555555556,0.5555555555555556
3133808,Itaúna,MG,Sudeste,1,89.2,9.2,25.41770693297484,1859.49,5.283703703703703,0.625,0.4107142857142857,0.3392857142857143
3133907,Itaverava,MG,Sudeste,0,82.35,2.35,32.6418547895058,1084.27,4.84,0.2857142857142857,0.2857142857142857,0.2857142857142857
3134004,Itinga,MG,Sudeste,0,79.4,-0.6,31.600547195622436,685.0,4.295714285714285,0.631578947368421,0.3157894736842105,0.3157894736842105
3134103,Itueta,MG,Sudeste,2,53.42,-26.58,32.50355618776671,1287.31,5.215,0.25,0.25,0.25
3134202,Ituiutaba,MG,Sudeste,1,68.46,-11.54,16.09172482552343,1700.41,5.076521739130435,0.8392857142857143,0.5892857142857143,0.6428571428571429
3134301,Itumirim,MG,Sudeste,1,76.32,-3.68,31.73267326732673,1162.49,5.0,0.6666666666666666,0.5,0.3333333333333333
3134400,Iturama,MG,Sudeste,1,71.07,-8.93,32.42831215970962,1765.14,5.026923076923077,0.8846153846153846,0.4230769230769231,0.6153846153846154
3134509,Itutinga,MG,Sudeste,1,91.71,11.71,22.68835616438356,1471.5,5.055,0.6666666666666666,0.6666666666666666,1.0
3134608,Jaboticatubas,MG,Sudeste,1,80.64,0.64,27.57393818100956,1322.35,5.1,0.8888888888888888,0.5,0.2222222222222222
3134707,Jacinto,MG,Sudeste,2,25.78,-54.22,33.55855855855856,903.94,4.337999999999999,0.7857142857142857,0.2857142857142857,0.5
3134806,Jacuí,MG,Sudeste,1,64.28,-15.72,24.382433668801465,1127.99,5.239999999999999,0.5,0.5,0.5
3134905,Jacutinga,MG,Sudeste,1,82.52,2.52,16.61666282021694,1537.09,5.194285714285714,0.3,0.5,0.6
3135001,Jaguaraçu,MG,Sudeste,1,53.62,-26.38,20.385050962627407,1331.52,5.14,1.0,0.2,0.2
3135050,Jaíba,MG,Sudeste,0,68.2,-11.8,34.822911643358516,865.12,4.4282352941176475,0.5882352941176471,0.35294117647058826,0.35294117647058826
3135076,Jampruca,MG,Sudeste,2,62.16,-17.84,29.71768202080238,912.29,4.58,0.6,0.4,0.4
3135100,Janaúba,MG,Sudeste,1,63.91,-16.09,25.92896582599612,1239.96,4.6213043478260865,0.8823529411764706,0.47058823529411764,0.4117647058823529
3135209,Januária,MG,Sudeste,2,51.15,-28.85,32.88076169525315,973.95,4.315294117647059,0.43434343434343436,0.3434343434343434,0.37373737373737376
3135308,Japaraíba,MG,Sudeste,1,88.93,8.93,16.149068322981368,1480.3,5.085,0.6666666666666666,0.3333333333333333,0.3333333333333333
3135357,Japonvar,MG,Sudeste,0,88.24,8.24,30.54256314312441,741.5,4.508333333333334,0.8,0.3,0.5
3135407,Jeceaba,MG,Sudeste,1,67.22,-12.78,25.900747790618627,1320.57,5.0,1.0,1.0,0.8
3135506,Jequeri,MG,Sudeste,0,88.71,8.71,33.14393939393939,904.68,4.551428571428572,0.5714285714285714,0.5,0.5
3135605,Jequitaí,MG,Sudeste,0,78.96,-1.04,35.98918244227169,954.71,4.586666666666667,0.5714285714285714,0.2857142857142857,0.14285714285714285
3135704,Jequitibá,MG,Sudeste,1,79.48,-0.52,30.66202090592334,1110.23,4.65,1.0,0.6,0.6
3135803,Jequitinhonha,MG,Sudeste,2,61.75,-18.25,32.23803610660044,877.23,4.378181818181818,0.6666666666666666,0.4444444444444444,0.37037037037037035
3135902,Jesuânia,MG,Sudeste,1,88.66,8.66,28.662109375,1172.13,5.075,0.6666666666666666,0.6666666666666666,1.0
3136009,Joaíma,MG,Sudeste,2,62.17,-17.83,35.84150748580279,767.77,4.23625,0.5789473684210527,0.2631578947368421,0.42105263157894735
3136108,Joanésia,MG,Sudeste,1,92.0,12.0,33.25242718446602,1037.96,4.99,0.6666666666666666,0.3333333333333333,0.6666666666666666
3136207,João Monlevade,MG,Sudeste,1,69.78,-10.22,28.159392789373815,1607.09,5.2575,0.8409090909090909,0.5227272727272727,0.5681818181818182
3136306,João Pinheiro,MG,Sudeste,1,64.78,-15.22,28.52941176470588,1319.21,4.861111111111111,0.8,0.4,0.3142857142857143
3136405,Joaquim Felício,MG,Sudeste,1,67.0,-13.0,30.49932523616734,982.06,4.66,0.6666666666666666,0.3333333333333333,1.0
3136504,Jordânia,MG,Sudeste,0,87.5,7.5,28.727529080014097,916.01,4.5,0.5833333333333334,0.4166666666666667,0.4166666666666667
3136520,José Gonçalves De Minas,MG,Sudeste,0,83.97,3.97,30.710659898477154,935.5,4.64,0.3333333333333333,0.3333333333333333,0.3333333333333333
3136553,José Raydan,MG,Sudeste,0,73.68,-6.32,31.335616438356162,839.6,4.54,0.7777777777777778,0.5555555555555556,0.2222222222222222
3136579,Josenópolis,MG,Sudeste,0,80.56,0.56,32.28260869565218,729.18,4.375,0.4,0.2,0.4
3136603,Nova União,MG,Sudeste,1,86.55,6.55,31.010613751730503,1219.03,4.944,0.8333333333333334,0.6666666666666666,0.5
3136652,Juatuba,MG,Sudeste,2,68.37,-11.63,28.313902223963943,1183.0,5.109999999999999,0.09090909090909091,0.22727272727272727,0.09090909090909091
3136702,Juiz De Fora,MG,Sudeste,1,56.5,-23.5,25.461225300367392,1983.62,5.077586206896552,0.494475138121547,0.5,0.43646408839779005
3136801,Juramento,MG,Sudeste,1,81.88,1.88,29.100529100529098,885.82,4.619999999999999,0.6666666666666666,0.5,0.5
3136900,Juruaia,MG,Sudeste,1,84.63,4.63,23.302552960347636,1433.99,5.1125,0.5714285714285714,0.14285714285714285,0.2857142857142857
3136959,Juvenília,MG,Sudeste,2,53.16,-26.84,31.988654270406556,678.48,4.37,0.6363636363636364,0.36363636363636365,0.45454545454545453
3137007,Ladainha,MG,Sudeste,2,40.81,-39.19,35.42914171656687,759.02,4.532,0.19047619047619047,0.14285714285714285,0.14285714285714285
3137106,Lagamar,MG,Sudeste,1,72.04,-7.96,27.660550458715594,1507.22,4.9425,0.75,0.5,0.625
3137205,Lagoa Da Prata,MG,Sudeste,1,81.01,1.01,20.937613347841857,1462.44,5.152,0.7931034482758621,0.4482758620689655,0.5517241379310345
3137304,Lagoa Dos Patos,MG,Sudeste,0,89.44,9.44,31.887755102040817,841.04,4.645,0.3333333333333333,0.6666666666666666,0.6666666666666666
3137403,Lagoa Dourada,MG,Sudeste,0,91.02,11.02,24.32074221338635,1077.38,5.023333333333333,0.3076923076923077,0.23076923076923078,0.3076923076923077
3137502,Lagoa Formosa,MG,Sudeste,1,82.28,2.28,29.239130434782606,1516.86,5.30125,0.1875,0.25,0.25
3137536,Lagoa Grande,MG,Sudeste,1,75.58,-4.42,17.84361005856011,1274.2,5.016666666666667,1.0,0.5,0.6666666666666666
3137601,Lagoa Santa,MG,Sudeste,1,66.14,-13.86,25.812082574377655,2311.42,5.32578947368421,0.6,0.4444444444444444,0.6222222222222222
3137700,Lajinha,MG,Sudeste,0,72.76,-7.24,29.97906489881368,1298.14,4.755714285714285,0.5,0.21428571428571427,0.14285714285714285
3137809,Lambari,MG,Sudeste,1,91.84,11.84,24.520255863539443,1264.21,5.284285714285715,0.7333333333333333,0.3333333333333333,0.4
3138005,Laranjal,MG,Sudeste,1,96.29,16.29,22.319956019791093,1210.39,5.15,0.6666666666666666,0.3333333333333333,0.3333333333333333
3138104,Lassance,MG,Sudeste,0,73.2,-6.8,32.0,973.84,4.6225,0.6,0.5,0.4
3138203,Lavras,MG,Sudeste,1,73.29,-6.71,19.784668389319553,1886.69,5.2612499999999995,0.90625,0.4375,0.46875
3138351,Leme Do Prado,MG,Sudeste,1,91.75,11.75,25.997425997426,956.16,4.786666666666666,0.75,0.625,0.625
3138401,Leopoldina,MG,Sudeste,1,61.49,-18.51,20.38700760193504,1401.68,4.84,0.6181818181818182,0.32727272727272727,0.32727272727272727
3138500,Liberdade,MG,Sudeste,0,86.54,6.54,29.987908101571946,1231.78,4.84,0.6,0.4,0.2
3138609,Lima Duarte,MG,Sudeste,2,63.47,-16.53,26.624006205158036,1266.34,4.762857142857143,0.56,0.24,0.36
3138625,Limeira Do Oeste,MG,Sudeste,1,81.79,1.79,14.101057579318448,1567.05,5.0275,0.8571428571428571,0.7142857142857143,0.7142857142857143
3138658,Lontra,MG,Sudeste,0,94.27,14.27,32.097628367487914,846.8,4.616666666666667,0.8571428571428571,0.5714285714285714,0.42857142857142855
3138674,Luisburgo,MG,Sudeste,0,70.49,-9.51,28.3265306122449,974.3,4.956666666666667,0.1111111111111111,0.2222222222222222,0.1111111111111111
3138682,Luislândia,MG,Sudeste,0,68.75,-11.25,34.02889245585875,592.92,4.22,0.1,0.2,0.4
3138708,Luminárias,MG,Sudeste,1,94.74,14.74,25.40059347181009,1304.11,5.255000000000001,0.6666666666666666,0.6666666666666666,0.6666666666666666
3138807,Luz,MG,Sudeste,1,75.85,-4.15,24.559710494571775,1754.4,4.961666666666667,0.6923076923076923,0.46153846153846156,0.46153846153846156
3138906,Machacalis,MG,Sudeste,0,75.27,-4.73,33.54070868271572,941.72,4.66,1.0,0.16666666666666666,0.3333333333333333
3139003,Machado,MG,Sudeste,1,80.71,0.71,20.67230273752013,1431.7,5.17076923076923,0.967741935483871,0.6451612903225806,0.6129032258064516
3139102,Madre De Deus De Minas,MG,Sudeste,1,67.85,-12.15,21.690590111642745,1570.26,5.23,0.75,0.75,0.5
3139201,Malacacheta,MG,Sudeste,1,74.94,-5.06,29.081531442174175,972.9,4.494,0.65,0.75,0.45
3139250,Mamonas,MG,Sudeste,2,62.19,-17.81,26.973148901545972,795.96,4.73,0.5,0.25,0.25
3139300,Manga,MG,Sudeste,2,31.37,-48.63,30.42919833030076,833.49,4.446,0.42857142857142855,0.32142857142857145,0.2857142857142857
3139409,Manhuaçu,MG,Sudeste,1,75.94,-4.06,19.71047436741042,1343.65,4.950689655172414,0.4691358024691358,0.35802469135802467,0.30864197530864196
3139508,Manhumirim,MG,Sudeste,1,70.49,-9.51,31.403325194744795,1249.19,4.878,0.7222222222222222,0.3333333333333333,0.3333333333333333
3139607,Mantena,MG,Sudeste,1,71.74,-8.26,26.691489361702125,1387.38,4.794,0.85,0.8,0.55
3139706,Maravilhas,MG,Sudeste,1,80.81,0.81,30.46953046953047,1202.04,4.78,0.75,0.5,0.75
3139805,Mar De Espanha,MG,Sudeste,1,93.75,13.75,21.052631578947366,1304.13,5.085,0.7777777777777778,0.4444444444444444,0.3333333333333333
3139904,Maria Da Fé,MG,Sudeste,1,90.33,10.33,28.48850708149524,1275.1,4.881666666666667,0.3888888888888889,0.7222222222222222,0.8888888888888888
3140001,Mariana,MG,Sudeste,1,73.8,-6.2,29.550685479835888,1553.36,5.175833333333333,0.5357142857142857,0.35714285714285715,0.48214285714285715
3140100,Marilac,MG,Sudeste,1,74.19,-5.81,32.24169741697417,976.08,4.785,0.6666666666666666,0.6666666666666666,0.6666666666666666
3140159,Mário Campos,MG,Sudeste,1,73.04,-6.96,24.639878695981803,1367.25,5.1814285714285715,0.3333333333333333,0.5555555555555556,0.6666666666666666
3140209,Maripá De Minas,MG,Sudeste,1,87.29,7.29,14.748603351955309,1385.29,5.305,0.6666666666666666,0.3333333333333333,1.0
3140308,Marliéria,MG,Sudeste,1,40.23,-39.77,23.114869626497534,1319.11,5.155,0.4,0.8,0.6
3140407,Marmelópolis,MG,Sudeste,0,85.5,5.5,35.923217550274224,1119.38,4.586666666666667,0.2,0.2,0.2
3140506,Martinho Campos,MG,Sudeste,1,78.19,-1.81,29.72907595549105,1396.61,5.133333333333334,0.7142857142857143,0.5714285714285714,0.6428571428571429
3140530,Martins Soares,MG,Sudeste,2,61.67,-18.33,33.29700272479564,910.71,4.717499999999999,0.3,0.2,0.1
3140555,Mata Verde,MG,Sudeste,0,89.29,9.29,37.0953237410072,860.93,4.466666666666667,0.6,0.6,0.6
3140605,Materlândia,MG,Sudeste,1,73.08,-6.92,30.517241379310345,949.39,4.6850000000000005,0.8,0.4,0.8
3140704,Mateus Leme,MG,Sudeste,1,83.31,3.31,27.509438875146465,1176.11,5.139333333333334,0.3333333333333333,0.625,0.5833333333333334
3140803,Matias Barbosa,MG,Sudeste,1,76.02,-3.98,25.53030303030303,1435.48,5.0920000000000005,0.5,0.6,0.6
3140852,Matias Cardoso,MG,Sudeste,2,40.14,-39.86,31.55210643015521,742.96,4.4157142857142855,0.4666666666666667,0.26666666666666666,0.26666666666666666
3140902,Matipó,MG,Sudeste,2,64.99,-15.01,31.185567010309278,906.79,4.65,0.5789473684210527,0.3684210526315789,0.42105263157894735
3141009,Mato Verde,MG,Sudeste,1,67.66,-12.34,31.043807463493778,970.08,4.661666666666666,0.6428571428571429,0.6428571428571429,0.5714285714285714
3141108,Matozinhos,MG,Sudeste,1,73.4,-6.6,26.248447204968944,1233.49,5.101666666666667,0.4,0.32,0.4
3141207,Matutina,MG,Sudeste,1,87.82,7.82,20.17982017982018,1804.53,5.053333333333334,0.6,0.4,0.2
3141306,Medeiros,MG,Sudeste,1,86.11,6.11,27.156276686592655,1685.36,5.233333333333333,1.0,0.6,0.6
3141405,Medina,MG,Sudeste,0,81.16,1.16,28.021015761821367,825.27,4.503636363636364,0.6875,0.375,0.4375
3141504,Mendes Pimentel,MG,Sudeste,1,73.78,-6.22,27.038231229847998,1068.8,4.74,0.6666666666666666,0.3333333333333333,0.3333333333333333
3141603,Mercês,MG,Sudeste,1,93.14,13.14,25.750136388434257,1172.23,4.8975,0.8888888888888888,0.5555555555555556,0.4444444444444444
3141702,Mesquita,MG,Sudeste,1,67.45,-12.55,25.644098262432596,1148.49,4.92,0.7142857142857143,0.5714285714285714,0.2857142857142857
3141801,Minas Novas,MG,Sudeste,0,82.11,2.11,27.755280726715554,976.97,4.430000000000001,0.5116279069767442,0.2558139534883721,0.32558139534883723
3141900,Minduri,MG,Sudeste,1,94.64,14.64,25.27040314650934,1349.72,5.0600000000000005,1.0,0.6666666666666666,0.6666666666666666
3142007,Mirabela,MG,Sudeste,2,66.99,-13.01,30.770533446232008,881.64,4.416666666666667,0.6363636363636364,0.45454545454545453,0.45454545454545453
3142106,Miradouro,MG,Sudeste,0,88.88,8.88,22.657952069716774,1079.43,4.858,0.21428571428571427,0.2857142857142857,0.21428571428571427
3142205,Miraí,MG,Sudeste,0,81.52,1.52,24.61936225222637,1161.72,4.925000000000001,0.25,0.16666666666666666,0.4166666666666667
3142254,Miravânia,MG,Sudeste,0,74.64,-5.36,29.774730656219393,775.27,4.5125,0.3333333333333333,0.4166666666666667,0.3333333333333333
3142304,Moeda,MG,Sudeste,1,64.13,-15.87,22.42798353909465,1551.75,5.065,0.4,0.2,0.2
3142403,Moema,MG,Sudeste,1,88.97,8.97,26.98877501220107,1289.48,5.3175,1.0,0.6666666666666666,0.3333333333333333
3142502,Monjolos,MG,Sudeste,0,85.71,5.71,25.170068027210885,1008.05,4.48,0.4,0.4,0.6
3142601,Monsenhor Paulo,MG,Sudeste,1,66.96,-13.04,18.2896379525593,1350.5,5.176666666666667,0.4444444444444444,0.8888888888888888,0.7777777777777778
3142700,Montalvânia,MG,Sudeste,0,72.28,-7.72,31.450061220920063,803.08,4.447777777777778,0.5263157894736842,0.3684210526315789,0.3157894736842105
3142809,Monte Alegre De Minas,MG,Sudeste,1,66.47,-13.53,26.31490222521915,1418.59,5.1000000000000005,0.9473684210526315,0.5789473684210527,0.3684210526315789
3142908,Monte Azul,MG,Sudeste,1,66.67,-13.33,34.059517125210554,951.14,4.738571428571428,0.5454545454545454,0.36363636363636365,0.7727272727272727
3143005,Monte Belo,MG,Sudeste,1,77.9,-2.1,24.540727902946273,1358.18,5.0920000000000005,0.4444444444444444,0.3333333333333333,0.6666666666666666
3143104,Monte Carmelo,MG,Sudeste,1,63.88,-16.12,19.660038486209107,1490.73,5.143076923076923,0.631578947368421,0.3684210526315789,0.3684210526315789
3143153,Monte Formoso,MG,Sudeste,0,93.33,13.33,30.63112078346028,590.22,4.17,0.09090909090909091,0.09090909090909091,0.09090909090909091
3143203,Monte Santo De Minas,MG,Sudeste,1,61.8,-18.2,21.580236831359738,1325.93,5.048,0.7142857142857143,0.35714285714285715,0.35714285714285715
3143302,Montes Claros,MG,Sudeste,1,75.4,-4.6,22.60559979547585,1517.61,4.8791208791208796,0.7593360995850622,0.5684647302904564,0.6058091286307054
3143401,Monte Sião,MG,Sudeste,1,85.24,5.24,27.63777914361811,1480.8,5.368,0.5882352941176471,0.35294117647058826,0.5294117647058824
3143450,Montezuma,MG,Sudeste,0,92.47,12.47,33.160305343511446,840.43,4.4175,0.3333333333333333,0.2222222222222222,0.1111111111111111
3143500,Morada Nova De Minas,MG,Sudeste,1,68.34,-11.66,14.241645244215938,1429.84,4.9925,0.8,0.3,0.3
3143609,Morro Da Garça,MG,Sudeste,1,70.24,-9.76,20.216962524654832,1035.11,4.636666666666667,0.3333333333333333,0.3333333333333333,0.5
3143708,Morro Do Pilar,MG,Sudeste,1,71.24,-8.76,31.456456456456454,866.26,4.695,1.0,0.5,0.5
3143807,Munhoz,MG,Sudeste,1,95.1,15.1,29.592284085927222,1280.96,5.123333333333334,0.8,0.4,0.4
3143906,Muriaé,MG,Sudeste,1,79.33,-0.67,23.68136952498458,1569.08,4.966585365853659,0.5625,0.375,0.5125
3144003,Mutum,MG,Sudeste,1,78.49,-1.51,21.348649858272413,1238.2,4.58,0.5813953488372093,0.3953488372093023,0.2558139534883721
3144102,Muzambinho,MG,Sudeste,1,76.19,-3.81,18.138424821002385,1798.02,5.227142857142858,0.7222222222222222,0.5,0.5555555555555556
3144201,Nacip Raydan,MG,Sudeste,1,85.56,5.56,23.667570009033422,889.64,4.77,1.0,0.5,0.25
3144300,Nanuque,MG,Sudeste,1,67.46,-12.54,23.401086385141053,1211.08,4.780714285714287,0.5757575757575758,0.36363636363636365,0.30303030303030304
3144359,Naque,MG,Sudeste,1,69.01,-10.99,28.03606649760496,923.24,5.005,0.6666666666666666,0.6666666666666666,0.6666666666666666
3144375,Natalândia,MG,Sudeste,1,74.69,-5.31,29.945222154595253,1143.35,4.755,0.5,0.75,0.75
3144409,Natércia,MG,Sudeste,1,69.33,-10.67,24.47129909365559,1484.28,5.205,1.0,0.5,0.5
3144508,Nazareno,MG,Sudeste,1,75.24,-4.76,26.30488815244408,1296.31,4.984999999999999,0.6666666666666666,0.6666666666666666,0.6666666666666666
3144607,Nepomuceno,MG,Sudeste,1,70.92,-9.08,26.865893547427895,1284.35,4.973000000000001,0.75,0.3333333333333333,0.16666666666666666
3144656,Ninheira,MG,Sudeste,0,79.29,-0.71,32.585170340681366,854.27,4.481428571428571,0.5333333333333333,0.26666666666666666,0.4666666666666667
3144672,Nova Belém,MG,Sudeste,2,62.32,-17.68,27.05458908218356,924.7,4.77,0.1111111111111111,0.2222222222222222,0.1111111111111111
3144706,Nova Era,MG,Sudeste,1,78.49,-1.51,23.90832328106152,1342.77,5.222857142857143,0.6666666666666666,0.8666666666666667,1.0
3144805,Nova Lima,MG,Sudeste,1,77.82,-2.18,23.090541224076887,4299.91,5.3305,0.4838709677419355,0.27419354838709675,0.46774193548387094
3144904,Nova Módica,MG,Sudeste,0,88.32,8.32,29.03225806451613,1067.6,4.625,0.14285714285714285,0.14285714285714285,0.14285714285714285
3145000,Nova Ponte,MG,Sudeste,1,89.5,9.5,23.994001499625096,1505.83,5.185714285714285,0.8888888888888888,0.4444444444444444,0.4444444444444444
3145059,Nova Porteirinha,MG,Sudeste,0,83.01,3.01,31.47128245476003,867.32,4.471666666666667,0.8,0.3,0.2
3145109,Nova Resende,MG,Sudeste,1,86.77,6.77,24.484880920524486,1312.37,5.258,0.7142857142857143,0.21428571428571427,0.5714285714285714
3145208,Nova Serrana,MG,Sudeste,1,74.65,-5.35,18.461993493049395,1430.91,5.011923076923077,0.7017543859649122,0.5964912280701754,0.543859649122807
3145307,Novo Cruzeiro,MG,Sudeste,0,78.72,-1.28,32.136222910216716,783.61,4.274375,0.45454545454545453,0.42424242424242425,0.30303030303030304
3145356,Novo Oriente De Minas,MG,Sudeste,2,63.81,-16.19,34.340382678751254,834.08,4.29,0.4375,0.25,0.25
3145372,Novorizonte,MG,Sudeste,0,83.67,3.67,29.438405797101446,807.48,4.573333333333333,0.4,0.1,0.2
3145406,Olaria,MG,Sudeste,1,85.23,5.23,25.71428571428571,960.76,5.035,1.0,0.3333333333333333,0.3333333333333333
3145455,Olhos-D'Água,MG,Sudeste,0,74.79,-5.21,34.233333333333334,939.63,4.64,0.6,0.2,0.4
3145505,Olímpio Noronha,MG,Sudeste,1,96.88,16.88,23.204419889502763,1089.87,4.965,0.5,1.0,1.0
3145604,Oliveira,MG,Sudeste,1,82.48,2.48,25.297983736214768,1428.74,5.12,0.7857142857142857,0.6428571428571429,0.5
3145703,Oliveira Fortes,MG,Sudeste,0,92.31,12.31,28.769497400346623,1134.36,4.765000000000001,0.3333333333333333,0.3333333333333333,0.3333333333333333
3145802,Onça De Pitangui,MG,Sudeste,1,72.73,-7.27,22.102747909199522,1216.35,5.005000000000001,0.75,0.5,0.5
3145851,Oratórios,MG,Sudeste,1,69.6,-10.4,23.53846153846154,1169.9,4.876666666666666,0.75,0.5,0.5
3145877,Orizânia,MG,Sudeste,0,78.3,-1.7,32.0067130184608,923.59,4.753333333333333,0.0,0.1111111111111111,0.2222222222222222
3145901,Ouro Branco,MG,Sudeste,1,76.12,-3.88,24.08330888823702,1833.06,5.386428571428572,0.9393939393939394,0.696969696969697,0.5757575757575758
3146008,Ouro Fino,MG,Sudeste,1,76.83,-3.17,18.74180865006553,1461.23,5.234545454545454,0.48,0.52,0.48
3146107,Ouro Preto,MG,Sudeste,1,76.33,-3.67,24.078077707085058,1611.45,5.159666666666666,0.76,0.5866666666666667,0.4266666666666667
3146206,Ouro Verde De Minas,MG,Sudeste,0,75.86,-4.14,36.74911660777385,835.85,4.556666666666667,0.4,0.2,0.2
3146255,Padre Carvalho,MG,Sudeste,1,83.05,3.05,33.29875518672199,707.54,4.489999999999999,1.0,0.8,0.4
3146305,Padre Paraíso,MG,Sudeste,0,67.6,-12.4,30.463207678397552,829.05,4.441818181818181,0.4583333333333333,0.2916666666666667,0.20833333333333334
3146404,Paineiras,MG,Sudeste,1,75.0,-5.0,31.913541004450096,1322.83,5.119999999999999,0.5,0.75,0.75
3146503,Pains,MG,Sudeste,1,84.88,4.88,22.460317460317462,1405.87,5.215,0.6,0.4,1.0
3146552,Pai Pedro,MG,Sudeste,0,90.42,10.42,26.230209670517755,752.74,4.234999999999999,0.7142857142857143,0.2857142857142857,0.14285714285714285
3146602,Paiva,MG,Sudeste,1,66.67,-13.33,29.100529100529098,1334.26,5.34,1.0,0.3333333333333333,1.0
3146701,Palma,MG,Sudeste,1,80.86,0.86,29.86111111111111,1296.82,4.736666666666667,0.2857142857142857,0.42857142857142855,0.5714285714285714
3146750,Palmópolis,MG,Sudeste,0,73.22,-6.78,34.50016829350387,795.77,4.3,0.8571428571428571,0.2857142857142857,0.14285714285714285
3146909,Papagaios,MG,Sudeste,1,81.91,1.91,26.110586011342157,1141.6,4.74,0.6153846153846154,0.6923076923076923,0.9230769230769231
3147006,Paracatu,MG,Sudeste,1,68.57,-11.43,24.43022980336413,1559.79,4.991714285714286,0.5915492957746479,0.38028169014084506,0.2535211267605634
3147105,Pará De Minas,MG,Sudeste,1,76.14,-3.86,23.173957273652086,1716.59,5.198620689655172,0.45,0.3333333333333333,0.7666666666666667
3147204,Paraguaçu,MG,Sudeste,1,76.0,-4.0,15.64245810055866,1407.18,5.195714285714286,0.6428571428571429,0.42857142857142855,0.5
3147303,Paraisópolis,MG,Sudeste,1,84.33,4.33,19.085239085239085,1498.2,5.223333333333334,0.38461538461538464,0.7692307692307693,0.6923076923076923
3147402,Paraopeba,MG,Sudeste,1,65.99,-14.01,26.863666890530556,1220.57,4.943333333333333,0.9333333333333333,0.5333333333333333,0.6
3147501,Passabém,MG,Sudeste,1,100.0,20.0,31.1336717428088,1171.67,5.13,1.0,0.3333333333333333,0.6666666666666666
3147600,Passa Quatro,MG,Sudeste,1,92.22,12.22,17.28714794431855,1257.17,5.135,0.6,0.3333333333333333,0.26666666666666666
3147709,Passa Tempo,MG,Sudeste,1,78.65,-1.35,16.4257555847569,1242.12,5.32,0.2,0.8,0.6
3147808,Passa Vinte,MG,Sudeste,1,84.06,4.06,33.46994535519126,1285.86,5.065,0.6666666666666666,0.3333333333333333,0.3333333333333333
3147907,Passos,MG,Sudeste,1,81.12,1.12,27.648665217633617,1683.36,5.251428571428571,0.890625,0.515625,0.453125
3147956,Patis,MG,Sudeste,0,96.43,16.43,32.70440251572327,744.88,4.31,0.5,0.6666666666666666,0.3333333333333333
3148004,Patos De Minas,MG,Sudeste,1,67.07,-12.93,23.494916055805152,2004.61,5.234722222222222,0.6915887850467289,0.40186915887850466,0.4205607476635514
3148103,Patrocínio,MG,Sudeste,1,73.78,-6.22,21.56775249144727,1660.45,5.142666666666667,0.8309859154929577,0.5070422535211268,0.4507042253521127
3148202,Patrocínio Do Muriaé,MG,Sudeste,0,86.5,6.5,26.208072768618536,1451.69,4.8149999999999995,0.25,0.25,0.25
3148301,Paula Cândido,MG,Sudeste,1,88.14,8.14,29.475262368815592,1095.6,4.8100000000000005,1.0,0.6,0.2
3148400,Paulistas,MG,Sudeste,0,85.82,5.82,29.799999999999997,1000.87,4.6000000000000005,0.2857142857142857,0.14285714285714285,0.0
3148509,Pavão,MG,Sudeste,0,83.28,3.28,35.81096581784813,804.53,4.470000000000001,0.625,0.375,0.25
3148608,Peçanha,MG,Sudeste,2,66.01,-13.99,33.33333333333333,982.01,4.444285714285714,0.75,0.3125,0.3125
3148707,Pedra Azul,MG,Sudeste,2,60.22,-19.78,32.80294782681518,900.24,4.57375,0.8,0.5,0.4
3148756,Pedra Bonita,MG,Sudeste,0,95.38,15.38,37.9124175164967,802.06,4.733333333333333,0.2,0.3,0.2
3148806,Pedra Do Anta,MG,Sudeste,0,88.94,8.94,25.324114088159032,1138.31,4.605,0.6666666666666666,0.3333333333333333,0.3333333333333333
3148905,Pedra Do Indaiá,MG,Sudeste,1,97.06,17.06,22.27784730913642,1187.01,5.123333333333334,0.5,0.3333333333333333,0.5
3149002,Pedra Dourada,MG,Sudeste,1,66.23,-13.77,28.255033557046982,1009.99,4.865,1.0,0.6666666666666666,0.6666666666666666
3149101,Pedralva,MG,Sudeste,1,78.65,-1.35,20.149253731343283,1200.49,5.0275,0.4444444444444444,0.2222222222222222,0.5555555555555556
3149150,Pedras De Maria Da Cruz,MG,Sudeste,2,63.67,-16.33,31.1308435622878,777.73,4.371428571428572,0.21428571428571427,0.42857142857142855,0.35714285714285715
3149200,Pedrinópolis,MG,Sudeste,1,82.5,2.5,28.638132295719842,1741.6,5.445,0.75,0.5,0.25
3149309,Pedro Leopoldo,MG,Sudeste,1,66.53,-13.47,20.518954729481045,1581.33,5.2005,0.48,0.38,0.6
3149408,Pedro Teixeira,MG,Sudeste,1,100.0,20.0,25.10948905109489,1111.61,4.58,1.0,1.0,0.5
3149507,Pequeri,MG,Sudeste,1,81.66,1.66,22.294372294372295,1306.63,5.123333333333334,0.6,0.2,0.2
3149606,Pequi,MG,Sudeste,1,91.4,11.4,27.832512315270936,1495.68,5.125,1.0,0.3333333333333333,0.6666666666666666
3149705,Perdigão,MG,Sudeste,1,92.23,12.23,28.348062542488105,1374.87,5.1066666666666665,1.0,0.3333333333333333,0.6666666666666666
3149804,Perdizes,MG,Sudeste,1,85.93,5.93,31.041257367387033,1572.06,5.123333333333333,0.9333333333333333,0.4,0.4666666666666667
3149903,Perdões,MG,Sudeste,1,75.77,-4.23,19.107981220657276,1430.63,5.202500000000001,0.5,0.4375,0.625
3149952,Periquito,MG,Sudeste,2,48.31,-31.69,23.2776617954071,873.94,5.016,0.6666666666666666,0.5555555555555556,0.3333333333333333
3150000,Pescador,MG,Sudeste,1,82.66,2.66,28.277634961439592,965.48,4.859999999999999,0.3333333333333333,0.6666666666666666,0.3333333333333333
3150109,Piau,MG,Sudeste,1,58.18,-21.82,30.117647058823525,1225.92,4.9399999999999995,1.0,1.0,1.0
3150158,Piedade De Caratinga,MG,Sudeste,0,82.91,2.91,35.17679057116953,1075.94,4.8966666666666665,1.0,0.5,0.0
3150208,Piedade De Ponte Nova,MG,Sudeste,1,84.72,4.72,22.36842105263158,1126.56,4.675,0.3333333333333333,0.6666666666666666,0.6666666666666666
3150307,Piedade Do Rio Grande,MG,Sudeste,1,87.75,7.75,24.717285945072696,1286.04,4.973333333333334,0.25,0.75,0.5
3150406,Piedade Dos Gerais,MG,Sudeste,0,86.52,6.52,35.28505392912172,1087.06,5.11,0.25,0.0,0.0
3150505,Pimenta,MG,Sudeste,1,86.04,6.04,20.27027027027027,1514.49,5.12,0.8333333333333334,0.3333333333333333,0.3333333333333333
3150539,Pingo-D'Água,MG,Sudeste,0,86.14,6.14,29.55390334572491,929.14,4.92,1.0,0.25,0.25
3150570,Pintópolis,MG,Sudeste,2,60.15,-19.85,31.447773732847946,795.88,4.38,0.8571428571428571,0.2857142857142857,0.14285714285714285
3150604,Piracema,MG,Sudeste,1,82.79,2.79,22.2737819025522,1357.43,4.989999999999999,0.8571428571428571,0.8571428571428571,0.8571428571428571
3150703,Pirajuba,MG,Sudeste,1,76.2,-3.8,28.025851938895418,1418.83,5.075,1.0,0.6666666666666666,1.0
3150802,Piranga,MG,Sudeste,0,83.9,3.9,27.092924126172207,970.68,4.659999999999999,0.5,0.42857142857142855,0.42857142857142855
3150901,Piranguçu,MG,Sudeste,1,89.75,9.75,25.567765567765566,1241.17,5.283333333333333,0.4,0.6,0.6
3151008,Piranguinho,MG,Sudeste,1,81.32,1.32,23.41166231505657,1409.41,5.18,0.2222222222222222,0.3333333333333333,0.3333333333333333
3151107,Pirapetinga,MG,Sudeste,1,73.93,-6.07,25.785083415112858,1352.97,4.9,0.45454545454545453,0.7272727272727273,0.8181818181818182
3151206,Pirapora,MG,Sudeste,1,68.95,-11.05,27.277711323763953,1339.03,4.858095238095238,0.6956521739130435,0.5434782608695652,0.391304347826087
3151305,Piraúba,MG,Sudeste,1,77.05,-2.95,27.141568981064022,1245.52,4.9799999999999995,0.6666666666666666,0.4444444444444444,0.4444444444444444
3151404,Pitangui,MG,Sudeste,1,75.82,-4.18,31.78973717146433,1309.25,5.059,0.8260869565217391,0.391304347826087,0.43478260869565216
3151503,Piumhi,MG,Sudeste,1,73.29,-6.71,21.29032258064516,1708.76,5.1025,0.48148148148148145,0.4074074074074074,0.37037037037037035
3151602,Planura,MG,Sudeste,1,77.22,-2.78,29.67479674796748,1330.63,4.925,0.75,0.75,0.75
3151701,Poço Fundo,MG,Sudeste,1,69.53,-10.47,16.2291169451074,1458.51,5.24,0.5,0.6,0.9
3151800,Poços De Caldas,MG,Sudeste,1,81.97,1.97,17.529139456063486,1994.5,5.4246875,0.6101694915254238,0.3728813559322034,0.3644067796610169
3152006,Pompéu,MG,Sudeste,1,63.86,-16.14,21.21212121212121,1419.04,4.953,0.782608695652174,0.34782608695652173,0.30434782608695654
3152105,Ponte Nova,MG,Sudeste,1,74.0,-6.0,21.15795090715048,1524.53,5.02,0.7111111111111111,0.4222222222222222,0.4888888888888889
3152131,Ponto Chique,MG,Sudeste,0,82.21,2.21,34.817596566523605,788.63,4.465,0.8,0.4,0.2
3152170,Ponto Dos Volantes,MG,Sudeste,0,78.64,-1.36,27.719137218907758,685.33,4.364,0.25,0.125,0.125
3152204,Porteirinha,MG,Sudeste,1,79.13,-0.87,26.021335919505397,948.26,4.535294117647059,0.5789473684210527,0.4473684210526316,0.868421052631579
3152402,Poté,MG,Sudeste,2,59.53,-20.47,27.037118383483417,840.81,4.464285714285714,0.4375,0.3125,0.3125
3152501,Pouso Alegre,MG,Sudeste,1,76.54,-3.46,22.880808541357954,1875.32,5.311785714285714,0.62,0.47,0.55
3152600,Pouso Alto,MG,Sudeste,1,92.17,12.17,25.22303325223033,1248.01,5.196666666666666,0.6666666666666666,0.5,0.6666666666666666
3152709,Prados,MG,Sudeste,1,93.02,13.02,17.65834932821497,1246.38,5.1225000000000005,0.875,0.5,0.25
3152808,Prata,MG,Sudeste,1,63.8,-16.2,21.714904813496364,1557.71,5.076666666666667,0.8095238095238095,0.5238095238095238,0.38095238095238093
3152907,Pratápolis,MG,Sudeste,1,81.98,1.98,25.146510388918486,1441.15,5.09,0.6,0.4,0.6
3153004,Pratinha,MG,Sudeste,1,93.9,13.9,31.279178338001866,1414.64,5.300000000000001,0.6666666666666666,0.3333333333333333,0.6666666666666666
3153103,Presidente Bernardes,MG,Sudeste,0,85.46,5.46,26.946438431805632,1065.38,4.913333333333334,0.2857142857142857,0.14285714285714285,0.2857142857142857
3153202,Presidente Juscelino,MG,Sudeste,1,86.09,6.09,20.734341252699785,1096.77,4.675000000000001,0.6,0.8,0.8
3153301,Presidente Kubitschek,MG,Sudeste,0,92.99,12.99,26.229508196721312,842.67,4.575,0.6666666666666666,0.3333333333333333,0.3333333333333333
3153400,Presidente Olegário,MG,Sudeste,1,73.84,-6.16,25.72772055530676,1444.15,4.934,0.5,0.20833333333333334,0.2916666666666667
3153509,Alto Jequitibá,MG,Sudeste,1,80.92,0.92,18.650639782861575,1163.6,4.988,0.4444444444444444,0.2222222222222222,0.8888888888888888
3153608,Prudente De Morais,MG,Sudeste,1,67.15,-12.85,23.831123517097,1218.79,5.0249999999999995,1.0,0.5,0.3
3153707,Quartel Geral,MG,Sudeste,1,83.27,3.27,15.100671140939598,1266.0,4.68,1.0,0.3333333333333333,0.3333333333333333
3153806,Queluzito,MG,Sudeste,1,100.0,20.0,19.205298013245034,1420.97,5.050000000000001,0.6666666666666666,0.3333333333333333,0.6666666666666666
3153905,Raposos,MG,Sudeste,1,67.57,-12.43,26.30895716140199,1370.14,5.361666666666667,0.7692307692307693,0.5384615384615384,0.6153846153846154
3154002,Raul Soares,MG,Sudeste,1,87.3,7.3,28.78719226702915,1124.02,4.677142857142857,0.7391304347826086,0.5652173913043478,0.6086956521739131
3154101,Recreio,MG,Sudeste,1,70.24,-9.76,22.286125089863408,1221.25,4.6475,0.3333333333333333,0.5555555555555556,0.5555555555555556
3154150,Reduto,MG,Sudeste,0,84.83,4.83,24.858543945680875,1143.36,4.8933333333333335,0.5555555555555556,0.2222222222222222,0.1111111111111111
3154200,Resende Costa,MG,Sudeste,1,80.34,0.34,18.781264211005002,1360.95,5.29,0.25,0.5,0.375
3154309,Resplendor,MG,Sudeste,1,71.38,-8.62,22.707240293809026,1045.69,4.89,0.7333333333333333,0.26666666666666666,0.26666666666666666
3154408,Ressaquinha,MG,Sudeste,1,73.92,-6.08,27.66773162939297,1235.77,5.16,0.6666666666666666,0.5,0.3333333333333333
3154457,Riachinho,MG,Sudeste,1,69.9,-10.1,30.383795309168445,1056.93,4.6225,0.7,0.5,0.4
3154507,Riacho Dos Machados,MG,Sudeste,0,79.14,-0.86,28.521221951878882,858.76,4.414,0.45454545454545453,0.09090909090909091,0.09090909090909091
3154606,Ribeirão Das Neves,MG,Sudeste,1,57.77,-22.23,30.45881641848453,1126.97,5.074683544303797,0.52,0.4866666666666667,0.7533333333333333
3154705,Ribeirão Vermelho,MG,Sudeste,1,93.33,13.33,17.943548387096776,1337.9,5.1899999999999995,0.75,0.25,0.25
3154804,Rio Acima,MG,Sudeste,1,79.49,-0.51,25.17304189435337,1428.13,5.13,0.6666666666666666,0.2222222222222222,0.5555555555555556
3154903,Rio Casca,MG,Sudeste,1,76.05,-3.95,20.695566985060005,1235.03,4.86,0.4166666666666667,0.3333333333333333,0.3333333333333333
3155009,Rio Doce,MG,Sudeste,1,100.0,20.0,19.915700737618547,1332.87,5.24,0.3333333333333333,0.3333333333333333,1.0
3155108,Rio Do Prado,MG,Sudeste,0,93.44,13.44,34.22902025630426,839.03,4.52,0.8,0.6,0.4
3155306,Rio Manso,MG,Sudeste,1,85.27,5.27,33.52567801500289,1284.38,5.2,0.8,0.0,0.6
3155405,Rio Novo,MG,Sudeste,2,63.37,-16.63,21.132540008206814,1292.52,4.9825,0.2857142857142857,0.2857142857142857,0.14285714285714285
3155504,Rio Paranaíba,MG,Sudeste,1,80.09,0.09,24.47108603667137,1446.33,5.2275,0.875,0.375,0.375
3155603,Rio Pardo De Minas,MG,Sudeste,0,83.77,3.77,36.47049901410587,805.02,4.497857142857143,0.68,0.28,0.44
3155702,Rio Piracicaba,MG,Sudeste,1,85.63,5.63,24.409262759924385,1311.82,5.17375,0.4,0.26666666666666666,0.4
3155801,Rio Pomba,MG,Sudeste,1,84.74,4.74,26.307837582625115,1509.58,5.026666666666666,0.4,0.7,0.7
3155900,Rio Preto,MG,Sudeste,1,65.48,-14.52,33.987783595113434,1203.03,4.903333333333333,0.6666666666666666,0.5,0.6666666666666666
3156007,Rio Vermelho,MG,Sudeste,0,78.22,-1.78,25.81128307538692,904.3,4.135714285714285,0.3684210526315789,0.10526315789473684,0.21052631578947367
3156106,Ritápolis,MG,Sudeste,1,92.76,12.76,23.911814584511024,1335.21,5.195,0.5,0.5,0.5
3156205,Rochedo De Minas,MG,Sudeste,1,93.42,13.42,25.894988066825775,1125.9,4.945,1.0,0.3333333333333333,0.3333333333333333
3156304,Rodeiro,MG,Sudeste,1,83.48,3.48,26.090828138913626,1186.6,5.05,0.2,0.4,0.6
3156403,Romaria,MG,Sudeste,1,87.26,7.26,31.843575418994412,1291.69,5.51,1.0,0.6666666666666666,0.6666666666666666
3156452,Rosário Da Limeira,MG,Sudeste,0,76.6,-3.4,30.254777070063692,1075.93,4.833333333333333,0.25,0.25,0.25
3156502,Rubelita,MG,Sudeste,0,84.18,4.18,34.34058175656594,828.98,4.220000000000001,0.6363636363636364,0.18181818181818182,0.2727272727272727
3156601,Rubim,MG,Sudeste,0,74.93,-5.07,26.45385587863464,812.9,4.3225,0.25,0.5,0.25
3156700,Sabará,MG,Sudeste,1,71.51,-8.49,25.319280417467727,1462.1,5.150666666666667,0.9482758620689655,0.7413793103448276,0.46551724137931033
3156809,Sabinópolis,MG,Sudeste,1,67.2,-12.8,29.681429681429684,984.74,4.48875,0.9473684210526315,0.3684210526315789,0.42105263157894735
3156908,Sacramento,MG,Sudeste,1,87.19,7.19,20.149369845962347,1829.52,5.2491666666666665,0.7272727272727273,0.4090909090909091,0.3181818181818182
3157005,Salinas,MG,Sudeste,1,85.24,5.24,27.868640506820093,1106.52,4.51625,0.6842105263157895,0.5526315789473685,0.6578947368421053
3157104,Salto Da Divisa,MG,Sudeste,2,48.56,-31.44,25.790844808336434,810.38,4.603333333333333,0.75,0.75,0.25
3157203,Santa Bárbara,MG,Sudeste,1,68.58,-11.42,29.69470404984424,1324.19,5.1692857142857145,0.9583333333333334,0.3333333333333333,0.375
3157252,Santa Bárbara Do Leste,MG,Sudeste,0,74.13,-5.87,33.22768092974115,1083.66,4.8125,0.8333333333333334,0.16666666666666666,0.16666666666666666
3157278,Santa Bárbara Do Monte Verde,MG,Sudeste,2,53.89,-26.11,27.397260273972602,953.43,4.775,0.75,0.25,0.25
3157302,Santa Bárbara Do Tugúrio,MG,Sudeste,0,92.46,12.46,23.393574297188753,1035.66,4.875,0.6666666666666666,0.3333333333333333,0.0
3157336,Santa Cruz De Minas,MG,Sudeste,1,69.39,-10.61,28.999594977723774,1112.25,5.015,0.8,0.6,0.6
3157377,Santa Cruz De Salinas,MG,Sudeste,0,83.33,3.33,29.860418743768697,783.39,4.2,0.375,0.25,0.125
3157401,Santa Cruz Do Escalvado,MG,Sudeste,1,56.25,-23.75,25.14851485148515,912.04,5.04,0.2857142857142857,0.5714285714285714,0.5714285714285714
3157500,Santa Efigênia De Minas,MG,Sudeste,0,83.86,3.86,30.913838120104437,915.08,4.895,0.75,0.5,0.25
3157609,Santa Fé De Minas,MG,Sudeste,0,78.67,-1.33,29.726651480637813,924.03,4.625,0.6,0.4,0.4
3157658,Santa Helena De Minas,MG,Sudeste,0,73.98,-6.02,39.135348968635206,673.3,4.585,0.7142857142857143,0.2857142857142857,0.42857142857142855
3157708,Santa Juliana,MG,Sudeste,1,65.31,-14.69,29.81067125645439,1600.94,5.0475,0.8181818181818182,0.18181818181818182,0.45454545454545453
3157807,Santa Luzia,MG,Sudeste,1,69.39,-10.61,28.2338038364097,1305.74,5.1486363636363635,0.6875,0.3125,0.3020833333333333
3157906,Santa Margarida,MG,Sudeste,0,74.74,-5.26,29.81951764893787,933.07,4.823333333333333,0.2608695652173913,0.13043478260869565,0.13043478260869565
3158003,Santa Maria De Itabira,MG,Sudeste,1,69.24,-10.76,25.488631830873555,1194.25,4.8475,0.5714285714285714,0.5714285714285714,0.5714285714285714
3158102,Santa Maria Do Salto,MG,Sudeste,2,65.38,-14.62,28.927132918344928,791.94,4.496666666666667,0.4,0.2,0.0
3158201,Santa Maria Do Suaçuí,MG,Sudeste,2,58.93,-21.07,30.794839783603827,1032.69,4.604285714285714,0.5625,0.375,0.375
3158300,Santana Da Vargem,MG,Sudeste,1,96.16,16.16,17.916002126528443,1385.2,5.11,0.7142857142857143,0.5714285714285714,0.7142857142857143
3158409,Santana De Cataguases,MG,Sudeste,1,88.24,8.24,23.826208829712684,1005.32,4.9350000000000005,0.3333333333333333,0.6666666666666666,0.6666666666666666
3158508,Santana De Pirapama,MG,Sudeste,0,89.84,9.84,30.19704433497537,910.44,4.51,0.5714285714285714,0.5714285714285714,0.5714285714285714
3158607,Santana Do Deserto,MG,Sudeste,1,80.11,0.11,21.215733015494635,1164.44,4.873333333333334,0.16666666666666666,0.8333333333333334,0.6666666666666666
3158706,Santana Do Garambéu,MG,Sudeste,1,90.0,10.0,33.591160220994475,1087.43,4.755,0.6666666666666666,0.6666666666666666,0.3333333333333333
3158805,Santana Do Jacaré,MG,Sudeste,1,86.83,6.83,19.192587690271342,1217.31,4.915,1.0,0.6666666666666666,0.6666666666666666
3158904,Santana Do Manhuaçu,MG,Sudeste,0,73.05,-6.95,29.24034053700065,829.24,4.604285714285715,0.35714285714285715,0.14285714285714285,0.14285714285714285
3158953,Santana Do Paraíso,MG,Sudeste,1,72.83,-7.17,23.253275109170303,1389.43,5.031818181818182,0.6086956521739131,0.5652173913043478,0.43478260869565216
3159001,Santana Do Riacho,MG,Sudeste,1,78.02,-1.98,33.31530557057869,1345.61,5.1125,0.42857142857142855,0.5714285714285714,0.7142857142857143
3159100,Santana Dos Montes,MG,Sudeste,0,73.58,-6.42,37.193251533742334,938.09,4.986666666666667,0.5,0.3333333333333333,0.16666666666666666
3159209,Santa Rita De Caldas,MG,Sudeste,1,91.67,11.67,16.828478964401295,1494.51,5.3125,0.5,0.25,0.125
3159308,Santa Rita De Jacutinga,MG,Sudeste,1,75.52,-4.48,30.577576443941112,1178.73,5.306666666666667,0.75,0.25,0.75
3159357,Santa Rita De Minas,MG,Sudeste,1,75.5,-4.5,28.475711892797317,1018.16,4.9399999999999995,0.25,0.25,1.0
3159407,Santa Rita De Ibitipoca,MG,Sudeste,0,88.1,8.1,25.56701030927835,965.3,5.1,0.3333333333333333,0.16666666666666666,0.5
3159506,Santa Rita Do Itueto,MG,Sudeste,0,79.29,-0.71,35.832325675130996,1088.91,4.728,0.14285714285714285,0.21428571428571427,0.14285714285714285
3159605,Santa Rita Do Sapucaí,MG,Sudeste,1,77.75,-2.25,17.557994165856368,1701.65,5.23625,0.48148148148148145,0.5185185185185185,0.6296296296296297
3159704,Santa Rosa Da Serra,MG,Sudeste,0,85.0,5.0,28.869374313940728,1205.38,4.8999999999999995,0.2,0.2,0.2
3159803,Santa Vitória,MG,Sudeste,1,65.51,-14.49,22.1018593371059,1529.62,4.966666666666667,0.8125,0.4375,0.4375
3159902,Santo Antônio Do Amparo,MG,Sudeste,1,85.12,5.12,21.143811312878313,1176.11,4.9799999999999995,0.55,0.7,0.65
3160009,Santo Antônio Do Aventureiro,MG,Sudeste,1,93.64,13.64,25.608732157850543,1154.37,4.836666666666667,0.25,0.25,1.0
3160108,Santo Antônio Do Grama,MG,Sudeste,1,63.51,-16.49,25.958702064896755,1170.3,4.905,0.5,0.5,0.5
3160207,Santo Antônio Do Itambé,MG,Sudeste,0,68.92,-11.08,35.156730178242164,719.21,4.4,0.75,0.25,0.25
3160306,Santo Antônio Do Jacinto,MG,Sudeste,2,61.29,-18.71,30.855263157894736,721.83,4.338333333333334,0.3333333333333333,0.4166666666666667,0.25
3160405,Santo Antônio Do Monte,MG,Sudeste,1,79.4,-0.6,15.899483325504931,1404.17,5.30375,0.72,0.48,0.72
3160454,Santo Antônio Do Retiro,MG,Sudeste,0,77.43,-2.57,39.32905067808708,763.14,4.532,0.25,0.375,0.5
3160504,Santo Antônio Do Rio Abaixo,MG,Sudeste,1,95.45,15.45,27.598152424942263,1420.41,4.859999999999999,1.0,1.0,1.0
3160603,Santo Hipólito,MG,Sudeste,0,100.0,20.0,29.86322188449848,1070.64,4.34,0.375,0.25,0.25
3160702,Santos Dumont,MG,Sudeste,1,70.71,-9.29,26.814110765856334,1222.91,5.005,0.7804878048780488,0.5121951219512195,0.34146341463414637
3160801,São Bento Abade,MG,Sudeste,1,78.79,-1.21,30.567164179104477,1108.08,5.005,0.25,0.5,0.5
3160900,São Brás Do Suaçuí,MG,Sudeste,1,89.93,9.93,20.0,1526.19,5.455,0.3333333333333333,0.6666666666666666,1.0
3160959,São Domingos Das Dores,MG,Sudeste,1,92.62,12.62,27.856225930680363,1159.89,4.956666666666667,0.8333333333333334,0.6666666666666666,0.6666666666666666
3161007,São Domingos Do Prata,MG,Sudeste,1,76.01,-3.99,22.81808622502629,1153.05,4.864285714285714,0.75,0.3,0.3
3161056,São Félix De Minas,MG,Sudeste,1,85.67,5.67,27.13884992987377,1061.23,4.785,0.5,1.0,0.5
3161106,São Francisco,MG,Sudeste,2,67.11,-12.89,32.752001306975984,813.04,4.391304347826087,0.7619047619047619,0.5,0.47619047619047616
3161205,São Francisco De Paula,MG,Sudeste,1,89.97,9.97,19.706042460533478,1205.09,4.976666666666667,0.75,0.75,0.75
3161304,São Francisco De Sales,MG,Sudeste,1,69.42,-10.58,24.42622950819672,1313.75,4.99,1.0,0.8,0.8
3161403,São Francisco Do Glória,MG,Sudeste,1,81.94,1.94,21.53941651148355,1258.54,4.79,0.5,1.0,1.0
3161502,São Geraldo,MG,Sudeste,1,82.92,2.92,24.743549891202985,1086.63,4.84,0.8571428571428571,0.5714285714285714,0.5714285714285714
3161601,São Geraldo Da Piedade,MG,Sudeste,1,73.37,-6.63,31.860609831985066,918.91,4.87,1.0,1.0,1.0
3161650,São Geraldo Do Baixio,MG,Sudeste,1,73.64,-6.36,29.793300071275837,951.67,5.005,0.4,0.6,0.4
3161700,São Gonçalo Do Abaeté,MG,Sudeste,0,89.67,9.67,30.222398729150118,1212.62,4.97,0.625,0.25,0.375
3161809,São Gonçalo Do Pará,MG,Sudeste,1,88.67,8.67,16.589861751152075,1395.03,5.18,0.7777777777777778,0.8888888888888888,0.6666666666666666
3161908,São Gonçalo Do Rio Abaixo,MG,Sudeste,1,89.57,9.57,17.867213534991027,1260.15,5.215714285714285,0.6923076923076923,0.6153846153846154,0.6923076923076923
3162005,São Gonçalo Do Sapucaí,MG,Sudeste,1,73.61,-6.39,29.658721560130015,1245.0,4.974545454545455,0.5238095238095238,0.6190476190476191,0.5714285714285714
3162104,São Gotardo,MG,Sudeste,1,80.9,0.9,22.990425295034512,1594.93,4.9591666666666665,0.43333333333333335,0.7333333333333333,0.7666666666666667
3162203,São João Batista Do Glória,MG,Sudeste,1,87.34,7.34,14.591009579955786,1378.85,5.345000000000001,1.0,0.75,0.75
3162252,São João Da Lagoa,MG,Sudeste,1,59.19,-20.81,34.32539682539682,949.31,4.553333333333334,1.0,0.75,0.75
3162302,São João Da Mata,MG,Sudeste,0,76.26,-3.74,34.16988416988417,1052.04,5.29,0.0,0.0,0.0
3162401,São João Da Ponte,MG,Sudeste,0,84.07,4.07,32.908187189346336,816.07,4.169375,0.3235294117647059,0.4411764705882353,0.38235294117647056
3162450,São João Das Missões,MG,Sudeste,2,48.75,-31.25,33.18235195437007,657.0,4.403333333333333,0.5294117647058824,0.23529411764705882,0.5294117647058824
3162500,São João Del Rei,MG,Sudeste,1,76.15,-3.85,23.038452989553235,1691.04,5.1836,0.7536231884057971,0.5072463768115942,0.5072463768115942
3162559,São João Do Manhuaçu,MG,Sudeste,1,80.1,0.1,34.52453058752271,930.4,4.99,0.8888888888888888,0.8888888888888888,1.0
3162575,São João Do Manteninha,MG,Sudeste,1,77.46,-2.54,30.82215342277262,1096.76,4.9975000000000005,0.6,0.6,0.6
3162609,São João Do Oriente,MG,Sudeste,0,78.1,-1.9,29.177718832891248,1045.13,5.02,0.42857142857142855,0.14285714285714285,0.42857142857142855
3162658,São João Do Pacuí,MG,Sudeste,0,88.24,8.24,31.154454401686877,772.21,4.545,0.75,0.375,0.5
3162708,São João Do Paraíso,MG,Sudeste,0,95.5,15.5,29.689984101748806,807.01,4.751818181818181,0.5263157894736842,0.42105263157894735,0.15789473684210525
3162807,São João Evangelista,MG,Sudeste,1,75.5,-4.5,28.842798992052725,1109.19,4.7425,0.7894736842105263,0.47368421052631576,0.2631578947368421
3162906,São João Nepomuceno,MG,Sudeste,1,61.24,-18.76,21.889870836165873,1374.08,4.992857142857143,0.7333333333333333,0.6666666666666666,0.6
3162922,São Joaquim De Bicas,MG,Sudeste,0,79.73,-0.27,31.576770350761084,1067.53,5.112857142857143,0.6,0.3,0.1
3162948,São José Da Barra,MG,Sudeste,1,82.89,2.89,23.562570462232244,1391.61,5.3340000000000005,1.0,0.42857142857142855,0.7142857142857143
3162955,São José Da Lapa,MG,Sudeste,1,71.27,-8.73,27.986151182919794,1319.2,5.31375,0.75,0.3125,0.1875
3163003,São José Da Safira,MG,Sudeste,1,87.15,7.15,31.66114529105537,854.9,4.426666666666667,1.0,1.0,0.6
3163102,São José Da Varginha,MG,Sudeste,0,93.33,13.33,25.82496413199426,1189.68,5.035,0.125,0.25,0.5
3163201,São José Do Alegre,MG,Sudeste,1,85.35,5.35,20.419693301049232,910.86,5.18,0.6666666666666666,0.6666666666666666,0.6666666666666666
3163300,São José Do Divino,MG,Sudeste,2,58.97,-21.03,30.87697929354446,1016.23,4.8149999999999995,0.25,0.25,0.25
3163409,São José Do Goiabal,MG,Sudeste,1,67.0,-13.0,25.582362728785355,1115.9,5.085,0.6666666666666666,0.3333333333333333,0.3333333333333333
3163508,São José Do Jacuri,MG,Sudeste,0,82.21,2.21,35.39478802022559,819.84,4.466,0.5,0.5,0.375
3163607,São José Do Mantimento,MG,Sudeste,0,79.72,-0.28,33.239700374531836,1087.61,5.075,0.14285714285714285,0.14285714285714285,0.8571428571428571
3163706,São Lourenço,MG,Sudeste,1,89.2,9.2,22.688744332741965,1781.22,5.2058333333333335,0.8709677419354839,0.45161290322580644,0.6451612903225806
3163805,São Miguel Do Anta,MG,Sudeste,1,91.64,11.64,34.13747521480502,1126.44,4.8020000000000005,0.8333333333333334,0.5,0.6666666666666666
3163904,São Pedro Da União,MG,Sudeste,1,88.21,8.21,27.327586206896555,1414.88,5.176666666666667,0.75,0.5,0.75
3164001,São Pedro Dos Ferros,MG,Sudeste,1,78.17,-1.83,19.91424487851358,1096.96,4.6875,0.5714285714285714,0.5714285714285714,0.7142857142857143
3164100,São Pedro Do Suaçuí,MG,Sudeste,0,86.17,6.17,33.75053949072076,993.57,4.536666666666666,0.875,0.25,0.375
3164209,São Romão,MG,Sudeste,0,84.27,4.27,35.69269521410579,726.62,4.605,0.7142857142857143,0.14285714285714285,0.14285714285714285
3164308,São Roque De Minas,MG,Sudeste,1,80.33,0.33,26.997578692493946,2002.71,5.113333333333333,0.9,0.4,0.3
3164407,São Sebastião Da Bela Vista,MG,Sudeste,1,98.61,18.61,17.84799316823228,1300.15,5.2575,0.16666666666666666,0.6666666666666666,0.8333333333333334
3164431,São Sebastião Da Vargem Alegre,MG,Sudeste,1,82.78,2.78,22.361546499477534,1261.02,5.035,0.6,0.4,0.4
3164472,São Sebastião Do Anta,MG,Sudeste,0,86.25,6.25,38.065007618080244,921.38,4.865,0.8,0.4,0.4
3164605,São Sebastião Do Oeste,MG,Sudeste,1,82.62,2.62,28.917449332674245,1321.95,4.816666666666666,0.5,0.75,0.25
3164704,São Sebastião Do Paraíso,MG,Sudeste,1,77.18,-2.82,23.835234694766175,1629.1,5.248095238095239,0.7058823529411765,0.5294117647058824,0.5490196078431373
3164803,São Sebastião Do Rio Preto,MG,Sudeste,0,100.0,20.0,28.77358490566038,1044.03,4.720000000000001,0.5,0.5,0.5
3164902,São Sebastião Do Rio Verde,MG,Sudeste,1,87.77,7.77,22.14765100671141,1208.85,5.415,0.6666666666666666,0.3333333333333333,1.0
3165008,São Tiago,MG,Sudeste,1,92.9,12.9,19.86076986076986,1406.52,5.1475,0.4444444444444444,0.3333333333333333,0.2222222222222222
3165107,São Tomás De Aquino,MG,Sudeste,1,70.49,-9.51,27.961019490254873,1243.41,5.09,0.75,0.5,0.5
3165206,São Tomé Das Letras,MG,Sudeste,1,80.69,0.69,19.95118974984747,1341.66,4.785,0.7142857142857143,0.5714285714285714,0.8571428571428571
3165305,São Vicente De Minas,MG,Sudeste,1,97.22,17.22,28.67225408028231,1395.09,5.215,0.5,0.75,0.5
3165404,Sapucaí-Mirim,MG,Sudeste,1,91.01,11.01,24.578790882061448,1269.56,5.26,0.375,0.5,0.25
3165503,Sardoá,MG,Sudeste,1,81.9,1.9,36.38823131552249,845.55,4.64,0.6666666666666666,0.6666666666666666,1.0
3165537,Sarzedo,MG,Sudeste,1,79.39,-0.61,23.84502566609631,1461.78,5.354,0.47619047619047616,0.14285714285714285,0.14285714285714285
3165552,Setubinha,MG,Sudeste,2,60.0,-20.0,35.546541417591804,825.56,4.188,0.5294117647058824,0.23529411764705882,0.6470588235294118
3165560,Sem-Peixe,MG,Sudeste,1,90.0,10.0,30.22181146025878,1066.41,4.71,0.6,0.8,0.4
3165578,Senador Amaral,MG,Sudeste,1,80.75,0.75,33.27489481065919,1195.38,5.04,0.8,0.4,0.2
3165602,Senador Cortes,MG,Sudeste,1,92.86,12.86,16.19190404797601,1126.28,5.0649999999999995,0.2,0.6,0.6
3165701,Senador Firmino,MG,Sudeste,0,90.01,10.01,26.24953720844132,1233.96,5.06,0.4,0.2,0.2
3165800,Senador José Bento,MG,Sudeste,1,88.89,8.89,15.176151761517614,1282.2,5.155,0.3333333333333333,0.6666666666666666,0.6666666666666666
3165909,Senador Modestino Gonçalves,MG,Sudeste,0,89.17,9.17,30.642822619623004,935.44,4.359999999999999,0.5,0.25,0.5
3166006,Senhora De Oliveira,MG,Sudeste,1,94.33,14.33,36.36363636363637,885.56,4.93,0.5,0.75,0.5
3166105,Senhora Do Porto,MG,Sudeste,0,74.58,-5.42,31.239804241435564,961.01,4.533333333333333,0.6,0.2,0.0
3166204,Senhora Dos Remédios,MG,Sudeste,0,81.58,1.58,33.30784913353721,990.54,4.922,0.7,0.3,0.4
3166303,Sericita,MG,Sudeste,0,82.89,2.89,34.078947368421055,996.25,4.506666666666667,0.5714285714285714,0.14285714285714285,0.14285714285714285
3166402,Seritinga,MG,Sudeste,1,80.77,0.77,25.348189415041784,1450.73,4.965,0.3333333333333333,0.3333333333333333,0.6666666666666666
3166709,Serra Dos Aimorés,MG,Sudeste,1,54.4,-25.6,25.538568450312717,1016.56,4.835,0.8888888888888888,0.4444444444444444,0.4444444444444444
3166808,Serra Do Salitre,MG,Sudeste,1,56.41,-23.59,29.619762654395736,1573.89,4.9825,0.6923076923076923,0.5384615384615384,0.5384615384615384
3166907,Serrania,MG,Sudeste,1,85.45,5.45,16.902173913043477,1155.32,4.94,0.6,0.8,0.6
3166956,Serranópolis De Minas,MG,Sudeste,0,92.86,12.86,29.088130412633724,811.29,4.446666666666666,0.5,0.375,0.5
3167004,Serranos,MG,Sudeste,1,88.0,8.0,34.08866995073892,1182.63,4.74,0.6666666666666666,0.3333333333333333,0.6666666666666666
3167202,Sete Lagoas,MG,Sudeste,1,61.66,-18.34,28.348746201438534,1668.6,5.080576923076923,0.7938931297709924,0.4580152671755725,0.4580152671755725
3167301,Silveirânia,MG,Sudeste,1,96.67,16.67,23.684210526315788,1213.4,5.0600000000000005,0.6666666666666666,0.3333333333333333,0.3333333333333333
3167400,Silvianópolis,MG,Sudeste,1,77.79,-2.21,30.05241700640652,1597.35,5.0649999999999995,1.0,0.25,0.0
3167509,Simão Pereira,MG,Sudeste,1,89.83,9.83,26.11036339165545,1350.4,4.815,0.3333333333333333,0.6666666666666666,0.6666666666666666
3167608,Simonésia,MG,Sudeste,0,72.05,-7.95,33.41952165481577,1037.28,4.79125,0.25806451612903225,0.22580645161290322,0.1935483870967742
3167707,Sobrália,MG,Sudeste,0,69.75,-10.25,33.38919145370758,1139.19,5.02,0.7142857142857143,0.14285714285714285,0.14285714285714285
3167806,Soledade De Minas,MG,Sudeste,1,80.9,0.9,17.273673257023933,1255.32,5.1899999999999995,0.4,0.2,0.2
3167905,Tabuleiro,MG,Sudeste,1,82.1,2.1,22.134733158355203,1166.15,4.9350000000000005,1.0,0.5,0.5
3168002,Taiobeiras,MG,Sudeste,1,86.36,6.36,24.721642310368825,1079.79,4.747777777777778,0.5909090909090909,0.5909090909090909,0.45454545454545453
3168051,Taparuba,MG,Sudeste,0,86.96,6.96,34.70449172576832,949.47,4.97,0.6666666666666666,0.16666666666666666,0.3333333333333333
3168101,Tapira,MG,Sudeste,1,76.52,-3.48,30.153203342618383,1554.17,5.303333333333334,1.0,0.3333333333333333,0.6666666666666666
3168200,Tapiraí,MG,Sudeste,1,66.67,-13.33,22.97734627831715,1331.31,4.970000000000001,0.25,0.25,0.25
3168309,Taquaraçu De Minas,MG,Sudeste,0,81.84,1.84,30.390390390390394,1209.1,5.123333333333334,0.5,0.25,0.25
3168408,Tarumirim,MG,Sudeste,1,72.41,-7.59,32.73413625741507,993.4,4.837000000000001,0.5652173913043478,0.6086956521739131,0.6521739130434783
3168507,Teixeiras,MG,Sudeste,1,70.29,-9.71,27.685185185185183,1233.73,4.9475,0.6666666666666666,0.3333333333333333,0.16666666666666666
3168606,Teófilo Otoni,MG,Sudeste,1,69.59,-10.41,25.574998089707346,1338.49,4.714186046511628,0.44274809160305345,0.3511450381679389,0.3435114503816794
3168705,Timóteo,MG,Sudeste,1,65.18,-14.82,23.714652956298202,1630.44,5.213913043478261,0.7068965517241379,0.3448275862068966,0.2413793103448276
3168804,Tiradentes,MG,Sudeste,1,70.2,-9.8,28.001921229586934,1872.35,5.246666666666666,0.09090909090909091,0.18181818181818182,0.09090909090909091
3168903,Tiros,MG,Sudeste,1,76.88,-3.12,27.908137793310033,1633.94,5.336666666666666,0.2857142857142857,0.2857142857142857,0.42857142857142855
3169000,Tocantins,MG,Sudeste,1,74.26,-5.74,24.26419060967064,1244.19,4.98,0.6363636363636364,0.45454545454545453,0.36363636363636365
3169059,Tocos Do Moji,MG,Sudeste,1,77.19,-2.81,30.355220667384287,1301.34,5.385,0.2,0.2,0.8
3169109,Toledo,MG,Sudeste,1,87.79,7.79,23.741738688357906,1257.12,5.175,0.5714285714285714,0.2857142857142857,0.2857142857142857
3169208,Tombos,MG,Sudeste,1,70.0,-10.0,32.05013428827216,1491.51,5.03,0.18181818181818182,0.2727272727272727,0.5454545454545454
3169307,Três Corações,MG,Sudeste,1,71.07,-8.93,18.769860885530683,1370.02,5.140909090909091,0.8166666666666667,0.5166666666666667,0.5166666666666667
3169356,Três Marias,MG,Sudeste,1,78.38,-1.62,24.541671353053648,1333.18,5.010000000000001,0.6153846153846154,0.4230769230769231,0.5384615384615384
3169406,Três Pontas,MG,Sudeste,1,77.02,-2.98,26.94320604768366,1459.07,5.12,0.5806451612903226,0.4838709677419355,0.6129032258064516
3169505,Tumiritinga,MG,Sudeste,1,80.69,0.69,32.418096723868956,895.69,4.828,0.875,0.375,0.625
3169604,Tupaciguara,MG,Sudeste,1,59.16,-20.84,29.324353217874705,1424.49,5.1,0.7619047619047619,0.5238095238095238,0.8571428571428571
3169703,Turmalina,MG,Sudeste,1,73.89,-6.11,26.324610029650636,1093.34,4.7425,0.6666666666666666,0.2857142857142857,0.3333333333333333
3169802,Turvolândia,MG,Sudeste,1,73.96,-6.04,28.95927601809955,1172.12,5.125,1.0,0.6666666666666666,0.6666666666666666
3169901,Ubá,MG,Sudeste,1,81.12,1.12,21.909530386740332,1507.27,5.073235294117647,0.8088235294117647,0.35294117647058826,0.38235294117647056
3170008,Ubaí,MG,Sudeste,2,62.96,-17.04,37.318962613674636,803.38,4.255,0.2631578947368421,0.42105263157894735,0.2631578947368421
3170057,Ubaporanga,MG,Sudeste,0,82.42,2.42,29.55665024630542,1088.96,4.8566666666666665,0.5,0.35714285714285715,0.35714285714285715
3170107,Uberaba,MG,Sudeste,1,60.79,-19.21,26.755051782882973,1939.6,5.227941176470588,0.7944444444444444,0.5944444444444444,0.5944444444444444
3170206,Uberlândia,MG,Sudeste,1,66.57,-13.43,21.986922558208256,2079.68,5.330578512396694,0.8016304347826086,0.483695652173913,0.4782608695652174
3170305,Umburatiba,MG,Sudeste,1,70.0,-10.0,29.66417910447761,927.61,4.6066666666666665,1.0,0.3333333333333333,0.3333333333333333
3170404,Unaí,MG,Sudeste,1,66.44,-13.56,16.990985048372913,1760.5,5.013181818181818,0.7368421052631579,0.5087719298245614,0.3684210526315789
3170438,União De Minas,MG,Sudeste,1,71.57,-8.43,26.059654631083202,1279.07,5.16,0.6666666666666666,1.0,0.6666666666666666
3170479,Uruana De Minas,MG,Sudeste,1,86.35,6.35,24.18687167356594,1091.98,4.91,0.8,0.6,0.4
3170503,Urucânia,MG,Sudeste,1,58.54,-21.46,17.79781680113906,1080.19,4.9375,0.5555555555555556,0.3333333333333333,0.4444444444444444
3170529,Urucuia,MG,Sudeste,2,56.86,-23.14,29.358626919602532,727.87,4.4383333333333335,0.5384615384615384,0.07692307692307693,0.15384615384615385
3170578,Vargem Alegre,MG,Sudeste,1,69.96,-10.04,34.277317659631315,1037.57,4.734999999999999,1.0,0.6666666666666666,0.6666666666666666
3170602,Vargem Bonita,MG,Sudeste,1,80.0,0.0,18.467852257181942,1496.78,4.98,0.2,0.2,0.2
3170651,Vargem Grande Do Rio Pardo,MG,Sudeste,0,78.86,-1.14,30.851063829787233,881.5,4.906666666666667,0.16666666666666666,0.16666666666666666,0.3333333333333333
3170701,Varginha,MG,Sudeste,1,69.43,-10.57,24.29805615550756,1874.49,5.333200000000001,0.5925925925925926,0.48148148148148145,0.5802469135802469
3170750,Varjão De Minas,MG,Sudeste,0,77.77,-2.23,31.613183000867302,1349.13,5.03,0.2857142857142857,0.14285714285714285,0.14285714285714285
3170800,Várzea Da Palma,MG,Sudeste,1,63.9,-16.1,29.313417635576677,1062.12,4.708666666666667,0.34375,0.5,0.59375
3170909,Varzelândia,MG,Sudeste,2,56.58,-23.42,35.34009294465568,738.74,4.211428571428572,0.5,0.28125,0.5
3171006,Vazante,MG,Sudeste,1,68.22,-11.78,23.525264394829613,1572.32,5.3,0.8695652173913043,0.6086956521739131,0.6086956521739131
3171071,Veredinha,MG,Sudeste,0,97.45,17.45,27.463917525773198,898.68,4.672499999999999,0.42857142857142855,0.2857142857142857,0.2857142857142857
3171105,Veríssimo,MG,Sudeste,1,82.7,2.7,26.459854014598537,1352.42,5.1,1.0,0.75,0.5
3171154,Vermelho Novo,MG,Sudeste,2,60.42,-19.58,30.618112122664108,859.63,4.865,0.3333333333333333,0.6666666666666666,0.3333333333333333
3171204,Vespasiano,MG,Sudeste,1,69.8,-10.2,28.830533869568647,1291.72,5.144848484848485,0.7391304347826086,0.43478260869565216,0.34782608695652173
3171303,Viçosa,MG,Sudeste,1,75.03,-4.97,23.846109410201606,1864.42,5.0227272727272725,0.6323529411764706,0.3235294117647059,0.3235294117647059
3171402,Vieiras,MG,Sudeste,0,76.2,-3.8,27.124773960217,1216.73,4.67,0.2,0.2,0.2
3171501,Mathias Lobato,MG,Sudeste,0,81.36,1.36,33.19791062100987,907.26,4.49,0.5,0.5,0.0
3171600,Virgem Da Lapa,MG,Sudeste,1,83.09,3.09,24.51461070798196,959.9,4.4783333333333335,0.5,0.5625,0.5
3171709,Virgínia,MG,Sudeste,0,85.46,5.46,27.861271676300582,987.85,4.966666666666667,0.36363636363636365,0.36363636363636365,0.36363636363636365
3171808,Virginópolis,MG,Sudeste,1,75.98,-4.02,15.843621399176955,1116.83,4.911666666666666,0.8,0.6,0.8
3171907,Virgolândia,MG,Sudeste,0,78.87,-1.13,29.44507361268403,927.5,4.516666666666667,0.6666666666666666,0.5,0.5
3172004,Visconde Do Rio Branco,MG,Sudeste,2,41.64,-38.36,20.914967677772253,1493.02,4.964166666666666,0.6571428571428571,0.42857142857142855,0.37142857142857144
3172103,Volta Grande,MG,Sudeste,0,76.47,-3.53,31.03277060575968,1153.24,4.8100000000000005,0.5714285714285714,0.14285714285714285,0.0
3172202,Wenceslau Braz,MG,Sudeste,1,93.73,13.73,29.877216916780352,1240.48,5.234999999999999,0.3333333333333333,0.6666666666666666,0.6666666666666666
3200102,Afonso Cláudio,ES,Sudeste,0,94.5,14.5,19.43090501910157,1191.25,4.928888888888888,0.1891891891891892,0.10810810810810811,0.32432432432432434
3200136,Águia Branca,ES,Sudeste,1,98.54,18.54,24.270900842514582,1242.59,4.9071428571428575,0.2727272727272727,0.9090909090909091,1.0
3200169,Água Doce Do Norte,ES,Sudeste,0,88.62,8.62,29.662317728319266,965.09,4.466666666666667,0.6428571428571429,0.21428571428571427,0.5
3200201,Alegre,ES,Sudeste,1,75.2,-4.8,28.41931148557841,1336.26,4.74,0.47058823529411764,0.29411764705882354,0.7647058823529411
3200300,Alfredo Chaves,ES,Sudeste,1,88.13,8.13,20.259913362212593,1469.82,5.318333333333333,0.1111111111111111,0.2962962962962963,0.5925925925925926
3200359,Alto Rio Novo,ES,Sudeste,0,95.97,15.97,32.84006829823563,1247.98,4.796,0.3,0.1,0.2
3200409,Anchieta,ES,Sudeste,1,87.28,7.28,28.53238265002971,1257.88,5.142666666666667,0.6511627906976745,0.23255813953488372,0.4186046511627907
3200508,Apiacá,ES,Sudeste,1,71.49,-8.51,25.297619047619047,1138.77,4.8100000000000005,0.14285714285714285,0.2857142857142857,0.5714285714285714
3200607,Aracruz,ES,Sudeste,1,74.47,-5.53,22.52312742464936,1507.13,5.093030303030303,0.2597402597402597,0.2857142857142857,0.4675324675324675
3200706,Atílio Vivácqua,ES,Sudeste,0,81.05,1.05,20.455908818236352,1103.7,4.888333333333333,0.29411764705882354,0.11764705882352941,0.23529411764705882
3200805,Baixo Guandu,ES,Sudeste,1,74.5,-5.5,25.758597437626435,1257.09,5.161764705882353,0.3611111111111111,0.3888888888888889,0.3888888888888889
3200904,Barra De São Francisco,ES,Sudeste,1,88.41,8.41,23.540549069106973,1262.47,4.68,0.37209302325581395,0.3023255813953488,0.46511627906976744
3201001,Boa Esperança,ES,Sudeste,1,86.03,6.03,28.19655691124854,1151.53,4.8075,0.23076923076923078,0.23076923076923078,0.8461538461538461
3201100,Bom Jesus Do Norte,ES,Sudeste,1,79.87,-0.13,23.22817631806396,1133.04,4.655,0.5555555555555556,0.2222222222222222,0.5555555555555556
3201159,Brejetuba,ES,Sudeste,1,81.85,1.85,18.2923028980991,1016.25,4.821111111111112,0.3157894736842105,0.2631578947368421,0.47368421052631576
3201209,Cachoeiro De Itapemirim,ES,Sudeste,1,74.83,-5.17,24.640860519425374,1516.3,5.0034426229508195,0.5245901639344263,0.19672131147540983,0.7295081967213115
3201308,Cariacica,ES,Sudeste,1,68.17,-11.83,28.16905049112528,1244.17,5.013298969072165,0.5163043478260869,0.20652173913043478,0.6304347826086957
3201407,Castelo,ES,Sudeste,1,83.91,3.91,21.01890419737264,1634.05,5.05625,0.48148148148148145,0.7037037037037037,0.7037037037037037
3201506,Colatina,ES,Sudeste,1,86.44,6.44,17.232674634165583,1603.31,5.0025641025641026,0.26548672566371684,0.48672566371681414,0.5132743362831859
3201605,Conceição Da Barra,ES,Sudeste,0,78.53,-1.47,30.978371415011186,1122.43,4.834666666666666,0.20588235294117646,0.20588235294117646,0.47058823529411764
3201704,Conceição Do Castelo,ES,Sudeste,1,86.81,6.81,24.394844388557058,1352.34,5.12,0.5384615384615384,0.3076923076923077,0.8461538461538461
3201803,Divino De São Lourenço,ES,Sudeste,1,90.32,10.32,23.26732673267327,1119.67,4.806666666666667,0.5,0.25,1.0
3201902,Domingos Martins,ES,Sudeste,1,85.66,5.66,16.06919921526663,1477.15,5.139545454545455,0.6078431372549019,0.11764705882352941,0.5686274509803921
3202009,Dores Do Rio Preto,ES,Sudeste,1,82.23,2.23,22.357174988753936,1182.1,4.934,0.125,0.125,0.875
3202108,Ecoporanga,ES,Sudeste,1,87.24,7.24,24.840850602736015,1062.01,4.734545454545454,0.3448275862068966,0.41379310344827586,0.5517241379310345
3202207,Fundão,ES,Sudeste,1,72.63,-7.37,24.77372262773723,1406.78,4.9775,0.1875,0.0625,0.4375
3202256,Governador Lindenberg,ES,Sudeste,0,81.79,1.79,25.313028764805413,1407.77,5.026,0.32,0.2,0.24
3202306,Guaçuí,ES,Sudeste,1,82.76,2.76,26.881918819188193,1302.02,4.792,0.4583333333333333,0.2916666666666667,0.5
3202405,Guarapari,ES,Sudeste,1,81.42,1.42,18.70879024011847,1656.5,5.034878048780488,0.6170212765957447,0.5851063829787234,0.6808510638297872
3202454,Ibatiba,ES,Sudeste,1,82.66,2.66,14.426346876678004,1074.38,4.984285714285714,0.5,0.2727272727272727,0.2727272727272727
3202504,Ibiraçu,ES,Sudeste,1,84.92,4.92,21.790409899458623,1466.2,4.996,0.25,0.3125,0.5
3202553,Ibitirama,ES,Sudeste,0,82.56,2.56,34.8756906077348,941.8,4.87,0.1875,0.1875,0.5625
3202603,Iconha,ES,Sudeste,1,87.7,7.7,21.762078765732845,1398.56,5.252,0.6,0.5,0.5
3202652,Irupi,ES,Sudeste,0,87.63,7.63,19.564089257913857,1269.82,4.8340000000000005,0.23076923076923078,0.0,0.15384615384615385
3202702,Itaguaçu,ES,Sudeste,1,85.0,5.0,27.455716586151368,1255.55,5.123333333333334,0.25,0.3125,0.75
3202801,Itapemirim,ES,Sudeste,0,76.86,-3.14,31.92704203013481,1072.13,5.044444444444444,0.2978723404255319,0.2127659574468085,0.2978723404255319
3202900,Itarana,ES,Sudeste,1,82.99,2.99,18.720748829953198,1524.8,5.13,0.21428571428571427,0.2857142857142857,0.5
3203007,Iúna,ES,Sudeste,0,78.19,-1.81,20.69838731174197,1187.08,5.0024999999999995,0.23333333333333334,0.2,0.16666666666666666
3203056,Jaguaré,ES,Sudeste,1,81.02,1.02,26.830904907975462,1288.05,4.786875,0.5135135135135135,0.5405405405405406,0.6486486486486487
3203106,Jerônimo Monteiro,ES,Sudeste,0,80.6,0.6,25.508921839658207,1357.18,4.77,0.1111111111111111,0.2222222222222222,0.3333333333333333
3203130,João Neiva,ES,Sudeste,1,79.65,-0.35,17.659137577002053,1585.86,5.117142857142857,0.0625,0.6875,0.625
3203163,Laranja Da Terra,ES,Sudeste,0,96.36,16.36,21.184510250569478,1256.48,5.052,0.10526315789473684,0.15789473684210525,0.3684210526315789
3203205,Linhares,ES,Sudeste,1,75.01,-4.99,11.9176518248444,1472.5,4.9655813953488375,0.19166666666666668,0.19166666666666668,0.36666666666666664
3203304,Mantenópolis,ES,Sudeste,1,97.09,17.09,28.830217768356135,1099.96,4.796250000000001,0.7272727272727273,0.36363636363636365,0.6363636363636364
3203320,Marataízes,ES,Sudeste,0,77.41,-2.59,31.09745592373514,1247.27,4.972777777777778,0.23809523809523808,0.11904761904761904,0.21428571428571427
3203346,Marechal Floriano,ES,Sudeste,1,79.75,-0.25,12.801543904792537,1433.67,5.148888888888888,0.15,0.15,0.45
3203353,Marilândia,ES,Sudeste,1,94.37,14.37,17.936117936117938,1480.41,5.0225,0.10526315789473684,0.3157894736842105,0.5263157894736842
3203403,Mimoso Do Sul,ES,Sudeste,0,85.07,5.07,27.57484466202222,1139.0,4.731,0.391304347826087,0.391304347826087,0.34782608695652173
3203502,Montanha,ES,Sudeste,1,83.62,3.62,26.969001148105626,1129.12,4.827142857142857,0.5,0.6071428571428571,0.8214285714285714
3203601,Mucurici,ES,Sudeste,1,86.5,6.5,24.460995687965504,1025.33,4.783333333333333,0.3333333333333333,0.4444444444444444,0.7777777777777778
3203700,Muniz Freire,ES,Sudeste,0,92.6,12.6,27.628228446707894,1075.2,4.622999999999999,0.2777777777777778,0.16666666666666666,0.5
3203809,Muqui,ES,Sudeste,0,74.37,-5.63,31.121951219512194,1359.97,4.786666666666666,0.3333333333333333,0.2,0.4
3203908,Nova Venécia,ES,Sudeste,0,84.68,4.68,26.139937106918236,1462.06,4.947272727272727,0.1527777777777778,0.19444444444444445,0.3055555555555556
3204005,Pancas,ES,Sudeste,0,90.23,10.23,26.963678654499912,1188.19,4.79,0.17857142857142858,0.14285714285714285,0.17857142857142858
3204054,Pedro Canário,ES,Sudeste,1,88.66,8.66,27.260926006057986,1091.36,4.836666666666667,0.5909090909090909,0.4090909090909091,0.36363636363636365
3204104,Pinheiros,ES,Sudeste,0,81.65,1.65,25.441176470588232,1123.49,4.8,0.14285714285714285,0.39285714285714285,0.42857142857142855
3204203,Piúma,ES,Sudeste,1,81.01,1.01,26.71841601979975,1247.95,5.05,0.4,0.3,0.35
3204252,Ponto Belo,ES,Sudeste,0,90.87,10.87,31.40710028504794,900.2,4.776666666666666,0.4,0.5,0.6
3204302,Presidente Kennedy,ES,Sudeste,0,86.58,6.58,26.897282033180375,1101.94,4.825,0.5217391304347826,0.2608695652173913,0.2608695652173913
3204351,Rio Bananal,ES,Sudeste,0,83.29,3.29,18.257372654155496,1231.12,5.034285714285715,0.06896551724137931,0.13793103448275862,0.2413793103448276
3204401,Rio Novo Do Sul,ES,Sudeste,1,79.81,-0.19,25.155925155925157,1277.89,5.036,0.4375,0.25,0.375
3204500,Santa Leopoldina,ES,Sudeste,0,85.4,5.4,29.22422954303932,1155.17,4.95,0.23809523809523808,0.19047619047619047,0.38095238095238093
3204559,Santa Maria De Jetibá,ES,Sudeste,1,79.19,-0.81,20.392046255817235,1374.43,5.26,0.3684210526315789,0.15789473684210525,0.24561403508771928
3204609,Santa Teresa,ES,Sudeste,1,90.21,10.21,21.63896179644211,1744.55,5.178888888888888,0.5454545454545454,0.45454545454545453,0.5454545454545454
3204658,São Domingos Do Norte,ES,Sudeste,0,94.48,14.48,24.469453376205788,1228.15,4.875,0.35714285714285715,0.14285714285714285,0.42857142857142855
3204708,São Gabriel Da Palha,ES,Sudeste,0,87.46,7.46,19.785413207306167,1370.65,4.931666666666667,0.21428571428571427,0.14285714285714285,0.30952380952380953
3204807,São José Do Calçado,ES,Sudeste,1,88.25,8.25,29.86236870699022,1293.72,4.8775,0.4,0.4,0.4
3204906,São Mateus,ES,Sudeste,1,73.76,-6.24,22.558303886925795,1400.64,4.8835,0.40145985401459855,0.24087591240875914,0.5912408759124088
3204955,São Roque Do Canaã,ES,Sudeste,1,96.0,16.0,11.390667886550778,1243.74,5.016666666666667,0.6666666666666666,0.5555555555555556,0.8888888888888888
3205002,Serra,ES,Sudeste,1,64.16,-15.84,26.445701627093456,1541.03,5.060093457943925,0.5844155844155844,0.4199134199134199,0.70995670995671
3205010,Sooretama,ES,Sudeste,0,79.82,-0.18,17.90033222591362,1154.25,4.662727272727273,0.43478260869565216,0.13043478260869565,0.30434782608695654
3205036,Vargem Alta,ES,Sudeste,1,82.42,2.42,16.47029945999018,1316.67,4.978888888888889,0.4166666666666667,0.3333333333333333,0.75
3205069,Venda Nova Do Imigrante,ES,Sudeste,1,89.6,9.6,16.47326507394767,1683.88,5.178333333333334,0.2222222222222222,0.3888888888888889,0.4444444444444444
3205101,Viana,ES,Sudeste,0,78.23,-1.77,26.497655843028305,1186.66,4.96625,0.36,0.1,0.4
3205150,Vila Pavão,ES,Sudeste,0,90.45,10.45,27.056424201223656,1069.92,4.756666666666667,0.2608695652173913,0.21739130434782608,0.6521739130434783
3205176,Vila Valério,ES,Sudeste,0,75.61,-4.39,29.862344582593252,1199.07,4.912222222222223,0.16666666666666666,0.125,0.16666666666666666
3205200,Vila Velha,ES,Sudeste,1,79.89,-0.11,26.005687479242777,2232.27,5.086219512195122,0.7425742574257426,0.6782178217821783,0.6584158415841584
3205309,Vitória,ES,Sudeste,1,79.24,-0.76,27.94958185428073,3351.64,5.07015873015873,0.6333333333333333,0.6944444444444444,0.7055555555555556
3300100,Angra Dos Reis,RJ,Sudeste,2,63.87,-16.13,32.43000528262018,1463.14,4.954000000000001,0.5477707006369427,0.27388535031847133,0.33121019108280253
3300159,Aperibé,RJ,Sudeste,1,75.2,-4.8,28.64651773981603,1360.14,5.17,0.46153846153846156,0.07692307692307693,0.7692307692307693
3300209,Araruama,RJ,Sudeste,2,56.97,-23.03,32.61644016360998,1311.77,4.838478260869565,0.37593984962406013,0.3007518796992481,0.6390977443609023
3300225,Areal,RJ,Sudeste,1,67.06,-12.94,22.1387804145389,1352.93,5.16125,0.3125,0.1875,0.4375
3300233,Armação Dos Búzios,RJ,Sudeste,1,73.38,-6.62,28.754645485680975,1619.56,5.025882352941176,0.2702702702702703,0.16216216216216217,0.32432432432432434
3300258,Arraial Do Cabo,RJ,Sudeste,1,63.35,-16.65,29.14143992997301,1466.08,4.942,0.4166666666666667,0.4583333333333333,0.5833333333333334
3300308,Barra Do Piraí,RJ,Sudeste,1,54.25,-25.75,29.166853806422637,1422.6,4.963636363636364,0.28169014084507044,0.5352112676056338,0.5915492957746479
3300407,Barra Mansa,RJ,Sudeste,1,68.24,-11.76,30.373259331483286,1407.8,5.074,0.49557522123893805,0.6106194690265486,0.7256637168141593
3300456,Belford Roxo,RJ,Sudeste,2,35.63,-44.37,35.9989073972035,915.03,4.746161616161616,0.3215547703180212,0.24734982332155478,0.26855123674911663
3300506,Bom Jardim,RJ,Sudeste,1,76.1,-3.9,30.869453044375643,1392.13,4.992142857142857,0.4,0.3,0.5333333333333333
3300605,Bom Jesus Do Itabapoana,RJ,Sudeste,1,72.82,-7.18,21.149770399152242,1537.4,4.8595,0.28846153846153844,0.2692307692307692,0.36538461538461536
3300704,Cabo Frio,RJ,Sudeste,2,64.26,-15.74,30.529872442966028,1549.33,4.8859375,0.35668789808917195,0.2611464968152866,0.35668789808917195
3300803,Cachoeiras De Macacu,RJ,Sudeste,1,63.71,-16.29,32.47512896094326,1212.66,4.849545454545455,0.631578947368421,0.3684210526315789,0.49122807017543857
3300902,Cambuci,RJ,Sudeste,0,82.34,2.34,31.60532227406255,1315.25,4.871111111111111,0.3684210526315789,0.2631578947368421,0.3684210526315789
3300936,Carapebus,RJ,Sudeste,2,67.43,-12.57,30.848284271032924,1132.9,5.05375,0.3888888888888889,0.0,0.1111111111111111
3300951,Comendador Levy Gasparian,RJ,Sudeste,1,61.46,-18.54,25.944487278334616,1127.61,4.925,0.4444444444444444,0.3333333333333333,0.8888888888888888
3301009,Campos Dos Goytacazes,RJ,Sudeste,2,46.4,-33.6,35.91957155705759,1385.75,4.817532467532468,0.5330188679245284,0.39858490566037735,0.5542452830188679
3301108,Cantagalo,RJ,Sudeste,1,58.64,-21.36,32.328216374269005,1207.29,4.935384615384615,0.5294117647058824,0.8823529411764706,0.8235294117647058
3301157,Cardoso Moreira,RJ,Sudeste,2,53.96,-26.04,27.604377786785573,1077.5,4.985,0.3125,0.1875,0.25
3301207,Carmo,RJ,Sudeste,0,74.91,-5.09,31.513725490196077,1309.8,4.96,0.4166666666666667,0.16666666666666666,0.2916666666666667
3301306,Casimiro De Abreu,RJ,Sudeste,1,64.18,-15.82,29.67640094711918,1378.38,5.032,0.4186046511627907,0.27906976744186046,0.4883720930232558
3301405,Conceição De Macabu,RJ,Sudeste,2,62.34,-17.66,33.88218923933209,1267.02,4.794,0.3793103448275862,0.4827586206896552,0.4482758620689655
3301504,Cordeiro,RJ,Sudeste,1,65.07,-14.93,27.068345323741006,1414.42,5.095555555555555,0.625,0.2916666666666667,0.4583333333333333
3301603,Duas Barras,RJ,Sudeste,2,62.71,-17.29,31.784024492067907,1155.27,5.1414285714285715,0.26666666666666666,0.2,0.4666666666666667
3301702,Duque De Caxias,RJ,Sudeste,2,46.89,-33.11,34.61294964028777,1100.31,4.818853211009174,0.48936170212765956,0.4397163120567376,0.42730496453900707
3301801,Engenheiro Paulo De Frontin,RJ,Sudeste,2,47.87,-32.13,32.86713286713287,1284.42,5.015,0.38461538461538464,0.3076923076923077,0.38461538461538464
3301850,Guapimirim,RJ,Sudeste,2,58.88,-21.12,34.50457886255552,1197.43,4.9155,0.2391304347826087,0.17391304347826086,0.2826086956521739
3301876,Iguaba Grande,RJ,Sudeste,1,78.1,-1.9,28.03112840466926,1526.99,5.120909090909091,0.56,0.2,0.32
3301900,Itaboraí,RJ,Sudeste,2,55.75,-24.25,34.019964342194065,1101.64,4.8808,0.4431818181818182,0.30113636363636365,0.32386363636363635
3302007,Itaguaí,RJ,Sudeste,2,47.46,-32.54,35.436308510196454,1199.57,4.93375,0.3177570093457944,0.5700934579439252,0.514018691588785
3302056,Italva,RJ,Sudeste,1,64.84,-15.16,29.293699186991866,1227.13,5.029999999999999,0.46153846153846156,0.38461538461538464,0.38461538461538464
3302106,Itaocara,RJ,Sudeste,1,73.81,-6.19,28.16574905824399,1421.51,4.921111111111111,0.4230769230769231,0.23076923076923078,0.3076923076923077
3302205,Itaperuna,RJ,Sudeste,1,76.34,-3.66,25.580462912338252,1520.46,5.003235294117648,0.31521739130434784,0.2391304347826087,0.42391304347826086
3302254,Itatiaia,RJ,Sudeste,2,62.39,-17.61,28.450615994988514,1527.73,5.093333333333334,0.36363636363636365,0.24242424242424243,0.21212121212121213
3302270,Japeri,RJ,Sudeste,2,40.86,-39.14,37.24169600489821,786.34,4.713333333333333,0.25806451612903225,0.2903225806451613,0.2903225806451613
3302304,Laje Do Muriaé,RJ,Sudeste,0,83.37,3.37,28.159580663948745,1145.6,4.785,0.3333333333333333,0.1111111111111111,0.3333333333333333
3302403,Macaé,RJ,Sudeste,1,63.52,-16.48,33.20789143573954,1876.38,5.057272727272727,0.2777777777777778,0.29797979797979796,0.5252525252525253
3302452,Macuco,RJ,Sudeste,1,80.89,0.89,20.730027548209367,1289.93,5.124,0.5714285714285714,0.42857142857142855,0.7142857142857143
3302502,Magé,RJ,Sudeste,2,52.96,-27.04,34.209072903176654,1036.31,4.833544303797469,0.26285714285714284,0.17142857142857143,0.3142857142857143
3302601,Mangaratiba,RJ,Sudeste,2,54.31,-25.69,34.123947972456,1501.02,5.127692307692308,0.17857142857142858,0.16071428571428573,0.17857142857142858
3302700,Maricá,RJ,Sudeste,1,67.76,-12.24,22.570644752543455,1707.99,5.123846153846154,0.3779527559055118,0.2204724409448819,0.4330708661417323
3302809,Mendes,RJ,Sudeste,2,64.27,-15.73,29.02187902187902,1399.3,4.93,0.17647058823529413,0.11764705882352941,0.7647058823529411
3302858,Mesquita,RJ,Sudeste,2,40.82,-39.18,35.5037349595193,1115.94,4.86,0.45918367346938777,0.336734693877551,0.46938775510204084
3302908,Miguel Pereira,RJ,Sudeste,1,79.06,-0.94,32.42309407044137,1784.0,5.210625,0.3333333333333333,0.14285714285714285,0.2857142857142857
3303005,Miracema,RJ,Sudeste,0,71.46,-8.54,32.66660605509592,1414.6,4.807142857142857,0.4411764705882353,0.11764705882352941,0.29411764705882354
3303104,Natividade,RJ,Sudeste,1,62.9,-17.1,29.42763538253999,1393.71,4.816,0.4,0.35,0.5
3303203,Nilópolis,RJ,Sudeste,2,55.04,-24.96,33.042950291702965,1298.9,4.845,0.47706422018348627,0.5229357798165137,0.42201834862385323
3303302,Niterói,RJ,Sudeste,1,58.67,-21.33,35.07346819378502,3577.32,4.928901098901099,0.48753462603878117,0.3767313019390582,0.4515235457063712
3303401,Nova Friburgo,RJ,Sudeste,1,71.71,-8.29,28.545570994959764,1757.65,5.1677333333333335,0.3582089552238806,0.2537313432835821,0.3034825870646766
3303500,Nova Iguaçu,RJ,Sudeste,2,40.81,-39.19,37.35794069674604,1102.46,4.78950495049505,0.5636743215031316,0.33611691022964507,0.3862212943632568
3303609,Paracambi,RJ,Sudeste,1,65.14,-14.86,33.26183989333952,1349.13,5.095714285714286,0.7297297297297297,0.4594594594594595,0.5675675675675675
3303708,Paraíba Do Sul,RJ,Sudeste,2,57.99,-22.01,27.786008230452673,1216.57,5.0200000000000005,0.3684210526315789,0.34210526315789475,0.47368421052631576
3303807,Paraty,RJ,Sudeste,2,55.19,-24.81,34.25319267073848,1639.12,4.875625,0.4423076923076923,0.23076923076923078,0.28846153846153844
3303856,Paty Do Alferes,RJ,Sudeste,1,81.04,1.04,30.67210180950487,1210.31,4.992142857142857,0.3448275862068966,0.4827586206896552,0.5862068965517241
3303906,Petrópolis,RJ,Sudeste,1,67.81,-12.19,29.637468512218557,1822.76,5.087777777777778,0.27526132404181186,0.23344947735191637,0.42857142857142855
3303955,Pinheiral,RJ,Sudeste,1,66.08,-13.92,30.969875091844234,1366.9,5.108181818181818,0.26666666666666666,0.5333333333333333,0.6
3304003,Piraí,RJ,Sudeste,2,66.05,-13.95,31.77321156773212,1462.21,5.075384615384616,0.41935483870967744,0.1935483870967742,0.3870967741935484
3304102,Porciúncula,RJ,Sudeste,2,65.93,-14.07,33.00525819064312,1404.53,4.786666666666666,0.3684210526315789,0.2631578947368421,0.42105263157894735
3304110,Porto Real,RJ,Sudeste,1,81.06,1.06,29.61517999645327,1237.94,5.2525,0.2,0.6666666666666666,0.4666666666666667
3304128,Quatis,RJ,Sudeste,0,75.79,-4.21,32.19627394384676,1274.65,5.012,0.26666666666666666,0.26666666666666666,0.26666666666666666
3304144,Queimados,RJ,Sudeste,2,43.12,-36.88,35.29227937985034,958.95,4.738421052631579,0.4246575342465753,0.2876712328767123,0.6575342465753424
3304151,Quissamã,RJ,Sudeste,1,75.88,-4.12,28.694781629333,1108.09,4.968181818181818,0.42857142857142855,0.47619047619047616,0.6666666666666666
3304201,Resende,RJ,Sudeste,1,71.69,-8.31,25.368571760244553,1881.11,5.152424242424242,0.35964912280701755,0.5175438596491229,0.6140350877192983
3304300,Rio Bonito,RJ,Sudeste,2,61.67,-18.33,34.8354450553829,1407.84,4.824642857142857,0.36363636363636365,0.34545454545454546,0.6
3304409,Rio Claro,RJ,Sudeste,1,76.82,-3.18,30.523706228695385,1232.33,5.0344444444444445,0.42857142857142855,0.42857142857142855,0.7142857142857143
3304508,Rio Das Flores,RJ,Sudeste,1,76.11,-3.89,29.983999999999998,1181.25,5.087142857142857,0.16666666666666666,0.6666666666666666,0.75
3304524,Rio Das Ostras,RJ,Sudeste,1,73.07,-6.93,31.764575482154733,1840.11,5.071538461538462,0.3619047619047619,0.4095238095238095,0.6952380952380952
3304557,Rio De Janeiro,RJ,Sudeste,1,67.98,-12.02,34.5371156509171,2515.32,4.859142621599341,0.43161406209905057,0.37336412625096227,0.4462406979727996
3304607,Santa Maria Madalena,RJ,Sudeste,2,64.59,-15.41,29.513602638087388,1337.53,4.92,0.47058823529411764,0.11764705882352941,0.29411764705882354
3304706,Santo Antônio De Pádua,RJ,Sudeste,0,81.37,1.37,25.9946949602122,1308.22,4.9719999999999995,0.24,0.18,0.38
3304755,São Francisco De Itabapoana,RJ,Sudeste,2,57.64,-22.36,35.10937838423219,939.48,4.82,0.10606060606060606,0.09090909090909091,0.15151515151515152
3304805,São Fidélis,RJ,Sudeste,2,48.5,-31.5,33.475945167205104,1296.11,4.934,0.6285714285714286,0.2857142857142857,0.45714285714285713
3304904,São Gonçalo,RJ,Sudeste,2,46.71,-33.29,33.090734502888324,1209.5,4.845828220858896,0.5459882583170255,0.2759295499021526,0.3268101761252446
3305000,São João Da Barra,RJ,Sudeste,2,58.23,-21.77,32.6468382904274,985.72,4.889642857142857,0.33962264150943394,0.22641509433962265,0.33962264150943394
3305109,São João De Meriti,RJ,Sudeste,2,38.15,-41.85,34.998586456767896,1042.94,4.781927710843373,0.41603053435114506,0.3549618320610687,0.36259541984732824
3305133,São José De Ubá,RJ,Sudeste,0,79.79,-0.21,28.18816611539875,1150.71,4.9275,0.25,0.125,0.25
3305158,São José Do Vale Do Rio Preto,RJ,Sudeste,1,81.54,1.54,25.0199203187251,1203.03,5.131,0.4444444444444444,0.16666666666666666,0.3888888888888889
3305208,São Pedro Da Aldeia,RJ,Sudeste,2,65.84,-14.16,31.99282711585384,1462.39,4.8994871794871795,0.4155844155844156,0.16883116883116883,0.23376623376623376
3305307,São Sebastião Do Alto,RJ,Sudeste,1,54.19,-25.81,27.735537190082642,1123.79,5.201666666666667,0.5833333333333334,0.5,0.3333333333333333
3305406,Sapucaia,RJ,Sudeste,2,67.17,-12.83,28.2400877605391,1246.5,4.989090909090909,0.36363636363636365,0.2727272727272727,0.3181818181818182
3305505,Saquarema,RJ,Sudeste,1,69.91,-10.09,27.13350843609491,1491.0,4.9889743589743585,0.30526315789473685,0.2736842105263158,0.4
3305554,Seropédica,RJ,Sudeste,2,44.68,-35.32,37.836311142725634,1181.47,4.909736842105263,0.47058823529411764,0.19117647058823528,0.5588235294117647
3305604,Silva Jardim,RJ,Sudeste,2,63.3,-16.7,31.054502369668246,1042.66,4.857777777777778,0.375,0.125,0.4166666666666667
3305703,Sumidouro,RJ,Sudeste,2,58.73,-21.27,34.35824660990224,1223.03,4.95,0.4074074074074074,0.037037037037037035,0.3333333333333333
3305752,Tanguá,RJ,Sudeste,2,61.19,-18.81,34.69387755102041,959.96,4.848571428571428,0.20689655172413793,0.3103448275862069,0.4482758620689655
3305802,Teresópolis,RJ,Sudeste,1,68.08,-11.92,30.060255664220147,1860.47,5.116666666666666,0.4258064516129032,0.5806451612903226,0.6
3305901,Trajano De Moraes,RJ,Sudeste,0,77.0,-3.0,29.334828101644245,1120.83,4.956,0.3,0.0,0.3
3306008,Três Rios,RJ,Sudeste,1,73.64,-6.36,31.821886345113732,1438.62,4.9521875,0.4,0.24285714285714285,0.7285714285714285
3306107,Valença,RJ,Sudeste,1,64.33,-15.67,32.16234652114597,1443.99,5.027741935483871,0.484375,0.28125,0.5
3306156,Varre-Sai,RJ,Sudeste,0,87.7,7.7,34.68145248967166,1108.62,4.666,0.5,0.0625,0.1875
3306206,Vassouras,RJ,Sudeste,1,62.92,-17.08,30.35399960884021,1519.05,4.903333333333333,0.34285714285714286,0.37142857142857144,0.5142857142857142
3306305,Volta Redonda,RJ,Sudeste,1,71.47,-8.53,27.63491757304171,1787.91,5.227682926829268,0.5078534031413613,0.7015706806282722,0.6230366492146597
3500105,Adamantina,SP,Sudeste,1,82.63,2.63,17.784322609877663,1868.26,5.48375,0.11538461538461539,0.3076923076923077,0.4230769230769231
3500204,Adolfo,SP,Sudeste,1,70.21,-9.79,18.39799749687109,1514.8,5.239999999999999,0.0,0.6,0.4
3500303,Aguaí,SP,Sudeste,2,57.09,-22.91,27.888903044973883,1321.67,5.208333333333333,0.10714285714285714,0.25,0.5714285714285714
3500402,Águas Da Prata,SP,Sudeste,1,77.9,-2.1,20.54009819967267,1684.99,5.279999999999999,0.0,0.14285714285714285,0.14285714285714285
3500501,Águas De Lindóia,SP,Sudeste,1,63.94,-16.06,18.53911753800519,1742.52,5.503333333333334,0.05263157894736842,0.3157894736842105,0.42105263157894735
3500550,Águas De Santa Bárbara,SP,Sudeste,1,52.16,-27.84,27.26237905520774,1946.69,5.5,0.2,0.2,0.4
3500600,Águas De São Pedro,SP,Sudeste,1,78.26,-1.74,16.075156576200417,2932.68,5.82,0.5,0.75,1.0
3500709,Agudos,SP,Sudeste,1,52.31,-27.69,23.748009201911167,1590.76,5.299285714285714,0.1935483870967742,0.3870967741935484,0.6129032258064516
3500758,Alambari,SP,Sudeste,1,74.96,-5.04,16.409124356144222,1317.23,5.3,0.14285714285714285,0.0,0.42857142857142855
3500907,Altair,SP,Sudeste,2,56.25,-23.75,21.871599564744287,1313.69,5.215,0.0,0.25,0.5
3501004,Altinópolis,SP,Sudeste,1,76.58,-3.42,27.46224207615401,1391.26,5.333333333333333,0.21428571428571427,0.42857142857142855,0.6428571428571429
3501103,Alto Alegre,SP,Sudeste,1,73.15,-6.85,29.229323308270676,1349.61,5.335000000000001,0.0,0.25,0.5
3501152,Alumínio,SP,Sudeste,1,62.81,-17.19,24.715205547300645,1523.42,5.32,0.23529411764705882,0.5882352941176471,0.7058823529411765
3501202,Álvares Florence,SP,Sudeste,1,85.0,5.0,18.403115871470302,1429.27,5.18,0.0,0.75,1.0
3501301,Álvares Machado,SP,Sudeste,1,69.2,-10.8,30.596301020408163,1462.07,5.2575,0.16666666666666666,0.6111111111111112,0.6111111111111112
3501400,Álvaro De Carvalho,SP,Sudeste,2,60.35,-19.65,26.229508196721312,1137.02,4.9399999999999995,0.0,0.2,0.2
3501509,Alvinlândia,SP,Sudeste,1,85.88,5.88,24.281984334203656,1203.52,5.395,0.0,0.5,0.75
3501608,Americana,SP,Sudeste,1,72.52,-7.48,24.922282061386227,2358.27,5.482941176470588,0.12048192771084337,0.2891566265060241,0.4879518072289157
3501707,Américo Brasiliense,SP,Sudeste,1,62.55,-17.45,30.51278217969801,1233.06,5.2225,0.19047619047619047,0.47619047619047616,0.5238095238095238
3501806,Américo De Campos,SP,Sudeste,1,90.0,10.0,24.795640326975477,1580.65,5.326666666666667,0.2,0.6,1.0
3501905,Amparo,SP,Sudeste,1,72.37,-7.63,19.580707043025487,1986.75,5.439565217391304,0.05084745762711865,0.3898305084745763,0.4745762711864407
3502002,Analândia,SP,Sudeste,1,55.68,-24.32,26.90453230472517,1677.47,5.345000000000001,0.0,0.25,0.75
3502101,Andradina,SP,Sudeste,1,68.85,-11.15,27.486854426276743,1774.02,5.3100000000000005,0.16,0.44,0.52
3502200,Angatuba,SP,Sudeste,1,64.6,-15.4,24.486776400961716,1526.22,5.28875,0.058823529411764705,0.35294117647058826,0.35294117647058826
3502309,Anhembi,SP,Sudeste,2,54.6,-25.4,30.414937759336098,1188.66,5.2075,0.14285714285714285,0.5714285714285714,0.42857142857142855
3502408,Anhumas,SP,Sudeste,1,73.46,-6.54,11.66116611661166,1409.42,5.26,0.0,0.75,0.5
3502507,Aparecida,SP,Sudeste,1,60.23,-19.77,21.455821761025483,1468.76,5.196470588235294,0.2,0.37142857142857144,0.37142857142857144
3502606,Aparecida D'Oeste,SP,Sudeste,1,62.04,-17.96,15.622317596566523,1418.94,5.235,0.3333333333333333,0.6666666666666666,0.6666666666666666
3502705,Apiaí,SP,Sudeste,1,79.25,-0.75,29.031833727966323,1148.15,5.042307692307692,0.17857142857142858,0.39285714285714285,0.6785714285714286
3502754,Araçariguama,SP,Sudeste,2,47.38,-32.62,29.549660703269588,1464.76,5.043,0.25,0.16666666666666666,0.625
3502804,Araçatuba,SP,Sudeste,1,70.53,-9.47,25.248358798582466,2088.68,5.314400000000001,0.21052631578947367,0.4144736842105263,0.7039473684210527
3502903,Araçoiaba Da Serra,SP,Sudeste,1,55.53,-24.47,22.623221282738708,1993.37,5.381333333333333,0.06666666666666667,0.43333333333333335,0.6
3503000,Aramina,SP,Sudeste,1,78.16,-1.84,26.358148893360163,1628.68,5.265000000000001,0.0,0.5,0.5
3503109,Arandu,SP,Sudeste,2,49.95,-30.05,20.744356314826113,1251.83,5.273333333333333,0.0,0.3333333333333333,0.3333333333333333
3503158,Arapeí,SP,Sudeste,2,46.26,-33.74,24.97938994229184,1149.76,4.994999999999999,0.0,0.3333333333333333,0.3333333333333333
3503208,Araraquara,SP,Sudeste,1,52.2,-27.8,26.308478884061827,2128.11,5.411836734693877,0.4146341463414634,0.5548780487804879,0.725609756097561
3503307,Araras,SP,Sudeste,1,60.85,-19.15,30.464355788096796,1910.5,5.411515151515152,0.2857142857142857,0.4175824175824176,0.6483516483516484
3503356,Arco-Íris,SP,Sudeste,2,43.48,-36.52,22.344322344322347,1178.32,5.425000000000001,0.0,0.3333333333333333,1.0
3503406,Arealva,SP,Sudeste,1,88.19,8.19,27.142857142857142,1731.53,5.314,0.3333333333333333,0.3333333333333333,0.6666666666666666
3503505,Areias,SP,Sudeste,2,49.41,-30.59,33.5483870967742,1093.27,4.913333333333333,0.2,0.6,0.6
3503604,Areiópolis,SP,Sudeste,1,72.13,-7.87,27.72875058058523,1345.98,5.1975,0.1111111111111111,0.4444444444444444,0.5555555555555556
3503703,Ariranha,SP,Sudeste,1,89.0,9.0,23.218574859887912,1546.55,5.38,0.0,0.5714285714285714,0.5714285714285714
3503802,Artur Nogueira,SP,Sudeste,1,69.18,-10.82,23.598542719473496,1649.8,5.3133333333333335,0.3783783783783784,0.3783783783783784,0.43243243243243246
3503901,Arujá,SP,Sudeste,1,58.38,-21.62,28.653356905696175,1982.83,5.417,0.3076923076923077,0.4230769230769231,0.5769230769230769
3504008,Assis,SP,Sudeste,1,67.89,-12.11,24.27866473149492,1997.74,5.420625,0.16666666666666666,0.5277777777777778,0.6111111111111112
3504107,Atibaia,SP,Sudeste,1,64.52,-15.48,20.669224692472632,2283.78,5.4179545454545455,0.12698412698412698,0.2857142857142857,0.5079365079365079
3504206,Auriflama,SP,Sudeste,1,79.23,-0.77,16.272848863129738,1494.63,5.2175,0.08333333333333333,0.3333333333333333,0.3333333333333333
3504305,Avaí,SP,Sudeste,1,82.57,2.57,30.284552845528456,1349.49,5.25,0.125,0.25,0.5
3504404,Avanhandava,SP,Sudeste,1,86.33,6.33,29.361702127659573,1246.92,5.0633333333333335,0.0,0.5,0.4
3504503,Avaré,SP,Sudeste,1,55.99,-24.01,26.293840158610788,1769.85,5.3109677419354835,0.15,0.4125,0.5625
3504602,Bady Bassitt,SP,Sudeste,1,73.08,-6.92,24.603608529250955,1808.97,5.5275,0.0625,0.25,0.5
3504701,Balbinos,SP,Sudeste,0,100.0,20.0,29.20892494929006,1703.84,5.359999999999999,0.0,0.16666666666666666,0.16666666666666666
3504800,Bálsamo,SP,Sudeste,1,58.98,-21.02,12.844036697247708,1568.8,5.485,0.0,0.75,0.75
3504909,Bananal,SP,Sudeste,2,51.3,-28.7,27.814050665970225,1340.96,5.1625,0.1111111111111111,0.4444444444444444,0.2222222222222222
3505005,Barão De Antonina,SP,Sudeste,1,83.72,3.72,23.185673892554195,1066.93,5.165,0.14285714285714285,0.14285714285714285,0.7142857142857143
3505104,Barbosa,SP,Sudeste,0,84.04,4.04,27.899239543726235,1080.41,5.075,0.0,0.2,0.4
3505203,Bariri,SP,Sudeste,1,76.3,-3.7,28.59677133226894,1755.66,5.321111111111112,0.39285714285714285,0.42857142857142855,0.6071428571428571
3505302,Barra Bonita,SP,Sudeste,1,69.29,-10.71,28.49912739965096,1853.96,5.508,0.32142857142857145,0.6785714285714286,0.7142857142857143
3505351,Barra Do Chapéu,SP,Sudeste,0,78.61,-1.39,30.539157811885087,888.5,4.784000000000001,0.05555555555555555,0.05555555555555555,0.2777777777777778
3505401,Barra Do Turvo,SP,Sudeste,2,46.49,-33.51,33.228211009174316,1094.16,4.706,0.4,0.2,0.7
3505500,Barretos,SP,Sudeste,1,69.04,-10.96,23.856922339915897,1844.44,5.264242424242425,0.21428571428571427,0.22448979591836735,0.41836734693877553
3505609,Barrinha,SP,Sudeste,2,51.58,-28.42,31.87283472590177,1385.51,5.239999999999999,0.0,0.20833333333333334,0.3333333333333333
3505708,Barueri,SP,Sudeste,1,66.37,-13.63,25.676323645419252,2412.35,5.3603896103896105,0.16463414634146342,0.573170731707317,0.7195121951219512
3505807,Bastos,SP,Sudeste,1,69.26,-10.74,15.265600825167613,1449.37,5.338333333333334,0.05555555555555555,0.2777777777777778,0.3888888888888889
3505906,Batatais,SP,Sudeste,1,72.94,-7.06,28.84901450353291,1826.35,5.317333333333334,0.3617021276595745,0.5319148936170213,0.5319148936170213
3506003,Bauru,SP,Sudeste,1,45.99,-34.01,23.038783421792587,2210.1,5.410714285714286,0.16091954022988506,0.3524904214559387,0.4789272030651341
3506102,Bebedouro,SP,Sudeste,1,62.52,-17.48,26.543785969824235,1734.11,5.3585714285714285,0.09523809523809523,0.38095238095238093,0.6031746031746031
3506201,Bento De Abreu,SP,Sudeste,1,58.89,-21.11,23.578363384188627,1550.41,5.295,0.0,0.25,0.5
3506300,Bernardino De Campos,SP,Sudeste,1,61.21,-18.79,26.923076923076923,1515.11,5.275,0.0,0.38461538461538464,0.38461538461538464
3506359,Bertioga,SP,Sudeste,2,58.95,-21.05,32.02987509121346,1511.97,5.0705,0.0784313725490196,0.29411764705882354,0.5882352941176471
3506409,Bilac,SP,Sudeste,1,83.12,3.12,13.863636363636363,1639.46,5.5600000000000005,0.0,0.25,1.0
3506508,Birigui,SP,Sudeste,1,83.37,3.37,23.38022453672393,1732.98,5.337931034482759,0.14705882352941177,0.4852941176470588,0.5882352941176471
3506607,Biritiba Mirim,SP,Sudeste,2,55.95,-24.05,29.137653990358864,1243.58,5.107,0.0,0.23809523809523808,0.2857142857142857
3506706,Boa Esperança Do Sul,SP,Sudeste,2,54.9,-25.1,22.608125819134994,1261.94,5.2299999999999995,0.4,0.2,0.5
3506805,Bocaina,SP,Sudeste,1,53.57,-26.43,31.586940015186027,1595.83,5.39,0.36363636363636365,0.5454545454545454,0.45454545454545453
3506904,Bofete,SP,Sudeste,2,52.13,-27.87,22.39770279971285,1480.67,5.3325,0.0,0.18181818181818182,0.45454545454545453
3507001,Boituva,SP,Sudeste,1,67.25,-12.75,30.248678624036046,1819.01,5.335500000000001,0.10344827586206896,0.27586206896551724,0.4827586206896552
3507100,Bom Jesus Dos Perdões,SP,Sudeste,1,59.05,-20.95,28.54301342615614,1604.07,5.27125,0.1875,0.3125,0.5625
3507159,Bom Sucesso De Itararé,SP,Sudeste,1,62.72,-17.28,30.895334174022697,1141.43,4.89,0.0,0.75,0.5
3507209,Borá,SP,Sudeste,1,75.0,-5.0,22.261484098939928,1323.39,5.4,0.0,0.6666666666666666,0.6666666666666666
3507308,Boracéia,SP,Sudeste,1,67.66,-12.34,22.402287893231648,1269.35,5.17,0.2,0.6,0.8
3507407,Borborema,SP,Sudeste,1,78.25,-1.75,18.597194388777556,1614.88,5.343333333333334,0.36363636363636365,0.5454545454545454,0.7272727272727273
3507456,Borebi,SP,Sudeste,1,75.01,-4.99,20.58526740665994,1282.36,5.15,0.25,0.5,0.25
3507506,Botucatu,SP,Sudeste,1,58.96,-21.04,26.070306785422314,1991.29,5.362820512820513,0.10687022900763359,0.31297709923664124,0.48854961832061067
3507605,Bragança Paulista,SP,Sudeste,1,65.03,-14.97,23.020620968550517,1941.5,5.41425925925926,0.4,0.3153846153846154,0.6461538461538462
3507704,Braúna,SP,Sudeste,1,71.03,-8.97,27.976190476190478,1369.89,5.140000000000001,0.2,0.4,1.0
3507753,Brejo Alegre,SP,Sudeste,1,92.16,12.16,18.354430379746837,1329.38,5.285,0.0,0.3333333333333333,0.6666666666666666
3507803,Brodowski,SP,Sudeste,1,69.93,-10.07,24.939413967834327,1711.42,5.484999999999999,0.391304347826087,0.21739130434782608,0.30434782608695654
3507902,Brotas,SP,Sudeste,1,54.65,-25.35,18.40212040893601,1482.87,5.3025,0.42857142857142855,0.47619047619047616,0.6666666666666666
3508009,Buri,SP,Sudeste,2,58.4,-21.6,37.019898195279964,996.87,5.02375,0.0,0.3684210526315789,0.631578947368421
3508108,Buritama,SP,Sudeste,1,69.47,-10.53,26.62060556797399,1627.85,5.3725000000000005,0.16666666666666666,0.5,0.5833333333333334
3508207,Buritizal,SP,Sudeste,1,82.35,2.35,25.352112676056336,1763.97,5.203333333333333,0.4,0.6,0.6
3508306,Cabrália Paulista,SP,Sudeste,1,69.83,-10.17,20.427046263345193,1242.79,5.256666666666667,0.2,0.4,0.6
3508405,Cabreúva,SP,Sudeste,1,59.79,-20.21,26.5139116202946,1480.46,5.333333333333333,0.2727272727272727,0.48484848484848486,0.5454545454545454
3508504,Caçapava,SP,Sudeste,1,54.45,-25.55,25.378504990155477,1632.59,5.305384615384615,0.22033898305084745,0.4745762711864407,0.6440677966101694
3508603,Cachoeira Paulista,SP,Sudeste,2,48.07,-31.93,32.29561805101373,1383.47,5.132777777777778,0.2,0.45714285714285713,0.5428571428571428
3508702,Caconde,SP,Sudeste,1,78.01,-1.99,21.213666496685367,1386.07,5.215,0.1111111111111111,0.3333333333333333,0.4444444444444444
3508801,Cafelândia,SP,Sudeste,1,80.31,0.31,29.144178874325366,1524.12,5.251428571428571,0.2,0.3333333333333333,0.8
3508900,Caiabu,SP,Sudeste,1,80.01,0.01,20.801033591731265,1359.73,5.203333333333333,0.2,0.4,0.4
3509007,Caieiras,SP,Sudeste,1,69.03,-10.97,26.589994249568715,1668.47,5.328888888888889,0.09210526315789473,0.3157894736842105,0.47368421052631576
3509106,Caiuá,SP,Sudeste,1,90.48,10.48,28.858218318695105,1214.27,5.13,0.16666666666666666,0.3333333333333333,0.5
3509205,Cajamar,SP,Sudeste,1,62.86,-17.14,28.707507561735362,1728.39,5.253913043478261,0.19696969696969696,0.30303030303030304,0.3333333333333333
3509254,Cajati,SP,Sudeste,1,58.75,-21.25,28.930672511246975,1206.25,5.0442857142857145,0.23076923076923078,0.5,0.6538461538461539
3509304,Cajobi,SP,Sudeste,1,74.92,-5.08,21.002485501242752,1564.43,5.390000000000001,0.4444444444444444,0.6666666666666666,0.4444444444444444
3509403,Cajuru,SP,Sudeste,1,65.61,-14.39,28.405122235157158,1447.0,5.220000000000001,0.32,0.32,0.4
3509452,Campina Do Monte Alegre,SP,Sudeste,2,54.57,-25.43,24.633596392333708,1336.83,5.176666666666667,0.0,0.3333333333333333,0.3333333333333333
3509502,Campinas,SP,Sudeste,1,49.25,-30.75,27.45494157258863,2678.6,5.407961165048543,0.39002932551319647,0.3870967741935484,0.5689149560117303
3509601,Campo Limpo Paulista,SP,Sudeste,1,55.97,-24.03,27.950583218361974,1564.93,5.4396,0.35714285714285715,0.26785714285714285,0.4642857142857143
3509700,Campos Do Jordão,SP,Sudeste,1,61.97,-18.03,19.575882259851245,1626.97,5.291666666666667,0.14583333333333334,0.4791666666666667,0.4583333333333333
3509809,Campos Novos Paulista,SP,Sudeste,1,60.39,-19.61,33.68983957219251,1334.45,5.19,0.0,0.75,0.75
3509908,Cananéia,SP,Sudeste,2,66.17,-13.83,32.68739352640545,1281.29,4.85625,0.2,0.1,0.4
3509957,Canas,SP,Sudeste,1,67.79,-12.21,32.04697986577181,1174.28,5.109999999999999,0.0,0.5,0.8333333333333334
3510005,Cândido Mota,SP,Sudeste,1,81.57,1.57,15.78300921187308,1531.52,5.346,0.09090909090909091,0.7727272727272727,0.7727272727272727
3510104,Cândido Rodrigues,SP,Sudeste,1,84.06,4.06,15.357561547479484,1528.06,5.295,0.0,0.25,0.25
3510153,Canitar,SP,Sudeste,2,54.44,-25.56,24.078341013824886,1266.24,5.013333333333333,0.0,0.3333333333333333,0.5
3510203,Capão Bonito,SP,Sudeste,1,74.28,-5.72,25.35559678416821,1240.46,5.215882352941176,0.11627906976744186,0.32558139534883723,0.627906976744186
3510302,Capela Do Alto,SP,Sudeste,2,51.28,-28.72,26.71085632389825,1062.65,5.217142857142858,0.058823529411764705,0.47058823529411764,0.7647058823529411
3510401,Capivari,SP,Sudeste,1,75.11,-4.89,31.11269869619575,1570.15,5.333684210526316,0.11904761904761904,0.3333333333333333,0.6190476190476191
3510500,Caraguatatuba,SP,Sudeste,1,55.9,-24.1,27.838345864661658,1578.4,5.2506818181818184,0.10576923076923077,0.3942307692307692,0.5961538461538461
3510609,Carapicuíba,SP,Sudeste,2,45.09,-34.91,29.088958666234593,1432.95,5.184918032786885,0.09693877551020408,0.25,0.42857142857142855
3510708,Cardoso,SP,Sudeste,1,84.71,4.71,10.144927536231885,1515.63,5.13,0.08333333333333333,0.5833333333333334,0.5833333333333334
3510807,Casa Branca,SP,Sudeste,2,50.16,-29.84,26.35689183912534,1545.95,5.263636363636364,0.11538461538461539,0.38461538461538464,0.34615384615384615
3510906,Cássia Dos Coqueiros,SP,Sudeste,1,78.36,-1.64,23.423423423423422,1539.7,5.22,0.0,0.4,0.4
3511003,Castilho,SP,Sudeste,2,54.72,-25.28,22.800345721694036,1419.26,5.158571428571428,0.14285714285714285,0.2857142857142857,0.5
3511102,Catanduva,SP,Sudeste,1,62.47,-17.53,23.56876031621927,1898.84,5.278076923076923,0.13580246913580246,0.38271604938271603,0.5555555555555556
3511201,Catiguá,SP,Sudeste,1,70.59,-9.41,16.764459346186086,1398.86,5.395,0.0,0.6,0.6
3511300,Cedral,SP,Sudeste,1,63.33,-16.67,9.573934837092732,1810.97,5.605,0.2,0.4,0.6
3511409,Cerqueira César,SP,Sudeste,1,48.95,-31.05,15.529484408768138,1459.9,5.243333333333333,0.20833333333333334,0.2916666666666667,0.4583333333333333
3511508,Cerquilho,SP,Sudeste,1,74.32,-5.68,7.80812324929972,1839.05,5.4630769230769225,0.1388888888888889,0.19444444444444445,0.2222222222222222
3511607,Cesário Lange,SP,Sudeste,1,60.71,-19.29,13.157894736842104,1256.04,5.206666666666667,0.1,0.25,0.5
3511706,Charqueada,SP,Sudeste,2,58.79,-21.21,31.0122878876536,1454.08,5.435714285714285,0.08333333333333333,0.08333333333333333,0.3333333333333333
3511904,Clementina,SP,Sudeste,1,70.95,-9.05,20.091324200913242,1390.17,5.24,0.0,0.3333333333333333,0.5
3512001,Colina,SP,Sudeste,1,56.31,-23.69,21.98036705078959,1572.33,5.29125,0.10526315789473684,0.631578947368421,0.6842105263157895
3512100,Colômbia,SP,Sudeste,1,79.99,-0.01,25.506247307195174,1282.7,5.254,0.2,0.5,0.3
3512209,Conchal,SP,Sudeste,1,64.65,-15.35,29.130984135897798,1349.53,5.234545454545454,0.0,0.35714285714285715,0.42857142857142855
3512308,Conchas,SP,Sudeste,1,58.24,-21.76,26.53651482284888,1601.09,5.306,0.0625,0.3125,0.5625
3512407,Cordeirópolis,SP,Sudeste,1,65.74,-14.26,12.7893175074184,1684.38,5.317777777777778,0.09523809523809523,0.23809523809523808,0.9523809523809523
3512506,Coroados,SP,Sudeste,1,67.94,-12.06,18.478260869565215,1464.68,5.34,0.2,0.4,0.6
3512605,Coronel Macedo,SP,Sudeste,2,58.75,-21.25,26.486486486486488,1281.73,5.1,0.0,0.2,0.4
3512704,Corumbataí,SP,Sudeste,1,63.36,-16.64,26.00502512562814,1543.11,5.21,0.0,0.5,0.5
3512803,Cosmópolis,SP,Sudeste,1,63.42,-16.58,21.171041246034036,1614.71,5.394666666666667,0.18604651162790697,0.46511627906976744,0.5813953488372093
3512902,Cosmorama,SP,Sudeste,0,77.3,-2.7,29.409566517189834,1404.7,5.140000000000001,0.0,0.2,0.4
3513009,Cotia,SP,Sudeste,1,54.12,-25.88,24.835632735697438,2275.73,5.287564102564103,0.27699530516431925,0.20187793427230047,0.38497652582159625
3513108,Cravinhos,SP,Sudeste,1,69.73,-10.27,26.919912232583656,1576.75,5.45875,0.2222222222222222,0.4074074074074074,0.2962962962962963
3513207,Cristais Paulista,SP,Sudeste,1,57.46,-22.54,17.097701149425287,1581.65,5.276666666666666,0.0,0.25,0.5
3513306,Cruzália,SP,Sudeste,1,76.0,-4.0,20.701754385964914,1505.41,5.305,0.0,0.3333333333333333,0.6666666666666666
3513405,Cruzeiro,SP,Sudeste,2,55.44,-24.56,31.302170283806348,1498.46,5.153333333333333,0.19047619047619047,0.30158730158730157,0.5714285714285714
3513504,Cubatão,SP,Sudeste,2,50.09,-29.91,30.163052845668588,1246.76,5.103448275862069,0.1724137931034483,0.4827586206896552,0.4942528735632184
3513603,Cunha,SP,Sudeste,2,58.87,-21.13,26.95210226397659,1243.82,4.925714285714285,0.07142857142857142,0.16666666666666666,0.5
3513702,Descalvado,SP,Sudeste,1,70.96,-9.04,16.136428776153625,1726.15,5.4818181818181815,0.1935483870967742,0.41935483870967744,0.6451612903225806
3513801,Diadema,SP,Sudeste,1,57.22,-22.78,27.71163078093065,1522.03,5.177066666666667,0.2893401015228426,0.3553299492385787,0.583756345177665
3513850,Dirce Reis,SP,Sudeste,1,63.64,-16.36,12.454212454212454,1358.16,5.38,0.0,0.0,0.5
3513900,Divinolândia,SP,Sudeste,1,81.98,1.98,29.737045630317095,1682.61,5.29,0.4444444444444444,0.4444444444444444,0.6666666666666666
3514106,Dois Córregos,SP,Sudeste,1,58.92,-21.08,25.0,1357.54,5.244285714285715,0.16666666666666666,0.6666666666666666,0.6666666666666666
3514205,Dolcinópolis,SP,Sudeste,2,36.0,-44.0,22.473118279569892,1359.18,5.130000000000001,0.0,0.3333333333333333,0.3333333333333333
3514304,Dourado,SP,Sudeste,1,59.92,-20.08,25.948592411260712,1694.59,5.33,0.0,0.3333333333333333,0.4444444444444444
3514403,Dracena,SP,Sudeste,1,73.96,-6.04,23.0520909757887,1886.73,5.439230769230769,0.23529411764705882,0.5,0.6764705882352942
3514502,Duartina,SP,Sudeste,1,64.65,-15.35,21.861777150916783,1624.7,5.455,0.18181818181818182,0.6363636363636364,0.9090909090909091
3514601,Dumont,SP,Sudeste,1,79.02,-0.98,29.774127310061605,1673.48,5.1975,0.0,0.5,0.625
3514700,Echaporã,SP,Sudeste,1,91.66,11.66,28.57142857142857,1387.75,5.26,0.25,0.75,1.0
3514809,Eldorado,SP,Sudeste,2,58.3,-21.7,28.73458200091366,1096.71,4.840769230769231,0.16129032258064516,0.1935483870967742,0.22580645161290322
3514908,Elias Fausto,SP,Sudeste,1,70.48,-9.52,31.475631768953065,1295.02,5.4425,0.07142857142857142,0.42857142857142855,0.42857142857142855
3514924,Elisiário,SP,Sudeste,1,88.79,8.79,34.109816971713805,1535.69,5.285,0.0,0.6666666666666666,1.0
3514957,Embaúba,SP,Sudeste,1,85.71,5.71,23.70689655172414,1354.87,5.335,0.0,0.3333333333333333,0.6666666666666666
3515004,Embu Das Artes,SP,Sudeste,2,47.41,-32.59,29.967341159274653,1249.69,5.16140625,0.18705035971223022,0.35251798561151076,0.39568345323741005
3515103,Embu-Guaçu,SP,Sudeste,2,54.18,-25.82,29.089880375040412,1386.48,5.194999999999999,0.05,0.21666666666666667,0.4166666666666667
3515129,Emilianópolis,SP,Sudeste,1,82.76,2.76,19.943422913719942,1334.16,5.15,0.0,0.3333333333333333,0.6666666666666666
3515152,Engenheiro Coelho,SP,Sudeste,1,59.53,-20.47,19.819391634980988,1609.27,5.17,0.2727272727272727,0.5454545454545454,0.45454545454545453
3515186,Espírito Santo Do Pinhal,SP,Sudeste,1,74.52,-5.48,20.267489711934157,1838.17,5.413076923076924,0.21052631578947367,0.3684210526315789,0.5263157894736842
3515194,Espírito Santo Do Turvo,SP,Sudeste,1,68.68,-11.32,13.744075829383887,1193.58,4.98,0.0,0.5,0.5
3515202,Estrela D'Oeste,SP,Sudeste,1,82.91,2.91,16.24915368991198,1667.09,5.3100000000000005,0.14285714285714285,0.14285714285714285,0.5714285714285714
3515301,Estrela Do Norte,SP,Sudeste,1,90.91,10.91,20.352250489236788,1405.87,5.1899999999999995,0.0,0.6666666666666666,0.6666666666666666
3515350,Euclides Da Cunha Paulista,SP,Sudeste,1,78.11,-1.89,26.952315134761573,1077.55,5.154,0.0,0.6363636363636364,0.6363636363636364
3515400,Fartura,SP,Sudeste,1,77.27,-2.73,26.050579958166953,1482.13,5.28,0.15384615384615385,0.3076923076923077,0.6923076923076923
3515509,Fernandópolis,SP,Sudeste,1,76.79,-3.21,24.153734823510494,1853.8,5.3585,0.14,0.36,0.56
3515608,Fernando Prestes,SP,Sudeste,1,98.0,18.0,20.840787119856888,1600.05,5.33,0.0,0.2857142857142857,1.0
3515657,Fernão,SP,Sudeste,1,80.95,0.95,28.008298755186722,1270.67,5.505,0.0,0.6666666666666666,0.6666666666666666
3515707,Ferraz De Vasconcelos,SP,Sudeste,2,60.99,-19.01,30.928808155388683,1201.71,5.183611111111111,0.05454545454545454,0.22727272727272727,0.41818181818181815
3515806,Flora Rica,SP,Sudeste,1,71.43,-8.57,13.59773371104816,1376.01,5.005,0.0,0.3333333333333333,0.6666666666666666
3515905,Floreal,SP,Sudeste,1,92.78,12.78,20.659340659340657,1699.56,5.37,0.0,0.6666666666666666,1.0
3516002,Flórida Paulista,SP,Sudeste,2,61.85,-18.15,27.113578138343296,1313.48,5.18,0.0,0.375,0.25
3516200,Franca,SP,Sudeste,1,66.44,-13.56,25.549939634533143,1734.79,5.399080459770115,0.039525691699604744,0.35968379446640314,0.5770750988142292
3516309,Francisco Morato,SP,Sudeste,2,52.07,-27.93,30.944837540042947,1035.25,5.093783783783784,0.08139534883720931,0.16279069767441862,0.3488372093023256
3516408,Franco Da Rocha,SP,Sudeste,2,54.36,-25.64,29.47078447230085,1397.55,5.220555555555555,0.043478260869565216,0.17391304347826086,0.3804347826086957
3516507,Gabriel Monteiro,SP,Sudeste,1,60.0,-20.0,12.784588441331,1710.43,5.355,0.0,0.5,0.5
3516606,Gália,SP,Sudeste,1,63.24,-16.76,19.441571871768357,1433.66,5.244999999999999,0.0,0.3333333333333333,0.3333333333333333
3516705,Garça,SP,Sudeste,1,77.64,-2.36,23.7884576714257,1612.63,5.2825,0.14634146341463414,0.4878048780487805,0.6585365853658537
3516804,Gastão Vidigal,SP,Sudeste,1,81.75,1.75,18.068965517241377,1377.87,5.16,0.0,0.6666666666666666,1.0
3516853,Gavião Peixoto,SP,Sudeste,1,64.56,-15.44,16.071428571428573,1489.75,5.243333333333333,0.6,0.6,0.8
3516903,General Salgado,SP,Sudeste,1,69.65,-10.35,17.850746268656717,1735.05,5.2625,0.15384615384615385,0.38461538461538464,0.6923076923076923
3517000,Getulina,SP,Sudeste,1,61.47,-18.53,29.982743744607422,1290.17,5.2375,0.0,0.5555555555555556,0.5555555555555556
3517109,Glicério,SP,Sudeste,1,78.86,-1.14,27.875793930839805,1412.75,5.21,0.2,0.4,0.6
3517208,Guaiçara,SP,Sudeste,1,70.48,-9.52,24.074074074074073,1305.59,5.244,0.0,0.4,0.4
3517307,Guaimbê,SP,Sudeste,0,89.57,9.57,29.929767693138842,1235.95,5.3100000000000005,0.0,0.25,0.5
3517406,Guaíra,SP,Sudeste,1,67.96,-12.04,30.00663129973475,1685.85,5.242857142857143,0.34615384615384615,0.23076923076923078,0.46153846153846156
3517505,Guapiaçu,SP,Sudeste,1,59.81,-20.19,20.940906483075157,1671.55,5.388,0.2727272727272727,0.45454545454545453,0.45454545454545453
3517604,Guapiara,SP,Sudeste,1,67.93,-12.07,24.236641221374043,1032.99,4.795714285714285,0.0967741935483871,0.3870967741935484,0.7741935483870968
3517703,Guará,SP,Sudeste,1,67.53,-12.47,30.963139120095125,1332.26,5.203333333333333,0.0,0.3888888888888889,0.4444444444444444
3517802,Guaraçaí,SP,Sudeste,1,52.74,-27.26,23.008015087223008,1542.83,5.205,0.14285714285714285,0.42857142857142855,0.5714285714285714
3517901,Guaraci,SP,Sudeste,1,74.7,-5.3,20.571827057182706,1492.66,5.1499999999999995,0.14285714285714285,0.5714285714285714,0.5714285714285714
3518008,Guarani D'Oeste,SP,Sudeste,1,100.0,20.0,14.31297709923664,1226.38,5.155,0.0,0.3333333333333333,1.0
3518107,Guarantã,SP,Sudeste,2,55.09,-24.91,30.68807339449541,1310.94,5.154999999999999,0.5,0.16666666666666666,0.3333333333333333
3518206,Guararapes,SP,Sudeste,1,63.07,-16.93,24.366929397954053,1575.63,5.226666666666667,0.25,0.5,0.42857142857142855
3518305,Guararema,SP,Sudeste,1,76.27,-3.73,30.58280438545874,1601.96,5.372941176470588,0.058823529411764705,0.4411764705882353,0.8235294117647058
3518404,Guaratinguetá,SP,Sudeste,1,61.81,-18.19,30.050835910067608,1872.42,5.307142857142857,0.358695652173913,0.40217391304347827,0.5543478260869565
3518503,Guareí,SP,Sudeste,2,58.82,-21.18,20.866305705955853,1385.89,5.156666666666666,0.14285714285714285,0.21428571428571427,0.2857142857142857
3518602,Guariba,SP,Sudeste,1,71.63,-8.37,26.67421241275231,1320.05,5.24125,0.13793103448275862,0.5517241379310345,0.6551724137931034
3518701,Guarujá,SP,Sudeste,2,38.71,-41.29,31.212368988329743,1416.67,5.0112499999999995,0.20103092783505155,0.29381443298969073,0.4381443298969072
3518800,Guarulhos,SP,Sudeste,1,51.78,-28.22,30.597326414349368,1643.73,5.216889763779527,0.2680115273775216,0.3688760806916426,0.6527377521613833
3518859,Guatapará,SP,Sudeste,2,27.87,-52.13,30.208891269416178,1428.08,5.17,0.0,0.625,0.75
3518909,Guzolândia,SP,Sudeste,1,95.31,15.31,19.247467438494937,1208.8,5.145,0.0,0.25,0.5
3519006,Herculândia,SP,Sudeste,2,50.17,-29.83,27.77777777777778,1172.66,5.295,0.0,0.0,0.16666666666666666
3519055,Holambra,SP,Sudeste,1,58.31,-21.69,21.368322399250232,2545.63,5.34,0.11764705882352941,0.23529411764705882,0.35294117647058826
3519071,Hortolândia,SP,Sudeste,1,61.23,-18.77,26.64306784660767,1619.28,5.39490909090909,0.1015625,0.296875,0.4453125
3519105,Iacanga,SP,Sudeste,1,73.9,-6.1,29.430806582141894,1415.72,5.316666666666666,0.125,0.5,0.75
3519253,Iaras,SP,Sudeste,2,47.22,-32.78,27.13061018658598,1284.97,5.2524999999999995,0.25,0.25,0.0
3519303,Ibaté,SP,Sudeste,1,56.35,-23.65,31.398940864960284,1285.02,5.343076923076923,0.15384615384615385,0.5384615384615384,0.8076923076923077
3519402,Ibirá,SP,Sudeste,1,77.53,-2.47,22.06858407079646,1717.95,5.115,0.5,0.5,0.625
3519501,Ibirarema,SP,Sudeste,1,68.58,-11.42,29.367290091524072,1429.78,5.325,0.0,0.6,0.2
3519600,Ibitinga,SP,Sudeste,1,57.53,-22.47,23.54060913705584,1437.98,5.285714285714286,0.0975609756097561,0.6097560975609756,0.6585365853658537
3519709,Ibiúna,SP,Sudeste,2,59.33,-20.67,29.905191873589164,1324.95,5.130888888888888,0.0425531914893617,0.13829787234042554,0.3191489361702128
3519808,Icém,SP,Sudeste,1,71.28,-8.72,21.79419525065963,1574.21,5.3133333333333335,0.375,0.5,0.5
3519907,Iepê,SP,Sudeste,1,59.86,-20.14,26.252158894645945,1401.72,5.365,0.0,0.5,0.75
3520004,Igaraçu Do Tietê,SP,Sudeste,1,73.43,-6.57,32.17740463588246,1348.69,5.19,0.058823529411764705,0.4117647058823529,0.5294117647058824
3520103,Igarapava,SP,Sudeste,1,53.96,-26.04,21.66241003018342,1501.48,5.14875,0.391304347826087,0.391304347826087,0.5217391304347826
3520202,Igaratá,SP,Sudeste,2,54.03,-25.97,26.78082191780822,1478.86,5.306,0.18181818181818182,0.36363636363636365,0.36363636363636365
3520301,Iguape,SP,Sudeste,1,68.9,-11.1,33.23250490516678,1336.34,5.015,0.15151515151515152,0.3939393939393939,0.5454545454545454
3520400,Ilhabela,SP,Sudeste,1,52.12,-27.88,25.46279708587125,1970.57,5.17,0.07547169811320754,0.11320754716981132,0.8490566037735849
3520426,Ilha Comprida,SP,Sudeste,2,50.91,-29.09,27.95982423101067,1392.2,5.2075,0.0,0.45454545454545453,0.45454545454545453
3520442,Ilha Solteira,SP,Sudeste,1,80.03,0.03,14.617843650101713,2147.45,5.52625,0.45454545454545453,0.4090909090909091,0.5454545454545454
3520509,Indaiatuba,SP,Sudeste,1,71.98,-8.02,16.944806605823555,2601.91,5.564583333333334,0.16233766233766234,0.37012987012987014,0.5714285714285714
3520608,Indiana,SP,Sudeste,1,84.55,4.55,29.44297082228117,1627.06,5.38,0.0,0.3333333333333333,0.6666666666666666
3520707,Indiaporã,SP,Sudeste,1,76.67,-3.33,21.3258785942492,1550.8,5.11,0.0,0.5,0.75
3520806,Inúbia Paulista,SP,Sudeste,1,93.75,13.75,16.69316375198728,1419.58,5.4399999999999995,0.25,0.5,0.5
3520905,Ipaussu,SP,Sudeste,1,69.4,-10.6,29.263913824057454,1441.01,5.175,0.23076923076923078,0.6153846153846154,0.6153846153846154
3521002,Iperó,SP,Sudeste,2,44.98,-35.02,28.50495167641093,1304.0,5.239999999999999,0.18181818181818182,0.3181818181818182,0.4090909090909091
3521101,Ipeúna,SP,Sudeste,1,73.67,-6.33,22.074882995319815,1722.53,5.1775,0.0,0.2857142857142857,0.5714285714285714
3521150,Ipiguá,SP,Sudeste,2,43.3,-36.7,25.921052631578945,1353.73,5.355,0.0,0.25,0.75
3521200,Iporanga,SP,Sudeste,2,40.9,-39.1,30.403800475059384,1124.95,4.553333333333334,0.0,0.125,0.625
3521309,Ipuã,SP,Sudeste,2,55.47,-24.53,24.072984108299,1452.66,5.001666666666666,0.2,0.3333333333333333,0.4666666666666667
3521408,Iracemápolis,SP,Sudeste,1,66.53,-13.47,20.33965244865719,1866.43,5.375714285714286,0.35714285714285715,0.5,0.7142857142857143
3521507,Irapuã,SP,Sudeste,1,75.41,-4.59,28.655314151497357,1334.09,5.285,0.0,0.4,1.0
3521606,Irapuru,SP,Sudeste,1,97.29,17.29,20.777479892761395,1356.24,5.23,0.0,0.42857142857142855,0.42857142857142855
3521804,Itaí,SP,Sudeste,2,60.4,-19.6,29.048034934497817,1400.91,5.181666666666667,0.0,0.1875,0.5
3521903,Itajobi,SP,Sudeste,1,83.84,3.84,26.83535281539558,1572.71,5.220000000000001,0.0,0.46153846153846156,0.46153846153846156
3522000,Itaju,SP,Sudeste,1,65.74,-14.26,20.689655172413794,1371.85,5.175,0.0,0.5,0.25
3522109,Itanhaém,SP,Sudeste,2,60.38,-19.62,30.190380503387694,1374.2,5.135135135135135,0.1388888888888889,0.20833333333333334,0.6805555555555556
3522158,Itaoca,SP,Sudeste,0,81.82,1.82,28.527370855821125,1008.01,4.695,0.0,0.125,0.875
3522208,Itapecerica Da Serra,SP,Sudeste,2,60.89,-19.11,28.435487372458212,1248.65,5.228852459016393,0.08208955223880597,0.1865671641791045,0.4626865671641791
3522307,Itapetininga,SP,Sudeste,1,52.36,-27.64,24.405982187867586,1671.4,5.260357142857143,0.14184397163120568,0.3262411347517731,0.48226950354609927
3522406,Itapeva,SP,Sudeste,1,65.78,-14.22,28.37178137264286,1443.07,5.1193333333333335,0.27631578947368424,0.3157894736842105,0.6842105263157895
3522505,Itapevi,SP,Sudeste,2,54.75,-25.25,26.848083041538544,1138.47,5.1661403508771935,0.21568627450980393,0.30392156862745096,0.6568627450980392
3522604,Itapira,SP,Sudeste,1,66.32,-13.68,22.37098344693281,1823.28,5.3875,0.1527777777777778,0.3888888888888889,0.375
3522653,Itapirapuã Paulista,SP,Sudeste,2,44.07,-35.93,33.37356668678335,1084.01,5.005,0.16666666666666666,0.3333333333333333,0.8333333333333334
3522703,Itápolis,SP,Sudeste,1,71.74,-8.26,24.026996625421823,1675.41,5.29,0.08823529411764706,0.4117647058823529,0.5588235294117647
3522802,Itaporanga,SP,Sudeste,1,74.71,-5.29,29.130938586326767,1283.91,5.003333333333333,0.13333333333333333,0.4,0.6
3522901,Itapuí,SP,Sudeste,1,55.24,-24.76,24.55111762550385,1421.09,5.285,0.1111111111111111,0.4444444444444444,0.7777777777777778
3523008,Itapura,SP,Sudeste,1,64.54,-15.46,22.727272727272727,1299.95,5.12,0.25,0.5,0.5
3523107,Itaquaquecetuba,SP,Sudeste,2,46.95,-33.05,31.29937258216573,1101.16,5.148271604938271,0.09595959595959595,0.26262626262626265,0.32323232323232326
3523206,Itararé,SP,Sudeste,2,64.83,-15.17,30.068893992147565,1297.43,5.1845,0.06976744186046512,0.23255813953488372,0.4418604651162791
3523305,Itariri,SP,Sudeste,0,74.85,-5.15,32.71457452674141,1027.49,4.835714285714286,0.0,0.17647058823529413,0.5294117647058824
3523404,Itatiba,SP,Sudeste,1,78.03,-1.97,22.591447707367337,2282.1,5.4796774193548385,0.22340425531914893,0.39361702127659576,0.574468085106383
3523503,Itatinga,SP,Sudeste,2,55.75,-24.25,25.797741777123225,1388.79,5.26,0.25,0.05,0.45
3523602,Itirapina,SP,Sudeste,1,72.88,-7.12,26.550188420692017,1659.02,5.203333333333333,0.0,0.36363636363636365,0.5454545454545454
3523701,Itirapuã,SP,Sudeste,1,68.21,-11.79,32.804232804232804,1202.12,5.1899999999999995,0.2,0.6,0.8
3523909,Itu,SP,Sudeste,1,70.47,-9.53,25.349586474906165,1874.09,5.341666666666667,0.33613445378151263,0.453781512605042,0.8403361344537815
3524006,Itupeva,SP,Sudeste,1,49.71,-30.29,22.702640378185173,2035.47,5.428947368421053,0.20689655172413793,0.1896551724137931,0.3103448275862069
3524105,Ituverava,SP,Sudeste,1,51.18,-28.82,24.15321304210193,1788.4,5.195,0.18518518518518517,0.4444444444444444,0.5555555555555556
3524204,Jaborandi,SP,Sudeste,1,88.54,8.54,27.95918367346939,1584.97,5.133333333333334,0.2,0.6,0.8
3524303,Jaboticabal,SP,Sudeste,1,57.63,-22.37,27.816854678168546,1948.36,5.280588235294117,0.0625,0.359375,0.5625
3524402,Jacareí,SP,Sudeste,1,56.01,-23.99,21.988737403675163,1799.5,5.31542372881356,0.1728395061728395,0.2839506172839506,0.5679012345679012
3524501,Jaci,SP,Sudeste,1,64.6,-15.4,19.718309859154928,1443.85,5.365,0.16666666666666666,0.16666666666666666,0.3333333333333333
3524600,Jacupiranga,SP,Sudeste,0,77.43,-2.57,25.492957746478872,1256.95,4.92,0.05,0.15,0.4
3524709,Jaguariúna,SP,Sudeste,1,64.66,-15.34,23.774370622752226,2045.01,5.508571428571429,0.3770491803278688,0.3770491803278688,0.3770491803278688
3524808,Jales,SP,Sudeste,1,77.95,-2.05,19.67972472207517,2077.24,5.507857142857143,0.25806451612903225,0.5161290322580645,0.7096774193548387
3524907,Jambeiro,SP,Sudeste,1,76.59,-3.41,23.82573179033356,1751.77,5.276666666666666,0.25,0.5,1.0
3525003,Jandira,SP,Sudeste,2,51.14,-28.86,25.59593945436418,1628.78,5.200769230769231,0.1282051282051282,0.2692307692307692,0.3717948717948718
3525102,Jardinópolis,SP,Sudeste,2,44.64,-35.36,29.060015248883563,1536.17,5.335,0.02702702702702703,0.35135135135135137,0.5675675675675675
3525201,Jarinu,SP,Sudeste,2,54.26,-25.74,25.616496598639454,1368.78,5.372727272727273,0.034482758620689655,0.3448275862068966,0.5862068965517241
3525300,Jaú,SP,Sudeste,1,61.84,-18.16,22.698037491067012,1751.62,5.390606060606061,0.28695652173913044,0.4260869565217391,0.5217391304347826
3525409,Jeriquara,SP,Sudeste,1,79.94,-0.06,26.492851135407907,1491.08,5.086666666666667,0.0,0.6,0.4
3525508,Joanópolis,SP,Sudeste,1,62.95,-17.05,23.00079176563737,1780.73,5.297499999999999,0.25,0.3333333333333333,0.9166666666666666
3525607,João Ramalho,SP,Sudeste,1,65.73,-14.27,28.08988764044944,1261.53,5.18,0.25,0.25,1.0
3525706,José Bonifácio,SP,Sudeste,1,64.82,-15.18,13.845376452753916,1697.31,5.30125,0.14814814814814814,0.37037037037037035,0.4074074074074074
3525805,Júlio Mesquita,SP,Sudeste,1,60.71,-19.29,30.97934710193205,1240.61,5.18,0.0,0.75,0.75
3525854,Jumirim,SP,Sudeste,1,68.3,-11.7,13.282732447817835,1366.75,5.295,0.0,0.6666666666666666,0.6666666666666666
3525904,Jundiaí,SP,Sudeste,1,75.94,-4.06,30.239586367608506,2774.36,5.5372619047619045,0.31528662420382164,0.19745222929936307,0.5700636942675159
3526001,Junqueirópolis,SP,Sudeste,1,89.82,9.82,25.096410560664488,1638.65,5.478,0.08333333333333333,0.4166666666666667,0.5
3526100,Juquiá,SP,Sudeste,2,47.93,-32.07,29.501779359430607,1160.51,4.921,0.13636363636363635,0.4090909090909091,0.5
3526209,Juquitiba,SP,Sudeste,1,71.26,-8.74,27.713233210541226,1076.35,5.042,0.034482758620689655,0.27586206896551724,0.6551724137931034
3526308,Lagoinha,SP,Sudeste,1,77.16,-2.84,27.823691460055095,1368.11,5.08,0.0,1.0,1.0
3526407,Laranjal Paulista,SP,Sudeste,2,49.97,-30.03,28.146824752314437,1556.49,5.2490000000000006,0.04,0.4,0.6
3526506,Lavínia,SP,Sudeste,1,67.99,-12.01,22.850924918389552,1527.78,5.26,0.25,0.25,0.25
3526605,Lavrinhas,SP,Sudeste,1,68.32,-11.68,31.347804139323575,1164.45,5.131428571428572,0.375,0.5,0.25
3526704,Leme,SP,Sudeste,1,65.89,-14.11,26.598622097473847,1577.91,5.29875,0.2,0.44,0.7066666666666667
3526803,Lençóis Paulista,SP,Sudeste,1,62.15,-17.85,23.656845753899482,1795.57,5.481,0.109375,0.5,0.609375
3526902,Limeira,SP,Sudeste,1,70.75,-9.25,28.580220321250536,1932.42,5.433055555555556,0.13736263736263737,0.4725274725274725,0.7087912087912088
3527009,Lindóia,SP,Sudeste,1,81.14,1.14,21.679284239504472,1690.27,5.295,0.0,0.16666666666666666,0.3333333333333333
3527108,Lins,SP,Sudeste,1,79.91,-0.09,26.386161757830763,1864.07,5.386363636363637,0.08955223880597014,0.47761194029850745,0.6567164179104478
3527207,Lorena,SP,Sudeste,1,54.22,-25.78,30.972429389404805,1673.5,5.222666666666667,0.16666666666666666,0.4722222222222222,0.5833333333333334
3527256,Lourdes,SP,Sudeste,1,76.45,-3.55,19.73293768545994,1400.55,5.255,0.25,0.5,0.75
3527306,Louveira,SP,Sudeste,1,61.62,-18.38,30.09372453137734,2025.97,5.355,0.0625,0.28125,0.5
3527405,Lucélia,SP,Sudeste,1,78.28,-1.72,21.289634958699708,1571.18,5.388333333333333,0.0,0.42857142857142855,0.5
3527504,Lucianópolis,SP,Sudeste,1,87.5,7.5,23.415977961432507,1464.02,5.27,0.0,0.25,0.5
3527603,Luís Antônio,SP,Sudeste,2,47.59,-32.41,25.91676967449526,1381.42,5.174,0.3333333333333333,0.25,0.5
3527702,Luiziânia,SP,Sudeste,2,53.26,-26.74,28.850325379609544,1314.88,5.039999999999999,0.0,0.25,0.5
3527801,Lupércio,SP,Sudeste,1,86.96,6.96,17.280453257790366,1073.89,5.1275,0.0,0.2857142857142857,0.2857142857142857
3527900,Lutécia,SP,Sudeste,1,61.76,-18.24,23.086574654956085,1451.06,5.27,0.5,1.0,1.0
3528007,Macatuba,SP,Sudeste,1,67.89,-12.11,16.97635135135135,1555.42,5.4316666666666675,0.3333333333333333,0.6,0.6666666666666666
3528106,Macaubal,SP,Sudeste,1,85.83,5.83,24.059763008758374,1516.91,5.265000000000001,0.2,0.2,0.6
3528205,Macedônia,SP,Sudeste,1,93.62,13.62,19.01081916537867,1428.56,5.315,0.3333333333333333,0.3333333333333333,0.6666666666666666
3528304,Magda,SP,Sudeste,1,96.67,16.67,14.525993883792049,1547.56,5.1850000000000005,0.0,0.6666666666666666,1.0
3528403,Mairinque,SP,Sudeste,2,55.14,-24.86,29.6802012217032,1607.36,5.360454545454545,0.21739130434782608,0.15217391304347827,0.3695652173913043
3528502,Mairiporã,SP,Sudeste,1,63.23,-16.77,29.184044892697354,1825.67,5.184324324324324,0.02857142857142857,0.11428571428571428,0.6714285714285714
3528601,Manduri,SP,Sudeste,1,66.65,-13.35,23.363095238095237,1661.83,5.1925,0.5,0.375,0.625
3528700,Marabá Paulista,SP,Sudeste,1,82.86,2.86,21.262458471760798,1197.87,5.07,0.0,0.3333333333333333,0.3333333333333333
3528809,Maracaí,SP,Sudeste,1,81.28,1.28,26.529318541996833,1465.29,5.2700000000000005,0.14285714285714285,0.7142857142857143,0.8571428571428571
3528858,Marapoama,SP,Sudeste,1,81.55,1.55,25.723472668810288,1526.46,5.26,0.0,0.5,0.5
3528908,Mariápolis,SP,Sudeste,1,68.18,-11.82,29.336734693877553,1361.35,5.15,0.0,0.5,0.75
3529005,Marília,SP,Sudeste,1,72.39,-7.61,22.538383453876413,2024.26,5.4087499999999995,0.10416666666666667,0.4513888888888889,0.6388888888888888
3529104,Marinópolis,SP,Sudeste,1,69.23,-10.77,13.905930470347649,1441.96,5.26,0.0,0.3333333333333333,0.6666666666666666
3529203,Martinópolis,SP,Sudeste,1,54.52,-25.48,28.91820580474934,1439.59,5.30625,0.0,0.45454545454545453,0.6363636363636364
3529302,Matão,SP,Sudeste,1,70.09,-9.91,28.070664807066482,1700.46,5.422083333333333,0.2413793103448276,0.41379310344827586,0.5862068965517241
3529401,Mauá,SP,Sudeste,2,46.82,-33.18,30.22966287717459,1478.74,5.238,0.15508021390374332,0.45454545454545453,0.5828877005347594
3529500,Mendonça,SP,Sudeste,1,79.15,-0.85,21.08317214700193,1756.32,5.37,0.0,0.25,0.5
3529609,Meridiano,SP,Sudeste,1,83.34,3.34,17.26133076181292,1579.55,5.305,0.5,0.75,1.0
3529658,Mesópolis,SP,Sudeste,1,53.57,-26.43,17.10843373493976,1278.93,5.025,0.0,0.6666666666666666,0.6666666666666666
3529708,Miguelópolis,SP,Sudeste,2,48.65,-31.35,35.42720255523024,1416.73,5.093333333333334,0.2222222222222222,0.2777777777777778,0.3333333333333333
3529807,Mineiros Do Tietê,SP,Sudeste,1,71.04,-8.96,20.64112587959343,1304.7,5.2075,0.4,0.6,0.5
3529906,Miracatu,SP,Sudeste,2,61.68,-18.32,30.809156241682196,1125.4,4.839411764705882,0.0,0.3125,0.53125
3530003,Mira Estrela,SP,Sudeste,1,65.73,-14.27,16.209476309226932,1291.65,5.51,0.25,0.5,0.5
3530102,Mirandópolis,SP,Sudeste,1,55.71,-24.29,22.59707192870783,1683.93,5.191666666666666,0.10526315789473684,0.3684210526315789,0.5263157894736842
3530201,Mirante Do Paranapanema,SP,Sudeste,1,92.58,12.58,19.34541203974284,1182.36,5.1175,0.10526315789473684,0.631578947368421,0.9473684210526315
3530300,Mirassol,SP,Sudeste,1,69.07,-10.93,19.593998234774933,2049.55,5.432307692307693,0.14705882352941177,0.5,0.5
3530409,Mirassolândia,SP,Sudeste,2,54.93,-25.07,29.352850539291218,1322.05,5.376666666666666,0.0,0.3333333333333333,0.3333333333333333
3530508,Mococa,SP,Sudeste,1,45.49,-34.51,26.623376623376622,1693.15,5.291666666666667,0.30612244897959184,0.4489795918367347,0.6530612244897959
3530607,Mogi Das Cruzes,SP,Sudeste,1,53.64,-26.36,32.74443178693483,1851.39,5.29,0.13636363636363635,0.23579545454545456,0.7698863636363636
3530706,Mogi Guaçu,SP,Sudeste,1,64.06,-15.94,23.89138503613987,1747.34,5.402093023255814,0.1,0.36363636363636365,0.5
3530805,Mogi Mirim,SP,Sudeste,1,58.66,-21.34,22.991311139314654,2026.17,5.456206896551723,0.21428571428571427,0.44285714285714284,0.5857142857142857
3530904,Mombuca,SP,Sudeste,1,68.26,-11.74,24.03258655804481,1274.03,5.3,0.0,0.16666666666666666,0.5
3531001,Monções,SP,Sudeste,1,86.17,6.17,14.901960784313726,1338.77,5.25,0.0,0.6666666666666666,0.6666666666666666
3531100,Mongaguá,SP,Sudeste,2,46.68,-33.32,32.11651321811232,1287.82,5.170869565217392,0.05454545454545454,0.14545454545454545,0.5454545454545454
3531209,Monte Alegre Do Sul,SP,Sudeste,1,67.04,-12.96,26.783867631851088,1992.61,5.56,0.0,0.42857142857142855,0.42857142857142855
3531308,Monte Alto,SP,Sudeste,1,60.69,-19.31,22.692178583417256,1861.15,5.317692307692307,0.125,0.475,0.6
3531407,Monte Aprazível,SP,Sudeste,1,81.89,1.89,21.56549520766773,1691.5,5.366666666666667,0.10526315789473684,0.3157894736842105,0.5263157894736842
3531506,Monte Azul Paulista,SP,Sudeste,1,59.39,-20.61,27.486756915832842,1799.99,5.406000000000001,0.0,0.3684210526315789,0.5263157894736842
3531605,Monte Castelo,SP,Sudeste,1,70.33,-9.67,21.668264621284756,1402.16,5.305,0.0,0.5,0.5
3531704,Monteiro Lobato,SP,Sudeste,2,44.48,-35.52,32.03074951953876,1471.13,5.22,0.2857142857142857,0.5714285714285714,0.5714285714285714
3531803,Monte Mor,SP,Sudeste,2,52.73,-27.27,25.670200366320696,1367.63,5.3409523809523805,0.19148936170212766,0.2765957446808511,0.48936170212765956
3531902,Morro Agudo,SP,Sudeste,2,56.39,-23.61,29.168539325842698,1397.0,5.1925,0.44,0.32,0.28
3532009,Morungaba,SP,Sudeste,1,55.02,-24.98,26.7808485792137,1680.58,5.331666666666666,0.13333333333333333,0.26666666666666666,0.5333333333333333
3532058,Motuca,SP,Sudeste,1,70.59,-9.41,25.63131313131313,1479.74,5.273333333333333,0.0,0.2,0.4
3532108,Murutinga Do Sul,SP,Sudeste,1,76.5,-3.5,24.979724249797243,1502.97,5.245,0.0,1.0,1.0
3532157,Nantes,SP,Sudeste,1,68.4,-11.6,23.454833597464344,1361.26,5.115,0.3333333333333333,0.0,1.0
3532207,Narandiba,SP,Sudeste,1,61.0,-19.0,26.745040411462163,1397.19,5.176666666666667,0.5,0.16666666666666666,0.6666666666666666
3532306,Natividade Da Serra,SP,Sudeste,2,62.04,-17.96,26.46502835538752,1183.61,5.0625,0.125,0.125,0.75
3532405,Nazaré Paulista,SP,Sudeste,2,61.19,-18.81,27.814418921992267,1356.62,5.152222222222222,0.0,0.2222222222222222,0.4444444444444444
3532504,Neves Paulista,SP,Sudeste,1,87.08,7.08,26.75921493537578,1828.88,5.323333333333333,0.0,0.42857142857142855,0.42857142857142855
3532603,Nhandeara,SP,Sudeste,1,68.61,-11.39,18.92014519056261,1668.97,5.346666666666667,0.09090909090909091,0.5454545454545454,0.5454545454545454
3532702,Nipoã,SP,Sudeste,1,93.7,13.7,27.284946236559136,1346.36,5.165,0.0,0.4,0.4
3532801,Nova Aliança,SP,Sudeste,1,78.64,-1.36,23.415361670395228,1565.88,5.56,0.0,0.5714285714285714,1.0
3532827,Nova Campina,SP,Sudeste,1,59.01,-20.99,27.904761904761905,926.06,4.912857142857143,0.1,0.7,0.7
3532843,Nova Canaã Paulista,SP,Sudeste,1,100.0,20.0,14.059405940594061,1499.45,5.380000000000001,0.0,0.6666666666666666,1.0
3532900,Nova Europa,SP,Sudeste,1,60.73,-19.27,15.025041736227045,1301.87,5.2425,0.0,0.4444444444444444,0.4444444444444444
3533007,Nova Granada,SP,Sudeste,1,72.36,-7.64,19.10370583165757,1455.77,5.205,0.2727272727272727,0.6363636363636364,0.6363636363636364
3533106,Nova Guataporanga,SP,Sudeste,1,90.48,10.48,27.286135693215343,1356.94,5.25,0.0,0.3333333333333333,0.3333333333333333
3533205,Nova Independência,SP,Sudeste,1,66.22,-13.78,22.259414225941423,1422.32,5.12,0.0,0.5,0.5
3533254,Novais,SP,Sudeste,1,97.74,17.74,23.39331619537275,1145.17,5.119999999999999,0.0,0.5,0.5
3533304,Nova Luzitânia,SP,Sudeste,1,76.92,-3.08,20.72072072072072,1254.56,5.295,0.0,1.0,0.6666666666666666
3533403,Nova Odessa,SP,Sudeste,1,63.43,-16.57,26.32850241545894,1934.32,5.541578947368421,0.3333333333333333,0.37777777777777777,0.5555555555555556
3533502,Novo Horizonte,SP,Sudeste,1,72.63,-7.37,12.86011286011286,1693.96,5.300833333333333,0.15625,0.34375,0.4375
3533601,Nuporanga,SP,Sudeste,1,63.78,-16.22,30.903065451532726,1765.43,5.45,0.2222222222222222,0.5555555555555556,0.8888888888888888
3533700,Ocauçu,SP,Sudeste,1,82.92,2.92,28.852739726027398,1349.57,5.265000000000001,0.0,0.6666666666666666,1.0
3533809,Óleo,SP,Sudeste,1,66.67,-13.33,26.03129445234708,1376.51,5.02,0.2,0.8,1.0
3533908,Olímpia,SP,Sudeste,1,69.77,-10.23,23.538557213930346,1674.78,5.3759999999999994,0.0625,0.2916666666666667,0.5833333333333334
3534005,Onda Verde,SP,Sudeste,1,73.29,-6.71,23.98753894080997,1480.85,5.279999999999999,0.4,0.4,0.8
3534104,Oriente,SP,Sudeste,1,79.29,-0.71,30.170777988614798,1590.53,5.3100000000000005,0.0,0.5,0.5
3534203,Orindiúva,SP,Sudeste,1,65.13,-14.87,25.79650565262076,1567.59,5.326666666666667,0.4,0.4,0.4
3534302,Orlândia,SP,Sudeste,1,63.0,-17.0,25.976898500860162,1737.14,5.3625,0.5555555555555556,0.3888888888888889,0.3055555555555556
3534401,Osasco,SP,Sudeste,1,50.03,-29.97,27.290404508055772,1951.14,5.234311926605504,0.2398989898989899,0.3712121212121212,0.4772727272727273
3534500,Oscar Bressane,SP,Sudeste,1,92.0,12.0,16.11785095320624,1469.93,5.5,0.0,0.3333333333333333,1.0
3534609,Osvaldo Cruz,SP,Sudeste,1,65.38,-14.62,13.505484460694698,1773.28,5.4350000000000005,0.13333333333333333,0.5,0.4666666666666667
3534708,Ourinhos,SP,Sudeste,1,62.4,-17.6,26.667032846314402,1834.77,5.332142857142857,0.05,0.525,0.5125
3534757,Ouroeste,SP,Sudeste,1,89.86,9.86,22.395543175487465,1715.52,5.303333333333334,0.125,0.625,1.0
3534807,Ouro Verde,SP,Sudeste,1,76.75,-3.25,32.81998631074606,1167.79,5.13,0.0,0.42857142857142855,0.5714285714285714
3534906,Pacaembu,SP,Sudeste,1,73.29,-6.71,29.870775347912527,1561.57,5.38,0.25,0.16666666666666666,0.25
3535002,Palestina,SP,Sudeste,1,73.93,-6.07,25.497127706584184,1569.56,5.255,0.1,0.2,0.3
3535101,Palmares Paulista,SP,Sudeste,1,75.22,-4.78,21.573163678426837,1390.3,5.1975,0.14285714285714285,0.5714285714285714,1.0
3535200,Palmeira D'Oeste,SP,Sudeste,1,66.91,-13.09,12.364425162689804,1515.31,5.26,0.0,0.5,0.6666666666666666
3535309,Palmital,SP,Sudeste,1,65.5,-14.5,32.148148148148145,1582.67,5.36125,0.2631578947368421,0.7894736842105263,0.8947368421052632
3535408,Panorama,SP,Sudeste,1,83.63,3.63,31.142098273572376,1347.66,5.1883333333333335,0.07142857142857142,0.35714285714285715,0.5
3535507,Paraguaçu Paulista,SP,Sudeste,1,55.07,-24.93,29.491401390413465,1546.02,5.281333333333333,0.34210526315789475,0.5789473684210527,0.6052631578947368
3535606,Paraibuna,SP,Sudeste,2,66.44,-13.56,24.713541666666668,1390.47,5.095,0.05555555555555555,0.1111111111111111,0.2222222222222222
3535705,Paraíso,SP,Sudeste,1,67.33,-12.67,13.451511991657977,1744.46,5.460000000000001,0.25,0.75,1.0
3535804,Paranapanema,SP,Sudeste,1,64.11,-15.89,20.59719683120049,1579.99,5.20375,0.08695652173913043,0.17391304347826086,0.5652173913043478
3535903,Paranapuã,SP,Sudeste,1,75.08,-4.92,30.273752012882447,1515.68,5.154999999999999,0.0,0.3333333333333333,0.3333333333333333
3536000,Parapuã,SP,Sudeste,1,80.42,0.42,19.575660528422738,1490.2,4.984,0.0,0.5555555555555556,0.8888888888888888
3536109,Pardinho,SP,Sudeste,1,55.74,-24.26,20.086794792312464,1633.36,5.41,0.0,0.3333333333333333,0.5
3536208,Pariquera-Açu,SP,Sudeste,1,65.66,-14.34,23.44758064516129,1435.07,5.0600000000000005,0.15789473684210525,0.2631578947368421,0.631578947368421
3536257,Parisi,SP,Sudeste,1,87.47,7.47,17.216494845360824,1359.26,5.04,0.0,0.25,0.5
3536307,Patrocínio Paulista,SP,Sudeste,1,65.89,-14.11,29.284229284229284,1342.63,5.423333333333333,0.0,0.5555555555555556,0.4444444444444444
3536406,Paulicéia,SP,Sudeste,0,71.55,-8.45,28.774289985052313,1196.6,5.155,0.0,0.16666666666666666,0.3333333333333333
3536505,Paulínia,SP,Sudeste,1,67.61,-12.39,29.410437659798465,2680.07,5.561739130434782,0.297029702970297,0.19801980198019803,0.2376237623762376
3536570,Paulistânia,SP,Sudeste,1,70.83,-9.17,25.6120527306968,1337.04,5.085,0.0,0.25,0.5
3536604,Paulo De Faria,SP,Sudeste,1,75.08,-4.92,27.860026917900406,1373.91,5.1000000000000005,0.0,0.5,0.25
3536703,Pederneiras,SP,Sudeste,1,57.52,-22.48,22.366790582403965,1528.3,5.33388888888889,0.047619047619047616,0.5238095238095238,0.6428571428571429
3536802,Pedra Bela,SP,Sudeste,2,59.61,-20.39,29.45682451253482,1372.0,5.103333333333333,0.2222222222222222,0.3333333333333333,0.4444444444444444
3536901,Pedranópolis,SP,Sudeste,1,83.33,3.33,11.48036253776435,1530.81,5.404999999999999,0.3333333333333333,0.6666666666666666,0.6666666666666666
3537008,Pedregulho,SP,Sudeste,1,60.02,-19.98,25.03209242618742,1428.33,5.41375,0.0,0.10526315789473684,0.6842105263157895
3537107,Pedreira,SP,Sudeste,1,89.22,9.22,26.581479728663826,1769.5,5.418333333333333,0.025,0.325,0.4
3537156,Pedrinhas Paulista,SP,Sudeste,1,64.52,-15.48,16.903633491311215,1839.31,5.515000000000001,0.0,0.0,0.2
3537206,Pedro De Toledo,SP,Sudeste,2,55.23,-24.77,29.831932773109244,1125.29,4.922,0.0,0.14285714285714285,0.2857142857142857
3537305,Penápolis,SP,Sudeste,1,63.04,-16.96,29.729248307801925,1737.74,5.265,0.08620689655172414,0.46551724137931033,0.4827586206896552
3537404,Pereira Barreto,SP,Sudeste,1,67.62,-12.38,27.620841180163215,1619.12,5.316666666666666,0.09523809523809523,0.3333333333333333,0.47619047619047616
3537503,Pereiras,SP,Sudeste,1,65.45,-14.55,12.749003984063744,1397.46,5.1625,0.125,0.625,0.375
3537602,Peruíbe,SP,Sudeste,2,46.63,-33.37,30.421222315671432,1407.11,5.114583333333333,0.2676056338028169,0.28169014084507044,0.5211267605633803
3537701,Piacatu,SP,Sudeste,1,96.52,16.52,10.714285714285714,1450.85,5.24,0.0,0.5,1.0
3537800,Piedade,SP,Sudeste,2,63.42,-16.58,33.232345091250096,1446.28,5.207857142857143,0.08,0.18,0.58
3537909,Pilar Do Sul,SP,Sudeste,1,67.71,-12.29,18.237082066869302,1571.17,5.282222222222222,0.391304347826087,0.21739130434782608,0.5652173913043478
3538006,Pindamonhangaba,SP,Sudeste,1,72.57,-7.43,29.704460589920977,1610.98,5.31943661971831,0.17391304347826086,0.32608695652173914,0.5942028985507246
3538105,Pindorama,SP,Sudeste,1,69.18,-10.82,20.43761638733706,1694.67,5.325,0.0,0.45454545454545453,0.36363636363636365
3538204,Pinhalzinho,SP,Sudeste,1,76.7,-3.3,20.90994079152384,1382.52,5.4079999999999995,0.0625,0.125,0.6875
3538303,Piquerobi,SP,Sudeste,1,82.94,2.94,28.05755395683453,1304.25,5.17,0.3333333333333333,0.6666666666666666,0.6666666666666666
3538501,Piquete,SP,Sudeste,1,79.49,-0.51,28.917779339423756,1321.99,5.138,0.2,0.3,0.5
3538600,Piracaia,SP,Sudeste,1,67.2,-12.8,21.557778250691637,1603.66,5.31923076923077,0.38461538461538464,0.23076923076923078,0.4230769230769231
3538709,Piracicaba,SP,Sudeste,1,67.18,-12.82,25.25388749259282,2145.67,5.407037037037037,0.1386861313868613,0.28832116788321166,0.6021897810218978
3538808,Piraju,SP,Sudeste,1,66.51,-13.49,30.250334416204854,1659.91,5.352666666666666,0.08108108108108109,0.35135135135135137,0.2972972972972973
3538907,Pirajuí,SP,Sudeste,2,40.14,-39.86,28.131245836109258,1707.81,5.3425,0.05263157894736842,0.15789473684210525,0.42105263157894735
3539004,Pirangi,SP,Sudeste,1,86.19,6.19,25.357710651828295,1696.01,5.395,0.125,0.375,0.375
3539103,Pirapora Do Bom Jesus,SP,Sudeste,2,47.65,-32.35,31.438631790744466,1199.19,5.055714285714286,0.17647058823529413,0.23529411764705882,0.35294117647058826
3539202,Pirapozinho,SP,Sudeste,1,69.46,-10.54,19.78059650325677,1546.97,5.32,0.19230769230769232,0.38461538461538464,0.5384615384615384
3539301,Pirassununga,SP,Sudeste,1,57.47,-22.53,24.427636958299264,2014.47,5.395,0.11940298507462686,0.4626865671641791,0.582089552238806
3539400,Piratininga,SP,Sudeste,1,64.22,-15.78,18.51063829787234,2157.6,5.475,0.1111111111111111,0.4444444444444444,0.5555555555555556
3539509,Pitangueiras,SP,Sudeste,1,72.39,-7.61,22.02474298658303,1363.54,5.178333333333334,0.043478260869565216,0.4782608695652174,0.6521739130434783
3539608,Planalto,SP,Sudeste,1,84.91,4.91,13.92757660167131,1363.79,5.255,0.0,0.75,0.75
3539707,Platina,SP,Sudeste,2,58.21,-21.79,27.481617647058826,1317.54,5.305,0.0,0.25,0.5
3539806,Poá,SP,Sudeste,2,55.52,-24.48,31.173831234621506,1476.59,5.334285714285714,0.07058823529411765,0.3764705882352941,0.3764705882352941
3540002,Pompéia,SP,Sudeste,1,66.43,-13.57,16.545405551064405,1904.12,5.478,0.0625,0.375,0.5
3540101,Pongaí,SP,Sudeste,1,100.0,20.0,26.23941958887545,1724.87,5.135,0.0,0.6666666666666666,0.6666666666666666
3540200,Pontal,SP,Sudeste,2,53.9,-26.1,25.658956428187196,1384.14,5.046666666666667,0.1,0.4,0.5
3540259,Pontalinda,SP,Sudeste,1,74.17,-5.83,19.047619047619047,1217.5,5.145,0.0,0.5,0.5
3540309,Pontes Gestal,SP,Sudeste,1,57.11,-22.89,16.85022026431718,1493.44,5.2,0.0,0.6666666666666666,0.6666666666666666
3540408,Populina,SP,Sudeste,1,79.44,-0.56,23.49775784753363,1340.0,5.470000000000001,0.3333333333333333,0.6666666666666666,0.6666666666666666
3540507,Porangaba,SP,Sudeste,1,68.58,-11.42,21.93110140708394,1451.19,5.195,0.0,0.5,0.75
3540606,Porto Feliz,SP,Sudeste,1,73.26,-6.74,28.00384492149952,1626.03,5.3675,0.2727272727272727,0.4090909090909091,0.4318181818181818
3540705,Porto Ferreira,SP,Sudeste,1,46.51,-33.49,23.653171820210392,1719.41,5.320833333333334,0.15789473684210525,0.3684210526315789,0.631578947368421
3540754,Potim,SP,Sudeste,2,51.05,-28.95,29.722589167767506,1092.82,5.005,0.2857142857142857,0.42857142857142855,0.6428571428571429
3540804,Potirendaba,SP,Sudeste,1,63.28,-16.72,18.32579185520362,1696.31,5.3175,0.07692307692307693,0.3076923076923077,0.46153846153846156
3540853,Pracinha,SP,Sudeste,2,52.38,-27.62,29.73352033660589,1252.86,5.0600000000000005,0.0,0.25,0.25
3540903,Pradópolis,SP,Sudeste,1,76.18,-3.82,30.43213633597078,1538.35,5.375,0.0,0.46153846153846156,0.46153846153846156
3541000,Praia Grande,SP,Sudeste,1,52.06,-27.94,29.445025824528237,1795.56,5.245081967213115,0.2662337662337662,0.5909090909090909,0.6623376623376623
3541059,Pratânia,SP,Sudeste,2,40.87,-39.13,27.39648326715825,1368.51,5.055,0.0,0.0,0.25
3541208,Presidente Bernardes,SP,Sudeste,1,72.9,-7.1,20.396270396270396,1619.0,5.246,0.07142857142857142,0.35714285714285715,0.7142857142857143
3541307,Presidente Epitácio,SP,Sudeste,1,63.06,-16.94,22.955563853622106,1428.42,5.216923076923076,0.10526315789473684,0.23684210526315788,0.5263157894736842
3541406,Presidente Prudente,SP,Sudeste,1,65.99,-14.01,26.001282087014687,2104.17,5.422545454545455,0.2097902097902098,0.35664335664335667,0.5524475524475524
3541505,Presidente Venceslau,SP,Sudeste,1,71.21,-8.79,20.16039206950323,1954.88,5.36,0.25806451612903225,0.3225806451612903,0.6774193548387096
3541604,Promissão,SP,Sudeste,1,63.58,-16.42,29.613500272182907,1506.74,5.259090909090909,0.0,0.25806451612903225,0.5161290322580645
3541653,Quadra,SP,Sudeste,2,61.83,-18.17,29.318936877076414,1517.01,5.345,0.0,0.25,0.25
3541703,Quatá,SP,Sudeste,1,77.3,-2.7,24.705882352941178,1377.34,5.2975,0.45454545454545453,0.6363636363636364,0.45454545454545453
3541802,Queiroz,SP,Sudeste,1,87.45,7.45,11.237230419977298,1374.71,5.12,0.25,0.5,0.5
3541901,Queluz,SP,Sudeste,1,77.8,-2.2,28.476576908889704,1157.07,5.0600000000000005,0.0,0.42857142857142855,0.5714285714285714
3542008,Quintana,SP,Sudeste,2,63.91,-16.09,25.855745721271393,1452.52,5.335,0.0,0.16666666666666666,0.3333333333333333
3542107,Rafard,SP,Sudeste,1,89.73,9.73,26.194588370754175,1616.59,5.365,0.5555555555555556,0.6666666666666666,0.6666666666666666
3542206,Rancharia,SP,Sudeste,1,74.86,-5.14,21.95757350204689,1424.04,5.321666666666666,0.09090909090909091,0.3939393939393939,0.696969696969697
3542305,Redenção Da Serra,SP,Sudeste,1,83.72,3.72,28.661087866108787,1108.67,5.085,0.0,1.0,1.0
3542404,Regente Feijó,SP,Sudeste,1,57.84,-22.16,22.667971298108284,1607.09,5.36875,0.23809523809523808,0.5238095238095238,0.38095238095238093
3542503,Reginópolis,SP,Sudeste,1,87.38,7.38,21.93877551020408,1654.56,5.21,0.0,0.2857142857142857,0.5714285714285714
3542602,Registro,SP,Sudeste,2,57.65,-22.35,29.423226812159005,1533.08,5.048,0.12857142857142856,0.2857142857142857,0.4714285714285714
3542701,Restinga,SP,Sudeste,0,73.83,-6.17,27.1617497456765,1215.0,5.329999999999999,0.0,0.0,0.16666666666666666
3542800,Ribeira,SP,Sudeste,0,72.19,-7.81,33.7322363500374,1092.39,4.9475,0.0,0.2,0.8
3542909,Ribeirão Bonito,SP,Sudeste,2,65.85,-14.15,25.992779783393498,1436.29,5.128333333333333,0.35714285714285715,0.21428571428571427,0.14285714285714285
3543006,Ribeirão Branco,SP,Sudeste,0,80.17,0.17,33.25530156981548,1023.29,4.804166666666666,0.05,0.05,0.65
3543105,Ribeirão Corrente,SP,Sudeste,1,80.72,0.72,33.21167883211679,1222.84,5.136666666666667,0.0,0.4,0.6
3543204,Ribeirão Do Sul,SP,Sudeste,1,93.72,13.72,24.33405327573794,1402.27,5.205,0.0,0.75,0.5
3543238,Ribeirão Dos Índios,SP,Sudeste,1,73.33,-6.67,24.022346368715084,1309.36,5.255000000000001,0.0,0.5,0.25
3543253,Ribeirão Grande,SP,Sudeste,1,83.0,3.0,13.095238095238097,1110.8,5.145999999999999,0.0,0.23076923076923078,0.46153846153846156
3543303,Ribeirão Pires,SP,Sudeste,1,70.3,-9.7,26.699202475895728,1660.3,5.44025641025641,0.2,0.36470588235294116,0.5294117647058824
3543402,Ribeirão Preto,SP,Sudeste,1,44.55,-35.45,26.86991245584396,2507.29,5.28950495049505,0.35128205128205126,0.4307692307692308,0.5205128205128206
3543501,Riversul,SP,Sudeste,2,58.51,-21.49,29.345878136200714,1032.65,5.133333333333334,0.0,0.42857142857142855,0.7142857142857143
3543600,Rifaina,SP,Sudeste,1,54.97,-25.03,24.408014571949,1599.06,5.4399999999999995,0.0,0.5,0.5
3543709,Rincão,SP,Sudeste,1,56.98,-23.02,27.96032238065716,1396.8,5.205,0.09090909090909091,0.45454545454545453,0.7272727272727273
3543907,Rio Claro,SP,Sudeste,1,56.64,-23.36,24.783810603912674,2056.67,5.346875,0.18181818181818182,0.34710743801652894,0.4462809917355372
3544004,Rio Das Pedras,SP,Sudeste,1,66.43,-13.57,16.06694560669456,1563.69,5.410833333333333,0.07407407407407407,0.2222222222222222,0.4074074074074074
3544103,Rio Grande Da Serra,SP,Sudeste,2,42.86,-37.14,28.941803086081304,1233.69,5.243333333333333,0.038461538461538464,0.38461538461538464,0.5384615384615384
3544202,Riolândia,SP,Sudeste,1,79.77,-0.23,20.78109932497589,1152.39,4.873333333333334,0.1111111111111111,0.3333333333333333,0.4444444444444444
3544251,Rosana,SP,Sudeste,1,76.83,-3.17,27.876185364108068,1598.65,5.242,0.21052631578947367,0.5263157894736842,0.7368421052631579
3544301,Roseira,SP,Sudeste,1,68.08,-11.92,27.73160972606956,1393.07,5.336666666666667,0.25,0.5,0.08333333333333333
3544400,Rubiácea,SP,Sudeste,1,63.6,-16.4,22.308546059933406,1214.43,5.199999999999999,0.0,0.4,0.4
3544509,Rubinéia,SP,Sudeste,1,84.68,4.68,18.944392082940624,1417.38,5.484999999999999,0.0,0.5,0.5
3544608,Sabino,SP,Sudeste,2,55.28,-24.72,22.17353198948291,1431.47,5.27,0.0,0.16666666666666666,0.6666666666666666
3544707,Sagres,SP,Sudeste,1,88.57,8.57,20.418006430868168,1184.76,5.21,0.0,0.6666666666666666,0.6666666666666666
3544806,Sales,SP,Sudeste,1,82.94,2.94,23.323103901797456,1449.56,5.405,0.0,0.5,0.5
3544905,Sales Oliveira,SP,Sudeste,1,61.21,-18.79,24.75691847419596,1668.02,5.355,0.14285714285714285,0.42857142857142855,0.5714285714285714
3545001,Salesópolis,SP,Sudeste,2,63.97,-16.03,26.250277839519892,1326.05,5.255714285714285,0.0,0.08333333333333333,0.4166666666666667
3545100,Salmourão,SP,Sudeste,1,71.54,-8.46,21.447721179624665,1280.67,5.12,0.3333333333333333,0.3333333333333333,0.6666666666666666
3545159,Saltinho,SP,Sudeste,1,71.11,-8.89,13.343108504398826,1814.85,5.743333333333333,0.0,0.2,0.8
3545209,Salto,SP,Sudeste,1,65.51,-14.49,25.11899473249984,1902.87,5.499259259259259,0.3220338983050847,0.559322033898305,0.7966101694915254
3545308,Salto De Pirapora,SP,Sudeste,1,51.57,-28.43,27.753583741607695,1536.7,5.271176470588236,0.5945945945945946,0.40540540540540543,0.6486486486486487
3545407,Salto Grande,SP,Sudeste,1,69.03,-10.97,18.468950749464668,1320.5,5.1000000000000005,0.0,0.42857142857142855,0.42857142857142855
3545506,Sandovalina,SP,Sudeste,1,89.89,9.89,24.46808510638298,1322.62,5.245,0.0,0.6666666666666666,1.0
3545605,Santa Adélia,SP,Sudeste,1,62.04,-17.96,20.843405855492882,1450.23,5.4159999999999995,0.07692307692307693,0.23076923076923078,0.46153846153846156
3545704,Santa Albertina,SP,Sudeste,1,74.19,-5.81,8.13953488372093,1489.31,5.41,0.2,0.2,0.4
3545803,Santa Bárbara D'Oeste,SP,Sudeste,1,63.05,-16.95,23.971908974272402,1877.28,5.482666666666666,0.07092198581560284,0.3617021276595745,0.6170212765957447
3546009,Santa Branca,SP,Sudeste,2,44.76,-35.24,23.072546230440967,1448.84,5.226000000000001,0.06666666666666667,0.13333333333333333,0.4666666666666667
3546108,Santa Clara D'Oeste,SP,Sudeste,1,83.18,3.18,19.39163498098859,1467.76,5.05,0.3333333333333333,0.6666666666666666,1.0
3546207,Santa Cruz Da Conceição,SP,Sudeste,1,88.16,8.16,23.536585365853657,1761.73,5.395,0.0,0.6,0.8
3546256,Santa Cruz Da Esperança,SP,Sudeste,1,95.83,15.83,15.350877192982457,1486.5,5.295,0.2,0.4,0.6
3546306,Santa Cruz Das Palmeiras,SP,Sudeste,1,60.48,-19.52,28.3205268935236,1607.04,5.223333333333333,0.2727272727272727,0.2727272727272727,0.5
3546405,Santa Cruz Do Rio Pardo,SP,Sudeste,1,67.28,-12.72,25.01187272439449,1738.78,5.301666666666667,0.047619047619047616,0.4523809523809524,0.5714285714285714
3546504,Santa Ernestina,SP,Sudeste,1,85.96,5.96,30.345800988002825,1533.31,5.323333333333333,0.0,0.5,0.5
3546603,Santa Fé Do Sul,SP,Sudeste,1,65.58,-14.42,17.95616583047267,1938.25,5.474444444444444,0.037037037037037035,0.5185185185185185,0.5555555555555556
3546702,Santa Gertrudes,SP,Sudeste,1,83.2,3.2,18.75,1593.01,5.315555555555556,0.0,0.2777777777777778,0.5
3546801,Santa Isabel,SP,Sudeste,2,59.45,-20.55,30.71760026516407,1412.6,5.2214285714285715,0.25,0.34375,0.46875
3546900,Santa Lúcia,SP,Sudeste,1,76.57,-3.43,27.65726681127983,1388.3,5.276666666666666,0.16666666666666666,0.5,0.6666666666666666
3547007,Santa Maria Da Serra,SP,Sudeste,1,89.62,9.62,25.428194993412383,1491.6,5.156666666666667,0.0,0.3333333333333333,0.6666666666666666
3547106,Santa Mercedes,SP,Sudeste,1,86.58,6.58,22.209567198177677,1549.88,5.2,0.0,0.6,0.6
3547304,Santana De Parnaíba,SP,Sudeste,1,64.72,-15.28,25.57284541723666,3465.07,5.37,0.696078431372549,0.45098039215686275,0.5588235294117647
3547403,Santa Rita D'Oeste,SP,Sudeste,1,78.95,-1.05,12.181303116147308,1350.25,5.585,0.0,0.25,0.75
3547502,Santa Rita Do Passa Quatro,SP,Sudeste,1,68.31,-11.69,23.5309480282058,1753.02,5.368333333333333,0.16666666666666666,0.2916666666666667,0.4583333333333333
3547601,Santa Rosa De Viterbo,SP,Sudeste,1,63.39,-16.61,22.054080873232447,1588.13,5.285555555555556,0.16,0.4,0.24
3547700,Santo Anastácio,SP,Sudeste,1,70.14,-9.86,26.485568760611205,1557.89,5.056,0.07692307692307693,0.6153846153846154,0.5384615384615384
3547809,Santo André,SP,Sudeste,1,59.73,-20.27,30.5989022604665,2460.93,5.403432835820895,0.17882352941176471,0.49411764705882355,0.6235294117647059
3547908,Santo Antônio Da Alegria,SP,Sudeste,2,66.29,-13.71,29.638009049773757,1366.48,5.12,0.0,0.2857142857142857,0.42857142857142855
3548005,Santo Antônio De Posse,SP,Sudeste,1,70.98,-9.02,23.99122807017544,1423.41,5.28875,0.1,0.15,0.6
3548054,Santo Antônio Do Aracanguá,SP,Sudeste,1,72.53,-7.47,24.279661016949152,1499.77,5.2620000000000005,0.0,0.75,0.625
3548104,Santo Antônio Do Jardim,SP,Sudeste,1,79.69,-0.31,26.884422110552762,1487.79,5.376666666666666,0.0,0.42857142857142855,0.42857142857142855
3548203,Santo Antônio Do Pinhal,SP,Sudeste,1,62.03,-17.97,18.684210526315788,1728.57,5.22,0.25,0.375,0.875
3548302,Santo Expedito,SP,Sudeste,1,89.94,9.94,20.536756126021004,1258.52,5.324999999999999,0.0,0.3333333333333333,0.6666666666666666
3548401,Santópolis Do Aguapeí,SP,Sudeste,1,86.9,6.9,24.164278892072588,1254.45,5.27,0.0,0.5,0.75
3548500,Santos,SP,Sudeste,1,52.05,-27.95,30.60649634605157,3237.52,5.143870967741936,0.4135593220338983,0.44745762711864406,0.6677966101694915
3548609,São Bento Do Sapucaí,SP,Sudeste,1,77.34,-2.66,21.13138686131387,1710.26,5.506,0.0,0.25,0.6666666666666666
3548708,São Bernardo Do Campo,SP,Sudeste,1,64.54,-15.46,26.76006710124168,2229.41,5.419513888888889,0.47453703703703703,0.4166666666666667,0.6180555555555556
3548807,São Caetano Do Sul,SP,Sudeste,1,70.71,-9.29,18.10469314079422,3884.58,5.688709677419355,0.2857142857142857,0.3025210084033613,0.6554621848739496
3548906,São Carlos,SP,Sudeste,1,59.36,-20.64,27.932220039292734,2281.26,5.437391304347826,0.2573099415204678,0.3157894736842105,0.5730994152046783
3549102,São João Da Boa Vista,SP,Sudeste,1,64.28,-15.72,20.26534332590642,1961.78,5.444090909090909,0.2835820895522388,0.417910447761194,0.582089552238806
3549201,São João Das Duas Pontes,SP,Sudeste,1,77.08,-2.92,11.305732484076433,1560.38,5.3149999999999995,0.3333333333333333,0.3333333333333333,0.3333333333333333
3549250,São João De Iracema,SP,Sudeste,1,57.14,-22.86,10.610932475884244,1454.39,5.055,0.25,0.5,1.0
3549300,São João Do Pau D'Alho,SP,Sudeste,1,84.21,4.21,18.416523235800344,1578.37,5.525,0.3333333333333333,1.0,0.6666666666666666
3549409,São Joaquim Da Barra,SP,Sudeste,1,52.47,-27.53,27.450670876085244,1577.23,5.383636363636364,0.15789473684210525,0.34210526315789475,0.6052631578947368
3549508,São José Da Bela Vista,SP,Sudeste,2,66.02,-13.98,31.391830559757945,1171.92,5.085,0.0,0.3333333333333333,0.3333333333333333
3549607,São José Do Barreiro,SP,Sudeste,1,58.41,-21.59,22.745098039215687,1251.77,5.05,0.14285714285714285,0.42857142857142855,0.8571428571428571
3549706,São José Do Rio Pardo,SP,Sudeste,1,68.0,-12.0,29.28352580721188,1547.43,5.397058823529412,0.225,0.4,0.4
3549805,São José Do Rio Preto,SP,Sudeste,1,56.94,-23.06,26.624280871534467,2410.09,5.404125,0.4837662337662338,0.5064935064935064,0.6948051948051948
3549904,São José Dos Campos,SP,Sudeste,1,68.35,-11.65,26.666573682118372,2276.81,5.4511023622047245,0.0962962962962963,0.37777777777777777,0.6345679012345679
3549953,São Lourenço Da Serra,SP,Sudeste,2,65.99,-14.01,31.412200876306034,1374.59,5.2700000000000005,0.0,0.23529411764705882,0.5882352941176471
3550001,São Luiz Do Paraitinga,SP,Sudeste,1,76.75,-3.25,25.377283558379666,1465.87,5.30875,0.1,0.9,0.8
3550100,São Manuel,SP,Sudeste,1,66.6,-13.4,22.133333333333333,1448.66,5.373846153846154,0.18518518518518517,0.5555555555555556,0.6296296296296297
3550209,São Miguel Arcanjo,SP,Sudeste,1,73.94,-6.06,21.98081816402427,1302.75,5.064210526315789,0.0,0.06451612903225806,0.4838709677419355
3550308,São Paulo,SP,Sudeste,1,53.07,-26.93,27.467852122772506,2713.36,5.142790697674418,0.1567715458276334,0.3331053351573187,0.33365253077975376
3550407,São Pedro,SP,Sudeste,1,64.97,-15.03,28.278923253150058,1747.04,5.4639999999999995,0.7241379310344828,0.5172413793103449,0.5517241379310345
3550506,São Pedro Do Turvo,SP,Sudeste,1,88.44,8.44,14.675324675324674,1416.03,5.3149999999999995,0.0,0.2857142857142857,0.2857142857142857
3550605,São Roque,SP,Sudeste,1,54.68,-25.32,23.03471994759253,2014.74,5.31,0.125,0.375,0.5
3550704,São Sebastião,SP,Sudeste,2,52.62,-27.38,30.80255651353322,1607.55,5.172727272727272,0.10344827586206896,0.28735632183908044,0.4942528735632184
3550803,São Sebastião Da Grama,SP,Sudeste,1,76.36,-3.64,10.89605734767025,1428.62,5.17,0.1,0.4,0.6
3550902,São Simão,SP,Sudeste,1,75.38,-4.62,27.82041442824252,1642.69,5.311428571428571,0.2222222222222222,0.3333333333333333,0.3333333333333333
3551009,São Vicente,SP,Sudeste,2,43.4,-36.6,33.48972041042072,1451.91,5.05719298245614,0.09523809523809523,0.22380952380952382,0.35714285714285715
3551108,Sarapuí,SP,Sudeste,2,59.34,-20.66,12.242744063324539,1495.18,5.132,0.0,0.0,0.2222222222222222
3551207,Sarutaiá,SP,Sudeste,0,89.24,9.24,22.40527182866557,1165.06,4.67,0.0,0.3333333333333333,0.6666666666666666
3551306,Sebastianópolis Do Sul,SP,Sudeste,1,100.0,20.0,20.97678142514011,1667.35,5.574999999999999,0.0,0.5,1.0
3551405,Serra Azul,SP,Sudeste,2,35.33,-44.67,32.48425872925014,1340.01,5.242,0.2727272727272727,0.18181818181818182,0.18181818181818182
3551504,Serrana,SP,Sudeste,2,49.46,-30.54,29.546362909672265,1283.46,5.215,0.5185185185185185,0.4074074074074074,0.48148148148148145
3551702,Sertãozinho,SP,Sudeste,1,66.65,-13.35,28.739959839357432,1797.64,5.360357142857143,0.136986301369863,0.4383561643835616,0.5068493150684932
3551801,Sete Barras,SP,Sudeste,2,56.01,-23.99,29.523809523809526,1004.06,4.843333333333334,0.058823529411764705,0.29411764705882354,0.35294117647058826
3551900,Severínia,SP,Sudeste,1,59.12,-20.88,26.93756727664155,1360.31,5.17,0.2,0.4,0.4666666666666667
3552007,Silveiras,SP,Sudeste,2,55.49,-24.51,31.39479905437352,1153.4,4.9475,0.2,0.0,1.0
3552106,Socorro,SP,Sudeste,1,62.74,-17.26,28.08482217398564,1787.74,5.442727272727272,0.07894736842105263,0.2894736842105263,0.4473684210526316
3552205,Sorocaba,SP,Sudeste,1,53.62,-26.38,28.547724867724867,2165.31,5.459492753623188,0.19956616052060738,0.2472885032537961,0.4924078091106291
3552304,Sud Mennucci,SP,Sudeste,1,57.58,-22.42,17.590725806451612,1361.7,5.345,0.0,0.5,0.5
3552403,Sumaré,SP,Sudeste,1,57.88,-22.12,28.094389046644213,1586.3,5.4005660377358495,0.10880829015544041,0.27979274611398963,0.47150259067357514
3552502,Suzano,SP,Sudeste,2,49.76,-30.24,29.77631274859207,1407.5,5.279393939393939,0.1276595744680851,0.2872340425531915,0.6702127659574468
3552551,Suzanápolis,SP,Sudeste,1,100.0,20.0,18.364073777064956,1343.1,5.335,0.0,0.5,0.6666666666666666
3552601,Tabapuã,SP,Sudeste,1,87.83,7.83,25.32714225411566,1674.01,5.325,0.125,0.25,0.5
3552700,Tabatinga,SP,Sudeste,1,72.23,-7.77,24.093372238432682,1493.36,5.273999999999999,0.07142857142857142,0.5714285714285714,0.5714285714285714
3552809,Taboão Da Serra,SP,Sudeste,1,51.94,-28.06,26.184501601347108,1740.2,5.274901960784313,0.1619718309859155,0.4084507042253521,0.7394366197183099
3552908,Taciba,SP,Sudeste,1,65.53,-14.47,21.48033126293996,1391.05,5.345000000000001,0.0,0.2,0.6
3553005,Taguaí,SP,Sudeste,1,82.78,2.78,22.32620320855615,1290.18,5.1866666666666665,0.09090909090909091,0.2727272727272727,0.36363636363636365
3553104,Taiaçu,SP,Sudeste,0,70.71,-9.29,30.00750187546887,1340.52,5.1,0.125,0.125,0.375
3553203,Taiúva,SP,Sudeste,1,79.79,-0.21,20.847651775486828,1644.9,5.345,0.0,0.2857142857142857,0.2857142857142857
3553302,Tambaú,SP,Sudeste,1,70.72,-9.28,30.373917848590903,1702.58,5.1425,0.2857142857142857,0.5714285714285714,0.5238095238095238
3553401,Tanabi,SP,Sudeste,1,66.39,-13.61,21.677726731325507,1480.38,5.30375,0.11764705882352941,0.5294117647058824,0.5294117647058824
3553500,Tapiraí,SP,Sudeste,2,64.41,-15.59,26.959376282314324,1156.39,5.0375,0.0,0.25,0.75
3553609,Tapiratiba,SP,Sudeste,1,82.14,2.14,26.477024070021884,1422.36,5.204,0.0,0.45454545454545453,0.6363636363636364
3553658,Taquaral,SP,Sudeste,1,65.38,-14.62,14.12639405204461,1606.61,5.085,0.0,0.5,0.25
3553708,Taquaritinga,SP,Sudeste,2,58.67,-21.33,26.890516503376773,1620.23,5.332105263157895,0.10869565217391304,0.2608695652173913,0.34782608695652173
3553807,Taquarituba,SP,Sudeste,1,57.14,-22.86,21.564716312056735,1515.25,5.15090909090909,0.045454545454545456,0.22727272727272727,0.6363636363636364
3553856,Taquarivaí,SP,Sudeste,1,61.17,-18.83,29.684908789386398,1253.48,5.138333333333333,0.1111111111111111,0.5555555555555556,0.6666666666666666
3553906,Tarabai,SP,Sudeste,1,60.51,-19.49,27.563025210084035,1266.7,5.125,0.0,0.5,0.5
3553955,Tarumã,SP,Sudeste,1,87.68,7.68,21.978881501759876,1307.96,5.368571428571428,0.0,0.7272727272727273,1.0
3554003,Tatuí,SP,Sudeste,2,58.2,-21.8,26.951427874054186,1558.09,5.311000000000001,0.0660377358490566,0.2358490566037736,0.36792452830188677
3554102,Taubaté,SP,Sudeste,1,53.82,-26.18,26.66820382753055,1941.51,5.393918918918919,0.20454545454545456,0.40454545454545454,0.4636363636363636
3554201,Tejupá,SP,Sudeste,2,59.81,-20.19,23.890063424947147,1042.07,4.938000000000001,0.0,0.3,0.3
3554300,Teodoro Sampaio,SP,Sudeste,1,67.83,-12.17,27.668778000926924,1337.3,5.22875,0.10714285714285714,0.4642857142857143,0.5357142857142857
3554409,Terra Roxa,SP,Sudeste,1,61.3,-18.7,20.670897552130555,1605.47,5.3325,0.0,0.375,0.375
3554508,Tietê,SP,Sudeste,1,71.49,-8.51,19.877320954907162,2011.6,5.386666666666667,0.41025641025641024,0.5128205128205128,0.5641025641025641
3554607,Timburi,SP,Sudeste,2,60.0,-20.0,24.805339265850947,1241.59,5.235,0.0,0.0,0.6666666666666666
3554656,Torre De Pedra,SP,Sudeste,1,78.57,-1.43,26.104417670682732,1344.68,5.355,0.0,0.5,0.25
3554755,Trabiju,SP,Sudeste,1,68.18,-11.82,27.336860670194003,1217.77,5.345000000000001,0.6666666666666666,0.6666666666666666,0.6666666666666666
3554805,Tremembé,SP,Sudeste,1,56.17,-23.83,28.764305001928765,1946.41,5.302666666666667,0.08823529411764706,0.35294117647058826,0.5294117647058824
3554904,Três Fronteiras,SP,Sudeste,1,72.32,-7.68,19.897209985315712,1569.16,5.445,0.0,1.0,1.0
3554953,Tuiuti,SP,Sudeste,1,55.97,-24.03,23.55421686746988,1438.03,5.3,0.0,0.6666666666666666,1.0
3555000,Tupã,SP,Sudeste,1,59.62,-20.38,21.488123328614126,1848.89,5.415294117647059,0.13725490196078433,0.37254901960784315,0.6078431372549019
3555109,Tupi Paulista,SP,Sudeste,1,98.24,18.24,21.968562874251496,1947.45,5.5,0.16666666666666666,0.5,0.5833333333333334
3555208,Turiúba,SP,Sudeste,1,80.0,0.0,14.862385321100918,1691.07,5.24,0.0,0.6666666666666666,0.6666666666666666
3555307,Turmalina,SP,Sudeste,1,64.71,-15.29,20.73643410852713,1793.09,5.1850000000000005,0.3333333333333333,1.0,1.0
3555356,Ubarana,SP,Sudeste,1,82.39,2.39,20.948616600790515,1156.09,5.140000000000001,0.16666666666666666,0.6666666666666666,0.6666666666666666
3555406,Ubatuba,SP,Sudeste,2,44.04,-35.96,32.53596932493756,1615.62,5.043529411764705,0.11904761904761904,0.19047619047619047,0.5238095238095238
3555505,Ubirajara,SP,Sudeste,2,53.69,-26.31,30.32440056417489,1339.15,5.234999999999999,0.2,0.4,0.4
3555604,Uchoa,SP,Sudeste,1,77.64,-2.36,7.608034083992695,1575.95,5.366666666666667,0.25,0.375,0.625
3555901,Uru,SP,Sudeste,1,81.25,1.25,25.506072874493928,1489.99,5.14,0.0,0.6666666666666666,0.6666666666666666
3556008,Urupês,SP,Sudeste,1,60.77,-19.23,21.83061546554445,1630.42,5.406666666666666,0.0,0.5,0.7
3556107,Valentim Gentil,SP,Sudeste,1,71.25,-8.75,18.0,1475.19,5.220000000000001,0.25,0.25,0.5
3556206,Valinhos,SP,Sudeste,1,62.63,-17.37,27.50192455735181,3127.28,5.501851851851852,0.125,0.32954545454545453,0.5
3556305,Valparaíso,SP,Sudeste,2,56.41,-23.59,30.250403877221327,1439.26,5.181428571428571,0.1,0.45,0.4
3556354,Vargem,SP,Sudeste,1,72.78,-7.22,21.10192837465565,1452.82,5.3,0.0,0.2,0.4
3556404,Vargem Grande Do Sul,SP,Sudeste,1,62.93,-17.07,23.810243239159995,1350.12,5.241538461538462,0.14814814814814814,0.2222222222222222,0.48148148148148145
3556453,Vargem Grande Paulista,SP,Sudeste,1,60.01,-19.99,22.481098595895695,1929.62,5.386190476190476,0.2,0.06,0.64
3556503,Várzea Paulista,SP,Sudeste,1,55.24,-24.76,27.49425565364615,1446.57,5.3365217391304345,0.2222222222222222,0.4074074074074074,0.7592592592592593
3556602,Vera Cruz,SP,Sudeste,1,57.95,-22.05,19.530851606323303,1513.7,5.412,0.125,0.75,0.625
3556701,Vinhedo,SP,Sudeste,1,72.2,-7.8,21.65781574694066,3247.77,5.588823529411765,0.5161290322580645,0.27419354838709675,0.5161290322580645
3556800,Viradouro,SP,Sudeste,1,65.04,-14.96,12.963617096432356,1399.34,5.146,0.0,0.3,0.35
3556909,Vista Alegre Do Alto,SP,Sudeste,1,68.02,-11.98,24.9251497005988,1473.26,5.0600000000000005,0.16666666666666666,0.5,0.5
3556958,Vitória Brasil,SP,Sudeste,1,100.0,20.0,12.090680100755668,1415.49,4.995,0.0,0.6666666666666666,0.6666666666666666
3557006,Votorantim,SP,Sudeste,1,58.8,-21.2,28.15828717511717,1837.4,5.367297297297298,0.2087912087912088,0.2857142857142857,0.5934065934065934
3557105,Votuporanga,SP,Sudeste,1,67.01,-12.99,24.06688563750373,1789.36,5.348695652173913,0.1323529411764706,0.27941176470588236,0.5147058823529411
3557154,Zacarias,SP,Sudeste,1,46.42,-33.58,19.28665785997358,1437.75,5.29,0.3333333333333333,0.6666666666666666,0.3333333333333333
3557204,Chavantes,SP,Sudeste,1,51.07,-28.93,25.895765472312704,1348.48,5.1525,0.0,0.75,0.75
3557303,Estiva Gerbi,SP,Sudeste,2,62.29,-17.71,28.165503489531407,1645.48,5.38,0.0,0.15384615384615385,0.23076923076923078
4100103,Abatiá,PR,Sul,1,87.87,7.87,19.43832599118943,1096.83,5.056666666666667,0.5,0.6666666666666666,0.5
4100202,Adrianópolis,PR,Sul,1,63.6,-16.4,22.107336287543085,1182.06,4.845,0.4166666666666667,0.3333333333333333,0.5833333333333334
4100301,Agudos Do Sul,PR,Sul,0,90.22,10.22,27.54658385093168,1296.35,5.16,0.42857142857142855,0.14285714285714285,0.14285714285714285
4100400,Almirante Tamandaré,PR,Sul,1,60.18,-19.82,22.620798507730385,1352.58,5.185319148936171,0.4691358024691358,0.2962962962962963,0.37037037037037035
4100459,Altamira Do Paraná,PR,Sul,1,86.67,6.67,19.948409286328463,1382.24,4.99,0.25,0.5,0.75
4100509,Altônia,PR,Sul,1,91.25,11.25,16.817190906259732,1362.99,5.154444444444445,0.8636363636363636,0.4090909090909091,0.5909090909090909
4100608,Alto Paraná,PR,Sul,1,88.77,8.77,24.52667814113597,1448.91,5.22,0.6666666666666666,0.4,0.5333333333333333
4100707,Alto Piquiri,PR,Sul,1,78.02,-1.98,21.76391683433937,1180.6,5.131428571428572,0.5294117647058824,0.35294117647058826,0.35294117647058826
4100806,Alvorada Do Sul,PR,Sul,1,68.46,-11.54,27.122226135963366,1538.57,5.1499999999999995,0.6666666666666666,0.4444444444444444,0.4444444444444444
4100905,Amaporã,PR,Sul,1,93.09,13.09,23.17767653758542,1067.49,5.045,0.8,0.2,0.2
4101002,Ampére,PR,Sul,1,83.04,3.04,4.488078541374474,1815.06,5.21,0.6521739130434783,0.5217391304347826,0.7391304347826086
4101051,Anahy,PR,Sul,1,91.3,11.3,19.97971602434077,1370.33,5.13,0.2,0.4,0.4
4101101,Andirá,PR,Sul,1,81.67,1.67,28.038698328935794,1578.21,5.095555555555555,0.3684210526315789,0.3157894736842105,0.3684210526315789
4101200,Antonina,PR,Sul,1,63.1,-16.9,31.81307886612405,1211.84,5.016666666666667,0.7894736842105263,0.3157894736842105,0.3684210526315789
4101309,Antônio Olinto,PR,Sul,1,91.17,11.17,33.2845111680703,1190.28,5.08,0.5555555555555556,0.7777777777777778,1.0
4101408,Apucarana,PR,Sul,1,79.1,-0.9,19.816840498600865,1770.29,5.286862745098039,0.86,0.83,0.93
4101507,Arapongas,PR,Sul,1,79.69,-0.31,17.282689450222882,1778.09,5.409473684210527,0.6632653061224489,0.336734693877551,0.41836734693877553
4101606,Arapoti,PR,Sul,1,82.84,2.84,21.519809482571986,1526.02,5.187142857142858,0.6153846153846154,0.5,0.38461538461538464
4101655,Arapuã,PR,Sul,1,81.61,1.61,22.47191011235955,1226.76,4.97,0.7142857142857143,0.2857142857142857,0.2857142857142857
4101705,Araruna,PR,Sul,1,77.67,-2.33,18.402625820568925,1513.63,5.175,0.3076923076923077,0.3076923076923077,0.46153846153846156
4101804,Araucária,PR,Sul,1,75.91,-4.09,22.37356621480709,1600.99,5.3798,0.5495495495495496,0.26126126126126126,0.32432432432432434
4101853,Ariranha Do Ivaí,PR,Sul,1,100.0,20.0,18.479880774962744,1383.07,5.220000000000001,0.25,0.5,0.25
4101903,Assaí,PR,Sul,1,91.58,11.58,18.44746162927981,1275.36,5.29875,0.5294117647058824,0.5882352941176471,0.47058823529411764
4102000,Assis Chateaubriand,PR,Sul,1,86.35,6.35,15.859689476710754,1672.22,5.3525,0.39473684210526316,0.6842105263157895,0.7368421052631579
4102208,Atalaia,PR,Sul,1,100.0,20.0,17.071197411003237,1709.41,5.165,0.6,0.2,0.4
4102307,Balsa Nova,PR,Sul,1,82.56,2.56,23.503569467325644,1606.33,5.372727272727273,0.47368421052631576,0.2631578947368421,0.6842105263157895
4102406,Bandeirantes,PR,Sul,1,86.63,6.63,16.395142180094787,1502.12,5.221333333333333,0.38235294117647056,0.38235294117647056,0.5
4102505,Barbosa Ferraz,PR,Sul,1,85.04,5.04,23.249708284714117,1309.84,4.99,0.5714285714285714,0.7857142857142857,0.7142857142857143
4102604,Barracão,PR,Sul,1,86.61,6.61,22.115725949591763,1469.89,5.367142857142857,0.45,0.45,0.45
4102703,Barra Do Jacaré,PR,Sul,1,96.77,16.77,21.547619047619047,1473.07,5.42,0.5,0.25,0.5
4102752,Bela Vista Da Caroba,PR,Sul,1,93.12,13.12,21.202531645569618,1750.4,5.025,0.75,0.5,0.75
4102802,Bela Vista Do Paraíso,PR,Sul,1,79.57,-0.43,20.474692593651703,1399.26,5.205,0.75,0.375,0.8125
4102901,Bituruna,PR,Sul,1,86.8,6.8,22.87136011795061,1382.61,5.191,0.3684210526315789,0.3157894736842105,0.42105263157894735
4103008,Boa Esperança,PR,Sul,1,93.99,13.99,24.03763900769889,1556.08,5.404999999999999,0.375,0.25,0.625
4103024,Boa Esperança Do Iguaçu,PR,Sul,1,88.89,8.89,16.09442060085837,2185.28,5.455,1.0,0.75,0.75
4103040,Boa Ventura De São Roque,PR,Sul,1,85.81,5.81,28.498226251478126,1567.86,5.116,0.5,0.3333333333333333,0.3333333333333333
4103057,Boa Vista Da Aparecida,PR,Sul,1,61.43,-18.57,26.945910290237467,1272.15,5.078571428571428,0.7142857142857143,0.2857142857142857,0.35714285714285715
4103107,Bocaiúva Do Sul,PR,Sul,1,69.42,-10.58,29.274269557021675,1328.2,4.985,1.0,0.6153846153846154,0.9230769230769231
4103156,Bom Jesus Do Sul,PR,Sul,1,100.0,20.0,18.206278026905828,1545.13,4.976666666666667,1.0,0.4,0.6
4103206,Bom Sucesso,PR,Sul,1,64.4,-15.6,13.139260424862313,1387.3,5.235,0.75,0.5,0.5
4103222,Bom Sucesso Do Sul,PR,Sul,1,86.22,6.22,13.043478260869565,1788.27,5.615,1.0,1.0,1.0
4103305,Borrazópolis,PR,Sul,1,91.67,11.67,20.215897939156037,1549.47,5.2625,0.75,0.375,0.5
4103354,Braganey,PR,Sul,1,82.86,2.86,16.5196471531676,1317.26,5.075,0.4,0.4,0.5
4103370,Brasilândia Do Sul,PR,Sul,1,75.0,-5.0,17.262969588550984,1443.73,5.199999999999999,0.4,0.2,0.2
4103404,Cafeara,PR,Sul,1,54.17,-25.83,16.9811320754717,1490.03,5.23,0.25,0.75,0.5
4103453,Cafelândia,PR,Sul,1,82.68,2.68,16.559139784946236,1712.31,5.295,0.5,0.4166666666666667,0.5833333333333334
4103479,Cafezal Do Sul,PR,Sul,1,76.91,-3.09,12.488769092542677,1393.28,5.305,0.75,0.375,0.375
4103503,Califórnia,PR,Sul,1,80.19,0.19,23.63265306122449,1415.61,5.170000000000001,0.4444444444444444,0.3333333333333333,0.6666666666666666
4103602,Cambará,PR,Sul,1,76.62,-3.38,22.298177083333336,1436.07,5.207272727272727,0.6190476190476191,0.5714285714285714,0.7619047619047619
4103701,Cambé,PR,Sul,1,88.5,8.5,21.25946557576813,1753.93,5.417857142857143,0.2608695652173913,0.18840579710144928,0.18840579710144928
4103800,Cambira,PR,Sul,1,89.25,9.25,15.48202614379085,1624.96,5.220000000000001,0.2222222222222222,0.2222222222222222,0.4444444444444444
4103909,Campina Da Lagoa,PR,Sul,1,94.38,14.38,23.389972729179778,1619.88,5.0,0.5555555555555556,0.3888888888888889,0.3888888888888889
4103958,Campina Do Simão,PR,Sul,1,91.95,11.95,22.308781869688385,1316.21,4.92,0.42857142857142855,0.42857142857142855,0.5714285714285714
4104006,Campina Grande Do Sul,PR,Sul,1,73.6,-6.4,27.146405837602856,1514.06,5.177368421052631,0.3333333333333333,0.24444444444444444,0.26666666666666666
4104055,Campo Bonito,PR,Sul,1,89.17,9.17,22.22222222222222,1444.58,5.234999999999999,0.7142857142857143,0.42857142857142855,0.42857142857142855
4104105,Campo Do Tenente,PR,Sul,2,69.59,-10.41,33.15233785822021,1119.38,5.2175,0.4,0.2,0.4
4104204,Campo Largo,PR,Sul,1,77.25,-2.75,24.2435394177298,1755.14,5.402142857142857,0.7425742574257426,0.594059405940594,0.7029702970297029
4104253,Campo Magro,PR,Sul,1,73.73,-6.27,25.340090690850893,1402.36,5.263571428571429,0.5263157894736842,0.3684210526315789,0.3157894736842105
4104303,Campo Mourão,PR,Sul,1,87.39,7.39,21.963509991311902,2064.25,5.317096774193549,0.6,0.36,0.6666666666666666
4104402,Cândido De Abreu,PR,Sul,0,91.06,11.06,33.160000000000004,1245.36,4.927142857142857,0.3181818181818182,0.22727272727272727,0.2727272727272727
4104428,Candói,PR,Sul,1,83.61,3.61,16.69893514036786,1389.16,4.985454545454545,0.4444444444444444,0.4444444444444444,0.5
4104451,Cantagalo,PR,Sul,1,77.13,-2.87,9.291747888239115,1380.05,4.958571428571429,0.8461538461538461,0.38461538461538464,0.38461538461538464
4104501,Capanema,PR,Sul,1,82.16,2.16,21.2998361551065,1827.28,5.388333333333333,0.6666666666666666,0.3333333333333333,0.4444444444444444
4104600,Capitão Leônidas Marques,PR,Sul,1,86.69,6.69,25.117096018735364,1698.36,5.338571428571429,0.7333333333333333,0.7333333333333333,0.8
4104659,Carambeí,PR,Sul,1,77.01,-2.99,21.0840890354493,1600.57,5.276666666666666,0.5,0.4,0.4
4104709,Carlópolis,PR,Sul,1,88.51,8.51,18.698397280233124,1441.28,5.234999999999999,0.9166666666666666,0.4166666666666667,0.5833333333333334
4104808,Cascavel,PR,Sul,1,84.2,4.2,15.89856635371733,2217.32,5.411515151515151,0.6495726495726496,0.5598290598290598,0.5683760683760684
4104907,Castro,PR,Sul,1,85.09,5.09,25.413780339484955,1568.37,5.156000000000001,0.3582089552238806,0.5373134328358209,0.7164179104477612
4105003,Catanduvas,PR,Sul,1,86.39,6.39,12.620142081069789,1376.45,5.204285714285715,0.6153846153846154,0.7692307692307693,0.8461538461538461
4105102,Centenário Do Sul,PR,Sul,1,77.11,-2.89,20.903759917212835,1244.49,5.082,0.2727272727272727,0.09090909090909091,0.2727272727272727
4105201,Cerro Azul,PR,Sul,2,58.95,-21.05,33.62846368257092,935.0,4.821666666666666,0.14814814814814814,0.07407407407407407,0.07407407407407407
4105300,Céu Azul,PR,Sul,1,78.22,-1.78,7.206266318537859,1771.19,5.425714285714286,0.15384615384615385,0.3076923076923077,0.3076923076923077
4105409,Chopinzinho,PR,Sul,1,82.14,2.14,25.300658044020874,1839.01,5.305714285714286,0.7037037037037037,0.5925925925925926,0.7407407407407407
4105508,Cianorte,PR,Sul,1,85.94,5.94,15.896051299358756,1868.11,5.393076923076923,0.6666666666666666,0.2777777777777778,0.5925925925925926
4105607,Cidade Gaúcha,PR,Sul,1,92.41,12.41,15.47022815804118,1589.25,5.033333333333333,0.4,0.5,0.5
4105706,Clevelândia,PR,Sul,1,78.69,-1.31,12.474899598393574,1590.88,5.177692307692308,0.5833333333333334,0.3333333333333333,0.4166666666666667
4105805,Colombo,PR,Sul,1,69.9,-10.1,24.348544041242096,1526.6,5.370923076923077,0.5036496350364964,0.5912408759124088,0.36496350364963503
4106001,Congonhinhas,PR,Sul,1,89.04,9.04,27.417027417027416,1207.32,5.1325,0.5833333333333334,0.16666666666666666,0.3333333333333333
4106100,Conselheiro Mairinck,PR,Sul,1,74.87,-5.13,21.576354679802957,1357.56,5.223333333333334,0.4,0.8,0.6
4106209,Contenda,PR,Sul,1,75.33,-4.67,25.020064205457466,1234.23,5.270833333333333,0.3,0.2,0.3
4106308,Corbélia,PR,Sul,1,90.89,10.89,7.338041142155357,1707.15,5.331,0.4117647058823529,0.4117647058823529,0.35294117647058826
4106407,Cornélio Procópio,PR,Sul,1,83.83,3.83,19.82758620689655,1919.99,5.404736842105263,0.574468085106383,0.3829787234042553,0.48936170212765956
4106456,Coronel Domingos Soares,PR,Sul,1,80.56,0.56,25.835095137420716,1162.7,4.812,0.6875,0.5,0.875
4106506,Coronel Vivida,PR,Sul,1,82.31,2.31,19.3518941122775,1923.36,5.36125,0.48,0.32,0.76
4106555,Corumbataí Do Sul,PR,Sul,1,97.88,17.88,17.16599190283401,1219.96,4.98,0.6666666666666666,0.6666666666666666,0.6666666666666666
4106571,Cruzeiro Do Iguaçu,PR,Sul,1,83.65,3.65,21.39917695473251,1665.75,5.3566666666666665,0.7142857142857143,0.2857142857142857,0.8571428571428571
4106605,Cruzeiro Do Oeste,PR,Sul,1,84.06,4.06,14.848365498227647,1571.31,5.17,0.7222222222222222,0.7222222222222222,0.6111111111111112
4106704,Cruzeiro Do Sul,PR,Sul,1,75.49,-4.51,15.483870967741936,1407.88,5.135,0.5,0.5,0.5
4106803,Cruz Machado,PR,Sul,1,95.51,15.51,25.05800464037123,1245.38,5.027142857142857,0.4375,0.375,0.5625
4106852,Cruzmaltina,PR,Sul,1,100.0,20.0,21.856639247943598,1308.84,5.0600000000000005,0.6666666666666666,0.6666666666666666,0.5
4106902,Curitiba,PR,Sul,1,74.03,-5.97,21.35650871665784,3137.92,5.536061538461539,0.55863921217547,0.4404655326768129,0.658012533572068
4107009,Curiúva,PR,Sul,1,84.43,4.43,29.506414437921286,1174.71,5.0825,0.4,0.4,0.3333333333333333
4107108,Diamante Do Norte,PR,Sul,1,87.02,7.02,20.933734939759034,1508.14,5.29,0.5,0.3333333333333333,0.3333333333333333
4107124,Diamante Do Sul,PR,Sul,1,100.0,20.0,24.129032258064516,1190.65,4.83,0.7142857142857143,0.5714285714285714,0.5714285714285714
4107157,Diamante D'Oeste,PR,Sul,1,83.82,3.82,21.38888888888889,1469.26,5.18,0.6,0.6,0.6
4107207,Dois Vizinhos,PR,Sul,1,95.9,15.9,10.888810198300284,2032.62,5.437391304347826,0.7906976744186046,0.4418604651162791,0.4883720930232558
4107256,Douradina,PR,Sul,1,74.02,-5.98,15.867158671586715,1609.13,5.53,0.8571428571428571,0.42857142857142855,0.42857142857142855
4107306,Doutor Camargo,PR,Sul,1,78.09,-1.91,15.502328675981369,1607.28,5.5,0.42857142857142855,0.42857142857142855,0.42857142857142855
4107405,Enéas Marques,PR,Sul,1,88.76,8.76,26.516853932584272,2211.98,5.3825,0.8571428571428571,0.5714285714285714,0.7142857142857143
4107504,Engenheiro Beltrão,PR,Sul,1,92.25,12.25,21.632915461266474,1697.37,5.161428571428572,0.3157894736842105,0.47368421052631576,0.5789473684210527
4107520,Esperança Nova,PR,Sul,1,77.78,-2.22,15.79861111111111,1417.1,5.225,0.3333333333333333,0.3333333333333333,0.3333333333333333
4107538,Entre Rios Do Oeste,PR,Sul,1,88.55,8.55,14.185639229422067,2240.05,5.455,0.75,0.5,0.5
4107546,Espigão Alto Do Iguaçu,PR,Sul,1,76.95,-3.05,30.759330759330762,1363.45,5.122,0.4444444444444444,0.4444444444444444,0.5555555555555556
4107553,Farol,PR,Sul,1,97.34,17.34,24.846248462484624,1519.69,5.215,0.3333333333333333,0.3333333333333333,0.3333333333333333
4107603,Faxinal,PR,Sul,1,83.04,3.04,24.193254329990886,1452.98,5.029,0.4090909090909091,0.36363636363636365,0.5909090909090909
4107652,Fazenda Rio Grande,PR,Sul,1,68.14,-11.86,26.15258774538965,1448.37,5.328055555555555,0.45588235294117646,0.3382352941176471,0.38235294117647056
4107702,Fênix,PR,Sul,0,94.44,14.44,23.685837971552257,1434.14,4.895,0.25,0.125,0.125
4107736,Fernandes Pinheiro,PR,Sul,1,93.25,13.25,30.998248686514884,1162.7,5.111666666666667,0.7777777777777778,0.3333333333333333,0.3333333333333333
4107751,Figueira,PR,Sul,1,90.51,10.51,35.59964983950977,1371.25,5.2700000000000005,0.625,0.5,0.5
4107801,Floraí,PR,Sul,1,82.84,2.84,22.431077694235587,1468.8,5.48,0.7142857142857143,0.42857142857142855,0.42857142857142855
4107850,Flor Da Serra Do Sul,PR,Sul,1,84.02,4.02,18.350668647845467,1957.58,5.1225,0.8333333333333334,0.6666666666666666,0.5
4107900,Floresta,PR,Sul,1,72.93,-7.07,24.599860821155183,1457.38,5.04,0.375,0.5,0.625
4108007,Florestópolis,PR,Sul,0,85.56,5.56,30.193192272309105,1226.32,4.996666666666667,0.5454545454545454,0.18181818181818182,0.45454545454545453
4108205,Formosa Do Oeste,PR,Sul,1,74.1,-5.9,11.651728553137005,1600.27,5.510000000000001,0.42857142857142855,0.42857142857142855,0.5714285714285714
4108304,Foz Do Iguaçu,PR,Sul,1,77.91,-2.09,25.453922141242796,1910.76,5.394050632911393,0.5416666666666666,0.6130952380952381,0.5535714285714286
4108320,Francisco Alves,PR,Sul,1,80.06,0.06,23.338649654439127,1363.92,5.326666666666667,0.3,0.5,0.5
4108403,Francisco Beltrão,PR,Sul,1,84.44,4.44,12.191822008418521,2277.74,5.4772727272727275,0.6111111111111112,0.4305555555555556,0.4444444444444444
4108452,Foz Do Jordão,PR,Sul,1,88.04,8.04,28.831417624521073,1270.58,5.16,0.5,0.5,0.25
4108502,General Carneiro,PR,Sul,0,79.22,-0.78,24.894869638351555,1246.29,5.08,0.047619047619047616,0.23809523809523808,0.23809523809523808
4108551,Godoy Moreira,PR,Sul,1,88.74,8.74,19.785138764547895,1320.61,5.055,0.75,0.25,0.0
4108601,Goioerê,PR,Sul,1,79.8,-0.2,27.816901408450708,1577.15,5.276,0.696969696969697,0.48484848484848486,0.5757575757575758
4108650,Goioxim,PR,Sul,1,89.95,9.95,25.950196592398427,1183.13,4.816666666666666,0.45454545454545453,0.45454545454545453,0.6363636363636364
4108700,Grandes Rios,PR,Sul,1,89.01,9.01,25.368248772504092,1258.21,4.913333333333333,0.2222222222222222,0.4444444444444444,0.6666666666666666
4108809,Guaíra,PR,Sul,1,78.69,-1.31,11.798049037701027,1631.65,5.102777777777778,0.5833333333333334,0.6111111111111112,0.5833333333333334
4108908,Guairaçá,PR,Sul,1,84.72,4.72,24.526258798050893,1274.78,5.130000000000001,0.5,0.25,0.75
4108957,Guamiranga,PR,Sul,1,86.02,6.02,24.89651094027203,1305.12,5.0075,0.375,0.25,0.375
4109005,Guapirama,PR,Sul,1,96.85,16.85,15.479452054794521,1337.57,5.029999999999999,0.25,0.25,0.75
4109104,Guaporema,PR,Sul,1,90.63,10.63,20.376712328767123,1850.26,5.195,1.0,0.6666666666666666,0.6666666666666666
4109203,Guaraci,PR,Sul,1,88.79,8.79,25.500322788896064,1709.29,5.373333333333334,0.42857142857142855,0.14285714285714285,0.2857142857142857
4109302,Guaraniaçu,PR,Sul,1,81.48,1.48,9.84,1490.34,4.956666666666667,0.6842105263157895,0.5789473684210527,0.2631578947368421
4109401,Guarapuava,PR,Sul,1,75.11,-4.89,25.022403881882365,1703.75,5.227142857142858,0.6397058823529411,0.6764705882352942,0.8308823529411765
4109500,Guaraqueçaba,PR,Sul,2,58.84,-21.16,34.18690601900739,974.13,4.782,0.23333333333333334,0.23333333333333334,0.23333333333333334
4109609,Guaratuba,PR,Sul,1,69.95,-10.05,24.897367785559045,1685.43,5.245294117647059,0.28205128205128205,0.20512820512820512,0.28205128205128205
4109658,Honório Serpa,PR,Sul,1,72.05,-7.95,18.981200727713766,1708.91,5.11,0.42857142857142855,0.7142857142857143,0.7142857142857143
4109708,Ibaiti,PR,Sul,1,81.74,1.74,15.406562054208273,1437.92,5.123888888888889,0.5151515151515151,0.3333333333333333,0.3939393939393939
4109757,Ibema,PR,Sul,1,83.17,3.17,12.653446647780925,1329.26,4.8999999999999995,0.8571428571428571,0.7142857142857143,0.8571428571428571
4109807,Ibiporã,PR,Sul,1,79.41,-0.59,22.755071599045344,1651.74,5.35,0.5625,0.4583333333333333,0.6041666666666666
4109906,Icaraíma,PR,Sul,1,81.53,1.53,25.866851595006935,1338.6,5.175,0.75,0.4166666666666667,0.6666666666666666
4110052,Iguatu,PR,Sul,1,89.47,9.47,18.672665916760405,1480.17,5.305,0.6666666666666666,0.6666666666666666,0.6666666666666666
4110078,Imbaú,PR,Sul,1,86.18,6.18,22.679558011049725,1176.57,4.997777777777777,0.8461538461538461,0.15384615384615385,0.6153846153846154
4110102,Imbituva,PR,Sul,1,81.72,1.72,18.738404452690165,1254.07,5.1850000000000005,0.41379310344827586,0.2413793103448276,0.8620689655172413
4110201,Inácio Martins,PR,Sul,0,71.31,-8.69,31.8448883666275,1124.11,4.9314285714285715,0.4375,0.25,0.375
4110300,Inajá,PR,Sul,1,92.74,12.74,20.588235294117645,1139.89,5.233333333333333,0.6666666666666666,0.3333333333333333,0.3333333333333333
4110409,Indianópolis,PR,Sul,1,97.78,17.78,15.28,1380.22,5.345,0.75,0.75,0.5
4110508,Ipiranga,PR,Sul,1,88.32,8.32,17.615433270082224,1507.37,5.170909090909091,0.75,0.25,0.5
4110607,Iporã,PR,Sul,1,69.79,-10.21,15.347203458524723,1543.14,5.102,0.9411764705882353,0.35294117647058826,0.47058823529411764
4110656,Iracema Do Oeste,PR,Sul,1,100.0,20.0,15.114503816793892,1353.34,5.3100000000000005,0.75,0.5,0.75
4110706,Irati,PR,Sul,1,87.68,7.68,27.474676912329727,1765.52,5.281891891891892,0.6212121212121212,0.3939393939393939,0.5
4110805,Iretama,PR,Sul,1,85.78,5.78,20.082328726845045,1310.73,5.098333333333334,0.5,0.35714285714285715,0.42857142857142855
4110904,Itaguajé,PR,Sul,1,70.84,-9.16,16.93121693121693,1391.9,5.225,0.25,0.25,0.5
4110953,Itaipulândia,PR,Sul,1,89.62,9.62,9.628074385122975,1555.62,5.198333333333333,0.7692307692307693,0.46153846153846156,0.6153846153846154
4111001,Itambaracá,PR,Sul,1,89.07,9.07,20.252469813391876,1287.62,4.95,0.5,0.6666666666666666,0.5
4111100,Itambé,PR,Sul,1,95.11,15.11,10.263396911898274,1536.99,5.346666666666667,0.6666666666666666,0.8333333333333334,0.6666666666666666
4111209,Itapejara D'Oeste,PR,Sul,1,83.31,3.31,12.111292962356792,1613.14,5.226,0.36363636363636365,0.7272727272727273,0.7272727272727273
4111258,Itaperuçu,PR,Sul,2,58.56,-21.44,31.82330827067669,1035.18,4.964166666666666,0.35,0.3,0.35
4111308,Itaúna Do Sul,PR,Sul,1,88.81,8.81,18.629173989455182,1251.41,5.0633333333333335,0.6,0.8,0.6
4111407,Ivaí,PR,Sul,1,91.25,11.25,24.717553044915956,1289.23,5.027777777777778,0.7272727272727273,0.45454545454545453,0.6363636363636364
4111506,Ivaiporã,PR,Sul,1,82.77,2.77,10.803030303030303,1764.64,5.206,0.5789473684210527,0.47368421052631576,0.47368421052631576
4111555,Ivaté,PR,Sul,1,90.84,10.84,22.316384180790962,1318.3,5.075,0.5,0.5,0.5
4111605,Ivatuba,PR,Sul,1,100.0,20.0,7.418397626112759,1780.15,5.1899999999999995,0.75,0.75,0.5
4111704,Jaboti,PR,Sul,1,91.43,11.43,27.22772277227723,1482.44,5.0649999999999995,0.75,0.5,0.75
4111803,Jacarezinho,PR,Sul,1,60.76,-19.24,28.749999999999996,1591.93,5.20625,0.55,0.375,0.575
4111902,Jaguapitã,PR,Sul,1,82.59,2.59,21.448624368332396,1517.31,5.279999999999999,0.9090909090909091,0.5454545454545454,0.5454545454545454
4112009,Jaguariaíva,PR,Sul,1,79.1,-0.9,23.39146121467228,1418.37,5.201176470588235,0.5333333333333333,0.7,0.8333333333333334
4112108,Jandaia Do Sul,PR,Sul,1,91.0,11.0,21.236872812135356,1763.44,5.36625,0.6,0.45,0.45
4112207,Janiópolis,PR,Sul,1,93.14,13.14,19.3138500635324,1208.61,5.22,0.5,0.5,0.5
4112306,Japira,PR,Sul,1,98.28,18.28,16.775244299674267,1339.86,5.1850000000000005,0.25,0.25,0.5
4112405,Japurá,PR,Sul,1,98.98,18.98,20.618556701030926,1684.55,5.383333333333333,0.6666666666666666,0.5,0.5
4112504,Jardim Alegre,PR,Sul,1,82.31,2.31,18.725695483099013,1312.61,4.99,0.6153846153846154,0.9230769230769231,0.9230769230769231
4112603,Jardim Olinda,PR,Sul,1,84.62,4.62,14.553014553014554,1120.71,5.029999999999999,0.3333333333333333,0.3333333333333333,0.6666666666666666
4112702,Jataizinho,PR,Sul,1,81.77,1.77,26.171669299631382,1263.41,5.181666666666667,0.6,0.7,0.8
4112751,Jesuítas,PR,Sul,1,90.83,10.83,22.238478419897586,1610.56,5.185,0.5,0.625,0.625
4112801,Joaquim Távora,PR,Sul,1,94.13,14.13,21.696252465483234,1481.83,5.2057142857142855,0.7333333333333333,0.3333333333333333,0.4
4112900,Jundiaí Do Sul,PR,Sul,1,84.91,4.91,21.233411397345826,1278.67,5.03,0.6,0.6,0.4
4112959,Juranda,PR,Sul,1,73.4,-6.6,21.292217327459618,1524.76,5.346666666666667,0.5454545454545454,0.5454545454545454,0.6363636363636364
4113007,Jussara,PR,Sul,1,88.65,8.65,21.442369607211848,1489.41,5.35,1.0,0.2,0.4
4113106,Kaloré,PR,Sul,1,80.68,0.68,24.223980523432743,1400.13,5.4350000000000005,0.5,0.375,0.375
4113205,Lapa,PR,Sul,1,85.11,5.11,24.229162522379152,1508.11,5.228387096774193,0.391304347826087,0.5217391304347826,0.5652173913043478
4113254,Laranjal,PR,Sul,2,58.86,-21.14,30.971039182282794,1001.65,4.346666666666667,0.4444444444444444,0.3333333333333333,0.4444444444444444
4113304,Laranjeiras Do Sul,PR,Sul,1,83.41,3.41,20.818129441136932,1801.68,5.141666666666667,0.475,0.325,0.725
4113403,Leópolis,PR,Sul,1,91.46,11.46,19.386909693454847,1313.79,5.093333333333334,0.2222222222222222,0.5555555555555556,0.6666666666666666
4113429,Lidianópolis,PR,Sul,1,89.15,9.15,16.248431618569636,1256.59,5.010000000000001,0.2857142857142857,0.7142857142857143,0.42857142857142855
4113452,Lindoeste,PR,Sul,1,91.57,11.57,27.61324041811847,1258.41,5.051666666666667,0.25,0.375,0.5
4113502,Loanda,PR,Sul,1,89.2,9.2,11.379392780301218,1760.13,5.253333333333334,0.782608695652174,0.30434782608695654,0.4782608695652174
4113700,Londrina,PR,Sul,1,80.34,0.34,25.548193182594442,2332.51,5.442828947368421,0.5653333333333334,0.33066666666666666,0.6373333333333333
4113734,Luiziana,PR,Sul,1,95.42,15.42,32.28288750458043,1271.33,5.09,0.5,0.5,0.5
4113759,Lunardelli,PR,Sul,1,72.63,-7.37,16.666666666666664,1265.28,5.123333333333334,0.5,0.5,0.3333333333333333
4113809,Lupionópolis,PR,Sul,1,79.91,-0.09,24.040511727078894,1332.01,5.28,0.6666666666666666,0.3333333333333333,0.5
4113908,Mallet,PR,Sul,1,91.8,11.8,27.973748974569318,1481.24,5.234285714285714,0.21428571428571427,0.2857142857142857,0.42857142857142855
4114005,Mamborê,PR,Sul,1,91.69,11.69,23.325390521577972,1688.63,5.101428571428571,0.3076923076923077,0.3076923076923077,0.38461538461538464
4114104,Mandaguaçu,PR,Sul,1,71.6,-8.4,18.913926856298485,1651.0,5.17,0.3684210526315789,0.2631578947368421,0.47368421052631576
4114203,Mandaguari,PR,Sul,1,93.0,13.0,9.066281379808562,1604.93,5.301111111111111,0.5833333333333334,0.5,0.4583333333333333
4114302,Mandirituba,PR,Sul,1,81.25,1.25,26.317158839599326,1269.58,5.29,0.47368421052631576,0.2631578947368421,0.3157894736842105
4114351,Manfrinópolis,PR,Sul,1,92.31,12.31,11.594202898550725,1680.04,5.047499999999999,0.8,0.8,0.8
4114401,Mangueirinha,PR,Sul,1,80.14,0.14,18.46537741734248,1500.51,5.161666666666666,0.5454545454545454,0.3181818181818182,0.4090909090909091
4114500,Manoel Ribas,PR,Sul,1,89.25,9.25,27.363184079601986,1828.41,5.315714285714286,0.5882352941176471,0.4117647058823529,0.4117647058823529
4114609,Marechal Cândido Rondon,PR,Sul,1,82.9,2.9,12.86705031724952,2069.05,5.359166666666667,0.5686274509803921,0.35294117647058826,0.45098039215686275
4114708,Maria Helena,PR,Sul,1,87.95,7.95,28.22245322245322,1434.22,5.18,0.6666666666666666,0.6666666666666666,0.8333333333333334
4114807,Marialva,PR,Sul,1,85.42,5.42,15.916837082481255,1696.15,5.457857142857143,0.5652173913043478,0.34782608695652173,0.43478260869565216
4114906,Marilândia Do Sul,PR,Sul,1,84.67,4.67,25.580551523947747,1533.15,5.204,0.2,0.6,0.5
4115002,Marilena,PR,Sul,1,86.33,6.33,20.728155339805827,1287.26,5.13,0.3333333333333333,0.16666666666666666,0.3333333333333333
4115101,Mariluz,PR,Sul,1,70.41,-9.59,22.249793217535153,1300.28,5.1025,0.5714285714285714,0.2857142857142857,0.5714285714285714
4115200,Maringá,PR,Sul,1,84.71,4.71,19.718815341884344,2646.96,5.555731707317073,0.692,0.416,0.532
4115309,Mariópolis,PR,Sul,1,78.14,-1.86,15.75037147102526,2076.62,5.419999999999999,0.6666666666666666,0.6666666666666666,0.8333333333333334
4115358,Maripá,PR,Sul,1,83.65,3.65,4.384724186704385,1580.45,5.6325,0.2857142857142857,0.5714285714285714,0.7142857142857143
4115408,Marmeleiro,PR,Sul,1,91.34,11.34,24.60757156048015,2013.84,5.3187500000000005,0.46153846153846156,0.3076923076923077,0.6153846153846154
4115457,Marquinho,PR,Sul,1,93.94,13.94,31.381011097410607,1563.73,5.056666666666667,0.16666666666666666,0.8333333333333334,0.5
4115507,Marumbi,PR,Sul,1,79.97,-0.03,26.746806912096165,1424.62,5.32,0.8,0.4,0.6
4115606,Matelândia,PR,Sul,1,81.4,1.4,7.304900181488204,1633.1,5.090999999999999,0.21052631578947367,0.3157894736842105,0.631578947368421
4115705,Matinhos,PR,Sul,1,70.39,-9.61,21.512807030721852,1729.34,5.399166666666666,0.6129032258064516,0.16129032258064516,0.25806451612903225
4115739,Mato Rico,PR,Sul,1,82.38,2.38,27.21189591078067,1179.56,5.025,0.3333333333333333,0.3333333333333333,0.8333333333333334
4115754,Mauá Da Serra,PR,Sul,1,84.9,4.9,24.63400900900901,1055.56,5.15,0.8,0.4,0.6
4115804,Medianeira,PR,Sul,1,90.37,10.37,14.966084572088326,2049.11,5.265,0.6052631578947368,0.4473684210526316,0.631578947368421
4115853,Mercedes,PR,Sul,1,87.56,7.56,7.289002557544758,1778.11,5.574999999999999,0.5714285714285714,0.8571428571428571,0.8571428571428571
4115903,Mirador,PR,Sul,1,89.83,9.83,21.643835616438356,1213.96,4.825,0.4,0.4,0.4
4116000,Miraselva,PR,Sul,1,80.0,0.0,15.75492341356674,1212.39,5.24,0.6666666666666666,0.6666666666666666,0.6666666666666666
4116059,Missal,PR,Sul,1,90.74,10.74,21.481194261341603,1858.61,5.285454545454545,0.8125,0.8125,0.75
4116109,Moreira Sales,PR,Sul,1,88.02,8.02,28.865361566120658,1204.28,5.031428571428571,0.5714285714285714,0.2857142857142857,0.35714285714285715
4116208,Morretes,PR,Sul,1,73.24,-6.76,27.783137179239827,1394.05,5.055,0.35,0.25,0.5
4116505,Nova Aliança Do Ivaí,PR,Sul,1,55.56,-24.44,14.979757085020243,1455.89,5.375,1.0,0.25,0.25
4116604,Nova América Da Colina,PR,Sul,1,86.94,6.94,25.285605483625282,1149.02,5.140000000000001,0.5,0.25,0.25
4116703,Nova Aurora,PR,Sul,1,94.45,14.45,20.008354218880534,1730.42,5.385,0.6428571428571429,0.42857142857142855,0.35714285714285715
4116802,Nova Cantu,PR,Sul,1,95.45,15.45,23.953885567890694,1355.91,4.761666666666667,0.4444444444444444,0.5555555555555556,0.4444444444444444
4116901,Nova Esperança,PR,Sul,1,90.21,10.21,22.859362859362857,1663.04,5.273999999999999,0.2916666666666667,0.3333333333333333,0.3333333333333333
4116950,Nova Esperança Do Sudoeste,PR,Sul,1,80.98,0.98,17.320574162679424,2953.34,5.4383333333333335,0.5,0.25,0.375
4117008,Nova Fátima,PR,Sul,1,100.0,20.0,17.264386989157632,1230.27,5.27,0.5555555555555556,0.4444444444444444,0.7777777777777778
4117057,Nova Laranjeiras,PR,Sul,1,83.28,3.28,33.13470566991693,1149.47,5.0,0.8421052631578947,0.5789473684210527,0.6842105263157895
4117107,Nova Londrina,PR,Sul,1,94.19,14.19,22.916666666666664,1559.23,5.368333333333333,0.8571428571428571,0.2857142857142857,0.35714285714285715
4117206,Nova Olímpia,PR,Sul,1,100.0,20.0,16.786570743405278,1373.96,5.045,0.25,0.75,0.75
4117214,Nova Santa Bárbara,PR,Sul,1,96.31,16.31,20.353982300884958,1183.28,5.096666666666667,0.8,0.4,0.6
4117222,Nova Santa Rosa,PR,Sul,1,90.0,10.0,13.16229782487451,1713.57,5.62,0.7272727272727273,0.2727272727272727,0.7272727272727273
4117255,Nova Prata Do Iguaçu,PR,Sul,1,92.61,12.61,15.768194070080863,2106.68,5.268,0.7,0.3,0.4
4117271,Nova Tebas,PR,Sul,1,95.12,15.12,14.474885844748858,1473.55,5.098333333333334,0.3333333333333333,0.4666666666666667,0.7333333333333333
4117297,Novo Itacolomi,PR,Sul,1,100.0,20.0,17.77777777777778,1568.06,5.45,1.0,0.5,0.75
4117305,Ortigueira,PR,Sul,1,82.22,2.22,22.4950884086444,1156.6,4.872777777777777,0.5294117647058824,0.4411764705882353,0.5588235294117647
4117404,Ourizona,PR,Sul,1,91.56,11.56,11.775043936731107,1624.55,5.48,1.0,0.6666666666666666,0.6666666666666666
4117453,Ouro Verde Do Oeste,PR,Sul,1,90.79,10.79,17.72793053545586,1323.87,5.265000000000001,1.0,0.8,0.6
4117503,Paiçandu,PR,Sul,1,76.57,-3.43,17.113967113967114,1423.93,5.288571428571428,0.4444444444444444,0.2222222222222222,0.25925925925925924
4117602,Palmas,PR,Sul,1,64.81,-15.19,20.373760488176966,1515.41,5.034375,0.7619047619047619,0.4523809523809524,0.6666666666666666
4117701,Palmeira,PR,Sul,1,79.37,-0.63,22.549210680179304,1563.68,5.320909090909091,0.75,0.3611111111111111,0.5277777777777778
4117800,Palmital,PR,Sul,1,90.8,10.8,24.13279421153437,1265.43,4.833333333333333,0.5,0.3333333333333333,0.3333333333333333
4117909,Palotina,PR,Sul,1,86.46,6.46,18.38235294117647,2272.86,5.321111111111112,0.9090909090909091,0.48484848484848486,0.696969696969697
4118006,Paraíso Do Norte,PR,Sul,1,77.92,-2.08,18.084066471163247,1575.83,5.213333333333334,0.4,0.5,0.5
4118105,Paranacity,PR,Sul,1,85.89,5.89,22.348484848484848,1362.04,5.0600000000000005,0.4444444444444444,0.5555555555555556,0.4444444444444444
4118204,Paranaguá,PR,Sul,1,72.94,-7.06,31.62444275307165,1570.84,5.2358,0.44360902255639095,0.42857142857142855,0.3533834586466165
4118303,Paranapoema,PR,Sul,1,96.88,16.88,19.730941704035875,1089.81,5.25,0.3333333333333333,0.6666666666666666,0.3333333333333333
4118402,Paranavaí,PR,Sul,1,86.9,6.9,20.997452478933962,1810.85,5.303,0.4583333333333333,0.3055555555555556,0.3611111111111111
4118451,Pato Bragado,PR,Sul,1,98.76,18.76,12.894736842105264,1801.41,5.555,1.0,0.6666666666666666,0.6666666666666666
4118501,Pato Branco,PR,Sul,1,79.34,-0.66,13.605708908406525,2309.92,5.479444444444444,0.375,0.2625,0.6875
4118600,Paula Freitas,PR,Sul,1,90.02,10.02,25.2486610558531,1665.15,5.295,0.6666666666666666,0.3333333333333333,0.5555555555555556
4118709,Paulo Frontin,PR,Sul,1,95.91,15.91,27.46196957566053,1462.14,5.45,0.25,0.375,0.375
4118808,Peabiru,PR,Sul,1,94.31,14.31,24.010282776349616,1549.52,5.195714285714286,0.21428571428571427,0.5714285714285714,0.35714285714285715
4118857,Perobal,PR,Sul,1,74.96,-5.04,15.783475783475783,1393.26,5.24,0.16666666666666666,0.5,0.5
4118907,Pérola,PR,Sul,1,90.49,10.49,14.625488107916224,1485.86,5.273333333333333,0.3333333333333333,0.4444444444444444,0.5555555555555556
4119004,Pérola D'Oeste,PR,Sul,1,97.22,17.22,8.018154311649017,2376.5,5.335,0.7,0.7,0.7
4119103,Piên,PR,Sul,1,87.09,7.09,23.341288782816232,1421.44,5.2575,0.6428571428571429,0.35714285714285715,0.42857142857142855
4119152,Pinhais,PR,Sul,1,70.27,-9.73,23.535867504739098,2122.76,5.488333333333333,0.6024096385542169,0.5662650602409639,0.5301204819277109
4119202,Pinhalão,PR,Sul,1,72.57,-7.43,28.414186710150837,1351.43,5.071666666666666,0.6,0.4,0.3
4119251,Pinhal De São Bento,PR,Sul,1,100.0,20.0,20.76923076923077,1639.07,4.955,0.5,0.75,0.5
4119301,Pinhão,PR,Sul,1,75.64,-4.36,27.423850288672107,1121.81,4.673636363636364,0.5555555555555556,0.4444444444444444,0.4444444444444444
4119400,Piraí Do Sul,PR,Sul,1,81.51,1.51,23.699722607489598,1409.0,5.222307692307693,0.8095238095238095,0.5238095238095238,0.7142857142857143
4119509,Piraquara,PR,Sul,1,68.01,-11.99,28.839657953196802,1420.03,5.253225806451613,0.65,0.4666666666666667,0.8833333333333333
4119608,Pitanga,PR,Sul,1,80.45,0.45,24.098394830102148,1584.1,5.029166666666667,0.39473684210526316,0.5263157894736842,0.631578947368421
4119657,Pitangueiras,PR,Sul,1,91.11,11.11,23.02558398220245,1609.52,5.445,0.6666666666666666,0.6666666666666666,0.6666666666666666
4119707,Planaltina Do Paraná,PR,Sul,1,85.92,5.92,21.393034825870647,1178.56,5.145,0.6,0.4,0.4
4119806,Planalto,PR,Sul,1,92.88,12.88,17.84832451499118,2090.83,5.395833333333333,0.8125,0.4375,0.5625
4119905,Ponta Grossa,PR,Sul,1,82.7,2.7,22.747421302224787,1891.65,5.270150375939849,0.6329588014981273,0.4307116104868914,0.5355805243445693
4119954,Pontal Do Paraná,PR,Sul,1,68.86,-11.14,23.47032805012901,1644.82,5.2869230769230775,0.6,0.26666666666666666,0.3333333333333333
4120002,Porecatu,PR,Sul,1,75.82,-4.18,26.119402985074625,1614.47,5.25,0.5833333333333334,0.3333333333333333,0.4166666666666667
4120101,Porto Amazonas,PR,Sul,1,91.17,11.17,15.00465983224604,1567.66,5.442,0.375,0.25,0.625
4120150,Porto Barreiro,PR,Sul,1,87.37,7.37,24.40251572327044,1915.74,5.275,0.2857142857142857,0.2857142857142857,0.2857142857142857
4120200,Porto Rico,PR,Sul,1,92.52,12.52,17.002518891687657,2008.51,5.41,1.0,0.6666666666666666,0.6666666666666666
4120309,Porto Vitória,PR,Sul,1,90.32,10.32,26.833333333333332,1212.67,5.333333333333333,0.16666666666666666,0.5,0.8333333333333334
4120333,Prado Ferreira,PR,Sul,1,89.26,9.26,19.93543179983858,1321.84,5.17,0.8,0.2,0.6
4120358,Pranchita,PR,Sul,1,96.25,16.25,18.448275862068968,2502.72,5.3100000000000005,0.36363636363636365,0.5454545454545454,0.6363636363636364
4120408,Presidente Castelo Branco,PR,Sul,1,92.65,12.65,19.836214740673338,1492.24,5.28,0.2,0.2,0.4
4120507,Primeiro De Maio,PR,Sul,1,61.47,-18.53,16.03249251817016,1561.86,5.05,0.3333333333333333,0.25,0.25
4120606,Prudentópolis,PR,Sul,1,88.88,8.88,20.388792552706033,1411.17,5.015185185185185,0.4411764705882353,0.27941176470588236,0.3235294117647059
4120655,Quarto Centenário,PR,Sul,1,82.5,2.5,18.639053254437872,1287.55,5.1125,0.3333333333333333,0.3333333333333333,0.16666666666666666
4120705,Quatiguá,PR,Sul,1,95.15,15.15,24.148471615720524,1506.45,5.335,0.4,0.4,0.4
4120804,Quatro Barras,PR,Sul,1,81.77,1.77,26.534123494551707,2002.85,5.423333333333334,0.7272727272727273,0.5,0.36363636363636365
4120853,Quatro Pontes,PR,Sul,1,98.65,18.65,5.963302752293578,2437.06,5.76,0.5,0.5,0.5
4120903,Quedas Do Iguaçu,PR,Sul,1,80.24,0.24,22.829493087557605,1425.0,5.172307692307692,0.36585365853658536,0.3902439024390244,0.5609756097560976
4121000,Querência Do Norte,PR,Sul,1,66.62,-13.38,14.107754593584554,1373.66,5.06,0.36363636363636365,0.36363636363636365,0.45454545454545453
4121109,Quinta Do Sol,PR,Sul,1,79.17,-0.83,19.798657718120804,1463.1,5.01,0.75,0.5,0.5
4121208,Quitandinha,PR,Sul,1,91.66,11.66,22.395833333333336,1211.25,5.1971428571428575,0.4444444444444444,0.5555555555555556,0.4444444444444444
4121257,Ramilândia,PR,Sul,1,82.94,2.94,13.545816733067728,1122.96,4.99,0.6666666666666666,0.6666666666666666,1.0
4121307,Rancho Alegre,PR,Sul,1,96.63,16.63,19.10828025477707,1381.13,4.955,0.6666666666666666,0.3333333333333333,0.6666666666666666
4121356,Rancho Alegre D'Oeste,PR,Sul,1,73.4,-6.6,18.194640338504936,1077.07,5.15,0.5,0.5,0.75
4121406,Realeza,PR,Sul,1,90.75,10.75,14.297589359933498,2238.89,5.449166666666667,0.75,0.55,0.75
4121505,Rebouças,PR,Sul,1,89.63,9.63,29.07865986890022,1322.81,5.121,0.25,0.3125,0.6875
4121604,Renascença,PR,Sul,1,74.89,-5.11,4.8656499636891795,1626.85,5.29,0.75,0.5,0.75
4121703,Reserva,PR,Sul,0,86.4,6.4,27.177578788231187,1228.72,4.897272727272727,0.5,0.25,0.35714285714285715
4121752,Reserva Do Iguaçu,PR,Sul,1,90.1,10.1,18.51512373968836,1098.19,5.2325,0.7272727272727273,0.45454545454545453,0.6363636363636364
4121802,Ribeirão Claro,PR,Sul,1,88.77,8.77,16.97887604623356,1565.81,5.308571428571428,0.6,0.6,0.5333333333333333
4121901,Ribeirão Do Pinhal,PR,Sul,1,88.34,8.34,20.54317548746518,1275.58,4.82875,0.375,0.25,0.3125
4122008,Rio Azul,PR,Sul,1,94.26,14.26,12.355520127540853,1310.29,5.176666666666667,0.5625,0.375,0.4375
4122107,Rio Bom,PR,Sul,1,90.33,10.33,20.36108324974925,1418.24,5.17,1.0,0.6,0.4
4122156,Rio Bonito Do Iguaçu,PR,Sul,1,91.29,11.29,19.001663893510816,1218.66,4.93,0.35294117647058826,0.6470588235294118,0.6470588235294118
4122172,Rio Branco Do Ivaí,PR,Sul,0,85.3,5.3,33.09990662931839,1163.27,4.876666666666667,0.3333333333333333,0.2222222222222222,0.2222222222222222
4122206,Rio Branco Do Sul,PR,Sul,1,74.87,-5.13,22.489321545644184,1030.48,5.038095238095238,0.325,0.325,0.6
4122305,Rio Negro,PR,Sul,1,89.84,9.84,19.940271077417872,1799.19,5.329473684210527,0.75,0.4722222222222222,0.6944444444444444
4122404,Rolândia,PR,Sul,1,80.13,0.13,18.98377390111983,1663.39,5.254444444444444,0.28888888888888886,0.3111111111111111,0.35555555555555557
4122503,Roncador,PR,Sul,1,97.55,17.55,14.794635373009221,1349.95,5.028333333333333,0.35714285714285715,0.6428571428571429,0.5714285714285714
4122602,Rondon,PR,Sul,1,89.13,9.13,20.055581287633164,1514.88,5.2,0.375,0.375,0.375
4122651,Rosário Do Ivaí,PR,Sul,1,95.04,15.04,25.35860655737705,1324.47,4.93,0.2727272727272727,0.45454545454545453,0.45454545454545453
4122701,Sabáudia,PR,Sul,1,99.13,19.13,22.00854700854701,1580.46,5.385,0.125,0.25,0.25
4122800,Salgado Filho,PR,Sul,1,96.47,16.47,15.091463414634147,1865.95,5.215,0.2,0.4,0.4
4122909,Salto Do Itararé,PR,Sul,1,80.61,0.61,27.284105131414265,1385.52,5.035,0.3333333333333333,0.5,0.5
4123006,Salto Do Lontra,PR,Sul,1,90.49,10.49,23.859987154784843,1937.98,5.31,0.6842105263157895,0.3157894736842105,0.42105263157894735
4123105,Santa Amélia,PR,Sul,1,100.0,20.0,15.239294710327457,1219.36,5.123333333333334,0.3333333333333333,0.5,0.5
4123204,Santa Cecília Do Pavão,PR,Sul,1,74.08,-5.92,17.953488372093023,1194.03,5.38,0.5,0.25,0.5
4123303,Santa Cruz De Monte Castelo,PR,Sul,1,83.27,3.27,20.51957831325301,1566.91,5.2275,0.7857142857142857,0.2857142857142857,0.5714285714285714
4123501,Santa Helena,PR,Sul,1,85.67,5.67,13.631382862152092,2128.29,5.488235294117647,0.8148148148148148,0.7037037037037037,0.6666666666666666
4123600,Santa Inês,PR,Sul,1,78.95,-1.05,22.633744855967077,1333.84,5.33,0.25,0.25,0.25
4123709,Santa Isabel Do Ivaí,PR,Sul,1,89.54,9.54,10.816978548607942,1425.9,5.209999999999999,0.8,0.4,0.4
4123808,Santa Izabel Do Oeste,PR,Sul,1,89.79,9.79,12.355769230769232,1908.59,5.13,0.8235294117647058,0.5882352941176471,0.5294117647058824
4123824,Santa Lúcia,PR,Sul,1,88.15,8.15,21.134593993325918,1305.23,5.3,0.8,0.6,0.4
4123857,Santa Maria Do Oeste,PR,Sul,0,79.22,-0.78,26.56210473058437,1045.38,4.88,0.35294117647058826,0.35294117647058826,0.4117647058823529
4123907,Santa Mariana,PR,Sul,1,95.61,15.61,18.54466467553625,1464.31,5.041666666666667,0.6666666666666666,0.25,0.8333333333333334
4123956,Santa Mônica,PR,Sul,0,85.91,5.91,22.761506276150627,1158.56,5.033333333333334,0.16666666666666666,0.16666666666666666,0.3333333333333333
4124004,Santana Do Itararé,PR,Sul,1,74.52,-5.48,24.319526627218934,1360.85,5.154999999999999,0.5,0.5,0.5
4124020,Santa Tereza Do Oeste,PR,Sul,1,84.13,4.13,16.04263459961738,1489.9,5.333333333333333,0.5833333333333334,0.3333333333333333,0.4166666666666667
4124053,Santa Terezinha De Itaipu,PR,Sul,1,84.53,4.53,19.017567798055605,1690.18,5.32,0.6,0.6666666666666666,0.6666666666666666
4124103,Santo Antônio Da Platina,PR,Sul,1,69.84,-10.16,22.598425196850393,1439.66,5.101578947368421,0.5333333333333333,0.28888888888888886,0.4222222222222222
4124202,Santo Antônio Do Caiuá,PR,Sul,1,84.92,4.92,13.802435723951287,1309.09,5.07,0.5,0.5,0.75
4124301,Santo Antônio Do Paraíso,PR,Sul,1,69.47,-10.53,20.411392405063292,1340.41,5.300000000000001,0.75,0.25,0.25
4124400,Santo Antônio Do Sudoeste,PR,Sul,1,87.66,7.66,18.792096991468345,1734.86,5.218,0.7692307692307693,0.6153846153846154,0.5769230769230769
4124608,São Carlos Do Ivaí,PR,Sul,1,93.11,13.11,23.331553657234384,1514.76,5.27,0.2,0.6,0.6
4124707,São Jerônimo Da Serra,PR,Sul,1,87.65,7.65,28.567415730337082,1168.93,5.005,0.5882352941176471,0.47058823529411764,0.5882352941176471
4124806,São João,PR,Sul,1,86.71,6.71,12.040990606319385,1693.11,5.4725,0.8,0.4666666666666667,0.6666666666666666
4124905,São João Do Caiuá,PR,Sul,1,97.29,17.29,22.43623112961999,1220.35,5.02,0.16666666666666666,0.5,0.6666666666666666
4125001,São João Do Ivaí,PR,Sul,1,78.21,-1.79,21.752433936022253,1435.26,4.9816666666666665,0.625,0.3125,0.3125
4125100,São João Do Triunfo,PR,Sul,1,86.63,6.63,16.988555078683834,1474.27,5.043333333333333,0.6,0.3333333333333333,0.9333333333333333
4125209,São Jorge D'Oeste,PR,Sul,1,98.18,18.18,10.665972944849116,1829.04,5.234,0.8666666666666667,0.4666666666666667,0.5333333333333333
4125308,São Jorge Do Ivaí,PR,Sul,1,95.06,15.06,11.057225994180406,1785.31,5.4350000000000005,0.4,0.6,0.8
4125357,São Jorge Do Patrocínio,PR,Sul,1,83.23,3.23,11.785972523499638,1373.72,5.2,0.2,0.4,0.4
4125407,São José Da Boa Vista,PR,Sul,1,83.0,3.0,17.98274717982747,1395.21,5.196666666666666,0.3333333333333333,0.5,0.5
4125456,São José Das Palmeiras,PR,Sul,1,80.7,0.7,18.128654970760234,1557.1,5.285,0.6666666666666666,0.6666666666666666,0.6666666666666666
4125506,São José Dos Pinhais,PR,Sul,1,74.09,-5.91,23.101256334142906,1823.68,5.429651162790697,0.48677248677248675,0.2804232804232804,0.4074074074074074
4125555,São Manoel Do Paraná,PR,Sul,1,84.62,4.62,11.71003717472119,1301.92,5.345000000000001,0.6666666666666666,0.3333333333333333,0.6666666666666666
4125605,São Mateus Do Sul,PR,Sul,1,80.74,0.74,10.336746021956333,1568.37,5.258636363636364,0.39215686274509803,0.29411764705882354,0.39215686274509803
4125704,São Miguel Do Iguaçu,PR,Sul,1,83.09,3.09,18.267982342248768,1733.78,5.187647058823529,0.5,0.3,0.4
4125753,São Pedro Do Iguaçu,PR,Sul,1,88.85,8.85,26.76282051282051,1478.95,5.1725,0.7777777777777778,0.3333333333333333,0.5555555555555556
4125803,São Pedro Do Ivaí,PR,Sul,1,91.61,11.61,22.787694644891758,1588.58,5.091666666666667,0.5833333333333334,0.5833333333333334,0.6666666666666666
4125902,São Pedro Do Paraná,PR,Sul,1,90.11,10.11,14.54248366013072,1682.34,5.273333333333333,0.5714285714285714,0.2857142857142857,0.5714285714285714
4126009,São Sebastião Da Amoreira,PR,Sul,1,100.0,20.0,26.00489339391821,1305.25,5.08,0.875,0.375,0.625
4126108,São Tomé,PR,Sul,1,84.37,4.37,19.67479674796748,1352.04,5.223333333333334,0.3333333333333333,0.3333333333333333,0.16666666666666666
4126207,Sapopema,PR,Sul,1,72.57,-7.43,26.857617268576174,1074.17,5.047499999999999,0.4166666666666667,0.25,0.8333333333333334
4126256,Sarandi,PR,Sul,1,64.82,-15.18,14.96730690641602,1461.61,5.2472,0.6,0.18333333333333332,0.6333333333333333
4126272,Saudade Do Iguaçu,PR,Sul,1,88.41,8.41,19.860221316249273,1875.4,5.359999999999999,0.8,0.4,0.6
4126306,Sengés,PR,Sul,1,91.78,11.78,19.42519887092635,1315.97,4.901818181818182,0.7222222222222222,0.5555555555555556,0.6666666666666666
4126355,Serranópolis Do Iguaçu,PR,Sul,1,96.67,16.67,13.621262458471762,1990.96,5.433333333333334,1.0,0.75,0.5
4126405,Sertaneja,PR,Sul,1,97.66,17.66,14.224751066856332,1730.01,5.238333333333333,0.6,0.3,0.5
4126504,Sertanópolis,PR,Sul,1,71.2,-8.8,21.426213271706835,1843.32,5.213333333333334,0.75,0.6666666666666666,0.5833333333333334
4126603,Siqueira Campos,PR,Sul,1,88.39,8.39,19.386705083350485,1562.88,5.293333333333333,0.3333333333333333,0.2857142857142857,0.3333333333333333
4126652,Sulina,PR,Sul,1,83.23,3.23,18.250377073906485,2593.96,5.32,0.75,0.5,0.75
4126678,Tamarana,PR,Sul,0,86.11,6.11,25.077186963979415,1129.05,4.84,0.5,0.2,0.4
4126702,Tamboara,PR,Sul,1,85.01,5.01,12.010221465076661,1407.37,5.135,0.8,0.4,0.6
4126801,Tapejara,PR,Sul,1,80.83,0.83,19.977955359603197,1355.43,5.198333333333333,0.5454545454545454,0.5454545454545454,0.6363636363636364
4126900,Tapira,PR,Sul,1,98.03,18.03,16.709677419354836,1376.12,5.26,0.8888888888888888,0.6666666666666666,0.8888888888888888
4127007,Teixeira Soares,PR,Sul,1,96.0,16.0,29.63998601887452,1413.01,5.25125,0.4166666666666667,0.3333333333333333,0.4166666666666667
4127106,Telêmaco Borba,PR,Sul,1,75.63,-4.37,20.923415170392083,1683.23,5.299736842105263,0.3188405797101449,0.36231884057971014,0.6811594202898551
4127205,Terra Boa,PR,Sul,1,94.74,14.74,17.873303167420815,1465.38,5.37875,0.4666666666666667,0.26666666666666666,0.5333333333333333
4127304,Terra Rica,PR,Sul,1,76.62,-3.38,24.241030358785647,1486.82,5.122857142857143,0.35714285714285715,0.35714285714285715,0.5714285714285714
4127403,Terra Roxa,PR,Sul,1,83.07,3.07,16.12462421426619,1587.77,5.092222222222222,0.7368421052631579,0.7894736842105263,0.8947368421052632
4127502,Tibagi,PR,Sul,1,84.41,4.41,26.277260942504192,1248.88,5.067777777777778,0.4117647058823529,0.6470588235294118,0.6470588235294118
4127601,Tijucas Do Sul,PR,Sul,1,78.01,-1.99,29.326354887725813,1318.51,5.278888888888889,0.7222222222222222,0.16666666666666666,0.7222222222222222
4127700,Toledo,PR,Sul,1,83.15,3.15,14.191234688649807,2165.17,5.496140350877193,0.5675675675675675,0.6756756756756757,0.6756756756756757
4127809,Tomazina,PR,Sul,1,91.41,11.41,22.060889929742387,1530.72,5.22,0.5625,0.625,0.5625
4127858,Três Barras Do Paraná,PR,Sul,1,92.08,12.08,20.0,1602.6,5.185,0.16666666666666666,0.5833333333333334,0.8333333333333334
4127882,Tunas Do Paraná,PR,Sul,1,70.22,-9.78,28.69306087696892,1119.88,4.895,1.0,0.25,0.625
4127908,Tuneiras Do Oeste,PR,Sul,1,79.13,-0.87,18.399219131283555,1190.36,5.163333333333333,0.5384615384615384,0.46153846153846156,0.7692307692307693
4127957,Tupãssi,PR,Sul,1,90.53,10.53,16.270566727605118,1663.51,5.430000000000001,0.4444444444444444,0.3333333333333333,0.6666666666666666
4127965,Turvo,PR,Sul,1,91.76,11.76,22.749804330811372,1317.98,5.08,0.7058823529411765,0.47058823529411764,0.5882352941176471
4128005,Ubiratã,PR,Sul,1,86.82,6.82,22.1015514809591,1637.48,5.276923076923077,0.5555555555555556,0.37037037037037035,0.5555555555555556
4128104,Umuarama,PR,Sul,1,78.85,-1.15,18.753912281433877,1959.13,5.410500000000001,0.6136363636363636,0.38636363636363635,0.6477272727272727
4128203,União Da Vitória,PR,Sul,1,81.75,1.75,20.919275468537325,1628.91,5.381944444444445,0.5454545454545454,0.6060606060606061,0.6818181818181818
4128302,Uniflor,PR,Sul,1,95.64,15.64,21.003134796238246,1318.4,5.21,0.6666666666666666,0.3333333333333333,0.3333333333333333
4128401,Uraí,PR,Sul,1,84.77,4.77,24.063188831741368,1578.68,5.296666666666667,0.5625,0.1875,0.4375
4128500,Wenceslau Braz,PR,Sul,1,81.88,1.88,28.395940893715505,1431.15,5.077777777777778,0.7647058823529411,0.5882352941176471,0.5294117647058824
4128534,Ventania,PR,Sul,1,89.42,9.42,28.412874583795784,1263.37,5.12,0.36363636363636365,0.2727272727272727,0.45454545454545453
4128559,Vera Cruz Do Oeste,PR,Sul,1,77.96,-2.04,10.967741935483872,1368.31,5.218,0.625,0.5,0.75
4128609,Verê,PR,Sul,1,79.08,-0.92,13.093145869947275,1887.7,5.268,0.45454545454545453,0.5454545454545454,0.5454545454545454
4128625,Alto Paraíso,PR,Sul,1,86.18,6.18,23.23135755258126,1217.29,5.105,0.5,0.25,0.25
4128633,Doutor Ulysses,PR,Sul,0,86.47,6.47,29.98236331569665,893.21,4.71,0.2,0.2,0.2
4128658,Virmond,PR,Sul,1,88.42,8.42,14.073339940535185,1641.92,5.195,0.6666666666666666,0.6666666666666666,0.3333333333333333
4128708,Vitorino,PR,Sul,1,79.57,-0.43,23.128549303045947,1800.07,5.390000000000001,0.375,0.375,0.375
4128807,Xambrê,PR,Sul,1,72.7,-7.3,21.404025527736867,1278.58,5.148000000000001,0.2222222222222222,0.3333333333333333,0.3333333333333333
4200051,Abdon Batista,SC,Sul,1,70.53,-9.47,24.11994784876141,2127.38,5.446666666666666,0.8333333333333334,0.5,0.5
4200101,Abelardo Luz,SC,Sul,1,67.19,-12.81,25.530081020513705,1685.84,5.119,0.3181818181818182,0.5909090909090909,0.5454545454545454
4200200,Agrolândia,SC,Sul,1,75.75,-4.25,22.330097087378643,1683.01,5.69,0.47058823529411764,0.35294117647058826,0.17647058823529413
4200309,Agronômica,SC,Sul,2,40.6,-39.4,20.754716981132077,2206.89,5.580000000000001,0.2222222222222222,0.0,0.1111111111111111
4200408,Água Doce,SC,Sul,1,69.72,-10.28,5.176470588235294,2200.72,5.4025,0.4166666666666667,0.3333333333333333,0.4166666666666667
4200507,Águas De Chapecó,SC,Sul,1,58.5,-21.5,18.76484560570071,1626.84,5.0325,0.2857142857142857,0.2857142857142857,0.7142857142857143
4200556,Águas Frias,SC,Sul,1,75.68,-4.32,8.287292817679557,2175.45,5.333333333333333,0.25,1.0,1.0
4200606,Águas Mornas,SC,Sul,1,59.57,-20.43,24.193548387096776,1876.74,5.657500000000001,0.5,0.3333333333333333,0.8333333333333334
4200705,Alfredo Wagner,SC,Sul,1,56.98,-23.02,25.806451612903224,1625.18,5.486666666666667,0.3,0.1,0.4
4200754,Alto Bela Vista,SC,Sul,1,58.33,-21.67,14.666666666666666,2513.02,5.59,1.0,1.0,1.0
4200804,Anchieta,SC,Sul,1,87.16,7.16,13.588850174216027,2515.03,5.4719999999999995,0.6666666666666666,0.4444444444444444,0.6666666666666666
4200903,Angelina,SC,Sul,1,78.92,-1.08,19.36,1380.1,5.5725,0.4,0.3,0.8
4201000,Anita Garibaldi,SC,Sul,1,65.46,-14.54,28.69860110216193,1468.32,5.333333333333333,0.3,0.4,0.8
4201109,Anitápolis,SC,Sul,1,47.27,-32.73,22.04724409448819,1642.76,5.515,0.2,0.4,0.6
4201208,Antônio Carlos,SC,Sul,1,75.09,-4.91,19.19805589307412,1801.02,5.8100000000000005,0.1111111111111111,0.5555555555555556,0.5555555555555556
4201257,Apiúna,SC,Sul,1,64.44,-15.56,15.465729349736378,1835.23,5.5375000000000005,0.5714285714285714,0.42857142857142855,0.21428571428571427
4201273,Arabutã,SC,Sul,1,88.57,8.57,10.723860589812332,2056.91,5.4975000000000005,1.0,0.7142857142857143,0.7142857142857143
4201307,Araquari,SC,Sul,2,46.58,-33.42,19.362186788154897,1494.49,5.365454545454545,0.17391304347826086,0.15217391304347827,0.17391304347826086
4201406,Araranguá,SC,Sul,1,52.38,-27.62,19.90848909657321,1922.77,5.422857142857143,0.38271604938271603,0.2716049382716049,0.4691358024691358
4201505,Armazém,SC,Sul,1,76.32,-3.68,31.46067415730337,2061.11,5.785,0.21428571428571427,0.14285714285714285,0.21428571428571427
4201604,Arroio Trinta,SC,Sul,1,100.0,20.0,5.460750853242321,2168.63,5.635,0.75,0.75,0.5
4201653,Arvoredo,SC,Sul,1,85.76,5.76,13.357400722021662,2237.43,5.295,0.25,0.25,0.5
4201703,Ascurra,SC,Sul,1,68.97,-11.03,24.133333333333333,1713.62,5.656666666666666,0.375,0.25,0.875
4201802,Atalanta,SC,Sul,1,80.13,0.13,14.919354838709678,2095.5,5.84,0.2,0.2,0.4
4201901,Aurora,SC,Sul,1,91.27,11.27,18.610421836228287,2233.37,5.630000000000001,0.375,0.375,0.625
4201950,Balneário Arroio Do Silva,SC,Sul,2,36.24,-43.76,28.45512311358221,1530.6,5.2625,0.375,0.375,0.625
4202008,Balneário Camboriú,SC,Sul,1,53.66,-26.34,18.0276967024778,3583.85,5.441,0.5,0.34444444444444444,0.4777777777777778
4202057,Balneário Barra Do Sul,SC,Sul,2,51.88,-28.12,23.733405581143323,1709.56,5.45,0.09090909090909091,0.0,0.18181818181818182
4202073,Balneário Gaivota,SC,Sul,1,63.82,-16.18,22.023134497618507,1743.57,5.375,0.46153846153846156,0.07692307692307693,0.38461538461538464
4202081,Bandeirante,SC,Sul,1,70.9,-9.1,15.087040618955513,1849.34,5.02,0.75,0.5,0.75
4202099,Barra Bonita,SC,Sul,1,72.31,-7.69,19.873817034700316,2909.71,5.28,0.6666666666666666,0.6666666666666666,0.6666666666666666
4202107,Barra Velha,SC,Sul,1,50.93,-29.07,20.951712849292644,1670.39,5.461,0.5161290322580645,0.6129032258064516,0.7096774193548387
4202131,Bela Vista Do Toldo,SC,Sul,1,81.49,1.49,26.069078947368425,1195.56,5.09,0.4444444444444444,0.3333333333333333,0.4444444444444444
4202156,Belmonte,SC,Sul,1,97.49,17.49,16.541353383458645,1798.71,5.359999999999999,1.0,0.4,0.6
4202206,Benedito Novo,SC,Sul,1,77.0,-3.0,18.524871355060036,1654.16,5.638,0.4166666666666667,0.25,0.75
4202305,Biguaçu,SC,Sul,2,41.81,-38.19,23.59314359637775,1899.63,5.3975,0.5,0.19230769230769232,0.34615384615384615
4202404,Blumenau,SC,Sul,1,65.17,-14.83,20.755951299291294,2633.68,5.546216216216217,0.58984375,0.375,0.4453125
4202438,Bocaina Do Sul,SC,Sul,2,32.15,-47.85,23.145071982281284,1561.31,5.33,0.3333333333333333,0.4444444444444444,0.6666666666666666
4202453,Bombinhas,SC,Sul,1,56.29,-23.71,26.76255600094317,1964.03,5.508571428571429,0.5294117647058824,0.35294117647058826,0.35294117647058826
4202503,Bom Jardim Da Serra,SC,Sul,1,80.08,0.08,35.52715654952077,1591.86,5.363333333333333,0.5714285714285714,0.42857142857142855,0.5714285714285714
4202537,Bom Jesus,SC,Sul,1,83.79,3.79,27.261306532663315,1602.98,5.42,0.5,0.5,0.5
4202578,Bom Jesus Do Oeste,SC,Sul,1,71.88,-8.12,25.259515570934255,2347.75,5.654999999999999,0.6666666666666666,0.6666666666666666,1.0
4202602,Bom Retiro,SC,Sul,1,60.03,-19.97,23.8013698630137,1710.21,5.4475,0.2857142857142857,0.2857142857142857,0.35714285714285715
4202701,Botuverá,SC,Sul,1,81.38,1.38,10.463968410661401,1804.04,5.3566666666666665,0.2857142857142857,0.14285714285714285,0.5714285714285714
4202800,Braço Do Norte,SC,Sul,1,63.36,-16.64,30.599078341013826,1873.21,5.558,0.3888888888888889,0.25,0.3333333333333333
4202859,Braço Do Trombudo,SC,Sul,1,44.66,-35.34,1.7543859649122806,1932.61,5.6175,0.5,0.25,0.625
4202875,Brunópolis,SC,Sul,1,58.33,-21.67,22.760646108663728,1449.82,5.359999999999999,0.6666666666666666,0.3333333333333333,0.6666666666666666
4202909,Brusque,SC,Sul,1,70.01,-9.99,22.168803418803417,2235.17,5.512903225806451,0.6067415730337079,0.449438202247191,0.5056179775280899
4203006,Caçador,SC,Sul,1,63.55,-16.45,16.765921670286556,1873.8,5.2811111111111115,0.5645161290322581,0.5483870967741935,0.6451612903225806
4203105,Caibi,SC,Sul,1,59.54,-20.46,9.25589836660617,2564.39,5.5,0.5714285714285714,0.5714285714285714,0.8571428571428571
4203154,Calmon,SC,Sul,1,65.79,-14.21,18.58470335954253,1031.92,4.965,0.42857142857142855,0.2857142857142857,0.42857142857142855
4203204,Camboriú,SC,Sul,1,52.92,-27.08,19.626713327500728,1838.18,5.370526315789474,0.49019607843137253,0.17647058823529413,0.2549019607843137
4203253,Capão Alto,SC,Sul,1,49.57,-30.43,20.0,1338.98,5.233333333333333,0.25,0.5,0.75
4203303,Campo Alegre,SC,Sul,1,67.28,-12.72,16.193914388860236,1633.87,5.507142857142857,0.25,0.5,0.6666666666666666
4203402,Campo Belo Do Sul,SC,Sul,2,50.25,-29.75,22.279792746113987,1293.18,5.098000000000001,0.4444444444444444,0.1111111111111111,0.5555555555555556
4203501,Campo Erê,SC,Sul,1,88.86,8.86,24.557522123893804,1921.14,5.3759999999999994,0.6428571428571429,0.6428571428571429,0.6428571428571429
4203600,Campos Novos,SC,Sul,1,66.34,-13.66,6.75352299920234,1809.2,5.410909090909091,0.4166666666666667,0.375,0.6875
4203709,Canelinha,SC,Sul,2,48.99,-31.01,36.61087866108787,1639.81,5.424285714285714,0.3181818181818182,0.18181818181818182,0.5909090909090909
4203808,Canoinhas,SC,Sul,1,71.91,-8.09,23.771102284011917,1821.76,5.350769230769231,0.5901639344262295,0.45901639344262296,0.6557377049180327
4203907,Capinzal,SC,Sul,1,78.18,-1.82,13.67741935483871,1812.66,5.562,0.9166666666666666,0.6666666666666666,0.6666666666666666
4203956,Capivari De Baixo,SC,Sul,1,54.28,-25.72,13.890037205456801,1711.32,5.571111111111112,0.4230769230769231,0.34615384615384615,0.46153846153846156
4204004,Catanduvas,SC,Sul,1,80.06,0.06,18.8113413304253,1900.84,5.3325,0.7777777777777778,0.5555555555555556,0.7777777777777778
4204103,Caxambu Do Sul,SC,Sul,1,78.9,-1.1,21.16336633663366,2494.4,5.446666666666666,0.8333333333333334,0.3333333333333333,0.5
4204152,Celso Ramos,SC,Sul,1,93.47,13.47,27.192982456140353,1552.72,5.306666666666666,0.6666666666666666,1.0,1.0
4204178,Cerro Negro,SC,Sul,2,46.39,-33.61,20.318725099601593,1203.24,5.026666666666666,0.4444444444444444,0.0,0.1111111111111111
4204194,Chapadão Do Lageado,SC,Sul,1,60.59,-19.41,17.197452229299362,1770.31,5.46,0.5,0.5,0.75
4204202,Chapecó,SC,Sul,1,59.11,-20.89,12.501628947482732,2385.86,5.387636363636363,0.40236686390532544,0.4911242603550296,0.6094674556213018
4204251,Cocal Do Sul,SC,Sul,1,67.13,-12.87,17.507723995880536,2094.01,5.6850000000000005,0.2777777777777778,0.3888888888888889,0.4444444444444444
4204301,Concórdia,SC,Sul,1,75.74,-4.26,17.08253358925144,2277.94,5.5827027027027025,0.8266666666666667,0.56,0.64
4204350,Cordilheira Alta,SC,Sul,1,65.47,-14.53,25.734265734265733,2130.12,5.5,1.0,0.5,0.75
4204400,Coronel Freitas,SC,Sul,1,66.62,-13.38,21.131805157593124,2249.78,5.503333333333333,0.7692307692307693,0.5384615384615384,0.7692307692307693
4204459,Coronel Martins,SC,Sul,1,96.77,16.77,17.599999999999998,2083.12,5.345,1.0,1.0,1.0
4204509,Corupá,SC,Sul,1,67.25,-12.75,23.38104976141786,1989.39,5.7,0.6153846153846154,0.23076923076923078,0.9230769230769231
4204558,Correia Pinto,SC,Sul,1,55.13,-24.87,25.551020408163268,1531.4,5.43,0.22727272727272727,0.18181818181818182,0.5909090909090909
4204608,Criciúma,SC,Sul,1,66.68,-13.32,25.403920723825934,2235.77,5.454029850746269,0.5304878048780488,0.4573170731707317,0.5487804878048781
4204707,Cunha Porã,SC,Sul,1,85.66,5.66,12.797881729920565,2191.07,5.603333333333334,0.6923076923076923,0.23076923076923078,0.38461538461538464
4204756,Cunhataí,SC,Sul,1,85.0,5.0,12.5,2169.22,5.57,0.6666666666666666,1.0,0.6666666666666666
4204806,Curitibanos,SC,Sul,1,60.81,-19.19,22.44258872651357,1806.18,5.340833333333333,0.7837837837837838,0.7297297297297297,0.8918918918918919
4204905,Descanso,SC,Sul,1,73.19,-6.81,18.019257221458044,2412.49,5.5,0.7777777777777778,0.5555555555555556,0.7777777777777778
4205001,Dionísio Cerqueira,SC,Sul,1,81.28,1.28,22.2020842772995,2292.36,5.12875,0.5555555555555556,0.3333333333333333,0.3333333333333333
4205100,Dona Emma,SC,Sul,1,66.91,-13.09,23.628691983122362,1899.35,5.545,0.75,0.625,0.75
4205159,Doutor Pedrinho,SC,Sul,1,67.73,-12.27,17.123287671232877,1771.6,5.6850000000000005,0.4,0.4,0.6
4205175,Entre Rios,SC,Sul,2,49.64,-30.36,30.195510499637944,1241.72,4.873333333333334,0.4,0.4,0.5
4205191,Ermo,SC,Sul,1,79.5,-0.5,23.516483516483515,1847.57,5.425,0.3333333333333333,0.3333333333333333,0.3333333333333333
4205209,Erval Velho,SC,Sul,1,71.45,-8.55,4.422604422604422,1649.61,5.5,0.6666666666666666,0.6666666666666666,0.6666666666666666
4205308,Faxinal Dos Guedes,SC,Sul,1,59.83,-20.17,14.453477868112014,1884.75,5.522857142857142,0.8888888888888888,0.2222222222222222,0.6666666666666666
4205357,Flor Do Sertão,SC,Sul,1,78.3,-1.7,8.81542699724518,2168.65,5.29,1.0,1.0,1.0
4205407,Florianópolis,SC,Sul,1,62.6,-17.4,21.856893158452497,3636.13,5.353378378378378,0.5584045584045584,0.3561253561253561,0.4985754985754986
4205431,Formosa Do Sul,SC,Sul,1,89.16,9.16,17.67676767676768,2102.36,5.46,1.0,1.0,1.0
4205456,Forquilhinha,SC,Sul,1,73.15,-6.85,24.96798975672215,1664.12,5.38,0.6923076923076923,0.6153846153846154,0.6538461538461539
4205506,Fraiburgo,SC,Sul,1,79.6,-0.4,12.022432527164389,1714.52,5.315,0.7804878048780488,0.4146341463414634,0.4878048780487805
4205555,Frei Rogério,SC,Sul,1,62.54,-17.46,22.804054054054053,1788.63,5.413333333333334,0.2,0.6,0.6
4205605,Galvão,SC,Sul,1,92.16,12.16,26.710526315789473,2170.52,5.48,0.75,0.75,0.75
4205704,Garopaba,SC,Sul,1,70.66,-9.34,26.969009826152686,2120.74,5.519285714285714,0.5428571428571428,0.2857142857142857,0.42857142857142855
4205803,Garuva,SC,Sul,1,73.88,-6.12,16.64145234493192,1603.44,5.458333333333333,0.2631578947368421,0.15789473684210525,0.3684210526315789
4205902,Gaspar,SC,Sul,1,64.46,-15.54,17.520891364902507,2016.67,5.568421052631579,0.639344262295082,0.18032786885245902,0.4918032786885246
4206009,Governador Celso Ramos,SC,Sul,1,69.31,-10.69,28.31807780320366,1823.64,5.662222222222223,0.5263157894736842,0.8947368421052632,0.8947368421052632
4206108,Grão-Pará,SC,Sul,1,87.9,7.9,21.102497846683892,2306.62,5.609999999999999,0.2222222222222222,0.1111111111111111,0.5555555555555556
4206207,Gravatal,SC,Sul,1,60.96,-19.04,22.48563218390805,1841.83,5.531428571428571,0.3125,0.4375,0.875
4206306,Guabiruba,SC,Sul,1,74.08,-5.92,24.853932584269664,1933.97,5.721,0.47619047619047616,0.2857142857142857,0.5714285714285714
4206405,Guaraciaba,SC,Sul,1,79.04,-0.96,7.6456310679611645,2834.02,5.395,0.6,0.4,0.8
4206504,Guaramirim,SC,Sul,1,68.72,-11.28,18.89050036258158,1850.72,5.466470588235294,0.2702702702702703,0.21621621621621623,0.7837837837837838
4206603,Guarujá Do Sul,SC,Sul,1,82.16,2.16,13.112391930835734,2492.22,5.6,0.2857142857142857,0.2857142857142857,0.42857142857142855
4206652,Guatambú,SC,Sul,1,51.61,-28.39,17.731629392971247,1858.24,5.3975,0.25,0.5,0.625
4206702,Herval D'Oeste,SC,Sul,1,57.24,-22.76,14.799154334038056,1922.35,5.321111111111112,0.625,0.625,0.5625
4206751,Ibiam,SC,Sul,1,86.56,6.56,24.532224532224532,2299.32,5.44,1.0,1.0,0.6666666666666666
4206801,Ibicaré,SC,Sul,1,88.5,8.5,19.652173913043477,1917.72,5.66,1.0,1.0,1.0
4206900,Ibirama,SC,Sul,1,72.43,-7.57,12.956068503350707,2075.03,5.636,0.38095238095238093,0.6190476190476191,0.6190476190476191
4207007,Içara,SC,Sul,1,81.53,1.53,25.559380378657487,1976.0,5.562857142857143,0.13114754098360656,0.26229508196721313,0.4098360655737705
4207106,Ilhota,SC,Sul,1,55.94,-24.06,25.592607472880673,1724.1,5.416666666666667,0.3157894736842105,0.2631578947368421,0.5789473684210527
4207205,Imaruí,SC,Sul,1,63.53,-16.47,26.157158234660926,1397.34,5.426,0.6,0.6,0.6
4207304,Imbituba,SC,Sul,1,60.54,-19.46,26.66336878555528,1867.08,5.476315789473684,0.49019607843137253,0.35294117647058826,0.5098039215686274
4207403,Imbuia,SC,Sul,1,85.61,5.61,21.510673234811165,1900.55,5.574999999999999,0.3333333333333333,0.3333333333333333,0.3333333333333333
4207502,Indaial,SC,Sul,1,70.89,-9.11,17.855398143624818,1941.73,5.61047619047619,0.453125,0.359375,0.53125
4207577,Iomerê,SC,Sul,1,73.84,-6.16,7.086614173228346,2700.4,5.875,1.0,0.6666666666666666,0.6666666666666666
4207601,Ipira,SC,Sul,1,77.31,-2.69,10.0418410041841,2074.85,5.595,0.42857142857142855,0.42857142857142855,0.7142857142857143
4207650,Iporã Do Oeste,SC,Sul,1,94.29,14.29,8.148893360160967,2584.82,5.672499999999999,0.6,0.8,0.9
4207684,Ipuaçu,SC,Sul,1,86.79,6.79,30.566876620970728,1290.53,5.6,0.4,0.4,0.8666666666666667
4207700,Ipumirim,SC,Sul,1,76.39,-3.61,10.714285714285714,2372.79,5.43,0.9,0.3,0.7
4207759,Iraceminha,SC,Sul,1,84.09,4.09,15.501519756838904,2149.25,5.363333333333333,0.4444444444444444,0.5555555555555556,1.0
4207809,Irani,SC,Sul,1,84.69,4.69,14.302957151478576,1801.71,5.4925,0.3,0.5,0.5
4207858,Irati,SC,Sul,1,90.0,10.0,16.42651296829971,2193.15,5.33,0.75,0.5,0.75
4207908,Irineópolis,SC,Sul,1,84.51,4.51,27.821112844513777,1443.53,5.356,0.4666666666666667,0.4666666666666667,0.5333333333333333
4208005,Itá,SC,Sul,1,75.35,-4.65,21.345514950166113,2845.16,5.493333333333333,0.875,0.75,0.75
4208104,Itaiópolis,SC,Sul,1,68.01,-11.99,17.48633879781421,1585.77,5.434,0.3793103448275862,0.3793103448275862,0.3793103448275862
4208203,Itajaí,SC,Sul,1,50.88,-29.12,24.664728222169472,2365.7,5.400892857142857,0.27419354838709675,0.3225806451612903,0.49193548387096775
4208302,Itapema,SC,Sul,1,56.01,-23.99,20.92243566509605,2579.53,5.54,0.6808510638297872,0.2978723404255319,0.3829787234042553
4208401,Itapiranga,SC,Sul,1,85.98,5.98,10.404624277456648,2634.98,5.500909090909091,0.6538461538461539,0.5384615384615384,0.7307692307692307
4208450,Itapoá,SC,Sul,1,61.35,-18.65,23.418171477321202,1795.93,5.405555555555555,0.47368421052631576,0.15789473684210525,0.21052631578947367
4208500,Ituporanga,SC,Sul,1,81.89,1.89,21.312991215903835,2112.88,5.543,0.46153846153846156,0.5,0.4230769230769231
4208609,Jaborá,SC,Sul,1,83.81,3.81,21.043771043771045,2085.55,5.425000000000001,0.6666666666666666,0.6666666666666666,0.6666666666666666
4208708,Jacinto Machado,SC,Sul,1,76.27,-3.73,27.3876404494382,1613.26,5.408333333333334,0.46153846153846156,0.23076923076923078,0.5384615384615384
4208807,Jaguaruna,SC,Sul,1,52.59,-27.41,20.51086542127335,1851.84,5.512857142857143,0.29411764705882354,0.17647058823529413,0.17647058823529413
4208906,Jaraguá Do Sul,SC,Sul,1,71.79,-8.21,17.319950179500328,2341.61,5.613695652173914,0.675,0.5333333333333333,0.6833333333333333
4208955,Jardinópolis,SC,Sul,1,92.31,12.31,24.85207100591716,2584.16,5.54,0.6666666666666666,0.6666666666666666,0.6666666666666666
4209003,Joaçaba,SC,Sul,1,69.62,-10.38,15.883668903803134,2837.07,5.5512500000000005,0.78125,0.53125,0.6875
4209102,Joinville,SC,Sul,1,66.48,-13.52,22.053225477533818,2260.92,5.546607142857143,0.6602739726027397,0.35342465753424657,0.5808219178082191
4209151,José Boiteux,SC,Sul,1,59.24,-20.76,33.060853769300635,1488.38,5.383333333333333,0.46153846153846156,0.38461538461538464,0.46153846153846156
4209177,Jupiá,SC,Sul,1,74.65,-5.35,12.0,2527.58,5.484999999999999,0.6666666666666666,0.6666666666666666,0.6666666666666666
4209201,Lacerdópolis,SC,Sul,1,69.57,-10.43,6.25,2588.1,5.615,1.0,0.3333333333333333,0.6666666666666666
4209300,Lages,SC,Sul,1,48.35,-31.65,23.817380088190298,2029.41,5.4248,0.4502923976608187,0.2222222222222222,0.8245614035087719
4209409,Laguna,SC,Sul,1,50.09,-29.91,17.979853732579,1700.15,5.46,0.3404255319148936,0.3191489361702128,0.5106382978723404
4209458,Lajeado Grande,SC,Sul,1,92.56,12.56,12.578616352201259,2948.12,5.37,1.0,0.3333333333333333,1.0
4209508,Laurentino,SC,Sul,1,67.24,-12.76,17.032967032967033,2054.57,5.640000000000001,0.42857142857142855,0.14285714285714285,0.14285714285714285
4209607,Lauro Müller,SC,Sul,1,55.52,-24.48,20.347003154574132,1957.24,5.63,0.5555555555555556,0.5,0.5
4209706,Lebon Régis,SC,Sul,1,55.07,-24.93,19.097702740105177,1252.95,5.158571428571428,0.2857142857142857,0.2857142857142857,0.7142857142857143
4209805,Leoberto Leal,SC,Sul,1,75.74,-4.26,19.362745098039216,1675.05,5.48,0.1,0.0,0.6
4209854,Lindóia Do Sul,SC,Sul,1,63.44,-16.56,14.084507042253522,1702.86,5.635,0.4,0.6,0.8
4209904,Lontras,SC,Sul,1,60.98,-19.02,8.873720136518772,1799.95,5.558,0.125,0.0625,0.125
4210001,Luiz Alves,SC,Sul,1,60.45,-19.55,14.850427350427351,1830.61,5.66625,0.46153846153846156,0.23076923076923078,0.6153846153846154
4210035,Luzerna,SC,Sul,1,79.67,-0.33,6.5439672801636,2502.26,5.97,1.0,1.0,1.0
4210050,Macieira,SC,Sul,1,85.36,5.36,14.285714285714285,1809.53,5.376666666666666,0.6666666666666666,0.3333333333333333,1.0
4210100,Mafra,SC,Sul,1,76.3,-3.7,23.063211298505415,1806.38,5.4505,0.34,0.46,0.56
4210209,Major Gercino,SC,Sul,1,83.43,3.43,24.926686217008797,1622.58,5.6325,0.5714285714285714,0.5714285714285714,0.7142857142857143
4210308,Major Vieira,SC,Sul,1,84.93,4.93,22.14498510427011,1244.76,5.25,0.7142857142857143,0.42857142857142855,0.7142857142857143
4210407,Maracajá,SC,Sul,1,65.88,-14.12,19.521604938271604,1861.57,5.3925,0.625,0.75,0.875
4210506,Maravilha,SC,Sul,1,83.8,3.8,13.617606602475929,2146.03,5.577142857142857,0.8571428571428571,0.39285714285714285,0.5357142857142857
4210555,Marema,SC,Sul,1,95.83,15.83,12.711864406779661,3440.45,5.595,1.0,0.3333333333333333,1.0
4210605,Massaranduba,SC,Sul,1,79.91,-0.09,21.660899653979236,1903.58,5.775,0.6538461538461539,0.23076923076923078,0.7307692307692307
4210704,Matos Costa,SC,Sul,1,67.98,-12.02,25.041736227045075,1198.14,5.205,0.75,0.25,0.5
4210803,Meleiro,SC,Sul,1,53.59,-26.41,24.635761589403973,1822.0,5.609999999999999,0.5,0.3333333333333333,0.8333333333333334
4210852,Mirim Doce,SC,Sul,1,76.67,-3.33,4.602510460251046,1380.51,5.57,0.6,0.6,0.6
4210902,Modelo,SC,Sul,1,91.15,11.15,18.509615384615387,2525.48,5.63,0.5,0.5,0.6666666666666666
4211009,Mondaí,SC,Sul,1,76.44,-3.56,6.079027355623101,2163.03,5.506666666666667,0.7777777777777778,0.6666666666666666,0.7777777777777778
4211058,Monte Carlo,SC,Sul,1,73.15,-6.85,19.84765129073212,1157.98,5.28,0.15384615384615385,0.15384615384615385,0.23076923076923078
4211108,Monte Castelo,SC,Sul,1,60.91,-19.09,30.530091669988042,1235.91,5.248333333333333,0.5384615384615384,0.38461538461538464,0.6153846153846154
4211207,Morro Da Fumaça,SC,Sul,1,77.71,-2.29,18.035190615835777,1720.72,5.432222222222222,0.21052631578947367,0.47368421052631576,0.5789473684210527
4211256,Morro Grande,SC,Sul,1,95.65,15.65,19.968051118210862,1647.35,5.57,0.5,0.5,0.5
4211306,Navegantes,SC,Sul,1,58.84,-21.16,26.877977281055333,1738.92,5.309565217391304,0.22580645161290322,0.24193548387096775,0.45161290322580644
4211405,Nova Erechim,SC,Sul,1,69.99,-10.01,21.21951219512195,2798.97,5.52,1.0,1.0,0.6666666666666666
4211454,Nova Itaberaba,SC,Sul,1,85.66,5.66,17.680608365019012,2406.86,5.41,0.8,0.6,1.0
4211504,Nova Trento,SC,Sul,1,47.33,-32.67,18.672199170124482,2047.66,5.4975,0.45454545454545453,0.45454545454545453,0.36363636363636365
4211603,Nova Veneza,SC,Sul,1,77.9,-2.1,16.650717703349283,1877.88,5.615714285714286,0.7647058823529411,0.23529411764705882,0.5294117647058824
4211652,Novo Horizonte,SC,Sul,1,76.67,-3.33,12.332439678284182,2185.28,5.425000000000001,1.0,1.0,1.0
4211702,Orleans,SC,Sul,1,64.69,-15.31,26.189332051898123,2065.31,5.531818181818182,0.38461538461538464,0.34615384615384615,0.4230769230769231
4211751,Otacílio Costa,SC,Sul,1,67.82,-12.18,18.31364124597207,1792.79,5.561428571428571,0.7142857142857143,0.5238095238095238,0.47619047619047616
4211801,Ouro,SC,Sul,1,90.98,10.98,13.498098859315588,2446.42,5.343333333333334,0.875,0.625,0.75
4211850,Ouro Verde,SC,Sul,1,80.77,0.77,24.647887323943664,1508.02,5.3149999999999995,0.6666666666666666,0.6666666666666666,0.6666666666666666
4211892,Painel,SC,Sul,1,75.0,-5.0,15.109034267912772,1156.41,5.105,0.5,0.25,0.75
4211900,Palhoça,SC,Sul,1,50.89,-29.11,24.482400202264234,2029.43,5.439736842105264,0.5217391304347826,0.26811594202898553,0.3695652173913043
4212007,Palma Sola,SC,Sul,1,85.73,5.73,25.168690958164643,2139.93,5.426666666666667,0.3,0.2,1.0
4212056,Palmeira,SC,Sul,1,86.67,6.67,23.721881390593047,1501.95,5.43,0.75,0.25,0.5
4212106,Palmitos,SC,Sul,1,68.96,-11.04,19.35483870967742,1913.03,5.538571428571429,0.75,0.4375,0.6875
4212205,Papanduva,SC,Sul,1,75.52,-4.48,14.250614250614252,1568.58,5.312857142857142,0.23529411764705882,0.29411764705882354,0.35294117647058826
4212239,Paraíso,SC,Sul,1,73.0,-7.0,16.642547033285094,2750.48,5.525,0.6,0.8,0.8
4212254,Passo De Torres,SC,Sul,1,65.65,-14.35,28.33271444485704,1750.71,5.416666666666667,0.4,0.3,0.3
4212270,Passos Maia,SC,Sul,1,89.74,9.74,21.818181818181817,1587.67,5.205,0.16666666666666666,0.6666666666666666,0.8333333333333334
4212304,Paulo Lopes,SC,Sul,1,75.03,-4.97,25.617685305591674,1513.69,5.598000000000001,0.15384615384615385,0.15384615384615385,0.3076923076923077
4212403,Pedras Grandes,SC,Sul,1,84.82,4.82,15.137614678899084,1875.23,5.535,0.7142857142857143,0.42857142857142855,0.2857142857142857
4212502,Penha,SC,Sul,1,62.07,-17.93,25.33524047917039,1753.22,5.512307692307692,0.24242424242424243,0.15151515151515152,0.36363636363636365
4212601,Peritiba,SC,Sul,1,94.87,14.87,4.207119741100324,2454.13,5.78,0.75,0.5,0.5
4212650,Pescaria Brava,SC,Sul,1,73.14,-6.86,27.024482109227872,1490.29,5.36375,0.5454545454545454,0.18181818181818182,0.5454545454545454
4212700,Petrolândia,SC,Sul,1,77.83,-2.17,19.581464872944693,3308.39,5.6274999999999995,0.09090909090909091,0.18181818181818182,0.2727272727272727
4212809,Balneário Piçarras,SC,Sul,1,64.82,-15.18,19.07773923689043,2255.06,5.507142857142857,0.6363636363636364,0.22727272727272727,0.3181818181818182
4212908,Pinhalzinho,SC,Sul,1,65.41,-14.59,7.471698113207548,2285.95,5.4475,0.5,0.5,0.55
4213005,Pinheiro Preto,SC,Sul,1,70.37,-9.63,3.900709219858156,2022.36,5.300000000000001,0.75,0.25,0.75
4213104,Piratuba,SC,Sul,1,76.83,-3.17,20.674157303370784,1775.54,5.52,0.14285714285714285,0.14285714285714285,0.8571428571428571
4213153,Planalto Alegre,SC,Sul,1,95.49,15.49,8.141592920353983,1901.26,5.5,0.5,0.5,0.5
4213203,Pomerode,SC,Sul,1,78.75,-1.25,6.035665294924554,2135.56,5.646666666666667,0.5806451612903226,0.6129032258064516,0.6129032258064516
4213302,Ponte Alta,SC,Sul,1,53.13,-26.87,18.84057971014493,1329.52,5.3999999999999995,0.25,0.375,0.375
4213351,Ponte Alta Do Norte,SC,Sul,1,65.2,-14.8,23.506493506493506,1197.09,5.403333333333333,0.6666666666666666,0.5,0.5
4213401,Ponte Serrada,SC,Sul,1,71.08,-8.92,18.482707326143547,1564.49,5.175,0.5833333333333334,0.4166666666666667,0.4166666666666667
4213500,Porto Belo,SC,Sul,1,56.11,-23.89,19.53290870488323,2069.1,5.464444444444444,0.52,0.56,0.36
4213609,Porto União,SC,Sul,1,47.54,-32.46,16.908498667456325,1898.25,5.300909090909091,0.41025641025641024,0.46153846153846156,0.46153846153846156
4213708,Pouso Redondo,SC,Sul,1,30.75,-49.25,10.786914235190096,1720.92,5.498333333333334,0.5,0.375,0.375
4213807,Praia Grande,SC,Sul,1,71.04,-8.96,27.76101388050694,1478.65,5.36,0.23076923076923078,0.23076923076923078,0.6923076923076923
4213906,Presidente Castello Branco,SC,Sul,1,89.29,9.29,22.448979591836736,1871.95,5.6850000000000005,0.25,0.0,0.5
4214003,Presidente Getúlio,SC,Sul,1,81.57,1.57,18.629173989455182,1966.13,5.56,0.5,0.5,0.5833333333333334
4214102,Presidente Nereu,SC,Sul,1,96.65,16.65,12.88135593220339,1951.22,5.41,0.5,0.5,0.75
4214151,Princesa,SC,Sul,1,91.25,11.25,19.596541786743515,2349.85,5.43,1.0,0.75,0.75
4214201,Quilombo,SC,Sul,1,76.54,-3.46,19.197707736389685,1806.72,5.433333333333334,0.8333333333333334,0.75,0.75
4214300,Rancho Queimado,SC,Sul,1,80.9,0.9,9.491525423728813,2011.61,5.77,0.2857142857142857,0.42857142857142855,0.5714285714285714
4214409,Rio Das Antas,SC,Sul,1,43.19,-36.81,21.060842433697346,1809.13,5.403333333333333,0.375,0.5,0.5
4214508,Rio Do Campo,SC,Sul,1,84.68,4.68,7.801418439716312,2058.98,5.45,0.45454545454545453,0.5454545454545454,0.6363636363636364
4214607,Rio Do Oeste,SC,Sul,1,65.33,-14.67,6.179775280898876,2489.7,5.665,0.5,0.5,0.5
4214706,Rio Dos Cedros,SC,Sul,1,86.57,6.57,10.903426791277258,1654.22,5.59,0.8333333333333334,0.5,0.6666666666666666
4214805,Rio Do Sul,SC,Sul,1,52.87,-27.13,20.86764705882353,2416.85,5.5905555555555555,0.41379310344827586,0.41379310344827586,0.4827586206896552
4214904,Rio Fortuna,SC,Sul,1,72.37,-7.63,7.857142857142857,1801.19,5.785,0.5714285714285714,0.5714285714285714,0.8571428571428571
4215000,Rio Negrinho,SC,Sul,1,71.68,-8.32,23.887458624494297,1592.73,5.455,0.5909090909090909,0.5909090909090909,0.6363636363636364
4215059,Rio Rufino,SC,Sul,2,51.79,-28.21,28.985507246376812,1770.92,5.35,0.42857142857142855,0.14285714285714285,0.2857142857142857
4215075,Riqueza,SC,Sul,1,87.91,7.91,12.166666666666668,1853.54,5.37,0.6666666666666666,0.6666666666666666,0.6666666666666666
4215109,Rodeio,SC,Sul,1,63.57,-16.43,19.980970504281636,1885.06,5.578333333333333,0.5384615384615384,0.6153846153846154,0.6153846153846154
4215208,Romelândia,SC,Sul,1,60.32,-19.68,16.08108108108108,2356.31,5.13,0.5555555555555556,0.4444444444444444,0.4444444444444444
4215307,Salete,SC,Sul,1,85.85,5.85,12.695652173913045,1842.19,5.703333333333333,0.2222222222222222,0.3333333333333333,0.5555555555555556
4215356,Saltinho,SC,Sul,1,94.5,14.5,19.815059445178335,1583.41,5.205,0.875,0.625,0.75
4215406,Salto Veloso,SC,Sul,1,79.07,-0.93,13.782051282051283,1953.74,5.66,0.8,0.4,0.8
4215455,Sangão,SC,Sul,1,65.95,-14.05,24.418604651162788,1365.46,5.4775,0.7272727272727273,0.6363636363636364,0.7272727272727273
4215505,Santa Cecília,SC,Sul,1,63.51,-16.49,24.812394093439845,1544.14,5.351666666666667,0.8421052631578947,0.3684210526315789,0.5789473684210527
4215554,Santa Helena,SC,Sul,1,91.18,11.18,7.024793388429752,2133.42,5.63,0.6666666666666666,0.6666666666666666,0.6666666666666666
4215604,Santa Rosa De Lima,SC,Sul,1,90.63,10.63,15.040650406504067,1903.24,5.785,0.6666666666666666,0.6666666666666666,0.6666666666666666
4215653,Santa Rosa Do Sul,SC,Sul,1,68.89,-11.11,29.87204724409449,1531.38,5.4025,0.45454545454545453,0.36363636363636365,0.45454545454545453
4215679,Santa Terezinha,SC,Sul,1,67.53,-12.47,17.17612809315866,1685.25,5.2219999999999995,0.5,0.4,0.4
4215687,Santa Terezinha Do Progresso,SC,Sul,1,79.41,-0.59,15.508021390374333,1861.87,5.17,1.0,0.2857142857142857,0.5714285714285714
4215695,Santiago Do Sul,SC,Sul,1,81.25,1.25,11.538461538461538,1422.63,5.4350000000000005,0.6666666666666666,1.0,1.0
4215703,Santo Amaro Da Imperatriz,SC,Sul,1,61.76,-18.24,24.72412764688339,1906.51,5.673333333333333,0.4074074074074074,0.2222222222222222,0.25925925925925924
4215752,São Bernardino,SC,Sul,1,76.92,-3.08,13.26923076923077,2364.31,5.155,0.75,0.75,0.75
4215802,São Bento Do Sul,SC,Sul,1,77.48,-2.52,16.238416175231677,1941.74,5.585,0.7323943661971831,0.39436619718309857,0.7464788732394366
4216008,São Carlos,SC,Sul,1,81.96,1.96,19.807186678352323,2123.6,5.6000000000000005,0.38461538461538464,0.46153846153846156,0.46153846153846156
4216057,São Cristóvão Do Sul,SC,Sul,1,60.9,-19.1,24.955595026642985,1488.6,5.385,0.3333333333333333,0.5555555555555556,0.5555555555555556
4216107,São Domingos,SC,Sul,1,94.0,14.0,17.01818181818182,2247.77,5.543333333333334,0.46153846153846156,0.5384615384615384,0.38461538461538464
4216206,São Francisco Do Sul,SC,Sul,1,53.31,-26.69,22.943610967408173,1869.82,5.475238095238096,0.47368421052631576,0.19298245614035087,0.45614035087719296
4216255,São João Do Oeste,SC,Sul,1,93.06,13.06,15.10204081632653,3215.69,5.7425,0.6363636363636364,0.9090909090909091,1.0
4216305,São João Batista,SC,Sul,1,64.54,-15.46,16.114982578397214,1715.92,5.433636363636364,0.35294117647058826,0.38235294117647056,0.35294117647058826
4216354,São João Do Itaperiú,SC,Sul,1,80.08,0.08,20.663811563169165,1695.69,5.5725,0.3333333333333333,0.16666666666666666,0.6666666666666666
4216404,São João Do Sul,SC,Sul,1,69.02,-10.98,30.155210643015522,1534.99,5.425,0.2857142857142857,0.5714285714285714,0.5714285714285714
4216503,São Joaquim,SC,Sul,1,51.18,-28.82,18.86473939649715,1604.93,5.262857142857143,0.38235294117647056,0.38235294117647056,0.4411764705882353
4216602,São José,SC,Sul,1,58.46,-21.54,25.63228189826655,2396.69,5.368222222222222,0.6387096774193548,0.38064516129032255,0.4258064516129032
4216701,São José Do Cedro,SC,Sul,1,87.28,7.28,20.45152722443559,2548.44,5.365,0.6842105263157895,0.42105263157894735,0.47368421052631576
4216800,São José Do Cerrito,SC,Sul,1,75.33,-4.67,26.08695652173913,1223.88,5.3100000000000005,0.3,0.15,0.85
4216909,São Lourenço Do Oeste,SC,Sul,1,76.29,-3.71,15.36697247706422,2140.03,5.46,0.8181818181818182,0.7272727272727273,0.7727272727272727
4217006,São Ludgero,SC,Sul,1,61.51,-18.49,9.42211055276382,2064.29,5.706666666666667,0.5833333333333334,0.5,0.5
4217105,São Martinho,SC,Sul,1,91.3,11.3,21.923076923076923,2224.39,5.826666666666667,0.375,0.25,0.5
4217154,São Miguel Da Boa Vista,SC,Sul,1,95.83,15.83,11.75,2281.1,5.550000000000001,1.0,0.6666666666666666,0.6666666666666666
4217204,São Miguel Do Oeste,SC,Sul,1,79.83,-0.17,16.106148187073043,2515.12,5.544705882352941,0.6086956521739131,0.34782608695652173,0.5652173913043478
4217253,São Pedro De Alcântara,SC,Sul,1,92.0,12.0,20.853858784893266,2167.98,5.865,0.3333333333333333,0.3333333333333333,0.5
4217303,Saudades,SC,Sul,1,74.24,-5.76,16.25,2154.73,5.486666666666667,0.5384615384615384,0.38461538461538464,0.38461538461538464
4217402,Schroeder,SC,Sul,1,75.4,-4.6,18.907849829351537,1978.64,5.591111111111111,0.56,0.12,0.2
4217501,Seara,SC,Sul,1,71.99,-8.01,10.927390366642703,2097.28,5.596,0.2222222222222222,0.3888888888888889,0.7222222222222222
4217550,Serra Alta,SC,Sul,1,92.68,12.68,17.938931297709924,1823.32,5.71,1.0,0.6666666666666666,0.6666666666666666
4217600,Siderópolis,SC,Sul,1,81.82,1.82,19.925213675213676,1838.15,5.56,0.6428571428571429,0.42857142857142855,0.5714285714285714
4217709,Sombrio,SC,Sul,1,50.0,-30.0,20.25674499564839,1687.98,5.4121428571428565,0.6857142857142857,0.42857142857142855,0.5142857142857142
4217758,Sul Brasil,SC,Sul,1,57.58,-22.42,20.54794520547945,3151.9,5.1866666666666665,1.0,1.0,1.0
4217808,Taió,SC,Sul,1,77.65,-2.35,22.939632545931758,2065.3,5.63,0.38095238095238093,0.47619047619047616,0.5238095238095238
4217907,Tangará,SC,Sul,1,93.82,13.82,13.115942028985508,1861.19,5.435,0.8333333333333334,0.6666666666666666,0.6666666666666666
4217956,Tigrinhos,SC,Sul,1,82.68,2.68,16.317016317016318,1442.85,5.27,0.6666666666666666,0.6666666666666666,0.6666666666666666
4218004,Tijucas,SC,Sul,1,48.93,-31.07,22.998027613412226,1989.06,5.461666666666667,0.425,0.225,0.325
4218103,Timbé Do Sul,SC,Sul,1,75.63,-4.37,19.691577698695138,1777.55,5.37,0.5,0.16666666666666666,0.6666666666666666
4218202,Timbó,SC,Sul,1,69.05,-10.95,13.568075117370892,2129.74,5.742307692307692,0.5319148936170213,0.425531914893617,0.7021276595744681
4218251,Timbó Grande,SC,Sul,2,61.51,-18.49,31.073653352876512,1221.89,5.046,0.2727272727272727,0.0,0.5454545454545454
4218301,Três Barras,SC,Sul,1,53.81,-26.19,16.041248925809224,1287.6,5.225714285714285,0.42105263157894735,0.3684210526315789,0.631578947368421
4218350,Treviso,SC,Sul,1,72.77,-7.23,27.249357326478147,1977.65,5.84,0.4,0.2,0.2
4218400,Treze De Maio,SC,Sul,1,80.52,0.52,15.299026425591098,1556.82,5.4975,0.18181818181818182,0.09090909090909091,0.09090909090909091
4218509,Treze Tílias,SC,Sul,1,77.74,-2.26,11.76470588235294,2521.03,5.68,0.42857142857142855,0.2857142857142857,0.2857142857142857
4218608,Trombudo Central,SC,Sul,1,45.48,-34.52,12.363636363636363,2025.72,5.612500000000001,0.23076923076923078,0.07692307692307693,0.38461538461538464
4218707,Tubarão,SC,Sul,1,65.65,-14.35,22.814335575040438,2160.06,5.5224242424242425,0.38317757009345793,0.37383177570093457,0.514018691588785
4218756,Tunápolis,SC,Sul,1,76.08,-3.92,3.3333333333333335,3288.15,5.596666666666667,0.8571428571428571,0.8571428571428571,0.5714285714285714
4218806,Turvo,SC,Sul,1,66.98,-13.02,10.72072072072072,2009.39,5.44,0.3888888888888889,0.05555555555555555,0.3333333333333333
4218855,União Do Oeste,SC,Sul,1,85.95,5.95,10.3125,2224.06,5.45,1.0,0.6666666666666666,0.6666666666666666
4218905,Urubici,SC,Sul,1,73.7,-6.3,27.938741721854303,2017.81,5.402857142857143,0.23529411764705882,0.17647058823529413,0.29411764705882354
4218954,Urupema,SC,Sul,1,68.97,-11.03,28.96305125148987,1649.66,5.390000000000001,0.4,0.4,0.2
4219002,Urussanga,SC,Sul,1,89.11,9.11,16.540880503144653,1838.88,5.7155555555555555,0.3333333333333333,0.2857142857142857,0.47619047619047616
4219101,Vargeão,SC,Sul,1,74.62,-5.38,8.108108108108109,2062.19,5.39,0.16666666666666666,0.5,0.5
4219150,Vargem,SC,Sul,1,73.81,-6.19,15.819209039548024,1330.09,5.43,0.25,0.5,0.5
4219176,Vargem Bonita,SC,Sul,1,67.2,-12.8,16.132478632478634,1899.82,5.37,1.0,0.6666666666666666,0.6666666666666666
4219200,Vidal Ramos,SC,Sul,1,79.76,-0.24,18.021201413427562,1633.53,5.59,0.6153846153846154,0.15384615384615385,0.7692307692307693
4219309,Videira,SC,Sul,1,67.46,-12.54,14.242373167031856,2199.25,5.540625,0.5882352941176471,0.5294117647058824,0.5686274509803921
4219358,Vitor Meireles,SC,Sul,1,80.89,0.89,20.848056537102476,1613.42,5.444,0.3333333333333333,0.4444444444444444,0.8888888888888888
4219408,Witmarsum,SC,Sul,1,82.9,2.9,9.751037344398341,2324.29,5.76,0.5,0.5,0.5
4219507,Xanxerê,SC,Sul,1,77.71,-2.29,15.07232851143257,2120.34,5.439,0.49019607843137253,0.39215686274509803,0.6078431372549019
4219606,Xavantina,SC,Sul,1,84.85,4.85,16.894977168949772,2639.27,5.49,1.0,0.7142857142857143,1.0
4219705,Xaxim,SC,Sul,1,69.9,-10.1,15.843054082714742,1900.05,5.464,0.4583333333333333,0.5833333333333334,0.5416666666666666
4219853,Zortéa,SC,Sul,1,63.38,-16.62,23.00380228136882,1456.33,5.425000000000001,0.75,0.75,0.75
4220000,Balneário Rincão,SC,Sul,1,59.35,-20.65,23.751493428912784,1651.68,5.3325,0.13333333333333333,0.26666666666666666,0.4
4300034,Aceguá,RS,Sul,1,82.33,2.33,23.47684809098294,1644.79,5.2575,1.0,0.0,0.8
4300059,Água Santa,RS,Sul,1,44.5,-35.5,29.25407925407925,2262.1,5.66,1.0,0.2,0.8
4300109,Agudo,RS,Sul,1,65.99,-14.01,26.53662127346338,1720.07,5.354,0.2857142857142857,0.5714285714285714,0.7142857142857143
4300208,Ajuricaba,RS,Sul,1,74.29,-5.71,26.218851570964247,2357.63,5.54,0.9,0.3,0.8
4300307,Alecrim,RS,Sul,1,63.64,-16.36,20.741758241758244,1732.26,5.265000000000001,0.7142857142857143,0.42857142857142855,0.7142857142857143
4300406,Alegrete,RS,Sul,1,44.5,-35.5,21.504710817687915,1653.21,5.188125,0.796875,0.5,0.78125
4300455,Alegria,RS,Sul,1,40.0,-40.0,21.237993596584843,2205.9,5.355,0.4,0.2,1.0
4300471,Almirante Tamandaré Do Sul,RS,Sul,1,52.48,-27.52,12.010443864229766,2128.82,5.48,1.0,0.75,0.75
4300505,Alpestre,RS,Sul,1,78.99,-1.01,17.159763313609467,2094.44,5.286666666666666,0.3,0.6,0.9
4300570,Alto Feliz,RS,Sul,1,62.08,-17.92,7.913669064748201,1814.97,5.859999999999999,0.3333333333333333,0.6666666666666666,0.6666666666666666
4300604,Alvorada,RS,Sul,2,40.52,-39.48,28.13372310262215,1332.84,5.241521739130435,0.56,0.4,0.49333333333333335
4300638,Amaral Ferrador,RS,Sul,2,24.62,-55.38,36.857349746560466,1018.29,4.795999999999999,0.5714285714285714,0.2857142857142857,0.7142857142857143
4300646,Ametista Do Sul,RS,Sul,1,61.64,-18.36,24.377856780091417,1500.41,5.25,0.5,0.625,0.25
4300802,Antônio Prado,RS,Sul,1,59.53,-20.47,13.554502369668247,2153.43,5.723333333333334,0.7857142857142857,0.42857142857142855,0.5714285714285714
4300851,Arambaré,RS,Sul,1,42.63,-37.37,15.0,1556.44,5.047499999999999,0.8,0.2,1.0
4300877,Araricá,RS,Sul,1,61.71,-18.29,21.2378640776699,1362.38,5.293333333333334,0.75,0.25,0.5
4300901,Aratiba,RS,Sul,1,85.62,5.62,15.807560137457044,2353.81,5.715,1.0,0.8333333333333334,0.8333333333333334
4301008,Arroio Do Meio,RS,Sul,1,74.84,-5.16,10.5060668836934,2120.87,5.591111111111111,0.2,0.28,0.6
4301057,Arroio Do Sal,RS,Sul,1,45.16,-34.84,28.092997508995293,1638.58,5.453333333333333,0.75,0.25,0.75
4301073,Arroio Do Padre,RS,Sul,1,57.84,-22.16,14.537444933920703,1613.45,5.51,1.0,0.25,0.25
4301107,Arroio Dos Ratos,RS,Sul,2,47.4,-32.6,33.03741280913126,1504.33,5.106,0.38461538461538464,0.46153846153846156,0.6923076923076923
4301206,Arroio Do Tigre,RS,Sul,1,83.79,3.79,21.743437345220407,1519.14,5.18375,0.8125,0.5,0.8125
4301305,Arroio Grande,RS,Sul,2,31.14,-48.86,28.312782893710004,1360.17,5.034000000000001,0.8095238095238095,0.3333333333333333,0.8095238095238095
4301404,Arvorezinha,RS,Sul,2,36.84,-43.16,23.42931937172775,1561.86,5.45,0.5,0.16666666666666666,0.5833333333333334
4301503,Augusto Pestana,RS,Sul,1,86.25,6.25,15.358361774744028,2387.12,5.510000000000001,1.0,0.125,0.875
4301552,Áurea,RS,Sul,1,89.47,9.47,20.040899795501023,1517.58,5.215,1.0,0.6666666666666666,0.6666666666666666
4301602,Bagé,RS,Sul,2,51.19,-28.81,30.75830800657665,1662.21,5.13063829787234,0.3644859813084112,0.35514018691588783,0.5046728971962616
4301636,Balneário Pinhal,RS,Sul,2,31.86,-48.14,29.867439933719968,1475.9,5.293333333333333,0.46153846153846156,0.23076923076923078,0.46153846153846156
4301651,Barão,RS,Sul,1,64.68,-15.32,3.218390804597701,2268.93,5.833333333333333,0.3333333333333333,0.3333333333333333,0.6666666666666666
4301701,Barão De Cotegipe,RS,Sul,1,83.51,3.51,4.199475065616798,2068.99,5.515000000000001,1.0,0.5,0.75
4301750,Barão Do Triunfo,RS,Sul,1,72.48,-7.52,33.122807017543856,1185.44,4.97,0.3333333333333333,0.16666666666666666,0.8333333333333334
4301800,Barracão,RS,Sul,1,56.84,-23.16,23.730569948186528,1797.57,5.466666666666666,1.0,0.5,0.8333333333333334
4301859,Barra Do Guarita,RS,Sul,1,37.06,-42.94,15.828220858895707,1418.41,5.31,1.0,0.0,1.0
4301875,Barra Do Quaraí,RS,Sul,1,50.37,-29.63,31.062355658198616,1229.26,5.253333333333333,0.75,0.5,0.75
4301909,Barra Do Ribeiro,RS,Sul,2,37.81,-42.19,29.50877192982456,1523.42,5.28,0.3333333333333333,0.2,0.5333333333333333
4301958,Barra Funda,RS,Sul,1,89.47,9.47,3.242320819112628,1991.52,5.805,0.6666666666666666,0.6666666666666666,0.6666666666666666
4302006,Barros Cassal,RS,Sul,2,15.38,-64.62,17.243631613324624,1364.7,4.953333333333333,0.6923076923076923,0.15384615384615385,0.6153846153846154
4302055,Benjamin Constant Do Sul,RS,Sul,1,66.67,-13.33,38.388625592417064,1631.91,5.3,0.4,0.6,1.0
4302105,Bento Gonçalves,RS,Sul,1,69.72,-10.28,10.339476236663433,2516.92,5.539729729729729,0.6692913385826772,0.25196850393700787,0.4881889763779528
4302154,Boa Vista Das Missões,RS,Sul,1,45.45,-34.55,17.704918032786885,1653.55,5.265000000000001,0.5,0.25,0.5
4302204,Boa Vista Do Buricá,RS,Sul,1,76.12,-3.88,11.324786324786325,1976.81,5.64,0.5,0.3333333333333333,0.5
4302220,Boa Vista Do Cadeado,RS,Sul,1,66.39,-13.61,17.570498915401302,2133.19,5.706666666666667,0.75,0.75,0.75
4302238,Boa Vista Do Incra,RS,Sul,1,78.83,-1.17,28.100470957613815,1302.75,5.699999999999999,0.5,0.0,1.0
4302253,Boa Vista Do Sul,RS,Sul,1,68.18,-11.82,23.376623376623375,2314.5,5.7,0.3333333333333333,0.3333333333333333,0.6666666666666666
4302303,Bom Jesus,RS,Sul,2,53.59,-26.41,29.9408575653031,1183.2,5.314,0.5,0.3,0.5
4302352,Bom Princípio,RS,Sul,1,75.7,-4.3,13.375796178343949,2002.51,5.621111111111111,0.21052631578947367,0.3684210526315789,0.47368421052631576
4302378,Bom Progresso,RS,Sul,1,70.59,-9.41,24.32712215320911,1621.07,5.58,0.6,0.2,1.0
4302402,Bom Retiro Do Sul,RS,Sul,1,57.09,-22.91,18.430182133564614,1774.79,5.585714285714286,0.25,0.125,0.6875
4302501,Bossoroca,RS,Sul,2,16.67,-63.33,20.93628088426528,1390.7,5.186,0.6363636363636364,0.45454545454545453,0.9090909090909091
4302584,Bozano,RS,Sul,1,55.56,-24.44,23.694779116465863,1638.05,5.734999999999999,0.75,0.5,0.75
4302659,Brochier,RS,Sul,1,66.62,-13.38,22.194513715710723,1992.92,5.47,1.0,0.75,0.75
4302709,Butiá,RS,Sul,2,34.1,-45.9,31.54339165078815,1374.61,5.2325,0.17647058823529413,0.17647058823529413,0.7647058823529411
4302808,Caçapava Do Sul,RS,Sul,2,41.46,-38.54,28.30188679245283,1519.48,5.287999999999999,0.3333333333333333,0.2222222222222222,0.4722222222222222
4302907,Cacequi,RS,Sul,1,53.36,-26.64,35.512882839086046,1367.34,5.1,0.4375,0.5,0.9375
4303004,Cachoeira Do Sul,RS,Sul,1,45.72,-34.28,29.9355442353675,1757.97,5.231764705882353,0.6986301369863014,0.4246575342465753,0.6438356164383562
4303103,Cachoeirinha,RS,Sul,1,46.41,-33.59,22.99132998701253,1884.12,5.3753125,0.7011494252873564,0.25287356321839083,0.7011494252873564
4303202,Cacique Doble,RS,Sul,1,50.0,-30.0,22.42479489516864,1246.35,5.275,0.6666666666666666,0.4444444444444444,0.7777777777777778
4303301,Caibaté,RS,Sul,1,62.61,-17.39,16.96712619300106,1856.95,5.050000000000001,0.8571428571428571,0.2857142857142857,0.7142857142857143
4303400,Caiçara,RS,Sul,2,40.0,-40.0,30.873493975903614,2241.76,5.19,0.8571428571428571,0.0,0.42857142857142855
4303509,Camaquã,RS,Sul,1,57.06,-22.94,25.64883474576271,1605.16,5.166774193548386,0.6875,0.4791666666666667,0.6041666666666666
4303558,Camargo,RS,Sul,1,76.94,-3.06,11.2012987012987,2309.51,5.715,0.8,0.2,0.6
4303608,Cambará Do Sul,RS,Sul,2,40.0,-40.0,20.46925566343042,1511.6,5.29,0.4,0.2,0.4
4303673,Campestre Da Serra,RS,Sul,1,76.15,-3.85,30.55028462998102,1371.16,5.5566666666666675,1.0,0.75,1.0
4303707,Campina Das Missões,RS,Sul,1,89.23,9.23,11.13013698630137,2384.95,5.6433333333333335,0.875,0.375,0.875
4303806,Campinas Do Sul,RS,Sul,1,67.88,-12.12,13.93884892086331,1877.21,5.623333333333334,0.8,0.6,0.6
4303905,Campo Bom,RS,Sul,1,63.2,-16.8,11.618195376584637,1991.18,5.4448,0.8166666666666667,0.5166666666666667,0.8833333333333333
4304002,Campo Novo,RS,Sul,2,47.39,-32.61,24.482758620689655,1441.24,5.1466666666666665,0.3333333333333333,0.16666666666666666,0.8333333333333334
4304101,Campos Borges,RS,Sul,1,36.66,-43.34,31.12807463952502,1859.44,5.575,1.0,0.6666666666666666,0.6666666666666666
4304200,Candelária,RS,Sul,1,67.34,-12.66,29.416466826538766,1375.38,5.125,0.38461538461538464,0.23076923076923078,0.5769230769230769
4304309,Cândido Godói,RS,Sul,1,88.24,8.24,6.33147113594041,2260.55,5.5825,0.8,0.2,0.8
4304358,Candiota,RS,Sul,2,39.95,-40.05,22.914285714285715,1372.47,5.293333333333333,0.4375,0.125,0.5
4304408,Canela,RS,Sul,1,47.32,-32.68,28.250741211351123,2181.94,5.456666666666666,0.4583333333333333,0.20833333333333334,0.3541666666666667
4304507,Canguçu,RS,Sul,1,59.13,-20.87,27.616926503340757,1501.9,5.265333333333333,0.8148148148148148,0.2037037037037037,0.8703703703703703
4304606,Canoas,RS,Sul,1,41.9,-38.1,22.46117773677737,2066.82,5.3639743589743585,0.6683673469387755,0.3469387755102041,0.5510204081632653
4304614,Canudos Do Vale,RS,Sul,1,80.0,0.0,16.39871382636656,1812.7,5.3100000000000005,1.0,0.3333333333333333,1.0
4304622,Capão Bonito Do Sul,RS,Sul,1,72.22,-7.78,14.022140221402212,1683.27,5.145,0.75,0.75,0.75
4304630,Capão Da Canoa,RS,Sul,2,40.68,-39.32,27.22020254479356,1932.27,5.3406666666666665,0.6363636363636364,0.2727272727272727,0.32727272727272727
4304655,Capão Do Cipó,RS,Sul,1,71.43,-8.57,28.28054298642534,1746.81,5.4399999999999995,0.8,0.6,1.0
4304663,Capão Do Leão,RS,Sul,2,32.59,-47.41,31.360432557690448,1171.22,5.2175,0.6,0.25,0.75
4304671,Capivari Do Sul,RS,Sul,1,51.12,-28.88,23.393939393939394,1622.38,5.654999999999999,0.8,0.6,0.8
4304689,Capela De Santana,RS,Sul,2,60.36,-19.64,30.412371134020617,1406.12,5.26625,0.4666666666666667,0.13333333333333333,0.4
4304697,Capitão,RS,Sul,1,82.52,2.52,4.072398190045249,1761.46,5.46,0.6,0.6,0.6
4304705,Carazinho,RS,Sul,1,50.67,-29.33,20.931460555496884,2049.08,5.408461538461538,0.6481481481481481,0.5,0.7222222222222222
4304713,Caraá,RS,Sul,1,83.66,3.66,29.438347320852166,1436.47,5.34,0.2222222222222222,0.0,0.6666666666666666
4304804,Carlos Barbosa,RS,Sul,1,76.32,-3.68,14.093357271095153,2626.72,5.733,0.6451612903225806,0.1935483870967742,0.4838709677419355
4304853,Carlos Gomes,RS,Sul,1,50.0,-30.0,10.869565217391305,1475.2,5.445,0.6666666666666666,0.6666666666666666,0.6666666666666666
4304903,Casca,RS,Sul,1,81.22,1.22,10.52060737527115,2626.19,5.6325,0.9166666666666666,0.25,0.6666666666666666
4304952,Caseiros,RS,Sul,1,41.3,-38.7,27.42616033755274,1774.11,5.470000000000001,1.0,0.3333333333333333,0.6666666666666666
4305009,Catuípe,RS,Sul,1,55.89,-24.11,20.799273387829246,1787.11,5.2725,0.7,0.6,0.7
4305108,Caxias Do Sul,RS,Sul,1,52.9,-27.1,23.178957398259822,2330.62,5.494354838709677,0.6913265306122449,0.3826530612244898,0.45153061224489793
4305116,Centenário,RS,Sul,1,85.71,5.71,6.775700934579438,1378.3,5.42,1.0,0.3333333333333333,0.6666666666666666
4305124,Cerrito,RS,Sul,2,53.7,-26.3,27.61609907120743,1229.98,5.014,0.5,0.3,0.6
4305132,Cerro Branco,RS,Sul,1,72.22,-7.78,21.821036106750395,1507.25,5.1033333333333335,0.2,0.2,0.6
4305157,Cerro Grande,RS,Sul,1,50.0,-30.0,20.520231213872833,1824.62,5.29,0.75,0.5,1.0
4305173,Cerro Grande Do Sul,RS,Sul,2,29.15,-50.85,29.08082408874802,1300.87,5.08,0.7272727272727273,0.36363636363636365,0.7272727272727273
4305207,Cerro Largo,RS,Sul,1,53.84,-26.16,20.257695060844664,1996.14,5.304,0.6666666666666666,0.3333333333333333,0.5333333333333333
4305306,Chapada,RS,Sul,1,58.0,-22.0,9.566787003610107,1849.22,5.6175,0.9166666666666666,0.5833333333333334,0.5
4305355,Charqueadas,RS,Sul,1,43.8,-36.2,24.01466544454629,1785.15,5.492857142857143,0.7142857142857143,0.42857142857142855,0.5
4305371,Charrua,RS,Sul,2,11.76,-68.24,33.03964757709251,1739.81,5.4433333333333325,0.6,0.2,1.0
4305405,Chiapetta,RS,Sul,1,72.74,-7.26,17.901234567901234,1954.81,5.32,1.0,0.5,0.8333333333333334
4305439,Chuí,RS,Sul,1,52.67,-27.33,22.094298245614034,1448.23,5.275,0.3333333333333333,0.3333333333333333,0.3333333333333333
4305447,Chuvisca,RS,Sul,1,68.93,-11.07,19.67032967032967,1608.16,5.1466666666666665,0.75,0.75,1.0
4305454,Cidreira,RS,Sul,2,29.89,-50.11,28.451882845188287,1526.55,5.233333333333333,0.5833333333333334,0.4166666666666667,0.5
4305504,Ciríaco,RS,Sul,1,83.33,3.33,15.275813295615276,1730.43,5.28,0.625,0.375,0.5
4305587,Colinas,RS,Sul,1,75.58,-4.42,12.828947368421053,2243.77,5.75,1.0,0.6666666666666666,0.6666666666666666
4305603,Colorado,RS,Sul,1,81.82,1.82,15.246636771300448,2130.43,5.74,1.0,0.4,0.6
4305702,Condor,RS,Sul,1,74.25,-5.75,24.71819645732689,1895.81,5.3425,0.42857142857142855,0.0,0.8571428571428571
4305801,Constantina,RS,Sul,1,80.03,0.03,25.76393049730378,2063.36,5.616666666666667,0.9,0.6,0.8
4305850,Coqueiros Do Sul,RS,Sul,1,88.24,8.24,14.90066225165563,2555.61,5.58,0.75,0.25,0.75
4305871,Coronel Barros,RS,Sul,1,71.81,-8.19,15.904139433551197,2178.56,5.615,1.0,0.3333333333333333,1.0
4305900,Coronel Bicaco,RS,Sul,2,49.77,-30.23,22.797131147540984,1313.41,5.163333333333333,0.5,0.1,0.2
4305934,Coronel Pilar,RS,Sul,1,83.33,3.33,12.857142857142856,2882.39,5.795,1.0,0.6666666666666666,0.6666666666666666
4305959,Cotiporã,RS,Sul,1,63.79,-16.21,3.313840155945419,2003.46,5.84,1.0,1.0,1.0
4305975,Coxilha,RS,Sul,1,55.17,-24.83,13.461538461538462,1655.79,5.41,1.0,0.6666666666666666,0.6666666666666666
4306007,Crissiumal,RS,Sul,1,66.39,-13.61,9.372453137734311,1902.99,5.396,0.5555555555555556,0.4444444444444444,0.6666666666666666
4306056,Cristal,RS,Sul,1,90.0,10.0,27.10163111668758,1456.88,5.2475000000000005,1.0,0.4,0.8
4306072,Cristal Do Sul,RS,Sul,2,28.57,-51.43,21.812596006144393,1402.3,5.085,0.75,0.0,0.75
4306106,Cruz Alta,RS,Sul,1,54.37,-25.63,23.859829940736923,1995.66,5.285,0.5142857142857142,0.32857142857142857,0.6428571428571429
4306130,Cruzaltense,RS,Sul,1,66.67,-13.33,7.87037037037037,1965.07,5.52,0.3333333333333333,0.6666666666666666,0.6666666666666666
4306205,Cruzeiro Do Sul,RS,Sul,1,59.02,-20.98,12.643224022125644,1693.59,5.3914285714285715,0.42857142857142855,0.14285714285714285,0.42857142857142855
4306320,Derrubadas,RS,Sul,1,54.84,-25.16,15.505617977528091,1783.0,5.07,0.4,0.8,0.8
4306379,Dilermando De Aguiar,RS,Sul,1,46.46,-33.54,27.571115973741794,1705.85,5.08,1.0,0.75,0.75
4306403,Dois Irmãos,RS,Sul,1,66.94,-13.06,13.299784327821712,2188.04,5.568181818181818,0.2972972972972973,0.4594594594594595,0.4864864864864865
4306429,Dois Irmãos Das Missões,RS,Sul,1,50.0,-30.0,16.60470879801735,1288.19,4.6899999999999995,0.8,0.8,0.8
4306452,Dois Lajeados,RS,Sul,1,92.86,12.86,15.151515151515152,1823.9,5.64,0.6666666666666666,0.6666666666666666,1.0
4306502,Dom Feliciano,RS,Sul,1,63.07,-16.93,29.532263571184703,1327.63,4.848333333333334,1.0,0.375,0.75
4306551,Dom Pedro De Alcântara,RS,Sul,1,62.91,-17.09,21.6,1374.7,5.74,1.0,0.5,0.75
4306601,Dom Pedrito,RS,Sul,2,47.54,-32.46,29.41491641663095,1515.04,5.146315789473684,0.3469387755102041,0.20408163265306123,0.3673469387755102
4306700,Dona Francisca,RS,Sul,1,69.23,-10.77,26.190476190476193,1460.43,5.359999999999999,0.25,0.5,1.0
4306734,Doutor Maurício Cardoso,RS,Sul,1,63.58,-16.42,22.10834553440703,2041.23,5.43,1.0,1.0,1.0
4306759,Doutor Ricardo,RS,Sul,1,57.89,-22.11,7.052896725440807,2045.38,5.57,1.0,0.6666666666666666,0.6666666666666666
4306767,Eldorado Do Sul,RS,Sul,2,28.87,-51.13,26.62048769499352,1573.59,5.316923076923077,0.4,0.2857142857142857,0.42857142857142855
4306809,Encantado,RS,Sul,1,78.1,-1.9,18.88042398145081,2213.18,5.448888888888889,0.4,0.28,0.52
4306908,Encruzilhada Do Sul,RS,Sul,2,48.96,-31.04,28.261811876896402,1425.04,5.1525,0.7272727272727273,0.13636363636363635,0.6818181818181818
4306924,Engenho Velho,RS,Sul,1,46.15,-33.85,35.634743875278396,1746.89,5.0649999999999995,1.0,0.3333333333333333,0.6666666666666666
4306932,Entre-Ijuís,RS,Sul,1,68.18,-11.82,14.683368128044538,1554.23,5.276,0.75,0.125,0.875
4306957,Entre Rios Do Sul,RS,Sul,1,71.79,-8.21,20.722891566265062,1596.55,5.225,1.0,0.6666666666666666,0.6666666666666666
4306973,Erebango,RS,Sul,1,66.67,-13.33,30.164888457807955,1452.05,5.275,0.4,0.2,0.6
4307005,Erechim,RS,Sul,1,67.02,-12.98,14.806699013930192,2385.71,5.475185185185186,0.7532467532467533,0.36363636363636365,0.5324675324675324
4307054,Ernestina,RS,Sul,1,82.22,2.22,18.072289156626507,1833.01,5.6850000000000005,0.6,0.8,0.8
4307104,Herval,RS,Sul,2,46.57,-33.43,31.05659325341511,1225.78,4.8975,0.75,0.5,0.625
4307203,Erval Grande,RS,Sul,1,94.36,14.36,24.733637747336378,1448.46,5.2375,1.0,0.4,0.8
4307302,Erval Seco,RS,Sul,1,49.39,-30.61,18.9083820662768,1414.36,5.2425,0.3,0.4,0.7
4307401,Esmeralda,RS,Sul,2,35.56,-44.44,16.783216783216783,1412.83,5.35,0.3333333333333333,0.3333333333333333,0.6666666666666666
4307450,Esperança Do Sul,RS,Sul,1,61.99,-18.01,30.208333333333332,1449.92,4.976666666666667,0.25,0.25,0.75
4307500,Espumoso,RS,Sul,1,50.11,-29.89,27.28133880644143,1984.0,5.5075,0.6842105263157895,0.5789473684210527,0.7368421052631579
4307559,Estação,RS,Sul,1,75.26,-4.74,23.302263648468706,1792.35,5.67,0.6,0.2,0.6
4307609,Estância Velha,RS,Sul,1,55.99,-24.01,23.496357960457857,1975.46,5.504666666666666,0.8163265306122449,0.40816326530612246,0.5102040816326531
4307708,Esteio,RS,Sul,1,53.21,-26.79,23.91681109185442,1899.78,5.332000000000001,0.7083333333333334,0.4861111111111111,0.4444444444444444
4307807,Estrela,RS,Sul,1,59.34,-20.66,21.112123974475843,2031.92,5.476923076923077,0.7352941176470589,0.11764705882352941,0.7352941176470589
4307815,Estrela Velha,RS,Sul,1,91.43,11.43,29.82625482625483,1666.27,5.343333333333334,0.3333333333333333,0.6666666666666666,0.8333333333333334
4307831,Eugênio De Castro,RS,Sul,1,41.67,-38.33,21.37518684603886,1771.7,5.256666666666667,0.5,0.25,0.75
4307864,Fagundes Varela,RS,Sul,1,93.1,13.1,15.09433962264151,2086.7,5.88,1.0,0.5,1.0
4307906,Farroupilha,RS,Sul,1,75.71,-4.29,24.96027380515829,2099.9,5.634285714285714,0.7066666666666667,0.48,0.5733333333333334
4308003,Faxinal Do Soturno,RS,Sul,1,63.08,-16.92,31.914893617021278,1987.81,5.484999999999999,0.42857142857142855,0.2857142857142857,0.8571428571428571
4308052,Faxinalzinho,RS,Sul,1,59.13,-20.87,30.47001620745543,1922.21,5.455,1.0,0.6,0.8
4308078,Fazenda Vilanova,RS,Sul,1,75.3,-4.7,19.61770623742455,1500.24,5.515,0.0,0.5,0.6666666666666666
4308102,Feliz,RS,Sul,1,70.13,-9.87,9.249743062692703,2300.06,5.666666666666667,0.8,0.26666666666666666,0.7333333333333333
4308201,Flores Da Cunha,RS,Sul,1,68.48,-11.52,12.209302325581394,2303.59,5.707333333333334,0.8275862068965517,0.5517241379310345,0.6896551724137931
4308250,Floriano Peixoto,RS,Sul,1,70.59,-9.41,9.627329192546584,1586.03,5.59,0.6666666666666666,0.3333333333333333,0.6666666666666666
4308300,Fontoura Xavier,RS,Sul,2,53.09,-26.91,29.381443298969074,1460.29,5.085,0.25,0.16666666666666666,0.25
4308409,Formigueiro,RS,Sul,2,42.11,-37.89,25.537359263050153,1436.99,5.353333333333334,0.5,0.25,0.625
4308433,Forquetinha,RS,Sul,1,60.84,-19.16,3.783783783783784,1608.56,5.595,1.0,0.3333333333333333,0.6666666666666666
4308458,Fortaleza Dos Valos,RS,Sul,1,88.73,8.73,17.17557251908397,2095.83,5.76,0.5,0.16666666666666666,0.6666666666666666
4308508,Frederico Westphalen,RS,Sul,1,41.36,-38.64,21.23629112662014,2257.68,5.3675,0.7567567567567568,0.35135135135135137,0.7027027027027027
4308607,Garibaldi,RS,Sul,1,66.72,-13.28,14.640734737979471,2487.48,5.518571428571429,0.4,0.3,0.55
4308656,Garruchos,RS,Sul,1,50.0,-30.0,19.47840260798696,1367.69,5.175000000000001,0.75,0.5,1.0
4308706,Gaurama,RS,Sul,1,64.61,-15.39,11.686746987951807,2655.63,5.675,0.75,0.75,0.75
4308805,General Câmara,RS,Sul,2,42.86,-37.14,24.237623762376238,1484.84,5.405,0.5454545454545454,0.18181818181818182,0.45454545454545453
4308854,Gentil,RS,Sul,1,75.0,-5.0,12.333333333333334,2888.72,5.5600000000000005,0.4,0.2,0.4
4308904,Getúlio Vargas,RS,Sul,1,80.47,0.47,16.692034500253676,2249.9,5.46375,0.8,0.4666666666666667,0.7333333333333333
4309001,Giruá,RS,Sul,1,63.08,-16.92,24.803827751196174,1632.65,5.174444444444444,0.5238095238095238,0.47619047619047616,0.7142857142857143
4309050,Glorinha,RS,Sul,1,55.85,-24.15,20.24373730534868,1564.64,5.525,0.2857142857142857,0.14285714285714285,0.8571428571428571
4309100,Gramado,RS,Sul,1,71.92,-8.08,24.691675231243575,2622.73,5.53,0.425531914893617,0.3404255319148936,0.48936170212765956
4309126,Gramado Dos Loureiros,RS,Sul,2,31.25,-48.75,23.243243243243246,1252.53,5.33,0.75,0.0,1.0
4309209,Gravataí,RS,Sul,2,45.99,-34.01,28.31543780036803,1696.73,5.393529411764706,0.6098901098901099,0.24175824175824176,0.35714285714285715
4309258,Guabiju,RS,Sul,1,90.0,10.0,23.91304347826087,1705.26,5.7,0.3333333333333333,0.0,0.3333333333333333
4309308,Guaíba,RS,Sul,2,41.23,-38.77,27.83191907214585,1668.25,5.34741935483871,0.6521739130434783,0.2318840579710145,0.5217391304347826
4309407,Guaporé,RS,Sul,1,63.21,-16.79,25.80030487804878,2065.92,5.673333333333333,0.92,0.48,0.44
4309506,Guarani Das Missões,RS,Sul,1,66.86,-13.14,20.69271758436945,1956.16,5.486666666666667,1.0,0.4444444444444444,0.8888888888888888
4309555,Harmonia,RS,Sul,1,76.47,-3.53,7.459677419354839,2119.47,5.805,0.16666666666666666,0.5,0.6666666666666666
4309571,Herveiras,RS,Sul,1,100.0,20.0,31.625835189309576,1484.1,5.07,1.0,0.2,0.8
4309605,Horizontina,RS,Sul,1,67.85,-12.15,21.908893709327547,2203.71,5.575714285714286,0.26666666666666666,0.6,0.6666666666666666
4309654,Hulha Negra,RS,Sul,2,53.13,-26.87,25.906183368869932,1219.72,5.048,0.5,0.25,0.375
4309704,Humaitá,RS,Sul,1,77.06,-2.94,14.768460575719649,1799.56,5.583333333333333,0.5,0.3333333333333333,0.8333333333333334
4309753,Ibarama,RS,Sul,1,73.32,-6.68,18.61777150916784,1515.91,5.265000000000001,0.25,0.75,0.75
4309803,Ibiaçá,RS,Sul,1,87.5,7.5,18.394648829431436,1840.85,5.49,0.75,0.5,0.5
4309902,Ibiraiaras,RS,Sul,1,78.53,-1.47,22.649140546006066,2287.25,5.8,0.625,0.125,0.625
4309951,Ibirapuitã,RS,Sul,1,65.44,-14.56,22.03548085901027,1762.16,5.25,0.8333333333333334,0.3333333333333333,0.16666666666666666
4310009,Ibirubá,RS,Sul,1,34.29,-45.71,9.230769230769232,2923.72,5.692222222222222,0.5909090909090909,0.3181818181818182,0.5909090909090909
4310108,Igrejinha,RS,Sul,1,76.18,-3.82,16.73610113489441,1769.21,5.344666666666667,0.5555555555555556,0.1388888888888889,0.5833333333333334
4310207,Ijuí,RS,Sul,1,69.92,-10.08,21.128769356153217,2280.37,5.418787878787879,0.76,0.32,0.6266666666666667
4310306,Ilópolis,RS,Sul,1,100.0,20.0,7.603686635944701,2139.37,5.78,0.6,0.2,0.8
4310330,Imbé,RS,Sul,1,45.46,-34.54,23.295899712718725,1774.31,5.42625,0.8636363636363636,0.5454545454545454,0.6818181818181818
4310363,Imigrante,RS,Sul,1,73.33,-6.67,5.985915492957746,2396.68,5.623333333333334,0.6,0.6,0.6
4310405,Independência,RS,Sul,1,64.8,-15.2,24.59727385377943,1910.25,5.375,0.6,0.6,0.8
4310413,Inhacorá,RS,Sul,1,45.0,-35.0,23.79471228615863,1245.23,5.34,1.0,0.3333333333333333,0.3333333333333333
4310439,Ipê,RS,Sul,1,89.36,9.36,26.64576802507837,1802.03,5.656666666666666,0.75,0.25,0.625
4310462,Ipiranga Do Sul,RS,Sul,1,84.21,4.21,12.380952380952381,2773.2,5.96,1.0,1.0,1.0
4310504,Iraí,RS,Sul,1,70.52,-9.48,25.70694087403599,1572.85,5.208,0.6666666666666666,0.25,0.5833333333333334
4310538,Itaara,RS,Sul,1,63.54,-16.46,19.76647206005004,2136.25,5.473333333333334,0.6,0.4,1.0
4310553,Itacurubi,RS,Sul,2,20.59,-59.41,29.509493670886076,1298.07,5.016666666666667,0.8,0.2,0.8
4310579,Itapuca,RS,Sul,1,83.33,3.33,10.355987055016183,2035.46,5.645,1.0,0.6666666666666666,1.0
4310603,Itaqui,RS,Sul,2,50.99,-29.01,26.75629232790862,1442.82,5.074117647058824,0.5333333333333333,0.43333333333333335,0.4
4310652,Itati,RS,Sul,2,35.71,-44.29,23.937360178970916,1327.12,5.3,0.5,0.25,0.75
4310702,Itatiba Do Sul,RS,Sul,1,47.37,-32.63,15.057283142389524,1459.71,5.1850000000000005,1.0,0.75,0.75
4310751,Ivorá,RS,Sul,1,83.33,3.33,16.9811320754717,1960.11,5.6850000000000005,0.6666666666666666,0.3333333333333333,0.6666666666666666
4310801,Ivoti,RS,Sul,1,70.13,-9.87,13.730355665839536,2380.0,5.766666666666667,0.7894736842105263,0.3157894736842105,0.7894736842105263
4310850,Jaboticaba,RS,Sul,1,88.24,8.24,13.658536585365855,1329.75,5.324999999999999,0.6,0.8,0.8
4310876,Jacuizinho,RS,Sul,2,11.11,-68.89,28.53503184713376,1148.0,5.013333333333333,0.6,0.2,0.6
4310900,Jacutinga,RS,Sul,1,68.67,-11.33,10.62124248496994,1979.26,5.59,0.6666666666666666,0.6666666666666666,0.6666666666666666
4311007,Jaguarão,RS,Sul,2,43.39,-36.61,28.145171111923027,1581.33,5.149333333333333,0.6176470588235294,0.23529411764705882,0.38235294117647056
4311106,Jaguari,RS,Sul,1,54.96,-25.04,30.285929270127916,1871.31,5.3825,0.7,0.6,0.7
4311122,Jaquirana,RS,Sul,1,65.35,-14.65,33.19467554076539,1058.77,5.295,1.0,0.3333333333333333,0.3333333333333333
4311130,Jari,RS,Sul,1,68.13,-11.87,23.49056603773585,1331.59,5.265000000000001,1.0,0.4,0.8
4311155,Jóia,RS,Sul,1,77.78,-2.22,29.042601923957857,1881.4,5.2219999999999995,0.9230769230769231,0.38461538461538464,0.8461538461538461
4311205,Júlio De Castilhos,RS,Sul,1,55.84,-24.16,27.111660486196953,1699.46,5.183333333333334,0.5714285714285714,0.5714285714285714,0.75
4311239,Lagoa Bonita Do Sul,RS,Sul,1,69.76,-10.24,20.72784810126582,1502.05,5.18,0.25,0.75,0.75
4311254,Lagoão,RS,Sul,1,51.61,-28.39,30.535390199637025,1280.03,4.8,0.6666666666666666,0.6666666666666666,0.7777777777777778
4311270,Lagoa Dos Três Cantos,RS,Sul,1,93.33,13.33,9.473684210526317,2326.25,5.805,0.25,0.25,0.75
4311304,Lagoa Vermelha,RS,Sul,1,47.24,-32.76,30.36132485781198,1855.38,5.371764705882352,0.5348837209302325,0.4418604651162791,0.7441860465116279
4311403,Lajeado,RS,Sul,1,58.46,-21.54,12.373615792007703,2490.87,5.504333333333333,0.7142857142857143,0.2727272727272727,0.4935064935064935
4311502,Lavras Do Sul,RS,Sul,2,31.81,-48.19,30.88023088023088,1521.74,5.308,0.2222222222222222,0.2222222222222222,0.6666666666666666
4311601,Liberato Salzano,RS,Sul,1,61.82,-18.18,19.06677393403057,1705.05,5.105,0.875,0.625,0.75
4311627,Lindolfo Collor,RS,Sul,1,55.75,-24.25,23.938572719060524,1516.47,5.401999999999999,0.7777777777777778,0.5555555555555556,0.4444444444444444
4311643,Linha Nova,RS,Sul,1,90.91,10.91,8.80503144654088,1864.49,5.395,1.0,0.6666666666666666,0.6666666666666666
4311700,Machadinho,RS,Sul,1,75.03,-4.97,17.68368617683686,1501.06,5.1866666666666665,0.7142857142857143,0.0,0.42857142857142855
4311718,Maçambará,RS,Sul,1,45.97,-34.03,31.922870915907875,1297.03,5.302,0.6666666666666666,0.6666666666666666,0.8333333333333334
4311734,Mampituba,RS,Sul,1,69.74,-10.26,27.77053455019557,1297.67,5.1975,0.4,0.4,0.6
4311759,Manoel Viana,RS,Sul,1,64.44,-15.56,20.89041095890411,1491.49,5.316666666666666,0.8571428571428571,0.5714285714285714,1.0
4311775,Maquiné,RS,Sul,2,11.11,-68.89,29.85521717423864,1494.9,5.390000000000001,0.35714285714285715,0.14285714285714285,0.2857142857142857
4311791,Maratá,RS,Sul,1,77.2,-2.8,8.860759493670885,2028.04,5.609999999999999,0.16666666666666666,0.3333333333333333,0.8333333333333334
4311809,Marau,RS,Sul,1,47.06,-32.94,17.62807583703106,2256.96,5.434545454545455,0.24242424242424243,0.48484848484848486,0.5151515151515151
4311908,Marcelino Ramos,RS,Sul,1,78.71,-1.29,10.616438356164384,2070.86,5.533333333333334,0.6,0.4,0.8
4311981,Mariana Pimentel,RS,Sul,0,79.77,-0.23,34.46969696969697,1441.03,5.14,0.8333333333333334,0.0,0.3333333333333333
4312005,Mariano Moro,RS,Sul,1,90.91,10.91,10.307017543859649,2243.73,5.475,1.0,0.5,0.5
4312054,Marques De Souza,RS,Sul,1,78.33,-1.67,5.357142857142857,1825.9,5.655,0.7142857142857143,0.2857142857142857,0.8571428571428571
4312104,Mata,RS,Sul,1,43.75,-36.25,27.56849315068493,1543.63,5.44,0.6666666666666666,0.16666666666666666,0.8333333333333334
4312153,Mato Leitão,RS,Sul,1,78.79,-1.21,14.475271411338964,1637.84,5.3566666666666665,1.0,0.5,0.75
4312179,Mato Queimado,RS,Sul,1,100.0,20.0,28.35820895522388,1352.71,5.640000000000001,0.8,0.6,0.8
4312203,Maximiliano De Almeida,RS,Sul,1,52.31,-27.69,20.673952641165755,1564.17,5.1875,0.5,0.3333333333333333,0.8333333333333334
4312252,Minas Do Leão,RS,Sul,1,73.92,-6.08,32.018258884903815,1237.25,5.242,0.6666666666666666,1.0,0.5
4312302,Miraguaí,RS,Sul,1,66.67,-13.33,25.219023779724658,1413.56,4.883333333333334,0.4444444444444444,0.5555555555555556,0.5555555555555556
4312351,Montauri,RS,Sul,1,94.74,14.74,1.5151515151515151,2821.46,5.835,1.0,0.6666666666666666,1.0
4312377,Monte Alegre Dos Campos,RS,Sul,2,50.0,-30.0,24.12790697674419,1166.56,5.1066666666666665,0.42857142857142855,0.2857142857142857,0.42857142857142855
4312385,Monte Belo Do Sul,RS,Sul,1,88.89,8.89,33.33333333333333,1921.88,5.890000000000001,1.0,0.25,1.0
4312401,Montenegro,RS,Sul,1,48.56,-31.44,25.569516804576566,1897.77,5.425714285714285,0.4426229508196721,0.5245901639344263,0.7377049180327869
4312427,Mormaço,RS,Sul,1,90.91,10.91,24.587706146926536,1549.13,5.1850000000000005,0.16666666666666666,0.3333333333333333,0.5
4312443,Morrinhos Do Sul,RS,Sul,1,56.0,-24.0,11.071428571428571,1608.45,5.485,0.8,0.2,0.8
4312450,Morro Redondo,RS,Sul,1,75.6,-4.4,25.221033038622615,1503.22,5.406666666666666,0.5714285714285714,0.42857142857142855,0.8571428571428571
4312476,Morro Reuter,RS,Sul,1,71.96,-8.04,12.320916905444127,1806.64,5.846666666666667,0.4444444444444444,0.5555555555555556,0.5555555555555556
4312500,Mostardas,RS,Sul,1,57.24,-22.76,29.475197699496764,1246.83,5.2725,0.4,0.3333333333333333,0.6
4312609,Muçum,RS,Sul,1,52.63,-27.37,9.438470728793309,2114.86,5.61,0.6,0.2,0.2
4312617,Muitos Capões,RS,Sul,1,57.89,-22.11,30.550918196994992,1418.99,5.42,0.6666666666666666,0.6666666666666666,0.6666666666666666
4312658,Não-Me-Toque,RS,Sul,1,63.85,-16.15,12.5,2175.25,5.596666666666667,0.75,0.3,0.6
4312674,Nicolau Vergueiro,RS,Sul,1,72.22,-7.78,20.49469964664311,2530.73,5.68,0.3333333333333333,0.0,0.3333333333333333
4312708,Nonoai,RS,Sul,1,62.07,-17.93,22.54106471403127,1582.13,5.24,0.8333333333333334,0.4166666666666667,0.5
4312757,Nova Alvorada,RS,Sul,1,85.68,5.68,23.70689655172414,2575.7,5.725,1.0,0.6666666666666666,0.6666666666666666
4312807,Nova Araçá,RS,Sul,1,70.79,-9.21,11.884057971014492,2136.64,5.345000000000001,0.4,0.4,0.6
4312906,Nova Bassano,RS,Sul,1,66.05,-13.95,7.854406130268199,2046.8,5.566666666666666,0.8571428571428571,0.42857142857142855,0.42857142857142855
4312955,Nova Boa Vista,RS,Sul,1,60.0,-20.0,12.5,2487.62,5.755,1.0,1.0,1.0
4313003,Nova Bréscia,RS,Sul,1,88.21,8.21,7.663551401869159,2582.36,5.865,1.0,0.0,0.3333333333333333
4313011,Nova Candelária,RS,Sul,1,89.01,9.01,3.582089552238806,2547.55,5.66,0.75,0.0,0.5
4313037,Nova Esperança Do Sul,RS,Sul,1,78.26,-1.74,18.627450980392158,1628.39,5.27,0.75,0.25,0.75
4313060,Nova Hartz,RS,Sul,1,46.88,-33.12,25.122042808862183,1487.48,5.25,0.4444444444444444,0.3333333333333333,0.6666666666666666
4313086,Nova Pádua,RS,Sul,1,81.82,1.82,7.547169811320755,2241.7,5.77,1.0,1.0,1.0
4313102,Nova Palma,RS,Sul,1,66.17,-13.83,20.97669256381798,1829.37,5.335,0.8571428571428571,0.42857142857142855,0.8571428571428571
4313201,Nova Petrópolis,RS,Sul,1,81.75,1.75,16.469517743403095,2219.28,5.781000000000001,0.7727272727272727,0.5,0.5909090909090909
4313300,Nova Prata,RS,Sul,1,70.93,-9.07,12.69732326698696,2089.33,5.6659999999999995,0.30434782608695654,0.2608695652173913,0.5217391304347826
4313334,Nova Ramada,RS,Sul,1,75.76,-4.24,15.384615384615385,3024.38,5.595,0.5,0.0,1.0
4313359,Nova Roma Do Sul,RS,Sul,1,100.0,20.0,27.67857142857143,2294.79,5.88,1.0,0.6666666666666666,0.6666666666666666
4313375,Nova Santa Rita,RS,Sul,2,49.0,-31.0,27.626380305946714,1533.62,5.36,0.32142857142857145,0.17857142857142858,0.4642857142857143
4313391,Novo Cabrais,RS,Sul,1,77.87,-2.13,24.696802646085995,1644.07,5.3825,0.4,0.6,0.8
4313409,Novo Hamburgo,RS,Sul,1,46.83,-33.17,24.884724955211606,2138.48,5.358461538461539,0.8987341772151899,0.5569620253164557,0.6329113924050633
4313425,Novo Machado,RS,Sul,2,46.15,-33.85,27.719298245614034,1276.42,5.255,0.6,0.0,0.6
4313441,Novo Tiradentes,RS,Sul,1,52.63,-27.37,14.726027397260275,1617.01,5.1,0.5,0.5,0.5
4313466,Novo Xingu,RS,Sul,1,76.19,-3.81,6.962025316455696,2118.7,5.38,0.6666666666666666,0.6666666666666666,0.3333333333333333
4313490,Novo Barreiro,RS,Sul,1,73.06,-6.94,22.882513661202186,1322.87,5.343333333333334,1.0,0.25,0.75
4313508,Osório,RS,Sul,1,46.42,-33.58,30.395773103379526,2065.29,5.568333333333333,0.6136363636363636,0.36363636363636365,0.5227272727272727
4313607,Paim Filho,RS,Sul,1,69.13,-10.87,11.712846347607053,1670.92,5.55,1.0,0.0,0.6666666666666666
4313656,Palmares Do Sul,RS,Sul,2,40.77,-39.23,30.040695523492417,1325.77,5.36,0.46153846153846156,0.23076923076923078,0.38461538461538464
4313706,Palmeira Das Missões,RS,Sul,1,52.89,-27.11,26.754661638382572,1578.86,5.335333333333334,0.53125,0.3125,0.71875
4313805,Palmitinho,RS,Sul,1,88.21,8.21,28.578654527061204,1562.57,4.983333333333333,0.8571428571428571,0.0,0.7142857142857143
4313904,Panambi,RS,Sul,1,65.01,-14.99,23.526370217166495,2086.21,5.558125,0.717948717948718,0.41025641025641024,0.6923076923076923
4313953,Pantano Grande,RS,Sul,1,54.92,-25.08,29.06131938390003,1438.55,5.121666666666667,0.7,0.4,0.7
4314001,Paraí,RS,Sul,1,82.69,2.69,7.092198581560284,2303.16,5.654999999999999,0.5714285714285714,0.2857142857142857,0.5714285714285714
4314027,Paraíso Do Sul,RS,Sul,1,81.34,1.34,28.56109906001446,1115.75,5.5525,0.4,0.3,0.6
4314035,Pareci Novo,RS,Sul,1,47.06,-32.94,21.379310344827587,1816.63,5.81,0.6666666666666666,0.6666666666666666,0.8333333333333334
4314050,Parobé,RS,Sul,1,46.4,-33.6,25.47253277567763,1535.37,5.317619047619048,0.6666666666666666,0.3111111111111111,0.5555555555555556
4314068,Passa Sete,RS,Sul,1,74.85,-5.15,15.452261306532664,1266.84,4.966666666666667,0.5,0.8333333333333334,0.8333333333333334
4314076,Passo Do Sobrado,RS,Sul,1,57.2,-22.8,21.074815595363543,1493.09,5.3225,1.0,0.6666666666666666,0.8333333333333334
4314100,Passo Fundo,RS,Sul,1,39.33,-40.67,26.666666666666668,2343.36,5.438095238095238,0.6222222222222222,0.3277777777777778,0.6833333333333333
4314134,Paulo Bento,RS,Sul,1,65.22,-14.78,4.093567251461988,2959.51,5.6899999999999995,1.0,0.6666666666666666,0.6666666666666666
4314159,Paverama,RS,Sul,1,54.31,-25.69,20.812182741116754,1447.12,5.3774999999999995,0.4166666666666667,0.5,0.5833333333333334
4314175,Pedras Altas,RS,Sul,1,62.5,-17.5,26.321709786276713,1529.35,5.55,0.8333333333333334,0.16666666666666666,1.0
4314209,Pedro Osório,RS,Sul,2,36.84,-43.16,31.517379679144387,1254.09,5.1,1.0,0.5,0.6666666666666666
4314308,Pejuçara,RS,Sul,1,89.0,9.0,16.503800217155266,1691.27,5.73,0.6666666666666666,0.6666666666666666,0.6666666666666666
4314407,Pelotas,RS,Sul,2,29.25,-50.75,29.298800501283047,1959.93,5.226534653465347,0.6942148760330579,0.4132231404958678,0.5785123966942148
4314423,Picada Café,RS,Sul,1,72.39,-7.61,10.85972850678733,2056.94,5.783333333333334,0.7142857142857143,0.5714285714285714,0.7142857142857143
4314456,Pinhal,RS,Sul,1,71.43,-8.57,9.983633387888707,1426.23,5.283333333333333,1.0,0.5,1.0
4314464,Pinhal Da Serra,RS,Sul,1,73.94,-6.06,30.131826741996232,1382.28,5.195,0.6666666666666666,0.6666666666666666,0.8333333333333334
4314498,Pinheirinho Do Vale,RS,Sul,1,51.28,-28.72,25.80195258019526,1757.29,5.0975,0.75,0.0,0.75
4314506,Pinheiro Machado,RS,Sul,2,52.31,-27.69,28.950050968399594,1416.97,5.208,0.3333333333333333,0.1111111111111111,0.3333333333333333
4314548,Pinto Bandeira,RS,Sul,1,88.89,8.89,22.377622377622377,2510.66,5.92,0.75,0.25,0.75
4314605,Piratini,RS,Sul,2,48.11,-31.89,27.8298264475503,1240.96,5.175833333333333,0.2727272727272727,0.13636363636363635,0.4090909090909091
4314704,Planalto,RS,Sul,1,50.75,-29.25,21.59143787808283,1342.22,5.47,0.625,0.3125,0.5
4314753,Poço Das Antas,RS,Sul,1,47.78,-32.22,3.642384105960265,1915.28,5.55,1.0,0.3333333333333333,0.3333333333333333
4314779,Pontão,RS,Sul,1,58.62,-21.38,22.50996015936255,1695.82,5.489999999999999,0.4,0.0,0.8
4314787,Ponte Preta,RS,Sul,1,96.31,16.31,3.4700315457413247,2431.26,5.775,1.0,0.6666666666666666,0.6666666666666666
4314803,Portão,RS,Sul,1,64.98,-15.02,20.711538461538463,1627.56,5.418125,0.3684210526315789,0.47368421052631576,0.5526315789473685
4314902,Porto Alegre,RS,Sul,1,26.74,-53.26,28.228217213490563,3203.31,5.191660377358491,0.5979057591623037,0.34764397905759165,0.3717277486910995
4315008,Porto Lucena,RS,Sul,1,61.11,-18.89,19.315673289183223,1673.28,5.34,0.6,0.4,0.6
4315057,Porto Mauá,RS,Sul,1,63.64,-16.36,22.0125786163522,1373.97,5.1,1.0,0.3333333333333333,0.6666666666666666
4315107,Porto Xavier,RS,Sul,1,93.56,13.56,22.431397574984047,1572.31,5.226,0.3333333333333333,0.3333333333333333,0.75
4315131,Pouso Novo,RS,Sul,1,68.18,-11.82,10.704225352112676,1783.78,5.525,1.0,0.6666666666666666,0.6666666666666666
4315149,Presidente Lucena,RS,Sul,1,83.54,3.54,21.904761904761905,1581.99,5.855,0.6666666666666666,0.16666666666666666,0.8333333333333334
4315156,Progresso,RS,Sul,1,95.83,15.83,18.52207293666027,1524.47,5.366666666666667,0.3333333333333333,0.3333333333333333,0.7777777777777778
4315172,Protásio Alves,RS,Sul,1,96.88,16.88,21.12676056338028,2219.02,5.470000000000001,1.0,0.6666666666666666,0.6666666666666666
4315206,Putinga,RS,Sul,1,71.67,-8.33,12.815533980582524,1838.13,5.555,0.8,0.2,0.6
4315305,Quaraí,RS,Sul,2,47.45,-32.55,21.63961228541399,1391.76,5.136666666666667,0.5185185185185185,0.3333333333333333,0.37037037037037035
4315313,Quatro Irmãos,RS,Sul,1,62.5,-17.5,19.839142091152816,1947.15,5.199999999999999,0.6666666666666666,0.3333333333333333,0.3333333333333333
4315354,Quinze De Novembro,RS,Sul,1,94.74,14.74,15.228426395939088,2866.59,5.73,0.5,0.3333333333333333,0.6666666666666666
4315404,Redentora,RS,Sul,1,70.31,-9.69,31.681132937414347,851.69,4.73,0.6470588235294118,0.35294117647058826,0.7058823529411765
4315453,Relvado,RS,Sul,1,94.12,14.12,8.2039911308204,1810.47,5.515000000000001,1.0,0.6666666666666666,0.3333333333333333
4315503,Restinga Sêca,RS,Sul,1,66.84,-13.16,24.25629290617849,1470.95,5.369999999999999,0.35714285714285715,0.21428571428571427,0.5714285714285714
4315552,Rio Dos Índios,RS,Sul,2,50.93,-29.07,24.44029850746269,1646.66,5.63,0.5,0.0,0.3333333333333333
4315602,Rio Grande,RS,Sul,2,35.73,-44.27,20.53036783575706,1671.01,5.205441176470589,0.5960264900662252,0.31788079470198677,0.3973509933774834
4315701,Rio Pardo,RS,Sul,1,60.27,-19.73,31.70305676855895,1477.03,5.208823529411765,0.4523809523809524,0.21428571428571427,0.6904761904761905
4315750,Riozinho,RS,Sul,1,87.12,7.12,26.525198938992045,1519.68,5.06,0.5555555555555556,0.3333333333333333,0.4444444444444444
4315800,Roca Sales,RS,Sul,1,51.47,-28.53,17.851739788199698,1866.11,5.323333333333333,0.5833333333333334,0.08333333333333333,0.5
4315909,Rodeio Bonito,RS,Sul,1,81.51,1.51,14.256480218281038,1960.07,5.5566666666666675,1.0,0.8571428571428571,0.5714285714285714
4316006,Rolante,RS,Sul,1,74.24,-5.76,17.319520880543866,1643.72,5.28375,0.4482758620689655,0.3448275862068966,0.7586206896551724
4316105,Ronda Alta,RS,Sul,1,71.35,-8.65,18.66469937292512,2330.21,5.580000000000001,0.4444444444444444,0.3333333333333333,0.6666666666666666
4316204,Rondinha,RS,Sul,1,82.91,2.91,23.364485981308412,2559.5,5.625,1.0,0.6666666666666666,0.6666666666666666
4316303,Roque Gonzales,RS,Sul,1,86.17,6.17,10.14851485148515,1796.07,5.325,0.6666666666666666,0.5555555555555556,0.7777777777777778
4316402,Rosário Do Sul,RS,Sul,2,31.19,-48.81,37.25081433224756,1627.08,5.199999999999999,0.6666666666666666,0.5666666666666667,0.5666666666666667
4316428,Sagrada Família,RS,Sul,1,85.08,5.08,20.739219712525667,1376.32,5.135,0.3333333333333333,0.0,0.3333333333333333
4316436,Saldanha Marinho,RS,Sul,1,67.64,-12.36,11.851851851851853,1873.11,5.47,0.6666666666666666,0.0,0.6666666666666666
4316451,Salto Do Jacuí,RS,Sul,1,62.32,-17.68,33.35605544194502,1561.65,5.4175,0.29411764705882354,0.11764705882352941,0.5882352941176471
4316477,Salvador Das Missões,RS,Sul,1,90.91,10.91,2.5069637883008355,1696.82,5.985,1.0,0.6666666666666666,0.3333333333333333
4316501,Salvador Do Sul,RS,Sul,1,75.83,-4.17,15.17509727626459,1967.63,5.7299999999999995,0.8888888888888888,0.2222222222222222,0.7777777777777778
4316600,Sananduva,RS,Sul,1,50.14,-29.86,9.08141962421712,1943.31,5.636666666666667,0.6923076923076923,0.46153846153846156,0.5384615384615384
4316709,Santa Bárbara Do Sul,RS,Sul,1,61.89,-18.11,23.65972529906956,1887.18,5.7025,0.5,0.5833333333333334,0.6666666666666666
4316733,Santa Cecília Do Sul,RS,Sul,1,62.96,-17.04,16.023738872403563,2248.46,5.62,1.0,0.0,1.0
4316758,Santa Clara Do Sul,RS,Sul,1,79.81,-0.19,3.040540540540541,1832.22,5.59,0.6666666666666666,0.16666666666666666,0.6666666666666666
4316808,Santa Cruz Do Sul,RS,Sul,1,54.44,-25.56,23.37250894225856,2192.33,5.408157894736842,0.46153846153846156,0.4188034188034188,0.4444444444444444
4316907,Santa Maria,RS,Sul,1,47.89,-32.11,26.40569796286552,2365.64,5.366428571428571,0.4787234042553192,0.4627659574468085,0.776595744680851
4316956,Santa Maria Do Herval,RS,Sul,1,73.5,-6.5,14.666666666666666,1764.69,5.725,0.375,0.25,0.875
4316972,Santa Margarida Do Sul,RS,Sul,1,58.11,-21.89,26.781002638522427,1610.73,5.14,1.0,1.0,1.0
4317004,Santana Da Boa Vista,RS,Sul,2,53.33,-26.67,26.810176125244617,1182.47,4.7975,0.5555555555555556,0.1111111111111111,0.3333333333333333
4317103,Sant'Ana Do Livramento,RS,Sul,2,46.58,-33.42,29.392321383168063,1600.16,5.1,0.4,0.2222222222222222,0.5222222222222223
4317202,Santa Rosa,RS,Sul,1,74.2,-5.8,12.49673202614379,2122.58,5.4675,0.7391304347826086,0.3188405797101449,0.5797101449275363
4317301,Santa Vitória Do Palmar,RS,Sul,2,35.87,-44.13,25.788751714677637,1518.77,5.09875,0.125,0.28125,0.625
4317400,Santiago,RS,Sul,1,65.61,-14.39,19.454787234042552,2097.02,5.385294117647058,0.4,0.475,0.65
4317509,Santo Ângelo,RS,Sul,1,52.21,-27.79,19.17165397170838,2046.8,5.223333333333333,0.5853658536585366,0.2926829268292683,0.4878048780487805
4317558,Santo Antônio Do Palma,RS,Sul,1,65.0,-15.0,1.9704433497536946,2000.81,5.615,1.0,0.5,1.0
4317608,Santo Antônio Da Patrulha,RS,Sul,1,64.74,-15.26,26.51233131689158,1614.13,5.376315789473685,0.43333333333333335,0.2,0.6666666666666666
4317707,Santo Antônio Das Missões,RS,Sul,2,39.53,-40.47,26.993251687078228,1526.41,5.03,0.5625,0.3125,0.4375
4317756,Santo Antônio Do Planalto,RS,Sul,1,64.29,-15.71,15.492957746478872,1912.78,5.66,0.6666666666666666,0.3333333333333333,0.6666666666666666
4317806,Santo Augusto,RS,Sul,1,81.34,1.34,21.679125934445086,1895.92,5.31125,0.4,0.6666666666666666,0.8666666666666667
4317905,Santo Cristo,RS,Sul,1,73.77,-6.23,13.556338028169016,2116.06,5.532,0.35714285714285715,0.35714285714285715,0.5714285714285714
4318002,São Borja,RS,Sul,1,45.53,-34.47,22.23301696435244,1568.58,5.180384615384615,0.46,0.34,0.58
4318101,São Francisco De Assis,RS,Sul,2,43.9,-36.1,27.173076923076923,1663.89,4.905714285714287,0.3333333333333333,0.1111111111111111,0.5
4318200,São Francisco De Paula,RS,Sul,1,58.94,-21.06,28.124264532831255,1572.34,5.283636363636363,0.3333333333333333,0.2222222222222222,0.7407407407407407
4318309,São Gabriel,RS,Sul,2,44.2,-35.8,23.05004089523385,1526.68,5.226923076923077,0.5517241379310345,0.25862068965517243,0.5344827586206896
4318408,São Jerônimo,RS,Sul,2,48.9,-31.1,29.15642915642916,1635.38,5.095833333333333,0.25,0.2916666666666667,0.5833333333333334
4318424,São João Da Urtiga,RS,Sul,1,75.88,-4.12,5.663189269746647,2185.87,5.484999999999999,0.6666666666666666,0.6666666666666666,0.6666666666666666
4318440,São Jorge,RS,Sul,1,55.48,-24.52,9.95850622406639,1677.22,5.859999999999999,1.0,0.0,0.6666666666666666
4318457,São José Das Missões,RS,Sul,1,90.0,10.0,18.375,1309.27,5.244999999999999,0.6666666666666666,0.3333333333333333,0.6666666666666666
4318465,São José Do Herval,RS,Sul,1,61.54,-18.46,29.982046678635548,1379.43,5.175000000000001,1.0,0.6666666666666666,1.0
4318481,São José Do Hortêncio,RS,Sul,1,87.76,7.76,12.5,1834.47,5.8,0.6,0.6,1.0
4318499,São José Do Inhacorá,RS,Sul,1,96.55,16.55,3.6659877800407332,1809.63,5.753333333333334,0.6,0.4,0.4
4318507,São José Do Norte,RS,Sul,2,35.45,-44.55,12.527262813522356,1183.51,5.167272727272727,0.42857142857142855,0.23809523809523808,0.6666666666666666
4318606,São José Do Ouro,RS,Sul,1,70.67,-9.33,18.05019305019305,2185.37,5.526666666666666,0.8571428571428571,0.14285714285714285,0.5714285714285714
4318614,São José Do Sul,RS,Sul,1,70.0,-10.0,17.75147928994083,1684.96,5.635,0.4,0.2,0.6
4318622,São José Dos Ausentes,RS,Sul,1,51.97,-28.03,31.684981684981683,1066.14,5.423333333333333,0.375,0.5,0.75
4318705,São Leopoldo,RS,Sul,1,40.39,-39.61,26.63787424053876,1922.89,5.3845,0.6037735849056604,0.4088050314465409,0.3710691823899371
4318804,São Lourenço Do Sul,RS,Sul,1,59.21,-20.79,25.158959537572258,1750.71,5.349473684210526,0.6764705882352942,0.3235294117647059,0.47058823529411764
4318903,São Luiz Gonzaga,RS,Sul,1,63.18,-16.82,19.984097535117943,1901.46,5.264705882352941,0.5,0.4791666666666667,0.6041666666666666
4319000,São Marcos,RS,Sul,1,61.78,-18.22,23.92604676454595,1695.7,5.6466666666666665,1.0,0.3157894736842105,0.8421052631578947
4319109,São Martinho,RS,Sul,1,56.8,-23.2,13.183856502242152,1810.54,5.715,0.6,0.6,0.8
4319125,São Martinho Da Serra,RS,Sul,1,50.0,-30.0,28.26691380908248,1776.57,5.05,0.75,0.25,0.5
4319158,São Miguel Das Missões,RS,Sul,1,72.39,-7.61,34.0324118207817,1484.86,5.196666666666666,0.7272727272727273,0.5454545454545454,0.9090909090909091
4319208,São Nicolau,RS,Sul,2,23.53,-56.47,35.0336101225781,1350.34,4.9025,0.8571428571428571,0.42857142857142855,0.7142857142857143
4319307,São Paulo Das Missões,RS,Sul,1,90.74,10.74,11.919831223628693,1792.43,5.12,0.6666666666666666,0.5,1.0
4319356,São Pedro Da Serra,RS,Sul,1,76.49,-3.51,14.893617021276595,1942.46,5.82,1.0,0.5,0.75
4319372,São Pedro Do Butiá,RS,Sul,1,100.0,20.0,15.59633027522936,2153.13,5.505000000000001,1.0,0.3333333333333333,0.6666666666666666
4319406,São Pedro Do Sul,RS,Sul,2,47.13,-32.87,24.14206863450924,1606.44,5.1275,0.7692307692307693,0.07692307692307693,0.46153846153846156
4319505,São Sebastião Do Caí,RS,Sul,1,51.66,-28.34,15.434007134363853,1718.35,5.5249999999999995,0.6333333333333333,0.4,0.5333333333333333
4319604,São Sepé,RS,Sul,2,30.18,-49.82,21.30081300813008,1613.74,5.153846153846154,0.23076923076923078,0.4230769230769231,0.6923076923076923
4319703,São Valentim,RS,Sul,1,77.9,-2.1,9.84182776801406,1963.67,5.419999999999999,1.0,0.5,0.75
4319711,São Valentim Do Sul,RS,Sul,1,80.0,0.0,20.21857923497268,1652.84,5.77,1.0,0.75,0.75
4319737,São Valério Do Sul,RS,Sul,2,40.0,-40.0,37.03703703703704,1050.48,5.4399999999999995,0.8333333333333334,0.3333333333333333,0.5
4319752,São Vendelino,RS,Sul,1,73.68,-6.32,3.535353535353535,2313.19,5.775,0.8,0.4,0.6
4319802,São Vicente Do Sul,RS,Sul,1,76.56,-3.44,31.862745098039213,1507.1,5.1433333333333335,0.4,0.3,0.7
4319901,Sapiranga,RS,Sul,1,57.76,-22.24,27.82734190501181,1641.28,5.3478260869565215,0.75,0.5192307692307693,0.6538461538461539
4320008,Sapucaia Do Sul,RS,Sul,1,54.41,-25.59,27.36155272919979,1571.59,5.364,0.2247191011235955,0.4606741573033708,0.24719101123595505
4320107,Sarandi,RS,Sul,1,72.52,-7.48,20.322865988500663,1850.64,5.41125,0.7692307692307693,0.34615384615384615,0.6538461538461539
4320206,Seberi,RS,Sul,1,65.72,-14.28,19.080553295362083,1567.87,5.18,0.6,0.5,0.6
4320230,Sede Nova,RS,Sul,1,70.18,-9.82,12.280701754385964,1991.34,5.27,0.6666666666666666,0.6666666666666666,0.6666666666666666
4320263,Segredo,RS,Sul,1,75.0,-5.0,31.623036649214658,1663.32,5.1425,0.4444444444444444,0.3333333333333333,0.6666666666666666
4320305,Selbach,RS,Sul,1,85.71,5.71,11.774461028192372,2458.17,5.835,0.5,0.5,0.8333333333333334
4320321,Senador Salgado Filho,RS,Sul,1,75.06,-4.94,22.437137330754354,1464.59,5.015000000000001,0.6666666666666666,0.6666666666666666,0.6666666666666666
4320354,Sentinela Do Sul,RS,Sul,2,49.74,-30.26,29.756097560975608,1250.16,5.105,0.6666666666666666,0.3333333333333333,0.3333333333333333
4320404,Serafina Corrêa,RS,Sul,1,69.75,-10.25,17.146974063400577,2126.45,5.5528571428571425,0.5714285714285714,0.38095238095238093,0.6666666666666666
4320453,Sério,RS,Sul,1,72.98,-7.02,14.937759336099585,1799.08,5.300000000000001,1.0,0.6666666666666666,1.0
4320503,Sertão,RS,Sul,1,70.63,-9.37,20.481927710843372,1226.99,5.782500000000001,0.4444444444444444,0.4444444444444444,0.5555555555555556
4320552,Sertão Santana,RS,Sul,1,48.55,-31.45,30.06939090208173,1517.5,5.3125,0.8,0.4,0.6
4320578,Sete De Setembro,RS,Sul,1,92.31,12.31,20.610687022900763,1435.27,5.315,1.0,0.75,0.75
4320651,Silveira Martins,RS,Sul,1,44.44,-35.56,22.135416666666664,2041.91,5.585000000000001,0.6666666666666666,0.3333333333333333,0.3333333333333333
4320677,Sinimbu,RS,Sul,1,72.25,-7.75,20.85635359116022,1313.34,4.992,0.4444444444444444,0.4444444444444444,0.8888888888888888
4320701,Sobradinho,RS,Sul,1,73.97,-6.03,30.103313145707162,1838.82,5.23125,0.21052631578947367,0.15789473684210525,0.5789473684210527
4320800,Soledade,RS,Sul,1,65.85,-14.15,22.555776194369816,1773.11,5.291428571428571,0.3611111111111111,0.3888888888888889,0.6944444444444444
4320859,Tabaí,RS,Sul,2,28.34,-51.66,30.737704918032787,1576.83,5.553333333333334,0.6666666666666666,0.2222222222222222,0.3333333333333333
4320909,Tapejara,RS,Sul,1,65.8,-14.2,16.28030908606448,1867.41,5.536666666666666,0.6363636363636364,0.4090909090909091,0.5
4321006,Tapera,RS,Sul,1,79.91,-0.09,7.200720072007201,2018.36,5.238333333333333,0.9230769230769231,0.6923076923076923,0.7692307692307693
4321105,Tapes,RS,Sul,1,59.22,-20.78,25.87253414264036,1449.76,5.261666666666667,0.5625,0.375,0.5625
4321204,Taquara,RS,Sul,1,65.19,-14.81,23.028927963698244,1711.54,5.2876,0.8412698412698413,0.49206349206349204,0.6825396825396826
4321303,Taquari,RS,Sul,1,39.33,-40.67,28.70458436370554,1630.78,5.3870000000000005,0.7777777777777778,0.3333333333333333,0.8518518518518519
4321329,Taquaruçu Do Sul,RS,Sul,1,92.86,12.86,17.34475374732334,2332.95,5.67,1.0,0.6666666666666666,0.6666666666666666
4321352,Tavares,RS,Sul,1,58.54,-21.46,24.57002457002457,1361.72,5.1,0.6,0.2,0.6
4321402,Tenente Portela,RS,Sul,1,69.9,-10.1,35.19230769230769,1735.1,5.03875,0.7727272727272727,0.6363636363636364,0.7727272727272727
4321436,Terra De Areia,RS,Sul,1,54.67,-25.33,26.147515036403924,1502.13,5.463333333333334,0.6,0.2,1.0
4321451,Teutônia,RS,Sul,1,65.59,-14.41,13.113673805601318,1891.48,5.5825,0.5,0.4117647058823529,0.6176470588235294
4321469,Tio Hugo,RS,Sul,1,59.92,-20.08,17.050691244239633,1671.9,5.4350000000000005,0.8333333333333334,0.3333333333333333,0.8333333333333334
4321493,Toropi,RS,Sul,1,91.3,11.3,19.562575941676794,1452.65,5.25,0.8,0.2,0.6
4321501,Torres,RS,Sul,1,54.92,-25.08,28.488372093023255,2080.13,5.499285714285714,0.5,0.21052631578947367,0.5263157894736842
4321600,Tramandaí,RS,Sul,1,42.55,-37.45,28.54246036622834,1871.57,5.338125,0.525,0.4,0.5
4321626,Travesseiro,RS,Sul,1,75.86,-4.14,1.5923566878980893,1637.11,5.734999999999999,1.0,0.6666666666666666,1.0
4321634,Três Arroios,RS,Sul,1,100.0,20.0,3.9215686274509802,2492.19,5.73,0.3333333333333333,0.6666666666666666,0.6666666666666666
4321667,Três Cachoeiras,RS,Sul,1,66.7,-13.3,20.194862710363154,1632.48,5.4375,0.5,0.25,0.5833333333333334
4321709,Três Coroas,RS,Sul,1,55.16,-24.84,18.69826937547028,1619.03,5.377777777777777,0.7142857142857143,0.5238095238095238,0.5238095238095238
4321808,Três De Maio,RS,Sul,1,64.07,-15.93,17.52166783790115,2038.2,5.5,0.68,0.28,0.92
4321857,Três Palmeiras,RS,Sul,1,73.72,-6.28,21.780175320296696,1177.01,5.273333333333333,0.8,0.6,1.0
4321907,Três Passos,RS,Sul,1,74.99,-5.01,23.402454506982647,1970.49,5.470000000000001,0.34615384615384615,0.4230769230769231,0.5769230769230769
4321956,Trindade Do Sul,RS,Sul,1,53.82,-26.18,13.924870466321243,2079.23,5.136666666666667,0.4444444444444444,0.2222222222222222,0.8888888888888888
4322004,Triunfo,RS,Sul,2,48.6,-31.4,25.68423891061076,1481.51,5.421176470588235,0.21212121212121213,0.15151515151515152,0.8484848484848485
4322103,Tucunduva,RS,Sul,1,85.71,5.71,22.47340425531915,1823.72,5.425,0.5,0.6666666666666666,0.6666666666666666
4322152,Tunas,RS,Sul,2,50.11,-29.89,24.775143090760427,1340.45,4.895,0.125,0.125,0.125
4322186,Tupanci Do Sul,RS,Sul,1,50.0,-30.0,15.07177033492823,1414.83,5.515000000000001,1.0,0.3333333333333333,1.0
4322202,Tupanciretã,RS,Sul,1,70.38,-9.62,30.518518518518515,1606.74,5.201,0.42857142857142855,0.17857142857142858,0.6428571428571429
4322251,Tupandi,RS,Sul,1,60.98,-19.02,16.867469879518072,1897.87,5.68,0.5,0.3333333333333333,0.3333333333333333
4322301,Tuparendi,RS,Sul,1,59.08,-20.92,14.814814814814813,2155.38,5.63,0.6666666666666666,0.3333333333333333,0.6666666666666666
4322327,Turuçu,RS,Sul,1,52.45,-27.55,20.527045769764214,1599.23,5.616666666666667,0.75,0.5,0.75
4322343,Ubiretama,RS,Sul,1,84.62,4.62,18.429003021148034,1986.68,5.33,1.0,0.6666666666666666,0.3333333333333333
4322376,Unistalda,RS,Sul,1,62.5,-17.5,35.31669865642994,1306.67,5.1,1.0,1.0,1.0
4322400,Uruguaiana,RS,Sul,1,60.03,-19.97,28.158832513151193,1566.17,5.153499999999999,0.7721518987341772,0.4050632911392405,0.5822784810126582
4322509,Vacaria,RS,Sul,1,54.67,-25.33,27.803604406801245,1790.15,5.436521739130435,0.52,0.18,0.4
4322525,Vale Verde,RS,Sul,1,76.25,-3.75,20.37037037037037,1263.82,5.26,0.8,0.8,0.8
4322533,Vale Do Sol,RS,Sul,1,71.43,-8.57,25.204137180185082,1538.7,5.142,0.8181818181818182,0.5454545454545454,0.7272727272727273
4322541,Vale Real,RS,Sul,1,59.68,-20.32,6.211180124223603,1927.06,5.733333333333334,0.8333333333333334,0.16666666666666666,0.5
4322558,Vanini,RS,Sul,1,85.95,5.95,9.29203539823009,1773.91,5.84,0.6666666666666666,0.3333333333333333,0.3333333333333333
4322608,Venâncio Aires,RS,Sul,1,70.15,-9.85,22.45614035087719,1739.54,5.385599999999999,0.7681159420289855,0.2753623188405797,0.6521739130434783
4322707,Vera Cruz,RS,Sul,1,66.11,-13.89,24.133558748943365,1596.06,5.334166666666667,0.7096774193548387,0.25806451612903225,0.4838709677419355
4322806,Veranópolis,RS,Sul,1,59.68,-20.32,10.335917312661499,2257.23,5.65625,0.9444444444444444,0.3888888888888889,0.7777777777777778
4322855,Vespasiano Corrêa,RS,Sul,1,100.0,20.0,7.317073170731707,3279.07,5.765,1.0,0.6666666666666666,0.3333333333333333
4322905,Viadutos,RS,Sul,1,83.33,3.33,24.95479204339964,1777.55,5.525,1.0,0.6666666666666666,0.6666666666666666
4323002,Viamão,RS,Sul,2,41.05,-38.95,28.58889782783588,1489.82,5.230263157894737,0.5911949685534591,0.22012578616352202,0.6352201257861635
4323101,Vicente Dutra,RS,Sul,1,88.77,8.77,31.152815013404826,1497.7,5.133333333333334,0.8571428571428571,0.42857142857142855,0.7142857142857143
4323200,Victor Graeff,RS,Sul,1,77.47,-2.53,11.661807580174926,2384.33,5.925,0.8333333333333334,0.6666666666666666,0.6666666666666666
4323309,Vila Flores,RS,Sul,1,67.45,-12.55,8.441558441558442,1903.28,5.68,1.0,0.5,0.5
4323358,Vila Lângaro,RS,Sul,1,53.57,-26.43,7.623318385650224,1454.41,5.42,0.6666666666666666,0.6666666666666666,1.0
4323408,Vila Maria,RS,Sul,1,76.67,-3.33,17.391304347826086,2679.6,5.775,1.0,0.6666666666666666,0.6666666666666666
4323457,Vila Nova Do Sul,RS,Sul,2,55.0,-25.0,38.197424892703864,1344.1,5.234999999999999,0.6666666666666666,0.3333333333333333,0.6666666666666666
4323507,Vista Alegre,RS,Sul,1,75.0,-5.0,16.302186878727635,2168.24,5.18,1.0,0.25,0.75
4323606,Vista Alegre Do Prata,RS,Sul,1,100.0,20.0,6.354515050167224,2249.69,5.52,0.6666666666666666,0.3333333333333333,0.6666666666666666
4323705,Vista Gaúcha,RS,Sul,1,45.49,-34.51,11.627906976744185,2018.17,5.5,0.4,0.4,0.8
4323754,Vitória Das Missões,RS,Sul,1,57.14,-22.86,21.683673469387756,1414.14,5.42,1.0,0.8,0.6
4323770,Westfália,RS,Sul,1,92.0,12.0,3.8461538461538463,2321.97,5.925000000000001,0.5,0.3333333333333333,0.8333333333333334
4323804,Xangri-Lá,RS,Sul,1,42.41,-37.59,20.557818865559383,2134.14,5.456,0.7333333333333333,0.13333333333333333,0.4
5000203,Água Clara,MS,Centro-Oeste,1,87.41,7.41,23.020063357972546,1627.25,5.0425,0.6153846153846154,0.5384615384615384,0.6153846153846154
5000252,Alcinópolis,MS,Centro-Oeste,1,78.44,-1.56,25.940400586223745,1395.32,5.27,0.4,1.0,1.0
5000609,Amambai,MS,Centro-Oeste,2,65.74,-14.26,33.0539742778832,1281.38,4.9484615384615385,0.2413793103448276,0.2413793103448276,0.3448275862068966
5000708,Anastácio,MS,Centro-Oeste,2,56.32,-23.68,22.477314966655733,1196.18,4.895384615384615,0.4090909090909091,0.4090909090909091,0.3181818181818182
5000807,Anaurilândia,MS,Centro-Oeste,1,74.99,-5.01,22.279223158666177,1265.5,5.2675,1.0,0.8571428571428571,0.8571428571428571
5000856,Angélica,MS,Centro-Oeste,1,88.05,8.05,23.43921139101862,1272.49,5.144,0.4444444444444444,0.4444444444444444,0.4444444444444444
5000906,Antônio João,MS,Centro-Oeste,1,70.73,-9.27,21.335597057159024,980.8,5.12,0.5555555555555556,0.4444444444444444,0.4444444444444444
5001003,Aparecida Do Taboado,MS,Centro-Oeste,1,52.99,-27.01,23.33764553686934,1465.45,5.058571428571428,0.6470588235294118,0.5882352941176471,0.5294117647058824
5001102,Aquidauana,MS,Centro-Oeste,1,78.94,-1.06,25.797074268567144,1307.08,4.70909090909091,0.27906976744186046,0.4418604651162791,0.46511627906976744
5001243,Aral Moreira,MS,Centro-Oeste,1,69.12,-10.88,32.805385072262915,1083.72,4.918571428571428,0.2,0.4,0.9
5001508,Bandeirantes,MS,Centro-Oeste,1,62.99,-17.01,29.902912621359224,1797.07,5.1425,0.2857142857142857,0.5714285714285714,0.8571428571428571
5001904,Bataguassu,MS,Centro-Oeste,1,62.65,-17.35,18.87264585802713,1453.7,5.1125,0.75,0.625,0.75
5002001,Batayporã,MS,Centro-Oeste,1,78.25,-1.75,23.843329253365972,1366.25,5.13,0.5,0.6666666666666666,0.6666666666666666
5002100,Bela Vista,MS,Centro-Oeste,2,60.37,-19.63,30.597397274310893,1166.61,4.921,0.24,0.2,0.24
5002159,Bodoquena,MS,Centro-Oeste,0,89.76,9.76,23.9770279971285,1334.74,5.033333333333333,0.3333333333333333,0.2222222222222222,0.2222222222222222
5002209,Bonito,MS,Centro-Oeste,1,63.16,-16.84,26.29515541865024,1796.79,5.09,0.35,0.35,0.6
5002308,Brasilândia,MS,Centro-Oeste,1,80.35,0.35,23.738317757009344,1328.35,5.11,0.38461538461538464,0.38461538461538464,0.6153846153846154
5002407,Caarapó,MS,Centro-Oeste,1,80.18,0.18,20.833984069967205,1227.87,5.037000000000001,0.391304347826087,0.43478260869565216,0.5652173913043478
5002605,Camapuã,MS,Centro-Oeste,1,65.15,-14.85,25.37422416940489,1710.09,5.01875,0.2857142857142857,0.42857142857142855,0.5714285714285714
5002704,Campo Grande,MS,Centro-Oeste,1,63.52,-16.48,22.659120629408108,2088.31,5.270176470588235,0.5643564356435643,0.33861386138613864,0.4891089108910891
5002803,Caracol,MS,Centro-Oeste,1,64.98,-15.02,18.832761157430113,1175.54,5.016666666666667,0.3333333333333333,0.6666666666666666,0.6666666666666666
5002902,Cassilândia,MS,Centro-Oeste,1,61.51,-18.49,17.03744901742677,1522.15,5.3,0.6842105263157895,0.3684210526315789,0.42105263157894735
5002951,Chapadão Do Sul,MS,Centro-Oeste,1,72.14,-7.86,18.295989724561153,2090.92,5.255714285714285,0.2727272727272727,0.3181818181818182,0.4090909090909091
5003108,Corguinho,MS,Centro-Oeste,1,55.6,-24.4,17.264957264957264,1190.38,5.16,0.5,0.75,0.75
5003157,Coronel Sapucaia,MS,Centro-Oeste,0,87.75,7.75,38.56041131105398,699.98,4.91,0.4,0.7,0.6
5003207,Corumbá,MS,Centro-Oeste,1,48.51,-31.49,27.64782068564481,1432.56,4.880606060606061,0.47619047619047616,0.6349206349206349,0.5873015873015873
5003256,Costa Rica,MS,Centro-Oeste,1,76.55,-3.45,27.58943781942078,1508.09,5.159999999999999,0.625,0.75,0.8125
5003306,Coxim,MS,Centro-Oeste,1,61.82,-18.18,24.05096660808436,1501.32,5.16,0.5217391304347826,0.5217391304347826,0.5652173913043478
5003454,Deodápolis,MS,Centro-Oeste,1,57.42,-22.58,21.365461847389557,1317.66,5.17375,0.3076923076923077,0.6153846153846154,0.6923076923076923
5003488,Dois Irmãos Do Buriti,MS,Centro-Oeste,2,44.47,-35.53,27.774346304303066,1232.92,4.7128571428571435,0.16666666666666666,0.5833333333333334,0.6666666666666666
5003504,Douradina,MS,Centro-Oeste,1,72.2,-7.8,20.33563672260612,1196.02,4.78,0.75,0.75,0.75
5003702,Dourados,MS,Centro-Oeste,1,62.01,-17.99,24.601518818325964,2015.16,5.132222222222222,0.5733333333333334,0.5,0.5133333333333333
5003751,Eldorado,MS,Centro-Oeste,1,56.15,-23.85,19.528703935823515,1275.12,4.938000000000001,0.2,0.6,0.6
5003801,Fátima Do Sul,MS,Centro-Oeste,1,68.71,-11.29,14.383441501490967,1514.57,5.088571428571428,0.5,0.4375,0.5625
5003900,Figueirão,MS,Centro-Oeste,1,98.36,18.36,21.547420965058237,1711.92,5.039999999999999,0.6666666666666666,0.3333333333333333,0.6666666666666666
5004007,Glória De Dourados,MS,Centro-Oeste,1,65.54,-14.46,19.408242338851707,1559.86,5.324,0.75,0.875,0.625
5004106,Guia Lopes Da Laguna,MS,Centro-Oeste,1,64.13,-15.87,21.336206896551722,1147.34,5.04,0.14285714285714285,0.42857142857142855,0.7142857142857143
5004304,Iguatemi,MS,Centro-Oeste,1,72.6,-7.4,13.2319391634981,1475.2,5.002,0.15384615384615385,0.46153846153846156,0.6153846153846154
5004403,Inocência,MS,Centro-Oeste,1,57.38,-22.62,16.873706004140786,1686.73,5.0225,0.3333333333333333,0.3333333333333333,0.3333333333333333
5004502,Itaporã,MS,Centro-Oeste,1,53.55,-26.45,20.27389903329753,1257.96,5.15125,0.2,0.5333333333333333,0.7333333333333333
5004601,Itaquiraí,MS,Centro-Oeste,1,90.01,10.01,8.32424572882588,1255.34,5.14,0.4166666666666667,0.5833333333333334,0.4166666666666667
5004700,Ivinhema,MS,Centro-Oeste,1,74.13,-5.87,14.751933597434446,1420.01,5.05,0.5714285714285714,0.5,0.5714285714285714
5004809,Japorã,MS,Centro-Oeste,2,33.01,-46.99,35.65255927321073,757.4,4.425,0.5,0.3333333333333333,0.6666666666666666
5004908,Jaraguari,MS,Centro-Oeste,1,80.7,0.7,20.79646017699115,1392.46,4.933333333333334,0.2,0.6,0.6
5005004,Jardim,MS,Centro-Oeste,1,58.31,-21.69,18.547047273825708,1572.74,5.049,0.45,0.4,0.45
5005103,Jateí,MS,Centro-Oeste,1,64.29,-15.71,25.671140939597315,1424.47,5.29,0.5,1.0,1.0
5005152,Juti,MS,Centro-Oeste,1,64.62,-15.38,26.559139784946233,1202.34,5.075,0.0,0.5,0.5
5005202,Ladário,MS,Centro-Oeste,2,35.3,-44.7,32.83516483516484,1172.23,4.867777777777778,0.2631578947368421,0.2631578947368421,0.2631578947368421
5005251,Laguna Carapã,MS,Centro-Oeste,1,76.55,-3.45,28.119349005424954,1295.64,4.4875,0.6666666666666666,1.0,0.8333333333333334
5005400,Maracaju,MS,Centro-Oeste,1,55.97,-24.03,17.80065810423522,1785.78,5.212727272727273,0.36666666666666664,0.3333333333333333,0.36666666666666664
5005608,Miranda,MS,Centro-Oeste,2,42.69,-37.31,33.276348405846655,924.13,4.737857142857143,0.34782608695652173,0.34782608695652173,0.5217391304347826
5005681,Mundo Novo,MS,Centro-Oeste,1,76.71,-3.29,26.200209145356023,1531.14,5.096,0.42857142857142855,0.42857142857142855,0.5
5005707,Naviraí,MS,Centro-Oeste,1,72.64,-7.36,21.2608,1743.97,5.13,0.6,0.6333333333333333,0.7
5005806,Nioaque,MS,Centro-Oeste,2,57.51,-22.49,25.335765213065827,1269.36,4.81,0.3076923076923077,0.38461538461538464,0.38461538461538464
5006002,Nova Alvorada Do Sul,MS,Centro-Oeste,1,57.56,-22.44,19.676175790285274,1245.03,5.111428571428571,0.35714285714285715,0.35714285714285715,0.35714285714285715
5006200,Nova Andradina,MS,Centro-Oeste,1,79.56,-0.44,22.3760092272203,1656.18,5.184,0.2894736842105263,0.631578947368421,0.631578947368421
5006259,Novo Horizonte Do Sul,MS,Centro-Oeste,1,51.42,-28.58,21.705426356589147,1347.22,5.23,0.4,0.4,0.8
5006275,Paraíso Das Águas,MS,Centro-Oeste,1,86.41,6.41,10.667903525046382,1692.38,5.155,0.0,1.0,1.0
5006309,Paranaíba,MS,Centro-Oeste,1,68.56,-11.44,16.50142833137288,1719.67,5.141666666666667,0.37037037037037035,0.6296296296296297,0.5925925925925926
5006358,Paranhos,MS,Centro-Oeste,1,69.69,-10.31,33.99871216999356,763.99,4.956666666666667,0.5,0.75,0.8333333333333334
5006408,Pedro Gomes,MS,Centro-Oeste,1,70.28,-9.72,30.829666876178504,1271.33,5.075,0.2857142857142857,0.7142857142857143,0.5714285714285714
5006606,Ponta Porã,MS,Centro-Oeste,1,78.41,-1.59,22.68257123923128,1484.68,5.07962962962963,0.3584905660377358,0.5471698113207547,0.6415094339622641
5006903,Porto Murtinho,MS,Centro-Oeste,1,64.86,-15.14,22.535763276504017,1166.44,4.656666666666666,0.3076923076923077,0.38461538461538464,0.6923076923076923
5007109,Ribas Do Rio Pardo,MS,Centro-Oeste,1,49.81,-30.19,15.31900375298533,1580.75,5.0616666666666665,0.1875,0.375,0.5
5007208,Rio Brilhante,MS,Centro-Oeste,1,63.9,-16.1,17.482517482517483,1528.88,5.048,0.43333333333333335,0.23333333333333334,0.5333333333333333
5007307,Rio Negro,MS,Centro-Oeste,1,71.94,-8.06,16.064757160647574,1501.79,5.085,0.0,0.75,1.0
5007406,Rio Verde De Mato Grosso,MS,Centro-Oeste,1,60.78,-19.22,23.919267105639854,1598.28,5.01,0.21428571428571427,0.7142857142857143,0.5714285714285714
5007505,Rochedo,MS,Centro-Oeste,1,63.93,-16.07,21.86602870813397,1211.98,5.1000000000000005,0.25,0.25,0.5
5007554,Santa Rita Do Pardo,MS,Centro-Oeste,1,75.58,-4.42,15.132223310479922,1223.61,5.033333333333333,0.42857142857142855,0.2857142857142857,0.5714285714285714
5007695,São Gabriel Do Oeste,MS,Centro-Oeste,1,71.89,-8.11,11.8517494122528,2084.65,5.22,0.4,0.35,0.6
5007703,Sete Quedas,MS,Centro-Oeste,1,78.92,-1.08,24.510932105868815,1282.59,5.1274999999999995,0.3333333333333333,0.4444444444444444,0.6666666666666666
5007802,Selvíria,MS,Centro-Oeste,1,69.07,-10.93,14.519799726900317,1247.44,5.1475,0.16666666666666666,0.16666666666666666,0.16666666666666666
5007901,Sidrolândia,MS,Centro-Oeste,2,46.65,-33.35,21.2637154748392,1236.58,5.0058823529411764,0.19444444444444445,0.25,0.4166666666666667
5007935,Sonora,MS,Centro-Oeste,1,94.13,14.13,25.85282651072125,1487.62,5.086,0.46153846153846156,0.6153846153846154,0.6923076923076923
5007950,Tacuru,MS,Centro-Oeste,0,78.14,-1.86,28.57142857142857,727.9,4.6775,0.375,0.25,0.25
5007976,Taquarussu,MS,Centro-Oeste,1,93.61,13.61,20.47958522359041,1326.37,5.08,0.0,0.75,0.75
5008008,Terenos,MS,Centro-Oeste,1,82.48,2.48,18.410462776659962,1302.89,5.104444444444444,0.21428571428571427,0.7142857142857143,0.8571428571428571
5008305,Três Lagoas,MS,Centro-Oeste,1,80.95,0.95,19.835845487276497,1674.66,5.206774193548387,0.4342105263157895,0.5394736842105263,0.5789473684210527
5008404,Vicentina,MS,Centro-Oeste,1,62.91,-17.09,22.27533460803059,1429.37,5.0120000000000005,0.5,0.5,0.5
5100102,Acorizal,MT,Centro-Oeste,2,50.63,-29.37,28.566176470588232,1231.13,4.76,0.5,0.375,0.625
5100201,Água Boa,MT,Centro-Oeste,1,90.68,10.68,10.32258064516129,2215.9,5.226,0.6923076923076923,0.38461538461538464,0.8076923076923077
5100250,Alta Floresta,MT,Centro-Oeste,1,87.64,7.64,22.171976704350804,1840.57,5.0104999999999995,0.6410256410256411,0.28205128205128205,0.5641025641025641
5100300,Alto Araguaia,MT,Centro-Oeste,1,83.69,3.69,18.361257746155612,1828.79,5.208571428571429,0.5625,0.25,0.75
5100359,Alto Boa Vista,MT,Centro-Oeste,1,82.38,2.38,24.94199535962877,1237.65,5.01,0.25,0.25,0.5
5100409,Alto Garças,MT,Centro-Oeste,1,83.82,3.82,26.260346124905944,1517.96,5.2125,0.75,0.125,0.375
5100508,Alto Paraguai,MT,Centro-Oeste,2,65.0,-15.0,29.889589905362772,1030.35,4.691428571428572,0.5555555555555556,0.2222222222222222,0.6666666666666666
5100607,Alto Taquari,MT,Centro-Oeste,1,94.32,14.32,20.17467248908297,1946.75,5.156666666666667,0.8,0.4,1.0
5100805,Apiacás,MT,Centro-Oeste,1,87.19,7.19,17.275892080069628,1635.19,4.8875,0.7,0.5,0.7
5101001,Araguaiana,MT,Centro-Oeste,1,81.72,1.72,25.148683092608326,1425.49,5.105,1.0,0.3333333333333333,0.0
5101209,Araguainha,MT,Centro-Oeste,1,92.86,12.86,25.363825363825367,1663.95,5.025,0.5,0.0,0.5
5101258,Araputanga,MT,Centro-Oeste,1,76.25,-3.75,16.973684210526315,1379.75,5.095000000000001,0.7272727272727273,0.36363636363636365,0.5454545454545454
5101308,Arenápolis,MT,Centro-Oeste,1,63.64,-16.36,25.402446877012235,1649.73,5.086,0.625,0.125,0.25
5101407,Aripuanã,MT,Centro-Oeste,1,76.41,-3.59,23.980621719822366,1863.42,4.836,0.16666666666666666,0.625,0.7083333333333334
5101605,Barão De Melgaço,MT,Centro-Oeste,0,72.9,-7.1,36.0655737704918,985.39,4.67,0.2222222222222222,0.1111111111111111,0.5555555555555556
5101704,Barra Do Bugres,MT,Centro-Oeste,1,71.75,-8.25,28.244439645864823,1466.38,4.880909090909091,0.64,0.12,0.52
5101803,Barra Do Garças,MT,Centro-Oeste,1,79.79,-0.21,26.36584462102186,1778.99,5.199090909090909,0.38333333333333336,0.25,0.5
5101852,Bom Jesus Do Araguaia,MT,Centro-Oeste,1,68.66,-11.34,26.37494981934966,1533.79,5.286666666666666,0.5,0.16666666666666666,0.5
5101902,Brasnorte,MT,Centro-Oeste,1,82.37,2.37,16.611751784733663,1603.19,4.968571428571429,0.5,0.2777777777777778,0.5
5102504,Cáceres,MT,Centro-Oeste,1,70.84,-9.16,25.70593607305936,1459.05,4.840000000000001,0.4626865671641791,0.208955223880597,0.7313432835820896
5102603,Campinápolis,MT,Centro-Oeste,2,53.03,-26.97,36.18379068283344,861.15,4.0600000000000005,0.5,0.08333333333333333,0.375
5102637,Campo Novo Do Parecis,MT,Centro-Oeste,1,84.02,4.02,12.067616215370167,1827.46,5.141538461538461,0.4444444444444444,0.25925925925925924,0.5555555555555556
5102678,Campo Verde,MT,Centro-Oeste,1,85.71,5.71,13.886958536020385,1712.11,5.159999999999999,0.7096774193548387,0.5161290322580645,0.7741935483870968
5102686,Campos De Júlio,MT,Centro-Oeste,1,81.16,1.16,8.617886178861788,1850.44,5.216666666666667,0.5555555555555556,0.4444444444444444,0.4444444444444444
5102694,Canabrava Do Norte,MT,Centro-Oeste,1,59.28,-20.72,24.440179142674346,1615.55,4.876666666666666,0.75,0.25,0.75
5102702,Canarana,MT,Centro-Oeste,1,75.03,-4.97,16.568315932818884,2136.38,4.8149999999999995,0.24,0.2,0.68
5102793,Carlinda,MT,Centro-Oeste,1,93.3,13.3,10.725806451612902,1460.34,4.9025,0.5,0.3,0.8
5102850,Castanheira,MT,Centro-Oeste,1,84.06,4.06,21.642169285352256,1335.04,4.835,0.8888888888888888,0.6666666666666666,0.3333333333333333
5103007,Chapada Dos Guimarães,MT,Centro-Oeste,1,71.79,-8.21,30.695158950006597,1863.33,4.91,0.2727272727272727,0.0,0.45454545454545453
5103056,Cláudia,MT,Centro-Oeste,1,80.36,0.36,25.28216704288939,1473.42,5.0075,0.3333333333333333,0.3333333333333333,0.7777777777777778
5103106,Cocalinho,MT,Centro-Oeste,1,72.81,-7.19,27.055449330783937,1466.11,4.93,0.2857142857142857,0.2857142857142857,0.42857142857142855
5103205,Colíder,MT,Centro-Oeste,1,81.12,1.12,14.423228657093262,1796.83,5.176,0.6,0.48,0.88
5103254,Colniza,MT,Centro-Oeste,1,78.57,-1.43,15.019762845849801,1262.59,4.6433333333333335,0.45454545454545453,0.13636363636363635,0.6363636363636364
5103304,Comodoro,MT,Centro-Oeste,1,74.63,-5.37,31.881874340816633,1444.11,4.9225,0.3,0.05,0.85
5103353,Confresa,MT,Centro-Oeste,1,65.17,-14.83,27.33956517172566,1500.84,4.98875,0.5769230769230769,0.19230769230769232,0.5384615384615384
5103361,Conquista D'Oeste,MT,Centro-Oeste,1,98.46,18.46,25.48853016142736,1523.36,4.98,0.5714285714285714,0.2857142857142857,0.7142857142857143
5103379,Cotriguaçu,MT,Centro-Oeste,1,73.6,-6.4,22.462627852084974,1520.4,4.8533333333333335,0.3333333333333333,0.4444444444444444,0.8888888888888888
5103403,Cuiabá,MT,Centro-Oeste,1,61.32,-18.68,23.215513071812236,2428.24,5.085486725663716,0.5759162303664922,0.2094240837696335,0.39528795811518325
5103437,Curvelândia,MT,Centro-Oeste,1,84.01,4.01,26.266318537859007,1300.68,4.9350000000000005,1.0,0.0,0.6666666666666666
5103452,Denise,MT,Centro-Oeste,1,70.87,-9.13,26.703343207786713,1436.49,4.973333333333334,0.0,0.4,0.8
5103502,Diamantino,MT,Centro-Oeste,1,80.34,0.34,18.24613665983988,1634.49,5.0525,0.7241379310344828,0.1724137931034483,0.4827586206896552
5103601,Dom Aquino,MT,Centro-Oeste,1,93.44,13.44,26.420341676599122,1456.31,4.8225,0.7142857142857143,0.0,0.5714285714285714
5103700,Feliz Natal,MT,Centro-Oeste,1,82.11,2.11,31.242707117852973,1520.23,4.935,0.13333333333333333,0.4666666666666667,0.6666666666666666
5103809,Figueirópolis D'Oeste,MT,Centro-Oeste,1,81.15,1.15,28.91360136869119,1457.44,5.105,1.0,0.3333333333333333,0.6666666666666666
5103858,Gaúcha Do Norte,MT,Centro-Oeste,1,73.95,-6.05,36.35027916544226,1347.27,5.083333333333333,0.26666666666666666,0.26666666666666666,0.8
5103908,General Carneiro,MT,Centro-Oeste,0,93.33,13.33,30.580204778156993,1051.79,5.076666666666667,0.36363636363636365,0.09090909090909091,0.45454545454545453
5103957,Glória D'Oeste,MT,Centro-Oeste,1,97.62,17.62,29.697986577181208,1190.16,4.96,0.75,0.5,0.5
5104104,Guarantã Do Norte,MT,Centro-Oeste,1,69.15,-10.85,28.985217738713544,1740.16,4.996666666666667,0.4117647058823529,0.47058823529411764,0.7352941176470589
5104203,Guiratinga,MT,Centro-Oeste,1,98.2,18.2,28.179322964318388,1502.94,5.103333333333333,0.625,0.5,0.5
5104500,Indiavaí,MT,Centro-Oeste,1,83.33,3.33,20.367751060820368,1281.65,4.88,1.0,0.5,1.0
5104526,Ipiranga Do Norte,MT,Centro-Oeste,1,83.58,3.58,28.656971770744228,1872.14,5.234999999999999,1.0,0.25,0.75
5104542,Itanhangá,MT,Centro-Oeste,1,82.62,2.62,23.14814814814815,1587.37,5.216666666666666,0.42857142857142855,0.2857142857142857,0.8571428571428571
5104559,Itaúba,MT,Centro-Oeste,1,73.43,-6.57,20.01366120218579,1489.28,5.19,0.0,0.16666666666666666,0.6666666666666666
5104609,Itiquira,MT,Centro-Oeste,1,72.48,-7.52,23.947895791583164,1638.65,5.121666666666667,0.8888888888888888,0.5555555555555556,0.6666666666666666
5104807,Jaciara,MT,Centro-Oeste,1,77.56,-2.44,23.684545802012995,1638.82,5.0488888888888885,0.5789473684210527,0.3684210526315789,0.5789473684210527
5104906,Jangada,MT,Centro-Oeste,0,87.86,7.86,29.812206572769952,1095.63,4.413333333333333,0.625,0.0,0.75
5105002,Jauru,MT,Centro-Oeste,1,70.6,-9.4,19.476879962634282,1721.24,5.05,0.7142857142857143,0.5714285714285714,0.7142857142857143
5105101,Juara,MT,Centro-Oeste,1,79.87,-0.13,21.327151550275282,1605.6,5.009,0.36363636363636365,0.15151515151515152,0.6363636363636364
5105150,Juína,MT,Centro-Oeste,1,68.59,-11.41,21.06038291605302,1597.67,4.965714285714285,0.6176470588235294,0.3235294117647059,0.7058823529411765
5105176,Juruena,MT,Centro-Oeste,1,88.25,8.25,23.86180174362286,1627.82,4.916666666666667,0.4444444444444444,0.1111111111111111,0.7777777777777778
5105200,Juscimeira,MT,Centro-Oeste,1,69.28,-10.72,16.526138279932546,1222.76,5.074,0.7,0.1,0.8
5105234,Lambari D'Oeste,MT,Centro-Oeste,1,65.04,-14.96,25.217391304347824,1165.12,4.823333333333333,0.8,0.0,0.6
5105259,Lucas Do Rio Verde,MT,Centro-Oeste,1,79.72,-0.28,17.99211835389883,2202.82,5.137894736842106,0.6842105263157895,0.34210526315789475,0.5789473684210527
5105309,Luciara,MT,Centro-Oeste,0,77.98,-2.02,32.16783216783217,1051.57,4.56,0.5,0.0,0.75
5105507,Vila Bela Da Santíssima Trindade,MT,Centro-Oeste,2,64.61,-15.39,28.194607268464246,1260.1,4.812857142857142,0.3157894736842105,0.05263157894736842,0.7894736842105263
5105580,Marcelândia,MT,Centro-Oeste,1,83.59,3.59,24.388032638259293,1570.67,4.93,0.5384615384615384,0.3076923076923077,0.6153846153846154
5105606,Matupá,MT,Centro-Oeste,1,76.58,-3.42,11.505471753918957,1880.9,5.045,0.6,0.5,0.75
5105622,Mirassol D'Oeste,MT,Centro-Oeste,1,76.91,-3.09,25.663366336633665,1480.3,4.9255555555555555,0.6666666666666666,0.5,0.7222222222222222
5105903,Nobres,MT,Centro-Oeste,1,63.49,-16.51,28.020565552699228,1484.25,4.9887500000000005,0.7857142857142857,0.21428571428571427,0.35714285714285715
5106000,Nortelândia,MT,Centro-Oeste,1,65.81,-14.19,24.739039665970772,1454.13,4.986666666666667,0.75,0.25,0.75
5106109,Nossa Senhora Do Livramento,MT,Centro-Oeste,0,71.36,-8.64,24.939710610932476,1107.38,4.651111111111111,0.28,0.08,0.4
5106158,Nova Bandeirantes,MT,Centro-Oeste,1,88.65,8.65,17.81701444622793,1419.8,4.965,0.5,0.2,0.5
5106174,Nova Nazaré,MT,Centro-Oeste,0,80.62,0.62,35.018382352941174,1290.57,5.16,0.23076923076923078,0.07692307692307693,0.15384615384615385
5106182,Nova Lacerda,MT,Centro-Oeste,1,93.57,13.57,27.15654952076677,1411.77,4.823333333333333,0.625,0.125,0.75
5106190,Nova Santa Helena,MT,Centro-Oeste,1,95.48,15.48,15.584415584415584,1673.59,5.165,1.0,0.0,0.6
5106208,Nova Brasilândia,MT,Centro-Oeste,1,77.42,-2.58,17.72771792360431,1187.78,5.01,0.75,0.25,0.75
5106216,Nova Canaã Do Norte,MT,Centro-Oeste,1,80.17,0.17,10.877684407096172,1532.5,4.968571428571429,0.45454545454545453,0.2727272727272727,0.8181818181818182
5106224,Nova Mutum,MT,Centro-Oeste,1,86.86,6.86,11.225374798661877,2222.75,5.170909090909091,0.5277777777777778,0.4444444444444444,0.5555555555555556
5106232,Nova Olímpia,MT,Centro-Oeste,1,76.35,-3.65,26.2901107149559,1378.26,4.971428571428571,0.6363636363636364,0.5454545454545454,0.8181818181818182
5106240,Nova Ubiratã,MT,Centro-Oeste,1,84.77,4.77,10.41046995835812,1588.72,5.090000000000001,0.8181818181818182,0.45454545454545453,0.18181818181818182
5106257,Nova Xavantina,MT,Centro-Oeste,1,78.46,-1.54,20.263516583371192,1674.32,5.09,0.5,0.5833333333333334,0.8333333333333334
5106265,Novo Mundo,MT,Centro-Oeste,1,83.97,3.97,17.46106654082114,1395.5,4.973333333333334,0.8571428571428571,0.7142857142857143,0.8571428571428571
5106273,Novo Horizonte Do Norte,MT,Centro-Oeste,1,90.36,10.36,18.268315889628926,1535.86,5.105,0.5,0.5,0.5
5106281,Novo São Joaquim,MT,Centro-Oeste,1,66.74,-13.26,24.055666003976143,1521.54,5.106,0.5555555555555556,0.2222222222222222,0.3333333333333333
5106299,Paranaíta,MT,Centro-Oeste,1,93.44,13.44,13.404417364813403,1616.67,4.9471428571428575,0.8888888888888888,0.1111111111111111,1.0
5106307,Paranatinga,MT,Centro-Oeste,1,76.17,-3.83,22.881777483004477,1493.0,5.05,0.2857142857142857,0.03571428571428571,0.8571428571428571
5106315,Novo Santo Antônio,MT,Centro-Oeste,1,100.0,20.0,30.4390243902439,1343.52,4.755,0.75,0.75,0.75
5106372,Pedra Preta,MT,Centro-Oeste,1,85.84,5.84,19.794389266422723,1510.72,5.095,0.5625,0.0,0.6875
5106422,Peixoto De Azevedo,MT,Centro-Oeste,1,56.81,-23.19,28.264521262487847,1089.88,4.889166666666667,0.5833333333333334,0.375,0.8333333333333334
5106455,Planalto Da Serra,MT,Centro-Oeste,1,97.37,17.37,19.08957415565345,1477.03,4.9,0.5,0.25,0.25
5106505,Poconé,MT,Centro-Oeste,2,56.23,-23.77,28.520867128742072,1066.69,4.683333333333334,0.5384615384615384,0.11538461538461539,0.5769230769230769
5106653,Pontal Do Araguaia,MT,Centro-Oeste,1,83.33,3.33,21.144604630843165,1748.56,5.135,1.0,0.3333333333333333,0.6666666666666666
5106703,Ponte Branca,MT,Centro-Oeste,0,88.87,8.87,28.992072480181204,1511.48,4.9350000000000005,0.3333333333333333,0.0,0.6666666666666666
5106752,Pontes E Lacerda,MT,Centro-Oeste,1,78.48,-1.52,21.70915358795246,1576.59,5.051666666666667,0.5909090909090909,0.5454545454545454,0.6818181818181818
5106778,Porto Alegre Do Norte,MT,Centro-Oeste,1,73.69,-6.31,26.644398766700927,1438.58,4.88875,0.7272727272727273,0.18181818181818182,0.8181818181818182
5106802,Porto Dos Gaúchos,MT,Centro-Oeste,1,83.72,3.72,14.403669724770642,1773.87,5.19,0.8888888888888888,0.1111111111111111,0.7777777777777778
5106828,Porto Esperidião,MT,Centro-Oeste,1,75.09,-4.91,25.912094225797183,1172.74,4.75,0.6363636363636364,0.45454545454545453,0.8181818181818182
5106851,Porto Estrela,MT,Centro-Oeste,1,68.14,-11.86,28.660159716060335,1006.14,4.715,0.5,0.5,0.75
5107008,Poxoréu,MT,Centro-Oeste,1,68.22,-11.78,24.49108410919994,1126.25,4.967777777777778,0.6363636363636364,0.4090909090909091,0.6363636363636364
5107040,Primavera Do Leste,MT,Centro-Oeste,1,73.66,-6.34,17.790874080989614,2064.23,5.29111111111111,0.5961538461538461,0.34615384615384615,0.5384615384615384
5107065,Querência,MT,Centro-Oeste,1,90.7,10.7,31.11672278338945,1861.74,5.203,0.8571428571428571,0.5238095238095238,0.7142857142857143
5107107,São José Dos Quatro Marcos,MT,Centro-Oeste,1,89.46,9.46,19.127143175239368,1355.35,5.038571428571428,0.6875,0.1875,0.625
5107156,Reserva Do Cabaçal,MT,Centro-Oeste,1,61.54,-18.46,20.71269487750557,1328.48,4.92,1.0,0.0,0.6666666666666666
5107180,Ribeirão Cascalheira,MT,Centro-Oeste,1,83.98,3.98,26.592059685584868,1455.45,5.04,0.5625,0.125,0.375
5107198,Ribeirãozinho,MT,Centro-Oeste,1,66.65,-13.35,23.922902494331066,1593.37,5.385,0.5,0.0,0.25
5107206,Rio Branco,MT,Centro-Oeste,1,78.52,-1.48,24.29971988795518,1472.23,4.925,0.6666666666666666,0.3333333333333333,0.6666666666666666
5107248,Santa Carmem,MT,Centro-Oeste,1,84.79,4.79,21.40490390987409,1739.4,5.045,0.6666666666666666,0.6666666666666666,0.6666666666666666
5107263,Santo Afonso,MT,Centro-Oeste,1,94.0,14.0,29.078014184397162,1498.51,4.915,1.0,0.75,0.75
5107297,São José Do Povo,MT,Centro-Oeste,1,85.71,5.71,10.095642933049948,1417.51,5.13,0.6666666666666666,0.3333333333333333,0.6666666666666666
5107305,São José Do Rio Claro,MT,Centro-Oeste,1,84.23,4.23,20.99644128113879,1335.67,5.1000000000000005,0.38461538461538464,0.15384615384615385,0.6153846153846154
5107354,São José Do Xingu,MT,Centro-Oeste,2,65.68,-14.32,30.772495755517827,1336.91,4.96,0.25,0.0,0.75
5107404,São Pedro Da Cipa,MT,Centro-Oeste,1,90.93,10.93,26.678989525569936,1339.52,5.0649999999999995,1.0,0.3333333333333333,0.6666666666666666
5107578,Rondolândia,MT,Centro-Oeste,0,73.44,-6.56,22.71186440677966,920.06,4.89,0.45454545454545453,0.0,0.45454545454545453
5107602,Rondonópolis,MT,Centro-Oeste,1,76.49,-3.51,15.650918983478205,1960.35,5.182307692307693,0.5182926829268293,0.18902439024390244,0.4634146341463415
5107701,Rosário Oeste,MT,Centro-Oeste,1,64.17,-15.83,31.906614785992215,1249.99,4.807777777777777,0.5,0.2222222222222222,0.8333333333333334
5107743,Santa Cruz Do Xingu,MT,Centro-Oeste,1,70.0,-10.0,26.746724890829693,2108.12,5.095,0.5,0.25,0.75
5107750,Salto Do Céu,MT,Centro-Oeste,1,94.44,14.44,12.146422628951747,1383.61,5.04,1.0,0.5,1.0
5107768,Santa Rita Do Trivelato,MT,Centro-Oeste,1,82.11,2.11,13.589211618257261,1598.18,5.023333333333333,0.75,0.75,0.75
5107776,Santa Terezinha,MT,Centro-Oeste,0,71.21,-8.79,26.686465846414936,1002.97,4.784,0.18181818181818182,0.09090909090909091,0.5454545454545454
5107792,Santo Antônio Do Leste,MT,Centro-Oeste,0,85.67,5.67,27.96242774566474,1168.53,5.32,0.4,0.0,0.4
5107800,Santo Antônio De Leverger,MT,Centro-Oeste,2,61.61,-18.39,25.6477821695213,1214.99,4.89625,0.2727272727272727,0.045454545454545456,0.4090909090909091
5107859,São Félix Do Araguaia,MT,Centro-Oeste,2,54.83,-25.17,23.957769355711967,1502.25,4.765000000000001,0.18181818181818182,0.09090909090909091,0.6363636363636364
5107875,Sapezal,MT,Centro-Oeste,1,93.3,13.3,16.574487065120426,1957.35,5.0649999999999995,0.36363636363636365,0.45454545454545453,0.45454545454545453
5107883,Serra Nova Dourada,MT,Centro-Oeste,1,84.38,4.38,24.235294117647058,1552.08,4.77,0.6666666666666666,0.0,0.3333333333333333
5107909,Sinop,MT,Centro-Oeste,1,72.76,-7.24,8.27058193389836,2146.78,5.1494285714285715,0.625,0.48863636363636365,0.6931818181818182
5107925,Sorriso,MT,Centro-Oeste,1,86.67,6.67,15.083798882681565,2175.07,5.191428571428571,0.5517241379310345,0.43103448275862066,0.5689655172413793
5107941,Tabaporã,MT,Centro-Oeste,1,84.22,4.22,21.974683544303797,1631.67,4.96,0.5555555555555556,0.2222222222222222,0.8888888888888888
5107958,Tangará Da Serra,MT,Centro-Oeste,1,76.99,-3.01,22.202734304731067,1846.11,5.120384615384615,0.32857142857142857,0.37142857142857144,0.6142857142857143
5108006,Tapurah,MT,Centro-Oeste,1,84.72,4.72,20.00826787928896,1743.62,5.0975,1.0,0.3333333333333333,0.7777777777777778
5108055,Terra Nova Do Norte,MT,Centro-Oeste,1,80.45,0.45,18.207395498392284,1545.61,5.14375,0.5,0.3,0.6
5108105,Tesouro,MT,Centro-Oeste,1,75.48,-4.52,30.180180180180184,1370.11,4.960000000000001,0.75,0.25,0.75
5108204,Torixoréu,MT,Centro-Oeste,1,91.39,11.39,25.36622976098689,1390.27,5.043333333333333,0.5,0.0,0.75
5108303,União Do Sul,MT,Centro-Oeste,1,95.66,15.66,27.404403244495946,1589.3,4.885,0.3333333333333333,0.3333333333333333,0.6666666666666666
5108352,Vale De São Domingos,MT,Centro-Oeste,0,76.28,-3.72,20.056764427625353,1348.22,4.973333333333334,0.25,0.0,0.25
5108402,Várzea Grande,MT,Centro-Oeste,1,70.79,-9.21,26.867468763603693,1453.88,5.001081081081081,0.3905325443786982,0.16568047337278108,0.3609467455621302
5108501,Vera,MT,Centro-Oeste,1,67.82,-12.18,18.448702101359704,1618.26,5.125,0.3333333333333333,0.4444444444444444,0.4444444444444444
5108600,Vila Rica,MT,Centro-Oeste,1,79.87,-0.13,20.53392658509455,1632.85,4.975714285714285,0.35294117647058826,0.17647058823529413,0.7058823529411765
5108808,Nova Guarita,MT,Centro-Oeste,1,81.88,1.88,17.673579801623085,1130.89,4.986666666666667,0.4,0.4,0.6
5108857,Nova Marilândia,MT,Centro-Oeste,1,85.48,5.48,20.799180327868854,1504.51,4.995,0.3333333333333333,0.6666666666666666,0.6666666666666666
5108907,Nova Maringá,MT,Centro-Oeste,1,79.11,-0.89,23.30567081604426,1721.46,5.053333333333334,0.75,0.0,0.75
5108956,Nova Monte Verde,MT,Centro-Oeste,1,93.86,13.86,24.27951046190288,1604.84,5.043333333333333,0.5,0.0,0.6666666666666666
5200050,Abadia De Goiás,GO,Centro-Oeste,0,72.55,-7.45,28.88679022547515,1180.2,4.988333333333333,0.18181818181818182,0.2727272727272727,0.36363636363636365
5200100,Abadiânia,GO,Centro-Oeste,1,81.97,1.97,22.737219017306547,1120.29,5.035714285714286,0.75,0.16666666666666666,0.4166666666666667
5200134,Acreúna,GO,Centro-Oeste,1,80.42,0.42,13.89029535864979,1489.52,5.01,0.8571428571428571,0.6428571428571429,0.7142857142857143
5200159,Adelândia,GO,Centro-Oeste,1,81.82,1.82,18.078381795195956,1490.18,5.1,1.0,0.3333333333333333,1.0
5200175,Água Fria De Goiás,GO,Centro-Oeste,1,91.83,11.83,24.519874944171505,1067.37,5.0675,0.4,0.6,0.8
5200209,Água Limpa,GO,Centro-Oeste,1,100.0,20.0,30.19607843137255,1517.07,5.359999999999999,1.0,0.3333333333333333,0.6666666666666666
5200258,Águas Lindas De Goiás,GO,Centro-Oeste,1,66.89,-13.11,30.48687906470633,1027.34,4.891754385964912,0.5742574257425742,0.43564356435643564,0.48514851485148514
5200308,Alexânia,GO,Centro-Oeste,0,80.46,0.46,33.346528382550865,1299.21,5.0600000000000005,0.2962962962962963,0.1111111111111111,0.3333333333333333
5200506,Aloândia,GO,Centro-Oeste,1,100.0,20.0,17.79788838612368,1654.76,5.26,1.0,0.5,0.5
5200555,Alto Horizonte,GO,Centro-Oeste,1,87.69,7.69,22.806381435823063,1527.35,5.154999999999999,0.8,0.4,0.6
5200605,Alto Paraíso De Goiás,GO,Centro-Oeste,1,90.91,10.91,30.695502580486604,1767.85,5.056,0.75,0.5,0.5833333333333334
5200803,Alvorada Do Norte,GO,Centro-Oeste,1,78.43,-1.57,22.609227008860373,1143.51,4.948333333333333,0.6666666666666666,0.3333333333333333,0.2222222222222222
5200829,Amaralina,GO,Centro-Oeste,1,88.27,8.27,21.93771626297578,1184.95,4.773333333333333,0.3333333333333333,0.5,0.5
5200852,Americano Do Brasil,GO,Centro-Oeste,1,79.35,-0.65,25.68455640744797,914.55,4.803333333333334,0.8,0.4,0.6
5200902,Amorinópolis,GO,Centro-Oeste,1,85.0,5.0,26.969481902058195,1484.2,5.11,0.75,0.25,0.5
5201108,Anápolis,GO,Centro-Oeste,1,80.58,0.58,9.568701390525572,1723.02,5.232626262626263,0.6343612334801763,0.34801762114537443,0.5154185022026432
5201207,Anhanguera,GO,Centro-Oeste,1,85.71,5.71,19.662921348314608,1518.8,5.08,0.6666666666666666,0.6666666666666666,0.6666666666666666
5201306,Anicuns,GO,Centro-Oeste,1,96.96,16.96,21.55210643015521,1473.21,5.13625,0.8666666666666667,0.13333333333333333,0.3333333333333333
5201405,Aparecida De Goiânia,GO,Centro-Oeste,1,74.89,-5.11,18.14452447902623,1417.33,5.096495726495726,0.7148760330578512,0.4256198347107438,0.5082644628099173
5201454,Aparecida Do Rio Doce,GO,Centro-Oeste,1,90.8,10.8,13.092550790067719,1436.79,5.045,1.0,0.6666666666666666,0.6666666666666666
5201504,Aporé,GO,Centro-Oeste,1,91.72,11.72,25.0,1507.57,5.215,0.5,0.25,0.75
5201603,Araçu,GO,Centro-Oeste,1,96.1,16.1,23.191214470284237,1368.99,5.1850000000000005,1.0,0.5,0.5
5201702,Aragarças,GO,Centro-Oeste,1,72.55,-7.45,24.379862028474975,1333.37,5.111111111111111,0.6,0.3333333333333333,0.4
5201801,Aragoiânia,GO,Centro-Oeste,2,58.01,-21.99,32.23486115757779,1165.08,4.935,0.375,0.0,0.125
5202155,Araguapaz,GO,Centro-Oeste,0,84.46,4.46,28.047968021319118,1306.11,4.922,0.4444444444444444,0.0,0.5555555555555556
5202353,Arenópolis,GO,Centro-Oeste,1,97.37,17.37,23.932253313696613,1335.2,5.19,0.4,0.6,0.4
5202502,Aruanã,GO,Centro-Oeste,1,87.59,7.59,12.9565816678153,1469.3,5.0425,0.7142857142857143,0.42857142857142855,0.5714285714285714
5202601,Aurilândia,GO,Centro-Oeste,1,96.78,16.78,18.274582560296846,1491.47,4.9350000000000005,1.0,1.0,1.0
5202809,Avelinópolis,GO,Centro-Oeste,1,91.02,11.02,25.23033309709426,1395.39,4.79,1.0,0.5,0.5
5203104,Baliza,GO,Centro-Oeste,1,88.0,8.0,28.988424760946153,1183.7,5.0175,0.5,0.75,0.75
5203203,Barro Alto,GO,Centro-Oeste,1,93.05,13.05,22.49936370577755,1311.55,5.17,0.6,0.6,0.4
5203302,Bela Vista De Goiás,GO,Centro-Oeste,1,79.66,-0.34,30.743243243243246,1637.71,5.071538461538461,0.64,0.52,0.36
5203401,Bom Jardim De Goiás,GO,Centro-Oeste,1,95.49,15.49,24.668874172185433,1367.26,5.0200000000000005,1.0,0.5,0.75
5203500,Bom Jesus De Goiás,GO,Centro-Oeste,1,87.36,7.36,24.560193170058643,1447.48,5.165,0.5,0.16666666666666666,0.3888888888888889
5203559,Bonfinópolis,GO,Centro-Oeste,1,99.11,19.11,21.841541755888652,1337.45,4.978,0.2857142857142857,0.5714285714285714,0.2857142857142857
5203575,Bonópolis,GO,Centro-Oeste,0,76.1,-3.9,27.262443438914026,1200.67,4.706666666666667,0.2,0.2,0.4
5203609,Brazabrantes,GO,Centro-Oeste,1,80.85,0.85,24.34259954921112,1266.06,4.835,0.6,0.8,0.2
5203807,Britânia,GO,Centro-Oeste,1,88.37,8.37,15.106888361045131,1469.56,5.12,0.8333333333333334,0.3333333333333333,0.3333333333333333
5203906,Buriti Alegre,GO,Centro-Oeste,1,90.21,10.21,16.43835616438356,1463.96,5.385,1.0,0.4444444444444444,0.6666666666666666
5203939,Buriti De Goiás,GO,Centro-Oeste,1,100.0,20.0,24.61890243902439,1419.51,5.145,1.0,0.3333333333333333,0.6666666666666666
5203962,Buritinópolis,GO,Centro-Oeste,0,74.14,-5.86,32.73488928785159,883.67,4.98,1.0,0.25,0.25
5204003,Cabeceiras,GO,Centro-Oeste,0,98.69,18.69,32.30283911671925,1170.16,5.033333333333333,0.6,0.3,0.3
5204102,Cachoeira Alta,GO,Centro-Oeste,1,88.5,8.5,24.11456729288574,1562.18,5.1825,0.875,0.625,0.75
5204201,Cachoeira De Goiás,GO,Centro-Oeste,1,63.64,-16.36,30.014224751066855,1196.62,5.01,0.5,0.5,0.5
5204250,Cachoeira Dourada,GO,Centro-Oeste,1,75.46,-4.54,19.893790849673202,1531.74,5.19,1.0,0.8,0.6
5204300,Caçu,GO,Centro-Oeste,1,91.0,11.0,20.94194961664841,1796.75,5.18,0.38461538461538464,0.07692307692307693,0.38461538461538464
5204409,Caiapônia,GO,Centro-Oeste,1,82.96,2.96,11.98818066694808,1652.4,5.23625,0.8125,0.25,0.5625
5204508,Caldas Novas,GO,Centro-Oeste,1,69.0,-11.0,19.236647204044047,1596.14,5.1084000000000005,0.5,0.22413793103448276,0.7068965517241379
5204557,Caldazinha,GO,Centro-Oeste,1,79.65,-0.35,20.476190476190474,1384.25,4.93,0.6666666666666666,0.3333333333333333,0.6666666666666666
5204607,Campestre De Goiás,GO,Centro-Oeste,0,87.23,7.23,31.269160024524833,1348.84,4.966666666666666,0.4,0.0,0.8
5204656,Campinaçu,GO,Centro-Oeste,1,88.7,8.7,31.024447031431894,1225.94,4.916666666666667,0.5,0.25,0.75
5204706,Campinorte,GO,Centro-Oeste,1,92.65,12.65,26.96842105263158,1364.05,5.074285714285715,1.0,0.3,0.3
5204805,Campo Alegre De Goiás,GO,Centro-Oeste,1,83.95,3.95,25.33272143184947,1503.15,5.025,0.8571428571428571,0.2857142857142857,0.2857142857142857
5204854,Campo Limpo De Goiás,GO,Centro-Oeste,0,95.75,15.75,34.24113475177305,1141.62,5.04,1.0,0.25,0.25
5204904,Campos Belos,GO,Centro-Oeste,1,83.32,3.32,30.739053404201467,1105.23,4.786666666666666,0.5,0.5555555555555556,0.7222222222222222
5204953,Campos Verdes,GO,Centro-Oeste,0,91.7,11.7,31.436699857752487,1092.31,4.82,1.0,0.3333333333333333,0.3333333333333333
5205000,Carmo Do Rio Verde,GO,Centro-Oeste,1,93.58,13.58,25.178997613365155,1138.24,5.042,0.75,0.625,0.75
5205059,Castelândia,GO,Centro-Oeste,1,84.21,4.21,30.38438071995119,1362.98,4.995,1.0,1.0,0.6666666666666666
5205109,Catalão,GO,Centro-Oeste,1,79.19,-0.81,26.410462417425464,1978.99,5.28774193548387,0.589041095890411,0.3424657534246575,0.4657534246575342
5205208,Caturaí,GO,Centro-Oeste,1,86.32,6.32,28.982395878059254,1173.84,5.0600000000000005,1.0,1.0,1.0
5205307,Cavalcante,GO,Centro-Oeste,2,58.69,-21.31,24.60818237329534,992.49,4.458333333333333,0.2608695652173913,0.13043478260869565,0.8260869565217391
5205406,Ceres,GO,Centro-Oeste,1,96.26,16.26,16.967728841079765,1905.87,5.2,0.782608695652174,0.6521739130434783,0.6086956521739131
5205455,Cezarina,GO,Centro-Oeste,1,76.55,-3.45,21.70731707317073,1470.53,5.125,0.7142857142857143,0.42857142857142855,0.5714285714285714
5205471,Chapadão Do Céu,GO,Centro-Oeste,1,90.08,10.08,28.455790784557912,2014.5,5.18,0.45454545454545453,0.36363636363636365,0.45454545454545453
5205497,Cidade Ocidental,GO,Centro-Oeste,1,66.36,-13.64,30.682518714222812,1257.39,5.042941176470588,0.5681818181818182,0.5909090909090909,0.6818181818181818
5205513,Cocalzinho De Goiás,GO,Centro-Oeste,1,90.96,10.96,32.89927986583802,1124.98,4.978333333333333,0.45454545454545453,0.6363636363636364,0.7272727272727273
5205521,Colinas Do Sul,GO,Centro-Oeste,1,78.69,-1.31,27.12665406427221,1094.18,4.890000000000001,0.6,0.8,1.0
5205703,Córrego Do Ouro,GO,Centro-Oeste,1,100.0,20.0,23.376623376623375,1696.12,5.25,1.0,1.0,1.0
5205802,Corumbá De Goiás,GO,Centro-Oeste,0,87.42,7.42,27.641334569045412,1266.95,5.038,0.4,0.2,0.3
5205901,Corumbaíba,GO,Centro-Oeste,1,81.36,1.36,26.22680412371134,1501.21,5.265,0.6363636363636364,0.09090909090909091,0.36363636363636365
5206206,Cristalina,GO,Centro-Oeste,1,74.92,-5.08,30.158805629516927,1347.24,5.068695652173913,0.6326530612244898,0.46938775510204084,0.4897959183673469
5206305,Cristianópolis,GO,Centro-Oeste,1,84.16,4.16,25.482866043613704,1545.25,5.215,0.75,0.5,0.0
5206404,Crixás,GO,Centro-Oeste,1,83.64,3.64,21.130346232179225,1438.23,5.11,0.6842105263157895,0.3157894736842105,0.47368421052631576
5206503,Cromínia,GO,Centro-Oeste,1,63.17,-16.83,28.901734104046245,1625.46,5.279999999999999,1.0,0.25,0.5
5206602,Cumari,GO,Centro-Oeste,1,72.73,-7.27,24.137931034482758,1392.56,5.27,1.0,0.5,0.5
5206701,Damianópolis,GO,Centro-Oeste,0,86.23,6.23,30.810028929604627,914.23,4.88,0.4,0.4,0.4
5206800,Damolândia,GO,Centro-Oeste,1,87.87,7.87,31.204379562043794,1029.48,5.135,1.0,1.0,0.5
5206909,Davinópolis,GO,Centro-Oeste,1,80.77,0.77,23.970432946145724,1201.26,5.07,0.6666666666666666,0.3333333333333333,0.3333333333333333
5207105,Diorama,GO,Centro-Oeste,1,93.51,13.51,18.020679468242246,1362.3,5.0649999999999995,1.0,0.0,0.75
5207253,Doverlândia,GO,Centro-Oeste,1,89.78,9.78,24.371069182389938,1501.93,5.223333333333334,0.7142857142857143,0.2857142857142857,0.2857142857142857
5207352,Edealina,GO,Centro-Oeste,1,81.86,1.86,24.686192468619247,1467.35,5.03,0.75,0.75,0.75
5207402,Edéia,GO,Centro-Oeste,1,90.53,10.53,22.155255544840887,1592.09,5.2925,0.6666666666666666,0.4444444444444444,0.6666666666666666
5207501,Estrela Do Norte,GO,Centro-Oeste,1,100.0,20.0,25.32871972318339,1317.6,4.993333333333333,0.5,0.5,0.5
5207535,Faina,GO,Centro-Oeste,1,78.58,-1.42,26.104868913857675,1212.29,4.902,0.625,0.125,0.75
5207600,Fazenda Nova,GO,Centro-Oeste,1,100.0,20.0,32.09134615384615,1503.77,5.132,0.8571428571428571,0.7142857142857143,0.5714285714285714
5207808,Firminópolis,GO,Centro-Oeste,1,94.12,14.12,23.34577536477774,1777.07,5.13,0.5,0.25,0.375
5207907,Flores De Goiás,GO,Centro-Oeste,2,61.02,-18.98,26.355525051475638,911.08,4.64625,0.23076923076923078,0.38461538461538464,0.38461538461538464
5208004,Formosa,GO,Centro-Oeste,1,70.44,-9.56,26.756087050204698,1553.54,4.996153846153846,0.3978494623655914,0.3548387096774194,0.41935483870967744
5208103,Formoso,GO,Centro-Oeste,1,92.11,12.11,23.26388888888889,1442.82,5.04,0.75,0.75,0.75
5208152,Gameleira De Goiás,GO,Centro-Oeste,1,94.65,14.65,17.91044776119403,1420.81,5.086666666666667,0.25,0.75,0.75
5208301,Divinópolis De Goiás,GO,Centro-Oeste,0,81.41,1.41,32.15874101950051,988.81,4.465,0.5,0.375,0.75
5208400,Goianápolis,GO,Centro-Oeste,0,90.43,10.43,25.23467697404749,1280.32,5.09,0.6153846153846154,0.07692307692307693,0.3076923076923077
5208509,Goiandira,GO,Centro-Oeste,1,65.59,-14.41,20.52401746724891,1519.4,5.06,1.0,0.6666666666666666,1.0
5208608,Goianésia,GO,Centro-Oeste,1,91.69,11.69,16.75614732094921,1539.47,5.136666666666667,0.8070175438596491,0.2982456140350877,0.5614035087719298
5208707,Goiânia,GO,Centro-Oeste,1,80.01,0.01,22.80189852356516,2668.8,5.1620784313725485,0.5470798569725864,0.3146603098927294,0.4922526817640048
5208806,Goianira,GO,Centro-Oeste,0,89.67,9.67,25.59496855345912,1135.58,5.053333333333333,0.4482758620689655,0.20689655172413793,0.3103448275862069
5208905,Goiás,GO,Centro-Oeste,1,79.76,-0.24,25.782338781198533,1718.77,5.083333333333333,0.6896551724137931,0.20689655172413793,0.4482758620689655
5209101,Goiatuba,GO,Centro-Oeste,1,87.78,7.78,16.839100963253657,1689.55,5.313076923076922,0.6071428571428571,0.42857142857142855,0.75
5209150,Gouvelândia,GO,Centro-Oeste,1,80.63,0.63,27.500000000000004,1288.3,5.086666666666667,0.8,0.6,0.4
5209200,Guapó,GO,Centro-Oeste,1,68.97,-11.03,30.05628068494791,1227.07,4.987,0.42857142857142855,0.21428571428571427,0.6428571428571429
5209291,Guaraíta,GO,Centro-Oeste,1,82.67,2.67,21.731289449954915,1292.35,5.18,1.0,0.0,1.0
5209408,Guarani De Goiás,GO,Centro-Oeste,1,67.14,-12.86,27.196885428253616,916.72,4.8525,0.5,0.375,0.75
5209457,Guarinos,GO,Centro-Oeste,1,96.19,16.19,20.87264150943396,1100.76,5.125,0.75,0.0,0.75
5209606,Heitoraí,GO,Centro-Oeste,1,66.67,-13.33,29.89156058462989,1315.65,5.109999999999999,1.0,0.25,0.5
5209705,Hidrolândia,GO,Centro-Oeste,1,80.39,0.39,23.231885627639986,1626.34,5.097777777777777,0.7777777777777778,0.2222222222222222,0.3333333333333333
5209804,Hidrolina,GO,Centro-Oeste,1,97.25,17.25,25.10460251046025,1353.29,5.115,0.6666666666666666,0.6666666666666666,0.0
5209903,Iaciara,GO,Centro-Oeste,2,63.42,-16.58,33.566990600605386,919.34,4.695,0.42857142857142855,0.21428571428571427,0.2857142857142857
5209937,Inaciolândia,GO,Centro-Oeste,1,86.33,6.33,17.96191456510551,1249.96,5.029999999999999,0.25,0.5,0.5
5209952,Indiara,GO,Centro-Oeste,1,85.85,5.85,20.574162679425836,1441.09,5.133333333333334,0.6363636363636364,0.5454545454545454,0.36363636363636365
5210000,Inhumas,GO,Centro-Oeste,1,93.05,13.05,19.132530120481928,1498.36,5.124444444444444,0.6428571428571429,0.19047619047619047,0.30952380952380953
5210109,Ipameri,GO,Centro-Oeste,1,76.94,-3.06,23.95574341123819,1527.05,5.082307692307692,0.6923076923076923,0.19230769230769232,0.34615384615384615
5210158,Ipiranga De Goiás,GO,Centro-Oeste,1,100.0,20.0,24.268502581755595,1315.82,5.449999999999999,1.0,0.75,0.75
5210208,Iporá,GO,Centro-Oeste,1,90.13,10.13,18.499842420422315,1748.63,5.259230769230769,0.5151515151515151,0.3333333333333333,0.42424242424242425
5210307,Israelândia,GO,Centro-Oeste,1,100.0,20.0,24.714160070360595,1254.54,5.175,0.5,0.5,0.5
5210406,Itaberaí,GO,Centro-Oeste,1,90.82,10.82,21.550953003509253,1421.51,4.99,1.0,0.52,0.68
5210562,Itaguari,GO,Centro-Oeste,1,93.1,13.1,19.943019943019944,1331.54,5.096666666666667,0.75,0.25,0.75
5210604,Itaguaru,GO,Centro-Oeste,0,97.82,17.82,25.02883506343714,1127.42,4.726666666666667,0.6,0.2,0.6
5210802,Itajá,GO,Centro-Oeste,1,92.64,12.64,14.86748545572075,1582.01,5.226666666666667,0.8,0.8,0.8
5210901,Itapaci,GO,Centro-Oeste,1,94.2,14.2,18.213256484149856,1335.74,4.9925,0.7692307692307693,0.46153846153846156,0.6153846153846154
5211008,Itapirapuã,GO,Centro-Oeste,1,63.62,-16.38,28.614548747358885,1503.44,4.93,0.625,0.375,0.5
5211206,Itapuranga,GO,Centro-Oeste,1,92.31,12.31,18.53960396039604,1371.33,5.194,0.7222222222222222,0.5,0.5555555555555556
5211305,Itarumã,GO,Centro-Oeste,1,76.06,-3.94,18.601115053218447,1776.07,5.1433333333333335,0.5,0.3333333333333333,0.3333333333333333
5211404,Itauçu,GO,Centro-Oeste,1,100.0,20.0,24.808917197452228,1451.46,5.19,1.0,0.6666666666666666,0.6666666666666666
5211503,Itumbiara,GO,Centro-Oeste,1,80.69,0.69,24.517751257224347,1838.9,5.2112,0.5692307692307692,0.47692307692307695,0.6461538461538462
5211602,Ivolândia,GO,Centro-Oeste,1,100.0,20.0,30.631970260223046,1548.54,5.109999999999999,1.0,0.5,0.5
5211701,Jandaia,GO,Centro-Oeste,1,87.88,7.88,18.235930735930737,1620.89,5.116666666666666,0.2857142857142857,0.0,0.14285714285714285
5211800,Jaraguá,GO,Centro-Oeste,1,95.59,15.59,25.687076569091143,1313.47,4.929411764705883,0.8787878787878788,0.18181818181818182,0.696969696969697
5211909,Jataí,GO,Centro-Oeste,1,76.65,-3.35,20.96586951474344,1818.86,5.2884375,0.5,0.5285714285714286,0.5142857142857142
5212006,Jaupaci,GO,Centro-Oeste,1,86.54,6.54,22.639933166248955,994.09,5.04,0.5,0.5,0.5
5212055,Jesúpolis,GO,Centro-Oeste,1,92.86,12.86,30.823737821080606,1290.01,4.96,1.0,0.3333333333333333,0.3333333333333333
5212105,Joviânia,GO,Centro-Oeste,1,70.57,-9.43,14.101646385110952,1785.45,5.436,0.7142857142857143,0.42857142857142855,0.42857142857142855
5212204,Jussara,GO,Centro-Oeste,1,87.96,7.96,23.741319444444446,1661.84,5.085454545454545,0.3,0.3,0.45
5212253,Lagoa Santa,GO,Centro-Oeste,1,100.0,20.0,31.65775401069519,1385.97,5.24,0.6666666666666666,0.6666666666666666,0.6666666666666666
5212303,Leopoldo De Bulhões,GO,Centro-Oeste,0,89.33,9.33,30.60541527228476,1248.93,4.968,0.3333333333333333,0.08333333333333333,0.4166666666666667
5212501,Luziânia,GO,Centro-Oeste,1,78.77,-1.23,27.044954992673226,1154.28,5.034857142857143,0.5,0.3125,0.3671875
5212600,Mairipotaba,GO,Centro-Oeste,1,59.78,-20.22,27.06502636203866,1624.03,5.215,1.0,1.0,1.0
5212709,Mambaí,GO,Centro-Oeste,1,77.92,-2.08,35.07462686567165,1009.52,4.97,0.6666666666666666,0.6666666666666666,0.6666666666666666
5212808,Mara Rosa,GO,Centro-Oeste,1,97.69,17.69,23.964326812428077,1531.62,4.951428571428571,0.8888888888888888,0.2222222222222222,0.3333333333333333
5212907,Marzagão,GO,Centro-Oeste,1,100.0,20.0,21.927966101694913,1499.44,5.13,0.6666666666666666,0.6666666666666666,0.0
5212956,Matrinchã,GO,Centro-Oeste,1,94.21,14.21,30.18563357546408,1160.03,5.046666666666667,1.0,0.2,0.4
5213004,Maurilândia,GO,Centro-Oeste,1,89.26,9.26,26.685393258426966,1294.83,4.93,0.875,0.125,0.375
5213053,Mimoso De Goiás,GO,Centro-Oeste,0,100.0,20.0,26.632739609838847,1104.6,4.74,0.3333333333333333,0.2222222222222222,0.1111111111111111
5213087,Minaçu,GO,Centro-Oeste,1,91.18,11.18,20.144284128745838,1290.17,5.049166666666667,0.5172413793103449,0.27586206896551724,0.3793103448275862
5213103,Mineiros,GO,Centro-Oeste,1,87.0,7.0,16.239227494548853,1576.3,5.126470588235295,0.5,0.4423076923076923,0.34615384615384615
5213400,Moiporá,GO,Centro-Oeste,1,100.0,20.0,22.885572139303484,1576.61,4.89,0.75,0.25,0.5
5213509,Monte Alegre De Goiás,GO,Centro-Oeste,0,70.54,-9.46,37.50832778147901,817.02,4.388333333333333,0.29411764705882354,0.23529411764705882,0.7058823529411765
5213707,Montes Claros De Goiás,GO,Centro-Oeste,1,83.99,3.99,17.86716557530402,1724.65,5.24,0.1111111111111111,0.1111111111111111,0.7777777777777778
5213756,Montividiu,GO,Centro-Oeste,1,89.75,9.75,18.876755070202808,1765.18,5.175,0.9,0.4,0.3
5213772,Montividiu Do Norte,GO,Centro-Oeste,0,93.98,13.98,32.39364428498206,1049.67,4.746666666666667,0.7142857142857143,0.42857142857142855,0.42857142857142855
5213806,Morrinhos,GO,Centro-Oeste,1,63.58,-16.42,8.93449233802312,1637.6,5.23764705882353,0.45,0.5,0.525
5213855,Morro Agudo De Goiás,GO,Centro-Oeste,1,100.0,20.0,22.487223168654175,1081.81,4.92,0.5,0.5,0.75
5213905,Mossâmedes,GO,Centro-Oeste,1,94.97,14.97,17.33615221987315,1488.19,5.1899999999999995,0.8333333333333334,0.3333333333333333,0.6666666666666666
5214002,Mozarlândia,GO,Centro-Oeste,1,70.56,-9.44,26.721140472878997,1506.16,5.0875,0.3333333333333333,0.3333333333333333,0.3333333333333333
5214051,Mundo Novo,GO,Centro-Oeste,1,91.21,11.21,18.73170731707317,1347.87,4.9625,0.3333333333333333,0.16666666666666666,0.5
5214101,Mutunópolis,GO,Centro-Oeste,1,97.73,17.73,27.636849132176234,1101.7,4.9,1.0,0.3333333333333333,0.3333333333333333
5214408,Nazário,GO,Centro-Oeste,1,86.92,6.92,23.34963325183374,1255.13,5.15,0.8333333333333334,0.5,0.5
5214507,Nerópolis,GO,Centro-Oeste,1,81.85,1.85,23.155979017235843,1390.6,5.132222222222222,0.7777777777777778,0.0,0.3333333333333333
5214606,Niquelândia,GO,Centro-Oeste,1,84.0,4.0,13.725666906993512,1385.45,5.052142857142857,0.5161290322580645,0.3548387096774194,0.5483870967741935
5214705,Nova América,GO,Centro-Oeste,1,93.33,13.33,24.215809284818068,1100.11,4.845,0.5,0.25,0.5
5214804,Nova Aurora,GO,Centro-Oeste,1,86.36,6.36,18.979833926453143,1465.6,5.425000000000001,1.0,0.0,0.3333333333333333
5214838,Nova Crixás,GO,Centro-Oeste,1,89.86,9.86,24.448217317487266,1606.5,5.001666666666666,0.6428571428571429,0.14285714285714285,0.21428571428571427
5214861,Nova Glória,GO,Centro-Oeste,1,98.25,18.25,27.028909787530473,1215.39,5.006666666666667,0.5384615384615384,0.38461538461538464,0.46153846153846156
5214879,Nova Iguaçu De Goiás,GO,Centro-Oeste,1,91.67,11.67,28.89137737961926,1397.76,5.0649999999999995,1.0,0.3333333333333333,0.6666666666666666
5214903,Nova Roma,GO,Centro-Oeste,0,73.61,-6.39,29.735376044568245,1060.47,4.915,0.14285714285714285,0.42857142857142855,0.14285714285714285
5215009,Nova Veneza,GO,Centro-Oeste,1,94.39,14.39,26.329185520361992,1427.24,5.026666666666666,0.5,0.3333333333333333,0.8333333333333334
5215207,Novo Brasil,GO,Centro-Oeste,1,100.0,20.0,28.191126279863482,1369.21,4.984999999999999,0.5,0.5,1.0
5215231,Novo Gama,GO,Centro-Oeste,2,67.05,-12.95,28.167846658608187,1000.39,4.884375,0.49206349206349204,0.31746031746031744,0.4126984126984127
5215256,Novo Planalto,GO,Centro-Oeste,1,94.44,14.44,26.86139747995418,1129.16,4.705,1.0,0.3333333333333333,0.3333333333333333
5215306,Orizona,GO,Centro-Oeste,1,89.4,9.4,18.734525447042643,1855.19,5.06625,0.5555555555555556,0.2777777777777778,0.6111111111111112
5215405,Ouro Verde De Goiás,GO,Centro-Oeste,1,96.77,16.77,25.859106529209626,1332.08,5.225,0.6666666666666666,0.6666666666666666,0.6666666666666666
5215504,Ouvidor,GO,Centro-Oeste,1,93.7,13.7,11.700113593335857,1528.14,5.375,1.0,0.5,0.5
5215603,Padre Bernardo,GO,Centro-Oeste,1,87.69,7.69,24.492781896215373,984.91,4.897142857142858,0.34615384615384615,0.38461538461538464,0.6153846153846154
5215652,Palestina De Goiás,GO,Centro-Oeste,1,96.91,16.91,20.199004975124378,1405.74,5.220000000000001,1.0,0.6666666666666666,0.3333333333333333
5215702,Palmeiras De Goiás,GO,Centro-Oeste,1,77.06,-2.94,21.370791429820727,1337.68,5.044444444444444,0.7647058823529411,0.29411764705882354,0.5882352941176471
5215801,Palmelo,GO,Centro-Oeste,1,96.02,16.02,21.99074074074074,1688.91,5.01,0.6666666666666666,0.3333333333333333,0.6666666666666666
5215900,Palminópolis,GO,Centro-Oeste,1,90.93,10.93,23.103212576896787,1410.92,5.199999999999999,1.0,0.6666666666666666,0.6666666666666666
5216007,Panamá,GO,Centro-Oeste,1,92.2,12.2,22.22222222222222,1380.71,5.050000000000001,1.0,0.3333333333333333,1.0
5216304,Paranaiguara,GO,Centro-Oeste,1,92.07,12.07,21.139971139971138,1222.1,5.306666666666667,1.0,0.25,0.5
5216403,Paraúna,GO,Centro-Oeste,1,100.0,20.0,16.341030195381883,1539.7,5.1866666666666665,0.9,0.6,0.7
5216452,Perolândia,GO,Centro-Oeste,1,91.84,11.84,12.910532276330692,1469.08,5.34,0.75,0.75,0.25
5216809,Petrolina De Goiás,GO,Centro-Oeste,1,95.91,15.91,26.959130108736407,1336.02,4.97,0.8333333333333334,0.6666666666666666,0.6666666666666666
5216908,Pilar De Goiás,GO,Centro-Oeste,1,89.42,9.42,26.516052318668255,1090.5,4.734999999999999,1.0,0.3333333333333333,0.3333333333333333
5217104,Piracanjuba,GO,Centro-Oeste,1,84.22,4.22,24.453312051077415,1876.46,5.196666666666666,0.4090909090909091,0.36363636363636365,0.45454545454545453
5217203,Piranhas,GO,Centro-Oeste,1,84.7,4.7,20.393884426017102,1598.1,5.064,0.9090909090909091,0.5454545454545454,0.6363636363636364
5217302,Pirenópolis,GO,Centro-Oeste,1,75.66,-4.34,16.07747528105106,1492.76,5.059166666666667,0.375,0.041666666666666664,0.9583333333333334
5217401,Pires Do Rio,GO,Centro-Oeste,1,76.73,-3.27,24.097966324076097,1745.69,5.130833333333333,0.8095238095238095,0.2857142857142857,0.5238095238095238
5217609,Planaltina,GO,Centro-Oeste,1,82.4,2.4,30.855994641661084,996.1,4.91,0.4444444444444444,0.4603174603174603,0.7142857142857143
5217708,Pontalina,GO,Centro-Oeste,1,96.69,16.69,12.650862068965518,1692.99,5.25,0.46153846153846156,0.38461538461538464,0.3076923076923077
5218003,Porangatu,GO,Centro-Oeste,1,65.5,-14.5,18.386462022825658,1524.5,4.934666666666667,0.6857142857142857,0.37142857142857144,0.5142857142857142
5218052,Porteirão,GO,Centro-Oeste,1,95.4,15.4,13.838310269482884,1696.91,5.05,0.3333333333333333,0.3333333333333333,0.6666666666666666
5218102,Portelândia,GO,Centro-Oeste,1,93.85,13.85,27.184466019417474,1368.96,5.055,0.6666666666666666,0.6666666666666666,0.6666666666666666
5218300,Posse,GO,Centro-Oeste,1,87.99,7.99,30.886745754032603,1333.77,4.863529411764706,0.7419354838709677,0.45161290322580644,0.5483870967741935
5218391,Professor Jamil,GO,Centro-Oeste,1,94.0,14.0,28.360957642725598,1453.05,4.985,0.75,0.0,0.5
5218508,Quirinópolis,GO,Centro-Oeste,1,85.21,5.21,13.764600179694519,1722.78,5.222857142857143,0.8666666666666667,0.4666666666666667,0.6
5218607,Rialma,GO,Centro-Oeste,1,94.45,14.45,19.720873786407765,1469.23,5.0600000000000005,0.5,0.625,0.5
5218706,Rianápolis,GO,Centro-Oeste,1,96.08,16.08,19.174434087882823,1482.64,5.056666666666667,0.5,0.75,0.25
5218789,Rio Quente,GO,Centro-Oeste,1,100.0,20.0,18.660647103085026,1613.63,5.1899999999999995,0.6666666666666666,0.6666666666666666,0.3333333333333333
5218805,Rio Verde,GO,Centro-Oeste,1,97.02,17.02,21.19987630141223,1822.67,5.2445,0.5433070866141733,0.25196850393700787,0.6614173228346457
5218904,Rubiataba,GO,Centro-Oeste,1,96.36,16.36,15.81643105920918,1478.55,5.178,0.5454545454545454,0.3181818181818182,0.36363636363636365
5219001,Sanclerlândia,GO,Centro-Oeste,1,98.87,18.87,19.150641025641026,1561.85,5.3425,1.0,0.4,0.6
5219100,Santa Bárbara De Goiás,GO,Centro-Oeste,1,89.08,9.08,26.02124183006536,1408.78,5.06,0.5,0.75,0.75
5219209,Santa Cruz De Goiás,GO,Centro-Oeste,1,92.17,12.17,23.273113708820404,1776.3,5.21,0.5,0.25,0.25
5219258,Santa Fé De Goiás,GO,Centro-Oeste,1,83.33,3.33,21.841397849462364,1530.95,4.913333333333333,0.75,0.25,0.25
5219308,Santa Helena De Goiás,GO,Centro-Oeste,1,75.81,-4.19,23.86244495701405,1538.33,5.102142857142858,0.3793103448275862,0.3793103448275862,0.4827586206896552
5219357,Santa Isabel,GO,Centro-Oeste,1,100.0,20.0,25.71756601607348,1333.06,5.1175,0.6,0.8,1.0
5219407,Santa Rita Do Araguaia,GO,Centro-Oeste,1,85.73,5.73,25.936329588014985,1156.18,5.2575,0.6,0.6,0.6
5219456,Santa Rita Do Novo Destino,GO,Centro-Oeste,1,100.0,20.0,22.85263987391647,961.7,4.9174999999999995,0.8,0.6,0.6
5219506,Santa Rosa De Goiás,GO,Centro-Oeste,1,100.0,20.0,21.793721973094172,1247.28,5.109999999999999,1.0,1.0,1.0
5219605,Santa Tereza De Goiás,GO,Centro-Oeste,1,59.95,-20.05,24.29824561403509,1239.43,5.15,0.4,0.6,0.6
5219704,Santa Terezinha De Goiás,GO,Centro-Oeste,1,97.34,17.34,27.812828601472134,1239.58,4.886666666666667,0.6363636363636364,0.45454545454545453,0.2727272727272727
5219712,Santo Antônio Da Barra,GO,Centro-Oeste,1,97.88,17.88,15.075757575757576,1279.99,5.0649999999999995,1.0,0.25,0.25
5219738,Santo Antônio De Goiás,GO,Centro-Oeste,1,98.1,18.1,23.50653941322022,1735.6,5.165,0.6666666666666666,0.3333333333333333,0.0
5219753,Santo Antônio Do Descoberto,GO,Centro-Oeste,0,75.09,-4.91,29.264821009180842,1046.54,4.932380952380952,0.6666666666666666,0.3076923076923077,0.28205128205128205
5219803,São Domingos,GO,Centro-Oeste,1,78.96,-1.04,30.998080614203456,952.58,4.7925,0.46153846153846156,0.38461538461538464,0.8461538461538461
5219902,São Francisco De Goiás,GO,Centro-Oeste,0,92.8,12.8,30.23168908819133,1112.78,5.025,0.3333333333333333,0.3333333333333333,0.3333333333333333
5220009,São João D'Aliança,GO,Centro-Oeste,1,81.09,1.09,23.379684185717654,915.03,4.95,0.5384615384615384,0.23076923076923078,0.6923076923076923
5220058,São João Da Paraúna,GO,Centro-Oeste,1,91.3,11.3,23.214285714285715,1629.3,5.305,1.0,1.0,1.0
5220108,São Luís De Montes Belos,GO,Centro-Oeste,1,83.97,3.97,18.73408933117334,1873.64,5.255833333333333,0.6571428571428571,0.2571428571428571,0.34285714285714286
5220157,São Luiz Do Norte,GO,Centro-Oeste,1,96.84,16.84,28.399828399828397,1233.48,4.865,1.0,0.75,0.5
5220207,São Miguel Do Araguaia,GO,Centro-Oeste,1,96.58,16.58,22.39806572150786,1608.32,4.9158333333333335,0.5555555555555556,0.5555555555555556,0.7222222222222222
5220264,São Miguel Do Passa Quatro,GO,Centro-Oeste,1,88.69,8.69,19.67741935483871,1824.82,5.1899999999999995,0.6,0.6,0.6
5220280,São Patrício,GO,Centro-Oeste,1,100.0,20.0,29.609544468546638,1242.99,4.949999999999999,0.3333333333333333,0.6666666666666666,0.6666666666666666
5220405,São Simão,GO,Centro-Oeste,1,83.52,3.52,21.26447016918967,1403.26,5.151666666666666,0.6363636363636364,0.36363636363636365,0.36363636363636365
5220454,Senador Canedo,GO,Centro-Oeste,1,68.86,-11.14,20.297236587786657,1346.08,5.021212121212121,0.5555555555555556,0.3055555555555556,0.5694444444444444
5220504,Serranópolis,GO,Centro-Oeste,1,87.16,7.16,26.415992384578775,1440.72,5.15,1.0,0.7142857142857143,0.7142857142857143
5220603,Silvânia,GO,Centro-Oeste,1,94.18,14.18,24.451806278592837,1585.22,5.16125,0.4444444444444444,0.5555555555555556,0.5555555555555556
5220686,Simolândia,GO,Centro-Oeste,0,94.74,14.74,30.78337624126517,955.32,4.8075,0.8333333333333334,0.16666666666666666,0.16666666666666666
5220702,Sítio D'Abadia,GO,Centro-Oeste,0,72.59,-7.41,35.552268244575934,1224.18,4.855,0.5,0.3333333333333333,0.3333333333333333
5221007,Taquaral De Goiás,GO,Centro-Oeste,1,97.48,17.48,20.978029766123317,1406.18,5.04,1.0,0.6666666666666666,0.3333333333333333
5221080,Teresina De Goiás,GO,Centro-Oeste,1,90.11,10.11,35.85820895522388,1007.11,4.3566666666666665,0.2,0.8,1.0
5221197,Terezópolis De Goiás,GO,Centro-Oeste,0,84.19,4.19,34.90683229813665,1205.2,5.005,0.42857142857142855,0.0,0.42857142857142855
5221304,Três Ranchos,GO,Centro-Oeste,1,96.76,16.76,26.210045662100455,1577.47,5.4,0.3333333333333333,0.3333333333333333,0.6666666666666666
5221403,Trindade,GO,Centro-Oeste,1,73.78,-6.22,19.94339163699887,1355.44,5.083846153846154,0.4155844155844156,0.2077922077922078,0.5974025974025974
5221452,Trombas,GO,Centro-Oeste,0,100.0,20.0,25.786713286713287,1118.1,4.91,0.6666666666666666,0.3333333333333333,0.3333333333333333
5221502,Turvânia,GO,Centro-Oeste,1,100.0,20.0,18.930041152263374,1413.92,5.16,1.0,0.3333333333333333,1.0
5221551,Turvelândia,GO,Centro-Oeste,1,93.2,13.2,27.917472598323663,1307.37,5.055,0.4,0.4,0.8
5221577,Uirapuru,GO,Centro-Oeste,0,90.96,10.96,27.912431587177483,1187.62,4.92,0.3333333333333333,0.16666666666666666,0.6666666666666666
5221601,Uruaçu,GO,Centro-Oeste,1,79.5,-0.5,13.481914504932407,1578.46,5.137368421052631,0.5714285714285714,0.2857142857142857,0.4
5221700,Uruana,GO,Centro-Oeste,1,89.0,9.0,30.498481329283543,1422.2,5.06375,0.9166666666666666,0.4166666666666667,0.8333333333333334
5221809,Urutaí,GO,Centro-Oeste,1,80.38,0.38,20.063191153238545,1587.02,5.16,0.75,0.5,0.5
5221858,Valparaíso De Goiás,GO,Centro-Oeste,1,71.21,-8.79,17.987713687504314,1444.85,5.0969999999999995,0.56,0.29,0.38
5221908,Varjão,GO,Centro-Oeste,1,83.33,3.33,23.076923076923077,1544.18,4.984999999999999,0.6666666666666666,0.6666666666666666,0.6666666666666666
5222005,Vianópolis,GO,Centro-Oeste,1,87.89,7.89,21.779918864097365,1763.05,4.998888888888889,0.4166666666666667,0.25,0.5833333333333334
5222054,Vicentinópolis,GO,Centro-Oeste,1,86.98,6.98,20.45193412485638,1340.26,5.136666666666667,0.3333333333333333,0.5,0.5
5222203,Vila Boa,GO,Centro-Oeste,0,86.22,6.22,27.688442211055275,884.85,4.656666666666666,0.14285714285714285,0.5714285714285714,0.42857142857142855
5222302,Vila Propício,GO,Centro-Oeste,1,87.57,7.57,25.051759834368532,1212.43,4.935,0.7142857142857143,0.2857142857142857,0.5714285714285714
