CO_MUNICIPIO,SG_UF,REGIAO,PC_ALUNO_ALFABETIZADO_2025,PROBABILIDADE_RISCO_NAO_ATINGIR_META,ALERTA_F1_OTIMO,ALERTA_RECALL_80
4317103,RS,Sul,46.58,0.9432202380177326,True,True
4311007,RS,Sul,43.39,0.9344029118204383,True,True
4305124,RS,Sul,53.7,0.9293124041726561,True,True
4304200,RS,Sul,67.34,0.9290920036253599,True,True
4320354,RS,Sul,49.74,0.9278863583047786,True,True
4301602,RS,Sul,51.19,0.9272917445971319,True,True
4323002,RS,Sul,41.05,0.9255305415945171,True,True
4300604,RS,Sul,40.52,0.9254486488618787,True,True
4315701,RS,Sul,60.27,0.9247646323044347,True,True
4302303,RS,Sul,53.59,0.9243449874293564,True,True
4306601,RS,Sul,47.54,0.9234097016358385,True,True
4304689,RS,Sul,60.36,0.9216428480983074,True,True
4302808,RS,Sul,41.46,0.9193426363023194,True,True
4310603,RS,Sul,50.99,0.9178440645171829,True,True
4313953,RS,Sul,54.92,0.9174211471364528,True,True
4321600,RS,Sul,42.55,0.9158926507287983,True,True
4306973,RS,Sul,66.67,0.9158489775334514,True,True
4309308,RS,Sul,41.23,0.9155255396770053,True,True
4309654,RS,Sul,53.13,0.9118322410154455,True,True
4308300,RS,Sul,53.09,0.9102519431021877,True,True
4309209,RS,Sul,45.99,0.9100606257952912,True,True
4321352,RS,Sul,58.54,0.9063051660740927,True,True
4318408,RS,Sul,48.9,0.9061932674239701,True,True
4303004,RS,Sul,45.72,0.9057832584076156,True,True
4318804,RS,Sul,59.21,0.9051909341269309,True,True
4312302,RS,Sul,66.67,0.9047247686303471,True,True
4319125,RS,Sul,50.0,0.9044887035297826,True,True
4306908,RS,Sul,48.96,0.9042218530345811,True,True
4321501,RS,Sul,54.92,0.9037356199215071,True,True
4313656,RS,Sul,40.77,0.9033663462783423,True,True
4321105,RS,Sul,59.22,0.9022391571769591,True,True
4312377,RS,Sul,50.0,0.9010741095195035,True,True
4304606,RS,Sul,41.9,0.9002288732438424,True,True
4314605,RS,Sul,48.11,0.9000106322971123,True,True
4314050,RS,Sul,46.4,0.8974494810992362,True,True
4318705,RS,Sul,40.39,0.8973448094618622,True,True
4306106,RS,Sul,54.37,0.8961983050053351,True,True
4307104,RS,Sul,46.57,0.8957604396881209,True,True
4301107,RS,Sul,47.4,0.8955702633149436,True,True
4315404,RS,Sul,70.31,0.8947417645876025,True,True
4322509,RS,Sul,54.67,0.8942537249710948,True,True
4313904,RS,Sul,65.01,0.8935077874729529,True,True
4316808,RS,Sul,54.44,0.8930443465602383,True,True
4303509,RS,Sul,57.06,0.8927731305812616,True,True
4317301,RS,Sul,35.87,0.8927543599338273,True,True
4314506,RS,Sul,52.31,0.8918785485889578,True,True
4305454,RS,Sul,29.89,0.8909380101555248,True,True
4322608,RS,Sul,70.15,0.8908173119814555,True,True
4313508,RS,Sul,46.42,0.8898774204143363,True,True
4313060,RS,Sul,46.88,0.8896128099747902,True,True
4307609,RS,Sul,55.99,0.889398729332655,True,True
4309001,RS,Sul,63.08,0.8892689045480984,True,True
4303103,RS,Sul,46.41,0.8885486083360263,True,True
4318002,RS,Sul,45.53,0.8866671724741579,True,True
4307450,RS,Sul,61.99,0.8866186857002075,True,True
4317608,RS,Sul,64.74,0.88560219409001,True,True
4322400,RS,Sul,60.03,0.8855930179901533,True,True
4301909,RS,Sul,37.81,0.885303566936125,True,True
4315305,RS,Sul,47.45,0.8849495891840519,True,True
4318309,RS,Sul,44.2,0.8843249106531196,True,True
4304663,RS,Sul,32.59,0.8836118378741621,True,True
4311304,RS,Sul,47.24,0.8831106652009656,True,True
4305355,RS,Sul,43.8,0.8810677719205046,True,True
4310207,RS,Sul,69.92,0.8809884286324243,True,True
4301636,RS,Sul,31.86,0.8794034577173259,True,True
4311502,RS,Sul,31.81,0.8789840958095254,True,True
4319901,RS,Sul,57.76,0.8789830387416652,True,True
4312500,RS,Sul,57.24,0.8771814143781017,True,True
4318101,RS,Sul,43.9,0.8765623566419828,True,True
4322707,RS,Sul,66.11,0.8760919346921294,True,True
4307807,RS,Sul,59.34,0.8759798202613795,True,True
4301875,RS,Sul,50.37,0.8756944924616393,True,True
4316402,RS,Sul,31.19,0.8756209938054264,True,True
4311106,RS,Sul,54.96,0.8748918021291759,True,True
4321667,RS,Sul,66.7,0.8747260885354795,True,True
4320552,RS,Sul,48.55,0.8742030715318839,True,True
4313706,RS,Sul,52.89,0.8734336591766512,True,True
4323457,RS,Sul,55.0,0.8733994299562114,True,True
4307708,RS,Sul,53.21,0.8733419759522822,True,True
4320701,RS,Sul,73.97,0.8732260267889378,True,True
4314100,RS,Sul,39.33,0.8721427387848338,True,True
4321451,RS,Sul,65.59,0.8710695693045204,True,True
4311734,RS,Sul,69.74,0.8707612449055298,True,True
4304408,RS,Sul,47.32,0.8694313106479609,True,True
4313375,RS,Sul,49.0,0.8687310035047155,True,True
4314704,RS,Sul,50.75,0.8685542797852304,True,True
4302709,RS,Sul,34.1,0.8680142176829048,True,True
4310504,RS,Sul,70.52,0.8676156429735452,True,True
4301057,RS,Sul,45.16,0.8669608344518808,True,True
4305108,RS,Sul,52.9,0.8652714217370123,True,True
4300877,RS,Sul,61.71,0.8652218424756675,True,True
4320008,RS,Sul,54.41,0.8648696458590354,True,True
4305207,RS,Sul,53.84,0.8643043738528052,True,True
4305173,RS,Sul,29.15,0.8633770158473157,True,True
4312401,RS,Sul,48.56,0.8633000901374006,True,True
4318622,RS,Sul,51.97,0.8630076711769131,True,True
4322152,RS,Sul,50.11,0.8629713245013655,True,True
4320107,RS,Sul,72.52,0.862437329295687,True,True
4306403,RS,Sul,66.94,0.8622859229386245,True,True
4304705,RS,Sul,50.67,0.8618669726934657,True,True
4319802,RS,Sul,76.56,0.8612810983930372,True,True
4302907,RS,Sul,53.36,0.8612211814754555,True,True
4317707,RS,Sul,39.53,0.8606063510568752,True,True
4318200,RS,Sul,58.94,0.8605701070339783,True,True
4314159,RS,Sul,54.31,0.8595208658715389,True,True
4306809,RS,Sul,78.1,0.8589056294142057,True,True
4316451,RS,Sul,62.32,0.8584900213390101,True,True
4317004,RS,Sul,53.33,0.8582173256331364,True,True
4317400,RS,Sul,65.61,0.8574379762202303,True,True
4314407,RS,Sul,29.25,0.8572782943248349,True,True
4322202,RS,Sul,70.38,0.8565715004616432,True,True
4321907,RS,Sul,74.99,0.8555815456592014,True,True
4305439,RS,Sul,52.67,0.8550199202208468,True,True
4308003,RS,Sul,63.08,0.8549470259587709,True,True
4322533,RS,Sul,71.43,0.8536009050391651,True,True
4311627,RS,Sul,55.75,0.8533086562749251,True,True
4317509,RS,Sul,52.21,0.8529918822524267,True,True
4302352,RS,Sul,75.7,0.8528672342245976,True,True
4318903,RS,Sul,63.18,0.8527165492143572,True,True
4320651,RS,Sul,44.44,0.8514545070271976,True,True
4312617,RS,Sul,57.89,0.850985118412545,True,True
4321303,RS,Sul,39.33,0.8507122819305216,True,True
4314902,RS,Sul,26.74,0.8496618373932534,True,True
4315602,RS,Sul,35.73,0.8493661227748489,True,True
4317202,RS,Sul,74.2,0.8484381477466723,True,True
4320909,RS,Sul,65.8,0.8476209986955922,True,True
4313425,RS,Sul,46.15,0.8474833704527107,True,True
4306767,RS,Sul,28.87,0.8471468684335669,True,True
4319737,RS,Sul,40.0,0.8471124371743011,True,True
4304358,RS,Sul,39.95,0.8468312903788461,True,True
4306205,RS,Sul,59.02,0.8464070758329489,True,True
4315206,RS,Sul,71.67,0.8454840165724836,True,True
4307906,RS,Sul,75.71,0.84483886467272,True,True
4300638,RS,Sul,24.62,0.8435479923696197,True,True
4320800,RS,Sul,65.85,0.8430295494991457,True,True
4311254,RS,Sul,51.61,0.8419462427331628,True,True
4305900,RS,Sul,49.77,0.8418672703245378,True,True
4312807,RS,Sul,70.79,0.8408677149796802,True,True
4317905,RS,Sul,73.77,0.8402974264704816,True,True
4308409,RS,Sul,42.11,0.8400089875308717,True,True
4305132,RS,Sul,72.22,0.8392257083287515,True,True
4308508,RS,Sul,41.36,0.8388516095217076,True,True
4304630,RS,Sul,40.68,0.8387404036632782,True,True
4319158,RS,Sul,72.39,0.8381990338385321,True,True
4301008,RS,Sul,74.84,0.837796362487407,True,True
4312658,RS,Sul,63.85,0.8370133331868077,True,True
4312252,RS,Sul,73.92,0.8369856676633787,True,True
4304655,RS,Sul,71.43,0.8361552715522884,True,True
4307831,RS,Sul,41.67,0.8356911075165008,True,True
4315008,RS,Sul,61.11,0.8340378521821096,True,True
4320263,RS,Sul,75.0,0.8340179086554914,True,True
4310876,RS,Sul,11.11,0.8339234071886265,True,True
4321709,RS,Sul,55.16,0.8336305520261961,True,True
4307302,RS,Sul,49.39,0.8335777251668736,True,True
4319505,RS,Sul,51.66,0.8332120234696448,True,True
4309100,RS,Sul,71.92,0.8331149385060745,True,True
4320321,RS,Sul,75.06,0.832936710789386,True,True
4319406,RS,Sul,47.13,0.8322454463369194,True,True
4308250,RS,Sul,70.59,0.8314025133956601,True,True
4303806,RS,Sul,67.88,0.8311883071576824,True,True
4309951,RS,Sul,65.44,0.8305871389286078,True,True
4302055,RS,Sul,66.67,0.8304664974053555,True,True
4320206,RS,Sul,65.72,0.8302815749688552,True,True
4321436,RS,Sul,54.67,0.8284403517245997,True,True
4320859,RS,Sul,28.34,0.8280397635663639,True,True
4316907,RS,Sul,47.89,0.8274706118541131,True,True
4308607,RS,Sul,66.72,0.827109714585309,True,True
4302204,RS,Sul,76.12,0.8268793313299557,True,True
4320404,RS,Sul,69.75,0.8259918438449434,True,True
4306700,RS,Sul,69.23,0.8256707212797191,True,True
4306007,RS,Sul,66.39,0.8256411647933084,True,True
4311809,RS,Sul,47.06,0.8253782241376347,True,True
4310652,RS,Sul,35.71,0.8243813613955484,True,True
4306924,RS,Sul,46.15,0.8238791593486047,True,True
4304507,RS,Sul,59.13,0.8238674452171886,True,True
4312906,RS,Sul,66.05,0.8234352162744267,True,True
4310330,RS,Sul,45.46,0.8233052684502646,True,True
4301404,RS,Sul,36.84,0.8231099420588197,True,True
4314209,RS,Sul,36.84,0.8225889948566047,True,True
4310108,RS,Sul,76.18,0.8224711277767652,True,True
4313300,RS,Sul,70.93,0.8222265007650298,True,True
4301305,RS,Sul,31.14,0.8206777874309473,True,True
4308078,RS,Sul,75.3,0.8194796451788412,True,True
4309605,RS,Sul,67.85,0.8187353805815554,True,True
4312104,RS,Sul,43.75,0.8182081507957875,True,True
4311718,RS,Sul,45.97,0.8177269396078651,True,True
4318614,RS,Sul,70.0,0.8170470907902969,True,True
4304002,RS,Sul,47.39,0.8155554635989758,True,True
4305702,RS,Sul,74.25,0.8153159394881094,True,True
4311122,RS,Sul,65.35,0.8150856092200727,True,True
4311775,RS,Sul,11.11,0.8141268064315297,True,True
4319604,RS,Sul,30.18,0.8135213397263676,True,True
4302402,RS,Sul,57.09,0.8132005846508177,True,True
4313391,RS,Sul,77.87,0.8131102700824788,True,True
4302105,RS,Sul,69.72,0.8117107041741765,True,True
4313037,RS,Sul,78.26,0.8111914077711426,True,True
4310900,RS,Sul,68.67,0.8106795932743207,True,True
4302154,RS,Sul,45.45,0.8101309336060002,True,True
4316105,RS,Sul,71.35,0.8093350919755894,True,True
4321204,RS,Sul,65.19,0.8093024255504656,True,True
4315800,RS,Sul,51.47,0.8091774416996534,True,True
4311403,RS,Sul,58.46,0.8091605016764088,True,True
4313409,RS,Sul,46.83,0.8089967047265193,True,True
4314498,RS,Sul,51.28,0.8086631021865867,True,True
4318507,RS,Sul,35.45,0.8084406129186509,True,True
4314464,RS,Sul,73.94,0.8079038943165556,True,True
4310405,RS,Sul,64.8,0.8076549562938604,True,True
4321808,RS,Sul,64.07,0.8068566778949557,True,True
4316006,RS,Sul,74.24,0.8066461614657672,True,True
4322004,RS,Sul,48.6,0.8060413782918405,True,True
4308805,RS,Sul,42.86,0.8049049776966858,True,True
4319208,RS,Sul,23.53,0.8047867806142844,True,True
4307500,RS,Sul,50.11,0.804273778282879,True,True
4323804,RS,Sul,42.41,0.8032587734974268,True,True
4320677,RS,Sul,72.25,0.8026593567112018,True,True
4303608,RS,Sul,40.0,0.8025021709069257,True,True
4316758,RS,Sul,79.81,0.8023070148131624,True,True
4312609,RS,Sul,52.63,0.800750151976721,True,True
4306130,RS,Sul,66.67,0.8005827672579819,True,True
4313441,RS,Sul,52.63,0.799457795523261,True,True
4317756,RS,Sul,64.29,0.7987427497102053,True,True
4310413,RS,Sul,45.0,0.7968434541168673,True,True
4321402,RS,Sul,69.9,0.7965700632090125,True,True
4308854,RS,Sul,75.0,0.7954224272233746,True,True
4314175,RS,Sul,62.5,0.7953012093903825,True,True
4322301,RS,Sul,59.08,0.7951601919133716,True,True
4309704,RS,Sul,77.06,0.7929925260170168,True,True
4311239,RS,Sul,69.76,0.792518104003434,True,True
4321857,RS,Sul,73.72,0.791731613575042,True,True
4305009,RS,Sul,55.89,0.7916277844465692,True,True
4303202,RS,Sul,50.0,0.7914869032300402,True,True
4313102,RS,Sul,66.17,0.7902449253563616,True,True
4309050,RS,Sul,55.85,0.7886063329904618,True,True
4305371,RS,Sul,11.76,0.7870332608600734,True,True
4316709,RS,Sul,61.89,0.7855639999027915,True,True
4310553,RS,Sul,20.59,0.7848411285884882,True,True
4314027,RS,Sul,81.34,0.7836187058295173,True,True
4303400,RS,Sul,40.0,0.7831209644701005,True,True
4316600,RS,Sul,50.14,0.7827848975236731,True,True
4314779,RS,Sul,58.62,0.7826659116922371,True,True
4318465,RS,Sul,61.54,0.7823993418212952,True,True
4312203,RS,Sul,52.31,0.7819673376199201,True,True
4310538,RS,Sul,63.54,0.7796022027756155,True,True
4322525,RS,Sul,76.25,0.7774942888011798,True,True
4306502,RS,Sul,63.07,0.7771663375365611,True,True
4303301,RS,Sul,62.61,0.7770169818831741,True,True
4320230,RS,Sul,70.18,0.7765891958757175,True,True
4304952,RS,Sul,41.3,0.776314482105997,True,True
4305447,RS,Sul,68.93,0.7758609786906338,True,True
4303558,RS,Sul,76.94,0.7751194188824889,True,True
4322251,RS,Sul,60.98,0.7742261506769222,True,True
4308102,RS,Sul,70.13,0.7738605903990475,True,True
2922508,BA,Nordeste,39.7,0.772423432212088,True,True
4322376,RS,Sul,62.5,0.7721039510320311,True,True
4314001,RS,Sul,82.69,0.7719580021259389,True,True
4315552,RS,Sul,50.93,0.7709892725422645,True,True
4306379,RS,Sul,46.46,0.7697320013947443,True,True
4303905,RS,Sul,63.2,0.7691751391744839,True,True
4308052,RS,Sul,59.13,0.7685659072206579,True,True
4307401,RS,Sul,35.56,0.7684724651294106,True,True
4304853,RS,Sul,50.0,0.7671254150645579,True,True
4308201,RS,Sul,68.48,0.7670789486275877,True,True
4311155,RS,Sul,77.78,0.7667819508454486,True,True
4309902,RS,Sul,78.53,0.7664490676125143,True,True
4309126,RS,Sul,31.25,0.7651834426136824,True,True
4314068,RS,Sul,74.85,0.7647665270553089,True,True
4300406,RS,Sul,44.5,0.7636430452555092,True,True
4321469,RS,Sul,59.92,0.76333638833823,True,True
4309506,RS,Sul,66.86,0.7621883500775416,True,True
4309753,RS,Sul,73.32,0.7618281780597561,True,True
4301073,RS,Sul,57.84,0.7613068086171754,True,True
4304713,RS,Sul,83.66,0.760577863473542,True,True
4321956,RS,Sul,53.82,0.7605119257830883,True,True
4313607,RS,Sul,69.13,0.7596346410041274,True,True
4300455,RS,Sul,40.0,0.7590337816532411,True,True
4313466,RS,Sul,76.19,0.7584228444017118,True,True
4315149,RS,Sul,83.54,0.7583986933035426,True,True
4313201,RS,Sul,81.75,0.7571471982592692,True,True
4318424,RS,Sul,75.88,0.7569721761910281,True,True
4310363,RS,Sul,73.33,0.7567859482426624,True,True
4300802,RS,Sul,59.53,0.756528494428152,True,True
4323309,RS,Sul,67.45,0.7558526046474625,True,True
4301800,RS,Sul,56.84,0.7545262106895737,True,True
4302584,RS,Sul,55.56,0.7544471084151763,True,True
4312153,RS,Sul,78.79,0.7536453888582754,True,True
4303673,RS,Sul,76.15,0.7532849675377762,True,True
4302253,RS,Sul,68.18,0.7532466718410079,True,True
4310579,RS,Sul,83.33,0.7514465379067354,True,True
4314423,RS,Sul,72.39,0.7512796221380094,True,True
2904902,BA,Nordeste,49.31,0.7504788380176333,True,True
4308433,RS,Sul,60.84,0.7501477190249607,True,True
4304697,RS,Sul,82.52,0.7501334178993863,True,True
4306957,RS,Sul,71.79,0.7495511717453676,True,True
4304101,RS,Sul,36.66,0.7494500054188422,True,True
4316956,RS,Sul,73.5,0.7480187855502818,True,True
4316501,RS,Sul,75.83,0.7476172495109518,True,True
4311601,RS,Sul,61.82,0.7475929604733413,True,True
3302858,RJ,Sudeste,40.82,0.7472888284655361,True,True
4312443,RS,Sul,56.0,0.7467719619313714,True,True
4322327,RS,Sul,52.45,0.7453190824464071,True,True
4317806,RS,Sul,81.34,0.7450733109535809,True,True
4302501,RS,Sul,16.67,0.7440982418169738,True,True
4319703,RS,Sul,77.9,0.7435603600957309,True,True
4318481,RS,Sul,87.76,0.7401078495980349,True,True
4305306,RS,Sul,58.0,0.7398274885006185,True,True
4308656,RS,Sul,50.0,0.7396658043702334,True,True
4315131,RS,Sul,68.18,0.7390737240824841,True,True
4302220,RS,Sul,66.39,0.7388697488922406,True,True
4300208,RS,Sul,74.29,0.738814644804654,True,True
4306734,RS,Sul,63.58,0.738602148399372,True,True
4301701,RS,Sul,83.51,0.738271609266069,True,True
4305850,RS,Sul,88.24,0.7381146974473974,True,True
4309555,RS,Sul,76.47,0.7371851166741801,True,True
4319000,RS,Sul,61.78,0.7370919983636193,True,True
4302006,RS,Sul,15.38,0.736453728594113,True,True
4323754,RS,Sul,57.14,0.7362091215360264,True,True
4305801,RS,Sul,80.03,0.7349726939056503,True,True
4304309,RS,Sul,88.24,0.7347074088302848,True,True
4303707,RS,Sul,89.23,0.7346217415118831,True,True
4305157,RS,Sul,50.0,0.7310917060404961,True,True
4305975,RS,Sul,55.17,0.7310222410054621,True,True
4312385,RS,Sul,88.89,0.7308286157723726,True,True
4323770,RS,Sul,92.0,0.7293949526719556,True,True
4310801,RS,Sul,70.13,0.7291191775723189,True,True
4319752,RS,Sul,73.68,0.72855394577016,True,True
4313334,RS,Sul,75.76,0.7275716237927604,True,True
4304903,RS,Sul,81.22,0.7272468505485797,True,True
4300059,RS,Sul,44.5,0.7266791058697037,True,True
4308458,RS,Sul,88.73,0.7262881473641022,True,True
3305109,RJ,Sudeste,38.15,0.7253613738942444,True,True
4312674,RS,Sul,72.22,0.7250202000557784,True,True
4307864,RS,Sul,93.1,0.7244552670017109,True,True
4308904,RS,Sul,80.47,0.7220574046500131,True,True
1504307,PA,Norte,54.94,0.722046331709556,True,True
4315909,RS,Sul,81.51,0.7220294966919075,True,True
4305871,RS,Sul,71.81,0.7215810498713678,True,True
4302659,RS,Sul,66.62,0.7213760386371632,True,True
4323507,RS,Sul,75.0,0.7191060414694007,True,True
4322558,RS,Sul,85.95,0.7187723635246832,True,True
3301702,RJ,Sudeste,46.89,0.7184951910480064,True,True
4306452,RS,Sul,92.86,0.7172058519092036,True,True
4306551,RS,Sul,62.91,0.7168525478358958,True,True
4304671,RS,Sul,51.12,0.7165441871175658,True,True
4314548,RS,Sul,88.89,0.7164791024583886,True,True
4313086,RS,Sul,81.82,0.7164777845611442,True,True
4322541,RS,Sul,59.68,0.7163795551267381,True,True
4301503,RS,Sul,86.25,0.7160753363856243,True,True
4300851,RS,Sul,42.63,0.7158035642948509,True,True
4307815,RS,Sul,91.43,0.7156356125722947,True,True
4319356,RS,Sul,76.49,0.7153042905446597,True,True
4310439,RS,Sul,89.36,0.7149275334397895,True,True
4310306,RS,Sul,100.0,0.714292487877673,True,True
2922854,BA,Nordeste,56.51,0.713598151123493,True,True
4310462,RS,Sul,84.21,0.713124520049158,True,True
4323705,RS,Sul,45.49,0.712869466095431,True,True
4314753,RS,Sul,47.78,0.712555991491076,True,True
4300901,RS,Sul,85.62,0.7118903984384471,True,True
4300570,RS,Sul,62.08,0.7112544470260923,True,True
4301651,RS,Sul,64.68,0.7109754520241958,True,True
4323358,RS,Sul,53.57,0.7106733982300443,True,True
4301206,RS,Sul,83.79,0.7099200137901214,True,True
4308706,RS,Sul,64.61,0.708594110356318,True,True
4306072,RS,Sul,28.57,0.7074889024839873,True,True
4304614,RS,Sul,80.0,0.7074813676856603,True,True
4316733,RS,Sul,62.96,0.7054325722117857,True,True
4323200,RS,Sul,77.47,0.7039163173964055,True,True
4301958,RS,Sul,89.47,0.7032339595450364,True,True
1503101,PA,Norte,49.05,0.7029857762426016,True,True
3304904,RJ,Sudeste,46.71,0.700782905472782,True,True
1506005,PA,Norte,43.06,0.7003665677704407,True,True
4311270,RS,Sul,93.33,0.7003588952625002,True,True
4312351,RS,Sul,94.74,0.7001029380318351,True,True
3303500,RJ,Sudeste,40.81,0.6996862107993361,True,True
4322806,RS,Sul,59.68,0.6989861081370176,True,True
4305405,RS,Sul,72.74,0.6989017764452876,True,True
1502004,PA,Norte,47.83,0.6987435198600691,True,True
4317558,RS,Sul,65.0,0.6965188415965315,True,True
4310850,RS,Sul,88.24,0.6955069166320601,True,True
1504505,PA,Norte,37.47,0.6953584424314404,True,True
4310751,RS,Sul,83.33,0.6948052334993904,True,True
4305934,RS,Sul,83.33,0.6929446893893664,True,True
4318051,RS,Sul,75.0,0.6927275233321967,True,True
4307559,RS,Sul,75.26,0.6922950094290161,True,True
4321626,RS,Sul,75.86,0.6921846551068432,True,True
4305504,RS,Sul,83.33,0.691866896105251,True,True
4314803,RS,Sul,64.98,0.6909361394346573,True,True
4312450,RS,Sul,75.6,0.6902442337283474,True,True
4313011,RS,Sul,89.01,0.6902386556814211,True,True
4320305,RS,Sul,85.71,0.690086727792358,True,True
4320453,RS,Sul,72.98,0.6899247904851095,True,True
4319711,RS,Sul,80.0,0.6890994569779086,True,True
3301009,RJ,Sudeste,46.4,0.6887093167078985,True,True
4312054,RS,Sul,78.33,0.6881913693648425,True,True
3302270,RJ,Sudeste,40.86,0.6881589877834223,True,True
4314076,RS,Sul,57.2,0.6873331109690077,True,True
4322905,RS,Sul,83.33,0.6872002174943223,True,True
3305554,RJ,Sudeste,44.68,0.6866859408239315,True,True
1303304,AM,Norte,64.57,0.6861715710838877,True,True
4321634,RS,Sul,100.0,0.6848726263117146,True,True
4208203,SC,Sul,50.88,0.6847669495133384,True,True
4306320,RS,Sul,54.84,0.6845374449281798,True,True
4316477,RS,Sul,90.91,0.6838848133550804,True,True
4306429,RS,Sul,50.0,0.6838691249110515,True,True
4318499,RS,Sul,96.55,0.6825261648434324,True,True
4306759,RS,Sul,57.89,0.6815680699246883,True,True
4319372,RS,Sul,100.0,0.6815029886762025,True,True
4318440,RS,Sul,55.48,0.6813304907954606,True,True
4311643,RS,Sul,90.91,0.6810020883696882,True,True
4311791,RS,Sul,77.2,0.6806883421419853,True,True
4323606,RS,Sul,100.0,0.6803103615471773,True,True
1300300,AM,Norte,37.11,0.6800130842169676,True,True
4316303,RS,Sul,86.17,0.6794562033857393,True,True
4208450,SC,Sul,61.35,0.6794364197320237,True,True
4202305,SC,Sul,41.81,0.6791794805038784,True,True
4314787,RS,Sul,96.31,0.6785714543189298,True,True
4322343,RS,Sul,84.62,0.6785472116085713,True,True
4203709,SC,Sul,48.99,0.6784841525172595,True,True
3300456,RJ,Sudeste,35.63,0.6778383169411385,True,True
1302900,AM,Norte,50.38,0.6767982483876145,True,True
1301209,AM,Norte,37.03,0.6766470458993231,True,True
4315156,RS,Sul,95.83,0.6766438399821422,True,True
4202057,SC,Sul,51.88,0.6765108114906243,True,True
4315354,RS,Sul,94.74,0.6754938878064164,True,True
4310009,RS,Sul,34.29,0.6753259447253831,True,True
4307054,RS,Sul,82.22,0.6748382177965552,True,True
4312179,RS,Sul,100.0,0.6744754947621798,True,True
3539103,SP,Sudeste,47.65,0.6737819874304924,True,True
1301852,AM,Norte,41.23,0.6737484946620426,True,True
4322186,RS,Sul,50.0,0.6737146317102979,True,True
4316204,RS,Sul,82.91,0.6736216716874137,True,True
1502608,PA,Norte,52.19,0.6731290076705857,True,True
3529708,SP,Sudeste,48.65,0.6723077978341588,True,True
4312005,RS,Sul,90.91,0.6720214901418592,True,True
4211900,SC,Sul,50.89,0.6715595649115268,True,True
2411502,RN,Nordeste,45.75,0.670386226008268,True,True
4312757,RS,Sul,85.68,0.6701935399516433,True,True
1502905,PA,Norte,53.15,0.670115342558591,True,True
4218004,SC,Sul,48.93,0.6698902106198331,True,True
1500859,PA,Norte,40.1,0.6697428063867089,True,True
4313003,RS,Sul,88.21,0.6693520288690779,True,True
1300706,AM,Norte,54.74,0.6691839972692568,True,True
4314308,RS,Sul,89.0,0.6684224531274203,True,True
4321329,RS,Sul,92.86,0.6675239795575891,True,True
4322855,RS,Sul,100.0,0.6663257474103788,True,True
4319109,RS,Sul,56.8,0.6662776821438882,True,True
4313805,RS,Sul,88.21,0.6653453320088254,True,True
4315453,RS,Sul,94.12,0.6648526349421909,True,True
4212502,SC,Sul,62.07,0.6631580262831526,True,True
4207304,SC,Sul,60.54,0.6631065562452796,True,True
4305603,RS,Sul,81.82,0.6625387785340084,True,True
4311908,RS,Sul,78.71,0.6619349417016823,True,True
3302007,RJ,Sudeste,47.46,0.6617810458619241,True,True
1303106,AM,Norte,48.06,0.6617641401544558,True,True
4315313,RS,Sul,62.5,0.6612501046416895,True,True
4322103,RS,Sul,85.71,0.6604317313278667,True,True
4307005,RS,Sul,67.02,0.6595223693477812,True,True
4300505,RS,Sul,78.99,0.6595014066127378,True,True
3301900,RJ,Sudeste,55.75,0.6589416538103532,True,True
1400704,RR,Norte,49.95,0.6584480227611309,True,True
4305587,RS,Sul,75.58,0.6581706697283307,True,True
4318606,RS,Sul,70.67,0.6576091247663693,True,True
3531803,SP,Sudeste,52.73,0.6569168275659213,True,True
4302238,RS,Sul,78.83,0.6565665944140263,True,True
4305959,RS,Sul,63.79,0.6558902662786992,True,True
4313359,RS,Sul,100.0,0.6557525542773236,True,True
4300109,RS,Sul,65.99,0.6548961393048145,True,True
4309803,RS,Sul,87.5,0.654698202195836,True,True
2410504,RN,Nordeste,48.07,0.6543484063787515,True,True
3304144,RJ,Sudeste,43.12,0.6539643790512435,True,True
3301801,RJ,Sudeste,47.87,0.6528940559605392,True,True
3502754,SP,Sudeste,47.38,0.6528295850169102,True,True
2412005,RN,Nordeste,37.44,0.6523054402310667,True,True
3551009,SP,Sudeste,43.4,0.6501988270070987,True,True
3534401,SP,Sudeste,50.03,0.649912003312706,True,True
4204558,SC,Sul,55.13,0.6496847661122451,True,True
3523503,SP,Sudeste,55.75,0.649589163946997,True,True
4305116,RS,Sul,85.71,0.6489959214017059,True,True
1507706,PA,Norte,47.12,0.6485998246012077,True,True
3524006,SP,Sudeste,49.71,0.6485691881809295,True,True
3516408,SP,Sudeste,54.36,0.6485034512192948,True,True
4207106,SC,Sul,55.94,0.648447771747826,True,True
4315172,RS,Sul,96.88,0.6463509225353413,True,True
3555406,SP,Sudeste,44.04,0.6461728536079986,True,True
4300471,RS,Sul,52.48,0.6458557323445614,True,True
4310702,RS,Sul,47.37,0.645849259664821,True,True
1301100,AM,Norte,34.75,0.6440529549751909,True,True
2412609,RN,Nordeste,35.59,0.6439898993641906,True,True
4215059,SC,Sul,51.79,0.6430158345119762,True,True
2919306,BA,Nordeste,60.98,0.6426243403610089,True,True
2403608,RN,Nordeste,38.83,0.6426207018845648,True,True
3513009,SP,Sudeste,54.12,0.6424984516873278,True,True
4314035,RS,Sul,47.06,0.642413274946103,True,True
3505609,SP,Sudeste,51.58,0.642322624389059,True,True
4301859,RS,Sul,37.06,0.6420281827793803,True,True
1400282,RR,Norte,50.84,0.6399719696502184,True,True
1303809,AM,Norte,33.15,0.6398410312205419,True,True
3518701,SP,Sudeste,38.71,0.6397032473789724,True,True
1400027,RR,Norte,54.75,0.6397009693469248,True,True
4309258,RS,Sul,90.0,0.6395596192383849,True,True
3500550,SP,Sudeste,52.16,0.6392149117230154,True,True
2414001,RN,Nordeste,37.37,0.6379373953285494,True,True
2402709,RN,Nordeste,54.5,0.6369923595353365,True,True
3521002,SP,Sudeste,44.98,0.6366879385509432,True,True
3506003,SP,Sudeste,45.99,0.6365337810877973,True,True
3516309,SP,Sudeste,52.07,0.636381924768321,True,True
4216206,SC,Sul,53.31,0.6360273128613867,True,True
3519253,SP,Sudeste,47.22,0.6359827108792422,True,True
4319307,RS,Sul,90.74,0.634895291175216,True,True
1304401,AM,Norte,37.43,0.6344889039978809,True,True
4216305,SC,Sul,64.54,0.634191791853313,True,True
3537602,SP,Sudeste,46.63,0.6334630884198301,True,True
3551801,SP,Sudeste,56.01,0.6319101505277531,True,True
1500404,PA,Norte,42.33,0.631396183628258,True,True
3552502,SP,Sudeste,49.76,0.629831297648688,True,True
2509305,PB,Nordeste,61.74,0.6296834549035148,True,True
1507409,PA,Norte,37.79,0.6296704798518721,True,True
1502103,PA,Norte,42.25,0.6294531679074961,True,True
4314134,RS,Sul,65.22,0.6284461570341906,True,True
1400407,RR,Norte,61.44,0.628331738834093,True,True
4315107,RS,Sul,93.56,0.6277501082344796,True,True
4300034,RS,Sul,82.33,0.6274981661380908,True,True
4304804,RS,Sul,76.32,0.6273478348188672,True,True
4323408,RS,Sul,76.67,0.6266983230461043,True,True
4316428,RS,Sul,85.08,0.6265447628380291,True,True
3523107,SP,Sudeste,46.95,0.6258758343003694,True,True
4205175,SC,Sul,49.64,0.6258602598940622,True,True
2406304,RN,Nordeste,31.64,0.6257066023979367,True,True
4320503,RS,Sul,70.63,0.6256025476939586,True,True
3546801,SP,Sudeste,59.45,0.6237003500661055,True,True
4201109,SC,Sul,47.27,0.6228808739692255,True,True
3539806,SP,Sudeste,55.52,0.6218129450047605,True,True
1400456,RR,Norte,45.79,0.6210227282159787,True,True
1505809,PA,Norte,46.04,0.6201685954034258,True,True
3510609,SP,Sudeste,45.09,0.6197751869023758,True,True
3520202,SP,Sudeste,54.03,0.618593508116424,True,True
1400308,RR,Norte,48.9,0.6178481423692403,True,True
4302378,RS,Sul,70.59,0.6174659043996814,True,True
4309407,RS,Sul,63.21,0.616920752376555,True,True
3305703,RJ,Sudeste,58.73,0.6146217390813224,True,True
4216602,SC,Sul,58.46,0.6140664674157389,True,True
1301308,AM,Norte,47.45,0.6140011810930154,True,True
4209904,SC,Sul,60.98,0.6139830015054618,True,True
2410256,RN,Nordeste,36.22,0.6133304401344896,True,True
3532058,SP,Sudeste,70.59,0.6123475342137452,True,True
4320578,RS,Sul,92.31,0.6119368939970242,True,True
3522653,SP,Sudeste,44.07,0.6118514356418816,True,True
3552205,SP,Sudeste,53.62,0.6111557019967225,True,True
1508159,PA,Norte,59.48,0.6108358515086946,True,True
4201307,SC,Sul,46.58,0.610492287974579,True,True
1500701,PA,Norte,36.19,0.6101119428912372,True,True
3303807,RJ,Sudeste,55.19,0.609903921389993,True,True
3527603,SP,Sudeste,47.59,0.6093537535939824,True,True
3531100,SP,Sudeste,46.68,0.6093494196719814,True,True
1400175,RR,Norte,54.48,0.6085495368052646,True,True
4312955,RS,Sul,60.0,0.6084251703802266,True,True
1400050,RR,Norte,50.51,0.6081440621373551,True,True
4209805,SC,Sul,75.74,0.6077663463727946,True,True
1400605,RR,Norte,58.74,0.6076463561170438,True,True
1400159,RR,Norte,35.84,0.6075906388756825,True,True
3554003,SP,Sudeste,58.2,0.6070874146419073,True,True
2412302,RN,Nordeste,37.26,0.6064983844556067,True,True
3303302,RJ,Sudeste,58.67,0.6061517026734613,True,True
4321493,RS,Sul,91.3,0.6054599762365173,True,True
3515103,SP,Sudeste,54.18,0.6044974881802191,True,True
3505401,SP,Sudeste,46.49,0.6043513213081216,True,True
2512903,PB,Nordeste,60.34,0.6041104752152077,True,True
3503505,SP,Sudeste,49.41,0.6038052032286418,True,True
3512902,SP,Sudeste,77.3,0.603792341703718,True,True
2409902,RN,Nordeste,34.65,0.6037618470896423,True,True
2508208,PB,Nordeste,55.07,0.6036568347268461,True,True
4200200,SC,Sul,75.75,0.6032899882679371,True,True
4307203,RS,Sul,94.36,0.6030675300031668,True,True
1300680,AM,Norte,23.83,0.6030244646011762,True,True
1301902,AM,Norte,47.12,0.6030121443606279,True,True
3531902,SP,Sudeste,56.39,0.6029058043950941,True,True
2107001,MA,Nordeste,56.23,0.602818615145057,True,True
1302405,AM,Norte,60.27,0.6025381172098843,True,True
3518107,SP,Sudeste,55.09,0.6019290967902027,True,True
4109500,PR,Sul,58.84,0.6018746997770995,True,True
4202453,SC,Sul,56.29,0.6017464356323013,True,True
3526100,SP,Sudeste,47.93,0.601672074771954,True,True
3530607,SP,Sudeste,53.64,0.6016427716848958,True,True
4301552,RS,Sul,89.47,0.6012643270373411,True,True
4323101,RS,Sul,88.77,0.6009469746180468,True,True
2401651,RN,Nordeste,59.88,0.6006254129109613,True,True
4205555,SC,Sul,62.54,0.6003046833328363,True,True
3509403,SP,Sudeste,65.61,0.6002261037588488,True,True
4318457,RS,Sul,90.0,0.6000970997430545,True,True
1506401,PA,Norte,54.36,0.5997632254582096,True,True
4313490,RS,Sul,73.06,0.5997406676489904,True,True
2917904,BA,Nordeste,39.02,0.5993048498426222,True,True
4312476,RS,Sul,71.96,0.5986422534045104,True,True
3554201,SP,Sudeste,59.81,0.59857658834312,True,True
3304805,RJ,Sudeste,48.5,0.5985353241833393,True,True
1301654,AM,Norte,61.18,0.5982853867912188,True,True
3549409,SP,Sudeste,52.47,0.5982713682908066,True,True
3546009,SP,Sudeste,44.76,0.5982490163843494,True,True
2104677,MA,Nordeste,64.53,0.5979920385093302,True,True
3507506,SP,Sudeste,58.96,0.5972049645872648,True,True
4218954,SC,Sul,68.97,0.5959674045090341,True,True
3504107,SP,Sudeste,64.52,0.5955031839705764,True,True
3508603,SP,Sudeste,48.07,0.5954521871793204,True,True
4202800,SC,Sul,63.36,0.5952315374189077,True,True
4215703,SC,Sul,61.76,0.5950212674358986,True,True
4316436,RS,Sul,67.64,0.5947310388338987,True,True
1501402,PA,Norte,50.65,0.5946821595622174,True,True
3545001,SP,Sudeste,63.97,0.5945494272724673,True,True
2409506,RN,Nordeste,41.79,0.5944661641974681,True,True
3510807,SP,Sudeste,50.16,0.5942730194682746,True,True
1400472,RR,Norte,48.49,0.593972240677123,True,True
3556354,SP,Sudeste,72.78,0.5935844438616363,True,True
3511409,SP,Sudeste,48.95,0.5933788835196319,True,True
3503158,SP,Sudeste,46.26,0.5933645842500982,True,True
4315503,RS,Sul,66.84,0.5928772467394263,True,True
3306206,RJ,Sudeste,62.92,0.5928130403334209,True,True
3550605,SP,Sudeste,54.68,0.5926861926034477,True,True
4209300,SC,Sul,48.35,0.5922583281089889,True,True
4211306,SC,Sul,58.84,0.5914691538472775,True,True
3525003,SP,Sudeste,51.14,0.5907833961492418,True,True
4201406,SC,Sul,52.38,0.5900816442172999,True,True
4213104,SC,Sul,76.83,0.5897537840417724,True,True
4300646,RS,Sul,61.64,0.5897069248788459,True,True
3506904,SP,Sudeste,52.13,0.5891275735423753,True,True
3521309,SP,Sudeste,55.47,0.5884115452354326,True,True
3530409,SP,Sudeste,54.93,0.5883779384743818,True,True
4206652,SC,Sul,51.61,0.588172843277975,True,True
4312427,RS,Sul,90.91,0.58779157238107,True,True
2109452,MA,Nordeste,49.94,0.5875588289788013,True,True
4210803,SC,Sul,53.59,0.586760379641034,True,True
1300508,AM,Norte,36.7,0.5866621097954621,True,True
4208807,SC,Sul,52.59,0.5862095791325137,True,True
3509908,SP,Sudeste,66.17,0.5851625362838184,True,True
2401800,RN,Nordeste,54.63,0.5850733447358533,True,True
4306056,RS,Sul,90.0,0.584990361716996,True,True
2106805,MA,Nordeste,57.0,0.5846644921363111,True,True
4218707,SC,Sul,65.65,0.58375895964455,True,True
1500800,PA,Norte,58.54,0.5837203326736585,True,True
4201208,SC,Sul,75.09,0.5836229818663609,True,True
1507151,PA,Norte,50.43,0.5835965465131182,True,True
3522208,SP,Sudeste,60.89,0.5835204808796539,True,True
3524105,SP,Sudeste,51.18,0.5835201384316842,True,True
1400233,RR,Norte,44.04,0.5831835208034942,True,True
2411056,RN,Nordeste,51.85,0.5826368286058613,True,True
4220000,SC,Sul,59.35,0.5823134505786423,True,True
3538907,SP,Sudeste,40.14,0.5821182835085208,True,True
1505551,PA,Norte,48.96,0.5819104617872898,True,True
3535606,SP,Sudeste,66.44,0.5818609440333483,True,True
1304062,AM,Norte,44.55,0.5815080212298878,True,True
4206504,SC,Sul,68.72,0.5813372735687258,True,True
3540705,SP,Sudeste,46.51,0.5810463387662302,True,True
3541000,SP,Sudeste,52.06,0.581001970220231,True,True
3518800,SP,Sudeste,51.78,0.5809332106725614,True,True
3556404,SP,Sudeste,62.93,0.5806805406778427,True,True
1300805,AM,Norte,35.52,0.5804944514129344,True,True
4311700,RS,Sul,75.03,0.5802503854231962,True,True
3304300,RJ,Sudeste,61.67,0.5798687144225335,True,True
1500602,PA,Norte,49.62,0.579383888114507,True,True
3522307,SP,Sudeste,52.36,0.5789652091498177,True,True
2206720,PI,Nordeste,59.78,0.5789233468881008,True,True
4216404,SC,Sul,69.02,0.5787465327391317,True,True
3513504,SP,Sudeste,50.09,0.5781698757307935,True,True
3542602,SP,Sudeste,57.65,0.5781623891545752,True,True
3530102,SP,Sudeste,55.71,0.5780468657601816,True,True
3537008,SP,Sudeste,60.02,0.5777992887112429,True,True
1502954,PA,Norte,51.95,0.5775493103339108,True,True
4309571,RS,Sul,100.0,0.5775145029786722,True,True
2108256,MA,Nordeste,55.34,0.5773495290257243,True,True
2410900,RN,Nordeste,39.9,0.5770071370289629,True,True
2607208,PE,Nordeste,59.66,0.5766806002906952,True,True
4202008,SC,Sul,53.66,0.5766388203811087,True,True
4321006,RS,Sul,79.91,0.5765570649312652,True,True
4211504,SC,Sul,47.33,0.5759542892147335,True,True
2107704,MA,Nordeste,65.05,0.5751405241999828,True,True
3542909,SP,Sudeste,65.85,0.5750053294712395,True,True
3531506,SP,Sudeste,59.39,0.5746087887712581,True,True
2606200,PE,Nordeste,46.2,0.5742967771971375,True,True
2414803,RN,Nordeste,56.58,0.573730408573713,True,True
4214409,SC,Sul,43.19,0.5735353589121899,True,True
1713601,TO,Norte,46.84,0.573491729944983,True,True
3553104,SP,Sudeste,70.71,0.5733431139639303,True,True
3300209,RJ,Sudeste,56.97,0.5732975880813918,True,True
4315750,RS,Sul,87.12,0.5730516628986394,True,True
3527306,SP,Sudeste,61.62,0.572923247956651,True,True
2414506,RN,Nordeste,72.89,0.5728277635962961,True,True
4208104,SC,Sul,68.01,0.5726215465256584,True,True
1400209,RR,Norte,43.94,0.5725321978167212,True,True
4203204,SC,Sul,52.92,0.5723262435381594,True,True
3553708,SP,Sudeste,58.67,0.5722639400491768,True,True
4205407,SC,Sul,62.6,0.571990701221281,True,True
1500206,PA,Norte,46.97,0.5716453662957661,True,True
4214805,SC,Sul,52.87,0.5714458842359552,True,True
3532009,SP,Sudeste,55.02,0.5712718661832128,True,True
2112605,MA,Nordeste,71.25,0.5709256606518405,True,True
3514809,SP,Sudeste,58.3,0.570781843501553,True,True
3552403,SP,Sudeste,57.88,0.5700159226540709,True,True
3507100,SP,Sudeste,59.05,0.5697248630821616,True,True
2413102,RN,Nordeste,27.42,0.5695472984311731,True,True
2409209,RN,Nordeste,47.25,0.5693590594578751,True,True
3551504,SP,Sudeste,49.46,0.5692737898693876,True,True
2509057,PB,Nordeste,58.61,0.5691369144646391,True,True
2606408,PE,Nordeste,41.59,0.5691267716259432,True,True
3525201,SP,Sudeste,54.26,0.5690227816470971,True,True
3305752,RJ,Sudeste,61.19,0.5687703477260012,True,True
2107902,MA,Nordeste,51.09,0.5685467691380649,True,True
3549953,SP,Sudeste,65.99,0.5682621408529934,True,True
2602902,PE,Nordeste,52.07,0.5678723771761468,True,True
4213708,SC,Sul,30.75,0.567294246601514,True,True
4203956,SC,Sul,54.28,0.5672435894192663,True,True
3543907,SP,Sudeste,56.64,0.5669273985337177,True,True
2111789,MA,Nordeste,52.44,0.5666249851451112,True,True
3551405,SP,Sudeste,35.33,0.5664222801793711,True,True
1303205,AM,Norte,70.46,0.5663308040643549,True,True
2500809,PB,Nordeste,51.62,0.5660536504167513,True,True
2407807,RN,Nordeste,57.68,0.5659367588016426,True,True
2510907,PB,Nordeste,52.36,0.5650354085791284,True,True
4200309,SC,Sul,40.6,0.5648458486594549,True,True
3544608,SP,Sudeste,55.28,0.5647299745972894,True,True
2100402,MA,Nordeste,62.15,0.564289685924414,True,True
3536109,SP,Sudeste,55.74,0.564012659095809,True,True
1301001,AM,Norte,52.01,0.563864031746162,True,True
4211702,SC,Sul,64.69,0.5636684924968114,True,True
3537156,SP,Sudeste,64.52,0.5636648722057492,True,True
2607901,PE,Nordeste,54.96,0.5636289169467027,True,True
4204251,SC,Sul,67.13,0.5634254249838203,True,True
3545605,SP,Sudeste,62.04,0.5629919570508958,True,True
4311205,RS,Sul,55.84,0.5624900680760024,True,True
2109056,MA,Nordeste,61.79,0.5619355630932615,True,True
3506359,SP,Sudeste,58.95,0.5618573445086671,True,True
2511905,PB,Nordeste,59.46,0.5612351911282768,True,True
4219150,SC,Sul,73.81,0.5608876822045832,True,True
3519055,SP,Sudeste,58.31,0.560779059498255,True,True
1507961,PA,Norte,43.69,0.5606382218779559,True,True
3302502,RJ,Sudeste,52.96,0.5597649140132848,True,True
4315073,RS,Sul,92.31,0.559760487737709,True,True
3511003,SP,Sudeste,54.72,0.5596670058630782,True,True
4209508,SC,Sul,67.24,0.5596234734687934,True,True
3509452,SP,Sudeste,54.57,0.5590002657442227,True,True
3504503,SP,Sudeste,55.99,0.5589894288394509,True,True
3517901,SP,Sudeste,74.7,0.5583997945103382,True,True
4201950,SC,Sul,36.24,0.5579786933431786,True,True
2405306,RN,Nordeste,50.17,0.5577570631318591,True,True
4200606,SC,Sul,59.57,0.5576121084511054,True,True
4202107,SC,Sul,50.93,0.5574853266955452,True,True
3509601,SP,Sudeste,55.97,0.5570873654333736,True,True
3503109,SP,Sudeste,49.95,0.5570528371636,True,True
1302553,AM,Norte,21.87,0.5569814174156787,True,True
2412708,RN,Nordeste,32.72,0.5567936782325817,True,True
3552809,SP,Sudeste,51.94,0.5565237239352082,True,True
3512100,SP,Sudeste,79.99,0.5562685570670013,True,True
4213500,SC,Sul,56.11,0.5560513292578207,True,True
3507001,SP,Sudeste,67.25,0.5559743365825724,True,True
3541059,SP,Sudeste,40.87,0.5554982489850715,True,True
2303709,CE,Nordeste,57.7,0.5554108228694111,True,True
3514304,SP,Sudeste,59.92,0.5553090554795016,True,True
2100436,MA,Nordeste,50.59,0.5551980745908255,True,True
4316972,RS,Sul,58.11,0.5549399833578355,True,True
3303203,RJ,Sudeste,55.04,0.554841241226061,True,True
2915700,BA,Nordeste,50.91,0.5548291397562239,True,True
3509502,SP,Sudeste,49.25,0.5536501096885554,True,True
4203303,SC,Sul,67.28,0.5535214042068082,True,True
3522109,SP,Sudeste,60.38,0.5534454126057212,True,True
3526506,SP,Sudeste,67.99,0.553410947373205,True,True
3303104,RJ,Sudeste,62.9,0.5530712828168934,True,True
3544004,SP,Sudeste,66.43,0.5526301717555482,True,True
1600550,AP,Norte,40.85,0.5525847730040305,True,True
3548500,SP,Sudeste,52.05,0.5523890150162524,True,True
4219101,SC,Sul,74.62,0.5522475069775762,True,True
3520400,SP,Sudeste,52.12,0.5519026905942006,True,True
4201703,SC,Sul,68.97,0.5517272307062775,True,True
4217303,SC,Sul,74.24,0.5516462579021828,True,True
4216057,SC,Sul,60.9,0.550975910642045,True,True
3554102,SP,Sudeste,53.82,0.5508668365602343,True,True
4203600,SC,Sul,66.34,0.550648499105557,True,True
3540853,SP,Sudeste,52.38,0.550322394325064,True,True
3533601,SP,Sudeste,63.78,0.5501035038973772,True,True
3302601,RJ,Sudeste,54.31,0.549989391186043,True,True
3300100,RJ,Sudeste,63.87,0.5499362862760387,True,True
2106359,MA,Nordeste,73.66,0.5499122425815439,True,True
3547809,SP,Sudeste,59.73,0.5497199643869911,True,True
3525102,SP,Sudeste,44.64,0.5495535097654578,True,True
2806602,SE,Nordeste,28.11,0.5495456088149459,True,True
4314456,RS,Sul,71.43,0.5492091103513363,True,True
3540754,SP,Sudeste,51.05,0.5490699975299334,True,True
3521150,SP,Sudeste,43.3,0.5489820257357099,True,True
4215679,SC,Sul,67.53,0.5489461881935838,True,True
3302403,RJ,Sudeste,63.52,0.5488833652692765,True,True
4213609,SC,Sul,47.54,0.5487492883333714,True,True
2307304,CE,Nordeste,54.9,0.5487318082230244,True,True
2105450,MA,Nordeste,67.12,0.5481538196442013,True,True
3513603,SP,Sudeste,58.87,0.5480542072212972,True,True
2408805,RN,Nordeste,48.52,0.5479853279916114,True,True
3555505,SP,Sudeste,53.69,0.5479652071304674,True,True
3301850,RJ,Sudeste,58.88,0.5479214842500749,True,True
4200903,SC,Sul,78.92,0.5473752560408542,True,True
3525607,SP,Sudeste,65.73,0.5470254776194273,True,True
2103109,MA,Nordeste,59.52,0.5469979891368961,True,True
3516606,SP,Sudeste,63.24,0.5468812831919626,True,True
1505403,PA,Norte,49.4,0.546598851879229,True,True
3506300,SP,Sudeste,61.21,0.5465547326014502,True,True
2105005,MA,Nordeste,60.63,0.5465208294161014,True,True
2611606,PE,Nordeste,57.32,0.5463585920213583,True,True
3553856,SP,Sudeste,61.17,0.5459561254005855,True,True
4202438,SC,Sul,32.15,0.5459303405511342,True,True
2410009,RN,Nordeste,63.16,0.5456694679513507,True,True
3537800,SP,Sudeste,63.42,0.5456568555531466,True,True
1503804,PA,Norte,47.09,0.5456310651898617,True,True
2403251,RN,Nordeste,44.36,0.545614063017269,True,True
1400100,RR,Norte,62.17,0.5455142635881064,True,True
3539202,SP,Sudeste,69.46,0.5452895505627519,True,True
3509254,SP,Sudeste,58.75,0.5452208267149802,True,True
3515707,SP,Sudeste,60.99,0.5451421276588087,True,True
2111409,MA,Nordeste,69.14,0.5450054315734579,True,True
4218608,SC,Sul,45.48,0.5445363795130616,True,True
4204202,SC,Sul,59.11,0.5441504291565356,True,True
3519071,SP,Sudeste,61.23,0.5441484159198914,True,True
2109270,MA,Nordeste,57.46,0.5441438884258144,True,True
3540804,SP,Sudeste,63.28,0.5439888081287826,True,True
2100204,MA,Nordeste,65.67,0.5439169140955453,True,True
3513306,SP,Sudeste,76.0,0.5436535509242914,True,True
3502002,SP,Sudeste,55.68,0.5435626507492305,True,True
2513109,PB,Nordeste,65.22,0.5434751136839828,True,True
2209757,PI,Nordeste,64.57,0.5434718247341005,True,True
1507755,PA,Norte,72.49,0.543304184714322,True,True
3552007,SP,Sudeste,55.49,0.542851808766397,True,True
3536208,SP,Sudeste,65.66,0.5427330199951189,True,True
4206207,SC,Sul,60.96,0.5426293212475214,True,True
1100338,RO,Norte,72.5,0.5426111649693067,True,True
3301108,RJ,Sudeste,58.64,0.5423365155602542,True,True
3524303,SP,Sudeste,57.63,0.5423343784856441,True,True
3555000,SP,Sudeste,59.62,0.5421996535358471,True,True
3524402,SP,Sudeste,56.01,0.5420973869306029,True,True
3537305,SP,Sudeste,63.04,0.5416301813413636,True,True
3553807,SP,Sudeste,57.14,0.5412394186551069,True,True
2411601,RN,Nordeste,53.06,0.5411172723833617,True,True
3508504,SP,Sudeste,54.45,0.5408025474368727,True,True
2408102,RN,Nordeste,40.28,0.5403416126566933,True,True
3306107,RJ,Sudeste,64.33,0.5401703316682736,True,True
3556602,SP,Sudeste,57.95,0.5400330253211206,True,True
2509404,PB,Nordeste,65.81,0.5395732412526771,True,True
3552908,SP,Sudeste,65.53,0.5395097944030025,True,True
3518503,SP,Sudeste,58.82,0.5394857430410703,True,True
3542404,SP,Sudeste,57.84,0.5390873032988679,True,True
2401701,RN,Nordeste,36.94,0.5390872265658067,True,True
3530300,SP,Sudeste,69.07,0.5385470527284116,True,True
2804607,SE,Nordeste,32.89,0.5381674087685081,True,True
4202404,SC,Sul,65.17,0.5378849687126266,True,True
1507508,PA,Norte,42.95,0.537496421835927,True,True
4306932,RS,Sul,68.18,0.5374881194351289,True,True
3538808,SP,Sudeste,66.51,0.5371036757915169,True,True
3303005,RJ,Sudeste,71.46,0.5370814067760975,True,True
3500501,SP,Sudeste,63.94,0.536957851014174,True,True
3525508,SP,Sudeste,62.95,0.5367729449363171,True,True
4218301,SC,Sul,53.81,0.5361985078970994,True,True
3544202,SP,Sudeste,79.77,0.5361711977295108,True,True
4312708,RS,Sul,62.07,0.536115370924408,True,True
4216800,SC,Sul,75.33,0.5360045501740947,True,True
4202875,SC,Sul,58.33,0.5358580747075501,True,True
3537404,SP,Sudeste,67.62,0.5357783468383538,True,True
1600501,AP,Norte,30.98,0.5357003701996086,True,True
2108801,MA,Nordeste,73.2,0.5354813967723248,True,True
4212809,SC,Sul,64.82,0.5352778893495971,True,True
3503307,SP,Sudeste,60.85,0.5347067757774759,True,True
2404507,RN,Nordeste,35.56,0.5346282261124106,True,True
3557006,SP,Sudeste,58.8,0.534194388421116,True,True
1505304,PA,Norte,41.99,0.534150254582928,True,True
3540606,SP,Sudeste,73.26,0.5336742069319516,True,True
3510500,SP,Sudeste,55.9,0.5335198314911589,True,True
3538204,SP,Sudeste,76.7,0.5332869638545115,True,True
2100303,MA,Nordeste,65.83,0.5332779107251706,True,True
3556503,SP,Sudeste,55.24,0.5331765109542375,True,True
2111953,MA,Nordeste,61.86,0.5330671402586599,True,True
4201000,SC,Sul,65.46,0.5329350188569317,True,True
3500303,SP,Sudeste,57.09,0.5323800430884275,True,True
4206009,SC,Sul,69.31,0.5323749052632092,True,True
1300144,AM,Norte,58.38,0.5321887718790375,True,True
3531704,SP,Sudeste,44.48,0.531710941384973,True,True
2516904,PB,Nordeste,50.17,0.5316227348433042,True,True
4301750,RS,Sul,72.48,0.531619970585444,True,True
3522604,SP,Sudeste,66.32,0.531379914094828,True,True
2207751,PI,Nordeste,67.15,0.5308621894375048,True,True
3304607,RJ,Sudeste,64.59,0.530665006965555,True,True
3516002,SP,Sudeste,61.85,0.5306456821225877,True,True
3519303,SP,Sudeste,56.35,0.5304820106146657,True,True
3511102,SP,Sudeste,62.47,0.5303347027292401,True,True
3532603,SP,Sudeste,68.61,0.5303264955496215,True,True
3556453,SP,Sudeste,60.01,0.5299415521727558,True,True
3501400,SP,Sudeste,60.35,0.5298614006427979,True,True
3527702,SP,Sudeste,53.26,0.5297420644044476,True,True
4200408,SC,Sul,69.72,0.5296997327160827,True,True
3548906,SP,Sudeste,59.36,0.529342415196609,True,True
3534807,SP,Sudeste,76.75,0.529260545610591,True,True
4203006,SC,Sul,63.55,0.5288883976111743,True,True
3541604,SP,Sudeste,63.58,0.5288720197651391,True,True
4203808,SC,Sul,71.91,0.528806477304921,True,True
2305357,CE,Nordeste,67.76,0.5283061108208142,True,True
3522505,SP,Sudeste,54.75,0.5282386631142957,True,True
1501303,PA,Norte,51.15,0.5280606322332909,True,True
3519006,SP,Sudeste,50.17,0.5274830559032029,True,True
3531308,SP,Sudeste,60.69,0.5274484719612823,True,True
3529401,SP,Sudeste,46.82,0.5257296894812349,True,True
1400506,RR,Norte,44.18,0.5254166412355297,True,True
4219705,SC,Sul,69.9,0.5254130339346492,True,True
2413904,RN,Nordeste,26.53,0.5251228388398921,True,True
4204194,SC,Sul,60.59,0.5249708910212311,True,True
3519105,SP,Sudeste,73.9,0.5249439011715725,True,True
2104552,MA,Nordeste,67.49,0.524757048540317,True,True
4201257,SC,Sul,64.44,0.5241187218163564,True,True
4311759,RS,Sul,64.44,0.5237823011947547,True,True
3530805,SP,Sudeste,58.66,0.5236923812464627,True,True
3543501,SP,Sudeste,58.51,0.5232172500911992,True,True
2506707,PB,Nordeste,50.71,0.5229321705666514,True,True
3526803,SP,Sudeste,62.15,0.5228318078180139,True,True
2401305,RN,Nordeste,43.21,0.5227030788236803,True,True
4205159,SC,Sul,67.73,0.5226808411552482,True,True
3500709,SP,Sudeste,52.31,0.522618804242598,True,True
3556800,SP,Sudeste,65.04,0.5226117670681238,True,True
2107308,MA,Nordeste,68.15,0.5223996612756737,True,True
2401909,RN,Nordeste,27.21,0.5222480561993326,True,True
4212908,SC,Sul,65.41,0.521970942361009,True,True
3540002,SP,Sudeste,66.43,0.5217598874664443,True,True
1502806,PA,Norte,35.12,0.5209924436825759,True,True
3543402,SP,Sudeste,44.55,0.5206973519788227,True,True
2102358,MA,Nordeste,54.12,0.5205353947479423,True,True
2106326,MA,Nordeste,56.25,0.5201946102132752,True,True
1200344,AC,Norte,60.42,0.5200069719309144,True,True
1100205,RO,Norte,61.86,0.5196279068459287,True,True
4217709,SC,Sul,50.0,0.5195492903333596,True,True
4300307,RS,Sul,63.64,0.519163346999709,True,True
1715150,TO,Norte,66.67,0.5190461626527796,True,True
3535507,SP,Sudeste,55.07,0.5190418037370292,True,True
3501707,SP,Sudeste,62.55,0.5185645175778979,True,True
4304622,RS,Sul,72.22,0.518525169581272,True,True
3556909,SP,Sudeste,68.02,0.5185135699114196,True,True
3525300,SP,Sudeste,61.84,0.51814872486623,True,True
4210001,SC,Sul,60.45,0.5178781642581103,True,True
3535101,SP,Sudeste,75.22,0.5177541570598364,True,True
3544103,SP,Sudeste,42.86,0.5175020244568039,True,True
3523701,SP,Sudeste,68.21,0.5173817819311606,True,True
3513207,SP,Sudeste,57.46,0.5168906995330482,True,True
2504306,PB,Nordeste,51.41,0.5161867043359172,True,True
3518404,SP,Sudeste,61.81,0.5156978553920886,True,True
2614105,PE,Nordeste,43.08,0.5153966946097548,True,True
3549201,SP,Sudeste,77.08,0.5152078740612122,True,True
1302603,AM,Norte,57.53,0.5152066103201733,True,True
2507408,PB,Nordeste,47.37,0.5144365236893126,True,True
1504208,PA,Norte,55.75,0.5143331397669132,True,True
2707800,AL,Nordeste,49.18,0.5142242916702614,True,True
4215505,SC,Sul,63.51,0.5138684242532169,True,True
3554409,SP,Sudeste,61.3,0.5138163907313946,True,True
4311981,RS,Sul,79.77,0.5135214019441885,True,True
2305407,CE,Nordeste,56.95,0.5133896255072632,True,True
3512407,SP,Sudeste,65.74,0.5128400088918302,True,True
3539707,SP,Sudeste,58.21,0.5123173622758274,True,True
4207601,SC,Sul,77.31,0.5116887531567264,True,True
3546603,SP,Sudeste,65.58,0.5112271466539531,True,True
4218251,SC,Sul,61.51,0.511161355581698,True,True
2922755,BA,Nordeste,47.15,0.5111347710722368,True,True
1711100,TO,Norte,57.74,0.5110383765626765,True,True
3303906,RJ,Sudeste,67.81,0.5102781544137549,True,True
1507201,PA,Norte,40.22,0.5100526978887888,True,True
4202909,SC,Sul,70.01,0.5100454467966578,True,True
3504909,SP,Sudeste,51.3,0.5098774158781894,True,True
2202109,PI,Nordeste,55.27,0.5098774105792045,True,True
3533304,SP,Sudeste,76.92,0.5095907894236966,True,True
4205704,SC,Sul,70.66,0.5089996572132005,True,True
3521200,SP,Sudeste,40.9,0.5088571676406329,True,True
3502903,SP,Sudeste,55.53,0.5086930087449697,True,True
3510302,SP,Sudeste,51.28,0.5085668802885457,True,True
3507308,SP,Sudeste,67.66,0.5085312475460547,True,True
4208302,SC,Sul,56.01,0.5084853232310588,True,True
2405108,RN,Nordeste,38.64,0.5082831201067791,True,True
4217501,SC,Sul,71.99,0.5081195685655349,True,True
2403756,RN,Nordeste,34.92,0.5081129085746148,True,True
2515906,PB,Nordeste,53.87,0.5075229135311154,True,True
4113106,PR,Sul,80.68,0.5072803557557318,True,True
3545308,SP,Sudeste,51.57,0.5072488480576869,True,True
4206603,SC,Sul,82.16,0.506686816332992,True,True
4311130,RS,Sul,68.13,0.5061294463536827,True,True
1717909,TO,Norte,48.0,0.50587921615126,True,True
3303708,RJ,Sudeste,57.99,0.5054175365328094,True,True
3517802,SP,Sudeste,52.74,0.5049310800020309,True,True
2801009,SE,Nordeste,39.6,0.504881272714072,True,True
3543600,SP,Sudeste,54.97,0.5047318120582036,True,True
2106904,MA,Nordeste,50.29,0.5046994893428491,True,True
2511301,PB,Nordeste,45.52,0.5045259858594181,True,True
2616407,PE,Nordeste,47.31,0.5044408059017418,True,True
3508009,SP,Sudeste,58.4,0.5038144090296479,True,True
4202859,SC,Sul,44.66,0.5034049155434781,True,True
2512762,PB,Nordeste,58.93,0.5033974850397985,True,True
3512506,SP,Sudeste,67.94,0.50327276298416,True,True
4203402,SC,Sul,50.25,0.5031720763119639,True,True
3519501,SP,Sudeste,68.58,0.5024016244029487,True,True
3305406,RJ,Sudeste,67.17,0.5023144548535293,True,True
4200507,SC,Sul,58.5,0.5022606858473097,True,True
3544905,SP,Sudeste,61.21,0.5021640387899609,True,True
3300308,RJ,Sudeste,54.25,0.5021320142626593,True,True
4206405,SC,Sul,79.04,0.5017946778476844,True,True
3529203,SP,Sudeste,54.52,0.5013284874857249,True,True
3511300,SP,Sudeste,63.33,0.5010615791691189,True,True
2609600,PE,Nordeste,61.61,0.5005707187542467,True,True
3510153,SP,Sudeste,54.44,0.5004800333241318,True,True
2308708,CE,Nordeste,62.38,0.5003789027890467,True,True
3305000,RJ,Sudeste,58.23,0.5000398986763902,True,True
2109403,MA,Nordeste,72.69,0.49971296518844666,True,True
3553401,SP,Sudeste,66.39,0.49961749103687436,True,True
2111508,MA,Nordeste,61.65,0.4996129795550663,True,True
2600054,PE,Nordeste,49.26,0.4995937209755441,True,True
3526407,SP,Sudeste,49.97,0.4995269740444786,True,True
2608206,PE,Nordeste,50.01,0.4993265710714417,True,True
2201919,PI,Nordeste,53.97,0.49852504668177183,True,True
3556305,SP,Sudeste,56.41,0.49845330222910916,True,True
2610301,PE,Nordeste,69.21,0.49844560115250064,True,True
2102507,MA,Nordeste,53.33,0.4978037060959555,True,True
1720150,TO,Norte,62.5,0.4977668456512698,True,True
4123600,PR,Sul,78.95,0.497492592789208,True,True
4200101,SC,Sul,67.19,0.4974275420716179,True,True
4116950,PR,Sul,80.98,0.4973326309796956,True,True
2105948,MA,Nordeste,74.19,0.4971566905940691,True,True
1500909,PA,Norte,49.17,0.4970481709407817,True,True
1718808,TO,Norte,40.53,0.4967099528506938,True,True
3507159,SP,Sudeste,62.72,0.4965077713238037,True,True
2201804,PI,Nordeste,52.63,0.49562321871810583,True,True
4219408,SC,Sul,82.9,0.4955871656165729,True,True
3514502,SP,Sudeste,64.65,0.49529620934615953,True,True
3530508,SP,Sudeste,45.49,0.49505445620996513,True,True
2502706,PB,Nordeste,51.8,0.4948213369781289,True,True
2510402,PB,Nordeste,60.47,0.4946480192666332,True,True
4210506,SC,Sul,83.8,0.4944478009044761,True,True
4214904,SC,Sul,72.37,0.4942187137626949,True,True
2413557,RN,Nordeste,59.32,0.49390663180334843,True,True
4315057,RS,Sul,63.64,0.4936396086513641,True,True
2306504,CE,Nordeste,61.68,0.4936275592605011,True,True
1721000,TO,Norte,57.78,0.49280444036665877,True,True
2111706,MA,Nordeste,58.19,0.49273587476260533,True,True
4215109,SC,Sul,63.57,0.49272433348725087,True,True
2300408,CE,Nordeste,70.82,0.4924027594027977,True,True
3519600,SP,Sudeste,57.53,0.49206206606656394,True,True
3503901,SP,Sudeste,58.38,0.4917135283329345,True,True
3162575,MG,Sudeste,77.46,0.491656297802637,True,True
3543238,SP,Sudeste,73.33,0.49103534050432124,True,True
1500107,PA,Norte,47.11,0.4904512536627617,True,True
3544301,SP,Sudeste,68.08,0.4904343301650378,True,True
2603454,PE,Nordeste,61.82,0.49021703296638663,True,True
1100262,RO,Norte,67.88,0.48978853096935304,True,True
2300309,CE,Nordeste,59.16,0.48978450184867295,True,True
3547700,SP,Sudeste,70.14,0.4897843530456917,True,True
3525805,SP,Sudeste,60.71,0.4896921969869754,True,True
3514106,SP,Sudeste,58.92,0.4894296212115158,True,True
3171907,MG,Sudeste,78.87,0.4889132525674601,True,True
2107456,MA,Nordeste,43.98,0.4887914598454542,True,True
3531605,SP,Sudeste,70.33,0.48876971575692985,True,True
3540200,SP,Sudeste,53.9,0.48825145073162957,True,True
2100808,MA,Nordeste,41.26,0.4878757108657494,True,True
3517703,SP,Sudeste,67.53,0.48778781499263374,True,True
2706448,AL,Nordeste,49.22,0.4877656577180511,True,True
3500907,SP,Sudeste,56.25,0.4877367735369846,True,True
2612109,PE,Nordeste,61.94,0.48728446789215213,True,True
3553906,SP,Sudeste,60.51,0.48702912185328395,True,True
3503604,SP,Sudeste,72.13,0.4865645034362918,True,True
3503356,SP,Sudeste,43.48,0.48616953777809624,True,True
3305307,RJ,Sudeste,54.19,0.48571515810982513,True,True
4210407,SC,Sul,65.88,0.4855674682598607,True,True
2107100,MA,Nordeste,79.19,0.48524136763203557,True,True
2506806,PB,Nordeste,57.58,0.485137554972937,True,True
2601102,PE,Nordeste,52.69,0.4848052973721258,True,True
1303502,AM,Norte,48.4,0.48459096601076757,True,True
4209854,SC,Sul,63.44,0.484473949078566,True,True
1300631,AM,Norte,79.28,0.48354504399753995,True,True
3516507,SP,Sudeste,60.0,0.4835291863814101,True,True
2304400,CE,Nordeste,73.31,0.4832682975196451,True,True
4216008,SC,Sul,81.96,0.4831974244838988,True,True
1502301,PA,Norte,55.47,0.48304003994994804,True,True
2607604,PE,Nordeste,51.64,0.48297624085352964,True,True
3511607,SP,Sudeste,60.71,0.482846064640075,True,True
3302254,RJ,Sudeste,62.39,0.4826877107808161,True,True
3503208,SP,Sudeste,52.2,0.4826845876276644,True,True
1503309,PA,Norte,47.05,0.48255387115413517,True,True
2302701,CE,Nordeste,57.68,0.48247548229302073,True,True
4127601,PR,Sul,78.01,0.4816869415241367,True,True
2101608,MA,Nordeste,63.26,0.48163119045371533,True,True
3517505,SP,Sudeste,59.81,0.48112097538811205,True,True
2802007,SE,Nordeste,25.06,0.48087301313562336,True,True
2512804,PB,Nordeste,34.69,0.4806912609150302,True,True
3556008,SP,Sudeste,60.77,0.48037261996298003,True,True
2511509,PB,Nordeste,67.28,0.48028497875919435,True,True
3520426,SP,Sudeste,50.91,0.4797478676173434,True,True
3508306,SP,Sudeste,69.83,0.47944398432127516,True,True
3554300,SP,Sudeste,67.83,0.47926957860878605,True,True
3507407,SP,Sudeste,78.25,0.47895501422164527,True,True
2917334,BA,Nordeste,44.45,0.47886946012428666,True,True
4218509,SC,Sul,77.74,0.47827059789804416,True,True
3554904,SP,Sudeste,72.32,0.4781811304703288,True,True
2106508,MA,Nordeste,59.1,0.4776424359408679,True,True
3540507,SP,Sudeste,68.58,0.4773258546198813,True,True
4203154,SC,Sul,65.79,0.47717918819114175,True,True
3554953,SP,Sudeste,55.97,0.47707234973938445,True,True
2410306,RN,Nordeste,37.01,0.4767796035873426,True,True
4214607,SC,Sul,65.33,0.47649970289738774,True,True
3506201,SP,Sudeste,58.89,0.47642749085522346,True,True
2502052,PB,Nordeste,33.33,0.47592618989771,True,True
4219853,SC,Sul,63.38,0.4755391539160769,True,True
3302809,RJ,Sudeste,64.27,0.47546970865812277,True,True
4209102,SC,Sul,66.48,0.47540562637844386,True,True
1304237,AM,Norte,55.58,0.47492225886040285,True,True
4106209,PR,Sul,75.33,0.4748566725933984,True,True
2511707,PB,Nordeste,75.75,0.47475719541544675,True,True
1717008,TO,Norte,39.58,0.47448649419334193,True,True
1303700,AM,Norte,61.73,0.4743719527415996,True,True
3547601,SP,Sudeste,63.39,0.47427794241675725,True,True
4213351,SC,Sul,65.2,0.4742274884361932,True,True
2509602,PB,Nordeste,71.07,0.4742112061254062,True,True
2309458,CE,Nordeste,73.05,0.4740308005291795,True,True
3139508,MG,Sudeste,70.49,0.47395204294734533,True,True
2607307,PE,Nordeste,72.86,0.4737048843350119,True,True
2610707,PE,Nordeste,59.22,0.4734896433319285,True,True
1505536,PA,Norte,58.52,0.47334264641401236,True,True
3507704,SP,Sudeste,71.03,0.47310313099666473,True,True
4203253,SC,Sul,49.57,0.4728623047562151,True,True
1720101,TO,Norte,40.27,0.47257701097153804,True,True
3515152,SP,Sudeste,59.53,0.47251834556777256,True,True
4215455,SC,Sul,65.95,0.47218411332924165,True,True
3520103,SP,Sudeste,53.96,0.4721837213300905,True,True
3505708,SP,Sudeste,66.37,0.4721572319103771,True,True
4205902,SC,Sul,64.46,0.47203628472782366,True,True
4203105,SC,Sul,59.54,0.4714435367043069,True,True
3117702,MG,Sudeste,79.11,0.470684348829969,True,True
3532207,SP,Sudeste,61.0,0.4706679290090064,True,True
1503507,PA,Norte,54.52,0.47059777658068386,True,True
1301407,AM,Norte,30.74,0.47032789361679905,True,True
1302504,AM,Norte,52.34,0.46973718159326683,True,True
3549805,SP,Sudeste,56.94,0.4695460774596921,True,True
4218350,SC,Sul,72.77,0.4693300566056481,True,True
3301603,RJ,Sudeste,62.71,0.4691622640023914,True,True
3535705,SP,Sudeste,67.33,0.4690569602316009,True,True
3518602,SP,Sudeste,71.63,0.4689629504578079,True,True
2907301,BA,Nordeste,40.59,0.4681552502222214,True,True
2407906,RN,Nordeste,42.18,0.46812258707365895,True,True
4104105,PR,Sul,69.59,0.46810863885584375,True,True
3303609,RJ,Sudeste,65.14,0.468070783398582,True,True
2923100,BA,Nordeste,33.42,0.4680432404363759,True,True
3524709,SP,Sudeste,64.66,0.4678619592234141,True,True
2612554,PE,Nordeste,53.43,0.46784476084648513,True,True
4103057,PR,Sul,61.43,0.4678389699146634,True,True
3162005,MG,Sudeste,73.61,0.46755697239338323,True,True
2501906,PB,Nordeste,57.08,0.46743707040483923,True,True
3519907,SP,Sudeste,59.86,0.4674219984239385,True,True
2307502,CE,Nordeste,71.85,0.4671556707366422,True,True
2402204,RN,Nordeste,46.7,0.46706182785707645,True,True
3523206,SP,Sudeste,64.83,0.4670217767321175,True,True
1716703,TO,Norte,46.21,0.46653545354511283,True,True
2112274,MA,Nordeste,39.44,0.46642715594641154,True,True
3553658,SP,Sudeste,65.38,0.4660103176983921,True,True
2413359,RN,Nordeste,26.92,0.46598552756108175,True,True
4209607,SC,Sul,55.52,0.46594280018212797,True,True
4114302,PR,Sul,81.25,0.46550774367981074,True,True
2401107,RN,Nordeste,54.43,0.4654559234917856,True,True
2308401,CE,Nordeste,65.62,0.46524850246844857,True,True
3519808,SP,Sudeste,71.28,0.46519953022855515,True,True
2407104,RN,Nordeste,39.14,0.46499321294311036,True,True
1100924,RO,Norte,74.24,0.4649153134462172,True,True
2609402,PE,Nordeste,52.46,0.46481317878353734,True,True
4215406,SC,Sul,79.07,0.46471664587277844,True,True
4125605,PR,Sul,80.74,0.4647084438638699,True,True
2600708,PE,Nordeste,50.89,0.4642811747905044,True,True
3507902,SP,Sudeste,54.65,0.46369780685708833,True,True
3305901,RJ,Sudeste,77.0,0.4632036341572054,True,True
4210100,SC,Sul,76.3,0.46303909021553563,True,True
2601409,PE,Nordeste,54.1,0.46300373785654386,True,True
3517604,SP,Sudeste,67.93,0.4628941672711943,True,True
4204608,SC,Sul,66.68,0.4628437182942817,True,True
3557154,SP,Sudeste,46.42,0.4628108754501138,True,True
2307106,CE,Nordeste,69.26,0.46264056154262534,True,True
4204509,SC,Sul,67.25,0.4626068236346945,True,True
1301803,AM,Norte,64.42,0.4626010711701188,True,True
2924207,BA,Nordeste,21.39,0.4623161371294236,True,True
4105300,PR,Sul,78.22,0.4618352779281159,True,True
2607505,PE,Nordeste,56.43,0.46166069311424224,True,True
3160454,MG,Sudeste,77.43,0.4616301370346791,True,True
4217006,SC,Sul,61.51,0.46162419013189065,True,True
2409332,RN,Nordeste,20.91,0.4616201460726396,True,True
2402808,RN,Nordeste,22.84,0.4615427824595909,True,True
4211892,SC,Sul,75.0,0.4613541546043258,True,True
2506251,PB,Nordeste,78.91,0.4611870971323462,False,True
2202505,PI,Nordeste,59.61,0.4608332090764849,False,True
2911253,BA,Nordeste,56.17,0.4606918872084238,False,True
2403509,RN,Nordeste,48.11,0.4606787734433133,False,True
2106375,MA,Nordeste,72.45,0.46053688587381697,False,True
2509370,PB,Nordeste,35.71,0.46039149099048265,False,True
2103703,MA,Nordeste,67.45,0.45951195704243114,False,True
1503200,PA,Norte,41.81,0.4592866464338632,False,True
2616209,PE,Nordeste,54.56,0.45855100197260346,False,True
3529104,SP,Sudeste,69.23,0.45828198226628447,False,True
2101103,MA,Nordeste,77.1,0.4581279322575032,False,True
4215208,SC,Sul,60.32,0.45802843058269616,False,True
2601607,PE,Nordeste,50.7,0.45802656167432343,False,True
4111258,PR,Sul,58.56,0.4580212505380707,False,True
3129400,MG,Sudeste,77.44,0.4571742665280851,False,True
2608057,PE,Nordeste,72.94,0.45594782615051704,False,True
3139201,MG,Sudeste,74.94,0.4558551564244121,False,True
2602100,PE,Nordeste,53.64,0.455668665310864,False,True
2404606,RN,Nordeste,48.61,0.4555596837862445,False,True
3518206,SP,Sudeste,63.07,0.45503693436849074,False,True
4218756,SC,Sul,76.08,0.45502271656099463,False,True
3141009,MG,Sudeste,67.66,0.4548176732436924,False,True
3543709,SP,Sudeste,56.98,0.45424677585353435,False,True
4218806,SC,Sul,66.98,0.4533562043496217,False,True
1100080,RO,Norte,75.04,0.45320307975637736,False,True
4218202,SC,Sul,69.05,0.4531252339949989,False,True
3552304,SP,Sudeste,57.58,0.45287361338693527,False,True
3527207,SP,Sudeste,54.22,0.45269660242330045,False,True
2106201,MA,Nordeste,73.41,0.4525596532611484,False,True
3158953,MG,Sudeste,72.83,0.45244799042838985,False,True
2402600,RN,Nordeste,32.25,0.45233948967766113,False,True
1505908,PA,Norte,74.5,0.45219342488964787,False,True
1712405,TO,Norte,47.4,0.4520900480622866,False,True
5106851,MT,Centro-Oeste,68.14,0.4518040869934563,False,True
4101200,PR,Sul,63.1,0.4510625988351001,False,True
1504422,PA,Norte,61.39,0.4504498962030335,False,True
3300225,RJ,Sudeste,67.06,0.4504103200847042,False,True
4105201,PR,Sul,58.95,0.4490173559278289,False,True
3140902,MG,Sudeste,64.99,0.4487655408750179,False,True
2404903,RN,Nordeste,58.04,0.44875700757978604,False,True
1706001,TO,Norte,52.59,0.4485928235624951,False,True
1302702,AM,Norte,57.02,0.44826622720391357,False,True
2110237,MA,Nordeste,78.97,0.4482623847250513,False,True
3108552,MG,Sudeste,67.13,0.44817655850317467,False,True
3530003,SP,Sudeste,65.73,0.44810788654860784,False,True
2301505,CE,Nordeste,63.82,0.4473983378244318,False,True
3121803,MG,Sudeste,69.95,0.4472916924013746,False,True
2507903,PB,Nordeste,49.89,0.4465966156567361,False,True
1503077,PA,Norte,50.19,0.44654469974417227,False,True
2301802,CE,Nordeste,75.53,0.4464070696596222,False,True
2313807,CE,Nordeste,76.83,0.4454435616857806,False,True
1502855,PA,Norte,50.92,0.44511419179216904,False,True
2505402,PB,Nordeste,56.3,0.4447401048421628,False,True
1507466,PA,Norte,46.8,0.44469355978588915,False,True
4110201,PR,Sul,71.31,0.4443814671650769,False,True
2110401,MA,Nordeste,57.61,0.4442139608087937,False,True
4125456,PR,Sul,80.7,0.4437118109883367,False,True
3550704,SP,Sudeste,52.62,0.4434040746780019,False,True
3528809,SP,Sudeste,81.28,0.4424383384764718,False,True
3528007,SP,Sudeste,67.89,0.4423684394897241,False,True
1303536,AM,Norte,45.72,0.4423623291602666,False,True
2601201,PE,Nordeste,62.75,0.44221117992299486,False,True
3514601,SP,Sudeste,79.02,0.4419216849818591,False,True
2300903,CE,Nordeste,77.03,0.44186584420973096,False,True
2301851,CE,Nordeste,75.73,0.44163579105489875,False,True
2400307,RN,Nordeste,18.91,0.44163520133805484,False,True
2611200,PE,Nordeste,61.41,0.44161847222839623,False,True
2609154,PE,Nordeste,63.28,0.44154934817826036,False,True
1504802,PA,Norte,59.55,0.4410820075949097,False,False
2310605,CE,Nordeste,71.17,0.4410387282032929,False,False
4206306,SC,Sul,74.08,0.44081076009785514,False,False
4106506,PR,Sul,82.31,0.44060344252205236,False,False
4113809,PR,Sul,79.91,0.4402803416090276,False,False
4205100,SC,Sul,66.91,0.44024637138824146,False,False
2615805,PE,Nordeste,69.68,0.44000802750459894,False,False
2405009,RN,Nordeste,55.76,0.4399213001242861,False,False
3554805,SP,Sudeste,56.17,0.4398082142142289,False,False
3301504,RJ,Sudeste,65.07,0.43902940716444294,False,False
2807204,SE,Nordeste,47.15,0.43853060250934467,False,False
3155900,MG,Sudeste,65.48,0.4384933768800854,False,False
1504455,PA,Norte,55.31,0.43847010136350323,False,False
1703602,TO,Norte,31.58,0.4376388797086016,False,False
4107306,PR,Sul,78.09,0.4372156248508626,False,False
3546306,SP,Sudeste,60.48,0.4370847181931571,False,False
3168408,MG,Sudeste,72.41,0.43704520859695056,False,False
4212254,SC,Sul,65.65,0.43673652401040186,False,False
1501006,PA,Norte,64.55,0.43641754615896017,False,False
1600253,AP,Norte,56.28,0.43618970505019167,False,False
1502202,PA,Norte,64.96,0.4361345061112036,False,False
1713205,TO,Norte,48.24,0.435878723710728,False,False
4119954,PR,Sul,68.86,0.435821586270836,False,False
2504801,PB,Nordeste,65.29,0.4355918433243371,False,False
2407708,RN,Nordeste,64.43,0.43525100052972543,False,False
4205308,SC,Sul,59.83,0.43503122428573204,False,False
3504800,SP,Sudeste,58.98,0.4349937700396417,False,False
1300409,AM,Norte,57.95,0.4346861946537748,False,False
4115358,PR,Sul,83.65,0.4345049479506388,False,False
2414902,RN,Nordeste,60.87,0.4344984028885124,False,False
1506807,PA,Norte,58.96,0.43447247118695176,False,False
3515004,SP,Sudeste,47.41,0.4335969866661253,False,False
1507979,PA,Norte,71.89,0.43346423321041316,False,False
3144359,MG,Sudeste,69.01,0.4332166237209083,False,False
2412203,RN,Nordeste,45.13,0.43303920537903934,False,False
2607406,PE,Nordeste,66.36,0.4328476354944575,False,False
2103554,MA,Nordeste,51.14,0.4325390289881676,False,False
2600500,PE,Nordeste,59.53,0.4324259388258387,False,False
3535200,SP,Sudeste,66.91,0.43198200723470886,False,False
1303403,AM,Norte,58.52,0.43183619607626383,False,False
3500600,SP,Sudeste,78.26,0.43168637978044966,False,False
4212403,SC,Sul,84.82,0.4314514079768435,False,False
4115705,PR,Sul,70.39,0.43129839378001844,False,False
2604403,PE,Nordeste,64.0,0.4312123630026312,False,False
3520004,SP,Sudeste,73.43,0.43118193678893807,False,False
4205357,SC,Sul,78.3,0.4311434760549011,False,False
2112803,MA,Nordeste,59.61,0.43108029444160867,False,False
3502309,SP,Sudeste,54.6,0.4309454340933116,False,False
4212007,SC,Sul,85.73,0.4308347009698763,False,False
2313351,CE,Nordeste,77.1,0.4305315940392264,False,False
2307601,CE,Nordeste,79.62,0.430351650804767,False,False
2308104,CE,Nordeste,79.23,0.42906920613443483,False,False
4204301,SC,Sul,75.74,0.4290068978647948,False,False
2924678,BA,Nordeste,48.81,0.42834704429438386,False,False
4204707,SC,Sul,85.66,0.4282277521335544,False,False
4206702,SC,Sul,57.24,0.4279904903543355,False,False
3142908,MG,Sudeste,66.67,0.4272833523267701,False,False
3554755,SP,Sudeste,68.18,0.42678905690780816,False,False
2409803,RN,Nordeste,23.16,0.42664901747555484,False,False
2805604,SE,Nordeste,32.22,0.4266390053333755,False,False
1505007,PA,Norte,59.2,0.42644715946137074,False,False
3528858,SP,Sudeste,81.55,0.4260683533708739,False,False
3528601,SP,Sudeste,66.65,0.4259943469962082,False,False
1718204,TO,Norte,58.64,0.4258465078032946,False,False
3161650,MG,Sudeste,73.64,0.4257347332651762,False,False
2612505,PE,Nordeste,57.61,0.4257243514451886,False,False
4109609,PR,Sul,69.95,0.4256630348607404,False,False
2301307,CE,Nordeste,72.6,0.4254772365914605,False,False
4213302,SC,Sul,53.13,0.4245755209161161,False,False
4105409,PR,Sul,82.14,0.4244332910084621,False,False
2503506,PB,Nordeste,79.79,0.42411576343662216,False,False
4210050,SC,Sul,85.36,0.42399027762077063,False,False
2800704,SE,Nordeste,33.34,0.4236346907230241,False,False
2502904,PB,Nordeste,27.66,0.42318168998583,False,False
2933109,BA,Nordeste,48.21,0.42316887421330024,False,False
2207603,PI,Nordeste,69.37,0.42291993434303604,False,False
1707702,TO,Norte,12.84,0.4225334248820345,False,False
3528403,SP,Sudeste,55.14,0.42243193874481433,False,False
2103604,MA,Nordeste,46.15,0.42240219332842316,False,False
1504703,PA,Norte,45.42,0.42223035856126157,False,False
4210555,SC,Sul,95.83,0.42219707526747846,False,False
2203008,PI,Nordeste,79.14,0.42196048901604855,False,False
3136405,MG,Sudeste,67.0,0.4218173587629162,False,False
4112009,PR,Sul,79.1,0.42169430639624866,False,False
2110278,MA,Nordeste,47.52,0.421510099726488,False,False
2104073,MA,Nordeste,79.1,0.421486243055032,False,False
3525854,SP,Sudeste,68.3,0.4214690353787888,False,False
1505064,PA,Norte,59.69,0.42119596841138035,False,False
3170578,MG,Sudeste,69.96,0.42109009232048855,False,False
3540903,SP,Sudeste,76.18,0.4210588217465936,False,False
2311603,CE,Nordeste,76.73,0.42083880165217485,False,False
4202578,SC,Sul,71.88,0.42071135337496185,False,False
4200051,SC,Sul,70.53,0.4205172039451815,False,False
3527900,SP,Sudeste,61.76,0.4204451219359818,False,False
4206900,SC,Sul,72.43,0.42041904858258455,False,False
2210359,PI,Nordeste,71.9,0.4202957973891926,False,False
3541653,SP,Sudeste,61.83,0.42014423031059744,False,False
2404309,RN,Nordeste,64.07,0.42001962213018973,False,False
3524501,SP,Sudeste,64.6,0.41984047064752067,False,False
1100403,RO,Norte,75.45,0.419744392749676,False,False
1703107,TO,Norte,60.63,0.41965777624008344,False,False
4213807,SC,Sul,71.04,0.4192070262632157,False,False
3508405,SP,Sudeste,59.79,0.4191684693835015,False,False
1712702,TO,Norte,33.33,0.4189990501984284,False,False
2414308,RN,Nordeste,30.0,0.4188274095705898,False,False
3123858,MG,Sudeste,75.56,0.41874831111831534,False,False
3112208,MG,Sudeste,79.33,0.4180655314597541,False,False
4201505,SC,Sul,76.32,0.41799203907001464,False,False
5001243,MS,Centro-Oeste,69.12,0.41773957239109993,False,False
2104701,MA,Nordeste,70.84,0.41763735867852947,False,False
3527256,SP,Sudeste,76.45,0.4175259053965517,False,False
1719004,TO,Norte,51.46,0.41741823744666556,False,False
4108205,PR,Sul,74.1,0.416858809305316,False,False
2205706,PI,Nordeste,61.36,0.41681670889343175,False,False
4204350,SC,Sul,65.47,0.4160405279307302,False,False
2201051,PI,Nordeste,78.89,0.41581615536415883,False,False
4123204,PR,Sul,74.08,0.415784520371528,False,False
2513703,PB,Nordeste,44.78,0.41546874736207445,False,False
3500758,SP,Sudeste,74.96,0.41533975427807823,False,False
3542701,SP,Sudeste,73.83,0.41498158812939673,False,False
4218103,SC,Sul,75.63,0.4149120266399396,False,False
4215752,SC,Sul,76.92,0.4148262015369876,False,False
3125408,MG,Sudeste,76.54,0.4137823652619486,False,False
3304201,RJ,Sudeste,71.69,0.41377146875616055,False,False
3138104,MG,Sudeste,73.2,0.41371038268853044,False,False
4103503,PR,Sul,80.19,0.4134380421634858,False,False
2600906,PE,Nordeste,67.39,0.41333569927935576,False,False
3521804,SP,Sudeste,60.4,0.41311828976044046,False,False
3538600,SP,Sudeste,67.2,0.4131028029037674,False,False
2407500,RN,Nordeste,37.49,0.41233331392833933,False,False
2614808,PE,Nordeste,54.9,0.41212386694569453,False,False
2516607,PB,Nordeste,74.22,0.4115617815389001,False,False
2413607,RN,Nordeste,71.54,0.411140043009555,False,False
3512209,SP,Sudeste,64.65,0.41060528857548984,False,False
5100508,MT,Centro-Oeste,65.0,0.4105462477496344,False,False
2612703,PE,Nordeste,78.0,0.41020752606866023,False,False
2613404,PE,Nordeste,49.31,0.4094557894733404,False,False
1703008,TO,Norte,24.94,0.4092421541592951,False,False
3512308,SP,Sudeste,58.24,0.40914850418585413,False,False
5003488,MS,Centro-Oeste,44.47,0.4090894013897293,False,False
3111606,MG,Sudeste,68.79,0.4090715533505751,False,False
4110102,PR,Sul,81.72,0.4090571686364973,False,False
3108255,MG,Sudeste,66.21,0.40901383774773187,False,False
3517000,SP,Sudeste,61.47,0.40897689150144245,False,False
3116209,MG,Sudeste,75.16,0.40879454760418615,False,False
4103404,PR,Sul,54.17,0.408737018295898,False,False
3515657,SP,Sudeste,80.95,0.40866978901753387,False,False
1503606,PA,Norte,65.85,0.40851919048322544,False,False
4204806,SC,Sul,60.81,0.4084923205126616,False,False
4212239,SC,Sul,73.0,0.4081794171756655,False,False
3508207,SP,Sudeste,82.35,0.40813228442433724,False,False
1503705,PA,Norte,54.31,0.4077529025500816,False,False
4204400,SC,Sul,66.62,0.4075693768323076,False,False
2111201,MA,Nordeste,64.01,0.40752597272375635,False,False
2201606,PI,Nordeste,76.31,0.4075000213788795,False,False
3509205,SP,Sudeste,62.86,0.4074934441522121,False,False
2400208,RN,Nordeste,50.2,0.40717037800972744,False,False
4211652,SC,Sul,76.67,0.4069267735498812,False,False
3119203,MG,Sudeste,69.05,0.40685854662672993,False,False
3170008,MG,Sudeste,62.96,0.40667223305105643,False,False
2209807,PI,Nordeste,75.73,0.4060362665055341,False,False
3502804,SP,Sudeste,70.53,0.4060314400988892,False,False
3102902,MG,Sudeste,76.82,0.40599140868010974,False,False
1100908,RO,Norte,77.45,0.4055654339056739,False,False
3164001,MG,Sudeste,78.17,0.40556286746995396,False,False
5005251,MS,Centro-Oeste,76.55,0.40520847072302,False,False
4210035,SC,Sul,79.67,0.4049746605600313,False,False
3550100,SP,Sudeste,66.6,0.40465600995975387,False,False
2302909,CE,Nordeste,74.48,0.40438288209576434,False,False
2608008,PE,Nordeste,57.33,0.4043735160597567,False,False
3534906,SP,Sudeste,73.29,0.4036762929827522,False,False
1100122,RO,Norte,75.63,0.4036522204956387,False,False
2301703,CE,Nordeste,70.92,0.40358474461487975,False,False
4204756,SC,Sul,85.0,0.4035452963912639,False,False
2917102,BA,Nordeste,48.99,0.4031293891915779,False,False
4118501,PR,Sul,79.34,0.4029679676272973,False,False
2929107,BA,Nordeste,49.8,0.40267747903769757,False,False
5003751,MS,Centro-Oeste,56.15,0.4021984573378725,False,False
4105904,PR,Sul,78.51,0.40154147505654214,False,False
4202081,SC,Sul,70.9,0.4014571470317921,False,False
3162609,MG,Sudeste,78.1,0.40134977512908526,False,False
4209201,SC,Sul,69.57,0.40115665902971126,False,False
3529302,SP,Sudeste,70.09,0.4009794360717464,False,False
2603306,PE,Nordeste,60.73,0.40077392500817166,False,False
3121258,MG,Sudeste,59.17,0.40076749185106225,False,False
3528502,SP,Sudeste,63.23,0.40068296735822945,False,False
1705102,TO,Norte,53.78,0.4006575358530355,False,False
4121356,PR,Sul,73.4,0.4006093348674105,False,False
4128609,PR,Sul,79.08,0.4005990319560128,False,False
2311355,CE,Nordeste,76.74,0.40058129752708366,False,False
3150000,MG,Sudeste,82.66,0.4001014359861958,False,False
3536406,SP,Sudeste,71.55,0.3998322017462788,False,False
2205607,PI,Nordeste,74.31,0.3997763442724663,False,False
3547502,SP,Sudeste,68.31,0.39965851333680363,False,False
4107652,PR,Sul,68.14,0.39953161555612243,False,False
4124004,PR,Sul,74.52,0.39932839301026735,False,False
3154457,MG,Sudeste,69.9,0.3991273101892157,False,False
2305266,CE,Nordeste,71.9,0.3987124860321261,False,False
2512408,PB,Nordeste,75.23,0.39870569367832115,False,False
4128807,PR,Sul,72.7,0.39854844098328146,False,False
3556107,SP,Sudeste,71.25,0.398515041313711,False,False
2414159,RN,Nordeste,55.11,0.39812154914938935,False,False
2307700,CE,Nordeste,77.54,0.3981159325519074,False,False
2510204,PB,Nordeste,51.58,0.3979733978600965,False,False
3543303,SP,Sudeste,70.3,0.39782592489907526,False,False
4120002,PR,Sul,75.82,0.39770762748101035,False,False
3502606,SP,Sudeste,62.04,0.3976837829830924,False,False
4202131,SC,Sul,81.49,0.39738915284015336,False,False
3550308,SP,Sudeste,53.07,0.3972826950364887,False,False
2308302,CE,Nordeste,72.17,0.39726496309390447,False,False
2406502,RN,Nordeste,47.57,0.3970423700613801,False,False
3540309,SP,Sudeste,57.11,0.39671092240544503,False,False
2930758,BA,Nordeste,47.82,0.3966631898714536,False,False
4127700,PR,Sul,83.15,0.3966256299171388,False,False
3525706,SP,Sudeste,64.82,0.3965547762626341,False,False
2604205,PE,Nordeste,51.83,0.39651077396040624,False,False
3505500,SP,Sudeste,69.04,0.3964617301328328,False,False
2200301,PI,Nordeste,75.79,0.3964079166634262,False,False
2604700,PE,Nordeste,56.6,0.39618555162432934,False,False
3506706,SP,Sudeste,54.9,0.39610186974357237,False,False
3518859,SP,Sudeste,27.87,0.396003643740761,False,False
2304954,CE,Nordeste,74.55,0.39599009955449443,False,False
1718402,TO,Norte,70.51,0.3959486147055559,False,False
3506607,SP,Sudeste,55.95,0.3955750273445151,False,False
3509700,SP,Sudeste,61.97,0.39545102572077745,False,False
3535408,SP,Sudeste,83.63,0.3950174768254266,False,False
2915403,BA,Nordeste,24.18,0.3948230911798586,False,False
3157377,MG,Sudeste,83.33,0.3947635042003159,False,False
4107900,PR,Sul,72.93,0.3947173922551313,False,False
2306256,CE,Nordeste,78.05,0.3947106738870889,False,False
4115309,PR,Sul,78.14,0.39453373321062396,False,False
3511706,SP,Sudeste,58.79,0.3944471467569323,False,False
2303501,CE,Nordeste,78.66,0.39431279993177726,False,False
5004502,MS,Centro-Oeste,53.55,0.39403018200599216,False,False
4219309,SC,Sul,67.46,0.3937142677417396,False,False
5005103,MS,Centro-Oeste,64.29,0.39346529690744214,False,False
2206605,PI,Nordeste,60.9,0.393281957789964,False,False
3523909,SP,Sudeste,70.47,0.3932386498267391,False,False
2205540,PI,Nordeste,77.01,0.3932362481829071,False,False
2902401,BA,Nordeste,45.11,0.39302382654627444,False,False
3522703,SP,Sudeste,71.74,0.3929283577944309,False,False
4200705,SC,Sul,56.98,0.3928562067345724,False,False
4211009,SC,Sul,76.44,0.39278307197578965,False,False
2914802,BA,Nordeste,35.81,0.392671803857945,False,False
2102325,MA,Nordeste,47.78,0.3926639994008011,False,False
4206801,SC,Sul,88.5,0.39252414161031285,False,False
4203907,SC,Sul,78.18,0.39244621435160976,False,False
3205176,ES,Sudeste,75.61,0.39236959436647734,False,False
1720499,TO,Norte,65.52,0.3921984016154652,False,False
4215307,SC,Sul,85.85,0.3917955373492955,False,False
2200954,PI,Nordeste,40.91,0.3913613521157842,False,False
3514205,SP,Sudeste,36.0,0.39133768618675635,False,False
2928059,BA,Nordeste,41.33,0.3904518302372259,False,False
2801306,SE,Nordeste,41.44,0.38993234585097364,False,False
3550001,SP,Sudeste,76.75,0.3897958719425375,False,False
3136306,MG,Sudeste,64.78,0.38938054279488693,False,False
2104628,MA,Nordeste,78.5,0.38919383753376163,False,False
3527009,SP,Sudeste,81.14,0.38892013683379645,False,False
2406007,RN,Nordeste,52.17,0.38874086226030435,False,False
2508406,PB,Nordeste,22.2,0.38867626092084745,False,False
3521507,SP,Sudeste,75.41,0.3885273797870691,False,False
2602001,PE,Nordeste,53.86,0.38851612607638525,False,False
2506103,PB,Nordeste,61.76,0.38848790472327677,False,False
2805109,SE,Nordeste,23.39,0.38792060247640997,False,False
2101251,MA,Nordeste,59.46,0.38729642091609645,False,False
4128500,PR,Sul,81.88,0.3872367616897071,False,False
3147709,MG,Sudeste,78.65,0.3871902928931222,False,False
4217758,SC,Sul,57.58,0.3871748227434698,False,False
2600609,PE,Nordeste,50.38,0.3870951024776724,False,False
3539301,SP,Sudeste,57.47,0.3870829911840104,False,False
4101408,PR,Sul,79.1,0.38697517400432513,False,False
3204559,ES,Sudeste,79.19,0.3869684090361653,False,False
3522158,SP,Sudeste,81.82,0.386890678447021,False,False
3508108,SP,Sudeste,69.47,0.3865332757935374,False,False
4204905,SC,Sul,73.19,0.38652407647820225,False,False
4207650,SC,Sul,94.29,0.38646196576679054,False,False
4208906,SC,Sul,71.79,0.3864406602435937,False,False
2514800,PB,Nordeste,70.0,0.3863733824017043,False,False
2109759,MA,Nordeste,45.99,0.3862778143428896,False,False
4128559,PR,Sul,77.96,0.38614214882420955,False,False
4208005,SC,Sul,75.35,0.3860685593022805,False,False
3533700,SP,Sudeste,82.92,0.38598945166984266,False,False
3512001,SP,Sudeste,56.31,0.3859773443150674,False,False
2201002,PI,Nordeste,70.34,0.385797196441776,False,False
2109601,MA,Nordeste,63.51,0.385758313567988,False,False
3136553,MG,Sudeste,73.68,0.3856817110492614,False,False
4212601,SC,Sul,94.87,0.38520731776484124,False,False
1506195,PA,Norte,62.55,0.3851944128622052,False,False
1718899,TO,Norte,67.74,0.38493337938131733,False,False
4211405,SC,Sul,69.99,0.3849186646711127,False,False
2108603,MA,Nordeste,59.87,0.38459455513943513,False,False
4209177,SC,Sul,74.65,0.38455039232462734,False,False
4217956,SC,Sul,82.68,0.3844595959342314,False,False
3513405,SP,Sudeste,55.44,0.3844546424169144,False,False
2932705,BA,Nordeste,35.27,0.38440910970059355,False,False
3104700,MG,Sudeste,61.02,0.38431708373135787,False,False
2408706,RN,Nordeste,9.09,0.3838043398057468,False,False
3542008,SP,Sudeste,63.91,0.3835883406747234,False,False
4216909,SC,Sul,76.29,0.3833769043628487,False,False
4201604,SC,Sul,100.0,0.3833021238122978,False,False
3152006,MG,Sudeste,63.86,0.38325487319820517,False,False
4124301,PR,Sul,69.47,0.3831006729233043,False,False
2804201,SE,Nordeste,32.36,0.38304883164431136,False,False
4106571,PR,Sul,83.65,0.3829778814199547,False,False
4109401,PR,Sul,75.11,0.3829038879651659,False,False
4104501,PR,Sul,82.16,0.382660098985731,False,False
1708205,TO,Norte,68.1,0.3824423764987294,False,False
2605202,PE,Nordeste,61.65,0.382323450347612,False,False
2602605,PE,Nordeste,59.7,0.3821552979273326,False,False
4219176,SC,Sul,67.2,0.38208873874424876,False,False
4108403,PR,Sul,84.44,0.3820444392753549,False,False
3159803,MG,Sudeste,65.51,0.381981256201047,False,False
4106902,PR,Sul,74.03,0.3819059019754431,False,False
3548708,SP,Sudeste,64.54,0.3817636163262033,False,False
2404002,RN,Nordeste,10.71,0.38165621775659175,False,False
3540408,SP,Sudeste,79.44,0.3816390086154113,False,False
3512605,SP,Sudeste,58.75,0.3811415599050273,False,False
3549300,SP,Sudeste,84.21,0.38091930587150974,False,False
4209458,SC,Sul,92.56,0.38081279263757045,False,False
3162807,MG,Sudeste,75.5,0.38079300744692424,False,False
3525904,SP,Sudeste,75.94,0.38078555470416253,False,False
4215802,SC,Sul,77.48,0.38074447723227856,False,False
2300150,CE,Nordeste,76.63,0.3806117585521694,False,False
3544400,SP,Sudeste,63.6,0.3805586478300172,False,False
3120805,MG,Sudeste,73.68,0.38038043699010304,False,False
3148608,MG,Sudeste,66.01,0.3802400802411729,False,False
2512309,PB,Nordeste,75.87,0.38007487487450115,False,False
4105805,PR,Sul,69.9,0.37987657608507724,False,False
2410405,RN,Nordeste,49.55,0.3795886301176681,False,False
2920403,BA,Nordeste,43.47,0.3791701161320965,False,False
3545159,SP,Sudeste,71.11,0.37883832006325413,False,False
2103752,MA,Nordeste,65.01,0.37836018277348443,False,False
4201802,SC,Sul,80.13,0.37814003836262555,False,False
2202737,PI,Nordeste,75.54,0.3780862283851629,False,False
3126752,MG,Sudeste,84.25,0.3779751967880772,False,False
3520608,SP,Sudeste,84.55,0.37797319898640275,False,False
3137700,MG,Sudeste,72.76,0.377914131436723,False,False
3534609,SP,Sudeste,65.38,0.37782645522020464,False,False
3555208,SP,Sudeste,80.0,0.37780811870113323,False,False
3151404,MG,Sudeste,75.82,0.3775276788650911,False,False
3103306,MG,Sudeste,76.22,0.3766385699750311,False,False
2209104,PI,Nordeste,77.87,0.3760056917097413,False,False
2203602,PI,Nordeste,77.56,0.37596629483597493,False,False
3532405,SP,Sudeste,61.19,0.3757138573573481,False,False
2310308,CE,Nordeste,79.56,0.3752498345191728,False,False
1720853,TO,Norte,76.26,0.37511932208539983,False,False
3555901,SP,Sudeste,81.25,0.3747679670550665,False,False
3166204,MG,Sudeste,81.58,0.37434224988378256,False,False
3132800,MG,Sudeste,76.47,0.37427940228078493,False,False
1302009,AM,Norte,39.16,0.3742544190739234,False,False
3147006,MG,Sudeste,68.57,0.37396513640512025,False,False
2114007,MA,Nordeste,81.33,0.37394804708815416,False,False
2207504,PI,Nordeste,49.9,0.3737891439705776,False,False
4209003,SC,Sul,69.62,0.3735133831118149,False,False
4104808,PR,Sul,84.2,0.37346979612208064,False,False
2400109,RN,Nordeste,54.07,0.3733435825917932,False,False
2202075,PI,Nordeste,77.36,0.37332702739548984,False,False
3516853,SP,Sudeste,64.56,0.3727872544669232,False,False
4115200,PR,Sul,84.71,0.37267712384490914,False,False
4207684,SC,Sul,86.79,0.37221548121086084,False,False
4103453,PR,Sul,82.68,0.3720728256674001,False,False
3526902,SP,Sudeste,70.75,0.37187399370812146,False,False
3124401,MG,Sudeste,61.66,0.37177534121860684,False,False
3533403,SP,Sudeste,63.43,0.37164220360638617,False,False
3532900,SP,Sudeste,60.73,0.37132864418065764,False,False
2515708,PB,Nordeste,42.63,0.37131390969149525,False,False
4215554,SC,Sul,91.18,0.3712364507277662,False,False
3132305,MG,Sudeste,62.57,0.3711067999455087,False,False
4217253,SC,Sul,92.0,0.37100139452519243,False,False
5103106,MT,Centro-Oeste,72.81,0.37096350372384285,False,False
2105989,MA,Nordeste,64.14,0.37096173515544134,False,False
4217154,SC,Sul,95.83,0.37083463475499895,False,False
2109700,MA,Nordeste,81.77,0.37061272925063715,False,False
1501709,PA,Norte,52.97,0.37029348265342127,False,False
3118106,MG,Sudeste,82.05,0.3699530775640142,False,False
3546108,SP,Sudeste,83.18,0.3697099956503896,False,False
2930501,BA,Nordeste,33.15,0.3695254050263387,False,False
2202117,PI,Nordeste,45.16,0.36927953448634887,False,False
4207577,SC,Sul,73.84,0.36917260134464674,False,False
3144508,MG,Sudeste,75.24,0.36898110315720123,False,False
3556206,SP,Sudeste,62.63,0.36871402408890147,False,False
3501004,SP,Sudeste,76.58,0.3684410317743659,False,False
4113700,PR,Sul,80.34,0.3684050068860667,False,False
3521408,SP,Sudeste,66.53,0.3678800553678203,False,False
3512803,SP,Sudeste,63.42,0.3678129427797764,False,False
4111803,PR,Sul,60.76,0.36736235039197346,False,False
4205605,SC,Sul,92.16,0.36734827391623903,False,False
3162302,MG,Sudeste,76.26,0.3672569940189918,False,False
4201273,SC,Sul,88.57,0.36725514833179046,False,False
2807006,SE,Nordeste,15.74,0.3671993362924274,False,False
5008404,MS,Centro-Oeste,62.91,0.3670338179494802,False,False
3159506,MG,Sudeste,79.29,0.36691560626685055,False,False
1503093,PA,Norte,53.86,0.36666254831402056,False,False
3157708,MG,Sudeste,65.31,0.36640941334588056,False,False
3515350,SP,Sudeste,78.11,0.3661188656525207,False,False
3148707,MG,Sudeste,60.22,0.36611681596817586,False,False
2205201,PI,Nordeste,77.21,0.3659430742407322,False,False
3552106,SP,Sudeste,62.74,0.3659372563334416,False,False
2507200,PB,Nordeste,33.42,0.36573746327260875,False,False
2919207,BA,Nordeste,38.9,0.36559051517906477,False,False
2507101,PB,Nordeste,71.27,0.3654163187073071,False,False
3143500,MG,Sudeste,68.34,0.3651284827326657,False,False
4216255,SC,Sul,93.06,0.365068062106314,False,False
4217105,SC,Sul,91.3,0.364732222304635,False,False
4214300,SC,Sul,80.9,0.36455297768806444,False,False
2608305,PE,Nordeste,63.27,0.3643247348389059,False,False
5003454,MS,Centro-Oeste,57.42,0.36418117504410674,False,False
2805000,SE,Nordeste,54.34,0.36372280274317037,False,False
4103370,PR,Sul,75.0,0.3634820479225284,False,False
3137106,MG,Sudeste,72.04,0.3630674419979535,False,False
1600154,AP,Norte,68.29,0.36304280305548514,False,False
3500204,SP,Sudeste,70.21,0.3625043522981874,False,False
3545803,SP,Sudeste,63.05,0.3620369599914884,False,False
2913408,BA,Nordeste,59.8,0.3619197837725916,False,False
2113009,MA,Nordeste,56.04,0.3614125636802402,False,False
2303204,CE,Nordeste,80.38,0.3612952219844967,False,False
2409100,RN,Nordeste,39.35,0.36106764526285506,False,False
2805802,SE,Nordeste,49.07,0.36082898950689496,False,False
2211308,PI,Nordeste,55.42,0.3605729045601347,False,False
3136579,MG,Sudeste,80.56,0.36055432153637534,False,False
3167905,MG,Sudeste,82.1,0.36030730950999335,False,False
3154101,MG,Sudeste,70.24,0.360268078477737,False,False
3120839,MG,Sudeste,67.85,0.36011984183727863,False,False
1506161,PA,Norte,51.37,0.3597639960204655,False,False
3534708,SP,Sudeste,62.4,0.35937316851495,False,False
2805406,SE,Nordeste,25.75,0.3588417913389674,False,False
3549102,SP,Sudeste,64.28,0.3586370318688729,False,False
4212106,SC,Sul,68.96,0.35817059524062356,False,False
3146404,MG,Sudeste,75.0,0.3581617314034827,False,False
4213153,SC,Sul,95.49,0.35809482392360414,False,False
3162559,MG,Sudeste,80.1,0.35772914663292293,False,False
4119202,PR,Sul,72.57,0.3576726898075047,False,False
3519709,SP,Sudeste,59.33,0.3576423810092302,False,False
3109204,MG,Sudeste,85.83,0.35758712021426764,False,False
2104503,MA,Nordeste,81.84,0.3571519108437536,False,False
2103307,MA,Nordeste,54.98,0.3571354331687004,False,False
2207306,PI,Nordeste,55.56,0.35696507196638844,False,False
2903953,BA,Nordeste,46.62,0.35681371319094085,False,False
4216107,SC,Sul,94.0,0.35679013311525987,False,False
4103222,PR,Sul,86.22,0.35670229324208563,False,False
3545209,SP,Sudeste,65.51,0.35648100107518255,False,False
3169059,MG,Sudeste,77.19,0.35640798187921247,False,False
4206108,SC,Sul,87.9,0.3562896935094572,False,False
4209409,SC,Sul,50.09,0.3562647048627476,False,False
3158201,MG,Sudeste,58.93,0.35611222832522266,False,False
2913705,BA,Nordeste,36.75,0.35604542763778796,False,False
4219002,SC,Sul,89.11,0.3559532378220482,False,False
5005202,MS,Centro-Oeste,35.3,0.35583485348785004,False,False
3137536,MG,Sudeste,75.58,0.355704033776829,False,False
5003207,MS,Centro-Oeste,48.51,0.35522517430762446,False,False
2406700,RN,Nordeste,43.78,0.35493037842968117,False,False
4100400,PR,Sul,60.18,0.3548283276167189,False,False
4106456,PR,Sul,80.56,0.3546656415732777,False,False
4214706,SC,Sul,86.57,0.3544814196248472,False,False
4207809,SC,Sul,84.69,0.35415755748245353,False,False
3516903,SP,Sudeste,69.65,0.35400036709540605,False,False
2925956,BA,Nordeste,53.26,0.353955854403068,False,False
4126207,PR,Sul,72.57,0.3539555621515872,False,False
3168507,MG,Sudeste,70.29,0.3537829929673425,False,False
2200905,PI,Nordeste,63.93,0.3536806479617032,False,False
3547304,SP,Sudeste,64.72,0.3536315214644117,False,False
4208955,SC,Sul,92.31,0.35361730950143605,False,False
3118403,MG,Sudeste,60.08,0.3535639166097957,False,False
2612000,PE,Nordeste,70.22,0.35348175276214716,False,False
2309706,CE,Nordeste,74.33,0.353242331306522,False,False
2604304,PE,Nordeste,57.27,0.35290344355842773,False,False
4100202,PR,Sul,63.6,0.3527575865540999,False,False
5004007,MS,Centro-Oeste,65.54,0.3527214250740932,False,False
3521903,SP,Sudeste,83.84,0.3527081589165114,False,False
3143609,MG,Sudeste,70.24,0.3525210545690325,False,False
5005681,MS,Centro-Oeste,76.71,0.35222857426296594,False,False
2409308,RN,Nordeste,46.28,0.3521306941630616,False,False
4207007,SC,Sul,81.53,0.3519125877897477,False,False
3162252,MG,Sudeste,59.19,0.3519026987932361,False,False
4109302,PR,Sul,81.48,0.35185253494185814,False,False
3154309,MG,Sudeste,71.38,0.35156101929664935,False,False
3161304,MG,Sudeste,69.42,0.35147003176522074,False,False
5105903,MT,Centro-Oeste,63.49,0.35109450209076953,False,False
2608800,PE,Nordeste,57.81,0.3507460192238966,False,False
3141504,MG,Sudeste,73.78,0.35049731614838264,False,False
3531209,SP,Sudeste,67.04,0.3504189495641835,False,False
4214151,SC,Sul,91.25,0.349990213896537,False,False
4214102,SC,Sul,96.65,0.3499603185977774,False,False
3148509,MG,Sudeste,83.28,0.3496292192806806,False,False
3541406,SP,Sudeste,65.99,0.34929896654279124,False,False
2801207,SE,Nordeste,32.15,0.3489627548413626,False,False
2207777,PI,Nordeste,75.19,0.34864355517019047,False,False
2504900,PB,Nordeste,62.89,0.34854742616441087,False,False
4213906,SC,Sul,89.29,0.34852359853635656,False,False
4217550,SC,Sul,92.68,0.3483144595799842,False,False
2609907,PE,Nordeste,44.75,0.3481325479492968,False,False
2927408,BA,Nordeste,50.32,0.34787325619729237,False,False
4207403,SC,Sul,85.61,0.34735493343871787,False,False
2110500,MA,Nordeste,87.83,0.3470703454758987,False,False
4219606,SC,Sul,84.85,0.34695845898795913,False,False
4200754,SC,Sul,58.33,0.3468861969282452,False,False
4210902,SC,Sul,91.15,0.3464003485597531,False,False
2918704,BA,Nordeste,71.27,0.34638053349451864,False,False
3501152,SP,Sudeste,62.81,0.34612216401887824,False,False
5105234,MT,Centro-Oeste,65.04,0.34611182283150316,False,False
3100302,MG,Sudeste,82.75,0.34608618243600436,False,False
4208401,SC,Sul,85.98,0.34606837307651245,False,False
2405801,RN,Nordeste,34.99,0.34604159367906845,False,False
4104659,PR,Sul,77.01,0.3458489878375198,False,False
4205431,SC,Sul,89.16,0.34581548391222267,False,False
3533908,SP,Sudeste,69.77,0.34570198864444335,False,False
3170438,MG,Sudeste,71.57,0.3451680409050399,False,False
4200804,SC,Sul,87.16,0.34492836442350794,False,False
3553500,SP,Sudeste,64.41,0.34479812861626885,False,False
4215604,SC,Sul,90.63,0.3447903565573175,False,False
2300101,CE,Nordeste,81.9,0.34402117962572554,False,False
4126108,PR,Sul,84.37,0.3439188294487821,False,False
4211801,SC,Sul,90.98,0.3439092478455334,False,False
2415008,RN,Nordeste,34.0,0.3434968407383073,False,False
4201901,SC,Sul,91.27,0.3434630341464121,False,False
3505302,SP,Sudeste,69.29,0.3434086135957074,False,False
3526704,SP,Sudeste,65.89,0.3433410083297769,False,False
3157203,MG,Sudeste,68.58,0.34317668624038167,False,False
3537909,SP,Sudeste,67.71,0.3429763046162438,False,False
2107506,MA,Nordeste,56.91,0.34292545156312576,False,False
2904100,BA,Nordeste,44.68,0.34289481030945734,False,False
3545704,SP,Sudeste,74.19,0.34287015738133253,False,False
5005806,MS,Centro-Oeste,57.51,0.34224934633511767,False,False
3304003,RJ,Sudeste,66.05,0.3421941113007558,False,False
1200807,AC,Norte,56.64,0.34195407936800526,False,False
2611309,PE,Nordeste,54.52,0.3418645513275489,False,False
4126256,PR,Sul,64.82,0.3417703737433725,False,False
3549904,SP,Sudeste,68.35,0.34114907190128596,False,False
4218855,SC,Sul,85.95,0.34114232553976953,False,False
3516200,SP,Sudeste,66.44,0.3411136918717491,False,False
3160306,MG,Sudeste,61.29,0.3410399619072342,False,False
3551702,SP,Sudeste,66.65,0.3408733482054355,False,False
3124708,MG,Sudeste,83.22,0.3404514689993999,False,False
3549250,SP,Sudeste,57.14,0.3403606729206398,False,False
5106109,MT,Centro-Oeste,71.36,0.340288209803826,False,False
3541307,SP,Sudeste,63.06,0.34014018776710664,False,False
3165537,MG,Sudeste,79.39,0.3398827130380806,False,False
4107603,PR,Sul,83.04,0.339828442927124,False,False
3536000,SP,Sudeste,80.42,0.3398087904059962,False,False
3108503,MG,Sudeste,82.0,0.3397894752115425,False,False
3162906,MG,Sudeste,61.24,0.3396659631966952,False,False
3165206,MG,Sudeste,80.69,0.3395685661351522,False,False
4215695,SC,Sul,81.25,0.3388614493826322,False,False
4207759,SC,Sul,84.09,0.33870265236135727,False,False
2104909,MA,Nordeste,82.45,0.33856047478729173,False,False
3128402,MG,Sudeste,82.24,0.3383819497050348,False,False
4217907,SC,Sul,93.82,0.3383259145399554,False,False
3112802,MG,Sudeste,78.94,0.33821498530656624,False,False
3527108,SP,Sudeste,79.91,0.3382096599894055,False,False
4212205,SC,Sul,75.52,0.33784512618966694,False,False
1600105,AP,Norte,44.46,0.3373292292340152,False,False
3510401,SP,Sudeste,75.11,0.3370397489328533,False,False
3120870,MG,Sudeste,63.84,0.3370067244457655,False,False
3517406,SP,Sudeste,67.96,0.3368280727932374,False,False
2604601,PE,Nordeste,53.69,0.3366278829305738,False,False
3100906,MG,Sudeste,60.0,0.3365427398582202,False,False
1721109,TO,Norte,51.98,0.3365179552517743,False,False
3100708,MG,Sudeste,84.23,0.33649942966644203,False,False
2704104,AL,Nordeste,51.97,0.33639588514585145,False,False
1710706,TO,Norte,43.34,0.33628872250651415,False,False
5007901,MS,Centro-Oeste,46.65,0.33617160034179977,False,False
3532157,SP,Sudeste,68.4,0.3360552842111984,False,False
4208500,SC,Sul,81.89,0.3359423681688295,False,False
4215075,SC,Sul,87.91,0.3358743187551549,False,False
2704302,AL,Nordeste,49.72,0.33577053591487405,False,False
3502408,SP,Sudeste,73.46,0.3350599121495428,False,False
3520301,SP,Sudeste,68.9,0.3350020949051059,False,False
4219200,SC,Sul,79.76,0.3344619727465791,False,False
3506102,SP,Sudeste,62.52,0.33411804430390446,False,False
3533809,SP,Sudeste,66.67,0.3337224017639277,False,False
4217402,SC,Sul,75.4,0.3329900256993053,False,False
3301306,RJ,Sudeste,64.18,0.3328792424536814,False,False
3532827,SP,Sudeste,59.01,0.3324556515947327,False,False
4125407,PR,Sul,83.0,0.332251831479442,False,False
4108502,PR,Sul,79.22,0.3322349192435873,False,False
2613107,PE,Nordeste,52.38,0.33169440520847343,False,False
4211454,SC,Sul,85.66,0.331669631544645,False,False
4210605,SC,Sul,79.91,0.33166095002423435,False,False
4201653,SC,Sul,85.76,0.33106548772381167,False,False
4125555,PR,Sul,84.62,0.33105396508503004,False,False
3300704,RJ,Sudeste,64.26,0.3309486763287865,False,False
4217808,SC,Sul,77.65,0.330427614083254,False,False
4211603,SC,Sul,77.9,0.33021452166284315,False,False
4211256,SC,Sul,95.65,0.33016507709941834,False,False
3169208,MG,Sudeste,70.0,0.3301564747998421,False,False
3546900,SP,Sudeste,76.57,0.32980421352033523,False,False
3557204,SP,Sudeste,51.07,0.329721990235399,False,False
4214508,SC,Sul,84.68,0.32946248219006935,False,False
3109253,MG,Sudeste,86.76,0.329221890463265,False,False
3530706,SP,Sudeste,64.06,0.3290468374793793,False,False
4204459,SC,Sul,96.77,0.32879359790419294,False,False
1100098,RO,Norte,81.85,0.3287661521757832,False,False
3501301,SP,Sudeste,69.2,0.328678903683841,False,False
3162450,MG,Sudeste,48.75,0.32859164192112145,False,False
3514908,SP,Sudeste,70.48,0.3284946889412303,False,False
4212700,SC,Sul,77.83,0.32844042162763826,False,False
3545407,SP,Sudeste,69.03,0.32806722445789577,False,False
3546504,SP,Sudeste,85.96,0.32775895466086696,False,False
4206751,SC,Sul,86.56,0.32774706003304377,False,False
3166808,MG,Sudeste,56.41,0.3276761760025296,False,False
3548807,SP,Sudeste,70.71,0.32750507378175747,False,False
3145406,MG,Sudeste,85.23,0.3274409648442464,False,False
3107703,MG,Sudeste,80.12,0.32707123065069854,False,False
3514957,SP,Sudeste,85.71,0.32669975061373663,False,False
3517109,SP,Sudeste,78.86,0.32659435120370334,False,False
3170909,MG,Sudeste,56.58,0.32654690109854917,False,False
3542305,SP,Sudeste,83.72,0.3264087842757635,False,False
4121257,PR,Sul,82.94,0.32634868435939485,False,False
3543105,SP,Sudeste,80.72,0.32631071553981245,False,False
4116000,PR,Sul,80.0,0.32586191778880946,False,False
2107803,MA,Nordeste,83.57,0.3257906002377561,False,False
3140852,MG,Sudeste,40.14,0.3250998557737382,False,False
4213005,SC,Sul,70.37,0.3241548986385902,False,False
3126950,MG,Sudeste,87.1,0.32401325531995867,False,False
3522406,SP,Sudeste,65.78,0.3237293385661928,False,False
2111748,MA,Nordeste,88.05,0.3234743147319239,False,False
3161502,MG,Sudeste,82.92,0.32342831078900347,False,False
3305208,RJ,Sudeste,65.84,0.32333754549957877,False,False
4119152,PR,Sul,70.27,0.32308458104096216,False,False
3165107,MG,Sudeste,70.49,0.32291061084187755,False,False
3149952,MG,Sudeste,48.31,0.3226943686403505,False,False
2204550,PI,Nordeste,63.01,0.32203798378439685,False,False
2104099,MA,Nordeste,83.98,0.3216599889169285,False,False
5101308,MT,Centro-Oeste,63.64,0.32107536075192916,False,False
3110202,MG,Sudeste,65.48,0.3207974944148078,False,False
4108304,PR,Sul,77.91,0.3206157866833912,False,False
2105922,MA,Nordeste,83.33,0.3205180243714915,False,False
3145851,MG,Sudeste,69.6,0.3204938834398252,False,False
2107258,MA,Nordeste,87.14,0.32008953669456447,False,False
3507605,SP,Sudeste,65.03,0.320044522203393,False,False
4115853,PR,Sul,87.56,0.31991769869154285,False,False
2505204,PB,Nordeste,42.35,0.31977604335967685,False,False
3121001,MG,Sudeste,84.84,0.3195308539583985,False,False
3167707,MG,Sudeste,69.75,0.3194555967917867,False,False
4216701,SC,Sul,87.28,0.319310699799722,False,False
1709807,TO,Norte,41.18,0.3192967928458063,False,False
3541208,SP,Sudeste,72.9,0.3192480519046483,False,False
3135076,MG,Sudeste,62.16,0.3191136974294957,False,False
2105708,MA,Nordeste,86.59,0.3190871270625449,False,False
3533502,SP,Sudeste,72.63,0.31894387282208025,False,False
4124053,PR,Sul,84.53,0.31892829670279493,False,False
2105427,MA,Nordeste,80.03,0.3188522632693359,False,False
4205191,SC,Sul,79.5,0.3187017684702057,False,False
4120655,PR,Sul,82.5,0.3184248306534737,False,False
3541505,SP,Sudeste,71.21,0.318363555989105,False,False
4100806,PR,Sul,68.46,0.31834839030183354,False,False
3145307,MG,Sudeste,78.72,0.3182265657668416,False,False
5100102,MT,Centro-Oeste,50.63,0.3180304851449199,False,False
3135407,MG,Sudeste,67.22,0.317966533967685,False,False
3153202,MG,Sudeste,86.09,0.31769547446021373,False,False
2105351,MA,Nordeste,90.95,0.3174539774676576,False,False
4204152,SC,Sul,93.47,0.31722392473996913,False,False
4123303,PR,Sul,83.27,0.3171507154251323,False,False
2913002,BA,Nordeste,66.39,0.3171304662497939,False,False
3126505,MG,Sudeste,86.67,0.3168872643834867,False,False
3117405,MG,Sudeste,86.99,0.31678075578225323,False,False
4218905,SC,Sul,73.7,0.3167350152623916,False,False
5209903,GO,Centro-Oeste,63.42,0.31670814952320175,False,False
3552700,SP,Sudeste,72.23,0.31660963351349886,False,False
3170800,MG,Sudeste,63.9,0.31622713115158463,False,False
3157336,MG,Sudeste,69.39,0.316197340775854,False,False
3305505,RJ,Sudeste,69.91,0.31584850434982037,False,False
4104006,PR,Sul,73.6,0.31543981698979245,False,False
3550902,SP,Sudeste,75.38,0.3154300925469185,False,False
3142205,MG,Sudeste,81.52,0.3146245283206502,False,False
3501103,SP,Sudeste,73.15,0.3139518023578029,False,False
3131208,MG,Sudeste,84.62,0.3139426345539664,False,False
4208609,SC,Sul,83.81,0.3139333575634365,False,False
5103403,MT,Centro-Oeste,61.32,0.31380167292038097,False,False
4117222,PR,Sul,90.0,0.3136553985126625,False,False
3530904,SP,Sudeste,68.26,0.3136203291358493,False,False
4202701,SC,Sul,81.38,0.3134290023323323,False,False
2910727,BA,Nordeste,48.05,0.3133276884380033,False,False
3517307,SP,Sudeste,89.57,0.3132999360505906,False,False
3538709,SP,Sudeste,67.18,0.31303205495037795,False,False
4219358,SC,Sul,80.89,0.312832292930776,False,False
3156601,MG,Sudeste,74.93,0.3126304478915263,False,False
3113602,MG,Sudeste,83.87,0.3125890381434507,False,False
1101476,RO,Norte,81.01,0.31245979178537686,False,False
3305604,RJ,Sudeste,63.3,0.31215886529664433,False,False
3160405,MG,Sudeste,79.4,0.3119448774961825,False,False
3142007,MG,Sudeste,66.99,0.31173840579497264,False,False
4211751,SC,Sul,67.82,0.3116305093622986,False,False
5107800,MT,Centro-Oeste,61.61,0.3114653147528764,False,False
3515186,SP,Sudeste,74.52,0.3111635108456393,False,False
3107307,MG,Sudeste,72.66,0.3111532101722196,False,False
1720978,TO,Norte,53.85,0.311122883017788,False,False
4101507,PR,Sul,79.69,0.3110464338904017,False,False
4217600,SC,Sul,81.82,0.3109590671243527,False,False
3162948,MG,Sudeste,82.89,0.3109377039952223,False,False
2106672,MA,Nordeste,90.68,0.31038608169902626,False,False
3506805,SP,Sudeste,53.57,0.31013502074506366,False,False
3156502,MG,Sudeste,84.18,0.31011705095733544,False,False
3113909,MG,Sudeste,70.34,0.31009057295594816,False,False
3302056,RJ,Sudeste,64.84,0.31002750516904226,False,False
4218400,SC,Sul,80.52,0.3099324093429317,False,False
3549508,SP,Sudeste,66.02,0.3098849036128848,False,False
3170305,MG,Sudeste,70.0,0.3095871115182161,False,False
3205002,ES,Sudeste,64.16,0.30867240767807086,False,False
3550407,SP,Sudeste,64.97,0.30850287309133256,False,False
3151305,MG,Sudeste,77.05,0.3083741262655038,False,False
4203501,SC,Sul,88.86,0.3081009298274868,False,False
3303401,RJ,Sudeste,71.71,0.3078141718142208,False,False
3548104,SP,Sudeste,79.69,0.30780819784772817,False,False
3102803,MG,Sudeste,67.4,0.3077896819621724,False,False
4207858,SC,Sul,90.0,0.3075559435108262,False,False
3532504,SP,Sudeste,87.08,0.3073037673992234,False,False
4212304,SC,Sul,75.03,0.3069435534637204,False,False
3518305,SP,Sudeste,76.27,0.306868480743247,False,False
2210805,PI,Nordeste,80.44,0.3068068457041944,False,False
4213203,SC,Sul,78.75,0.3065661781047824,False,False
3142502,MG,Sudeste,85.71,0.3060974767274657,False,False
2919108,BA,Nordeste,32.23,0.3057031728482474,False,False
3159902,MG,Sudeste,85.12,0.3055363782315646,False,False
4210209,SC,Sul,83.43,0.3054584633250402,False,False
3131406,MG,Sudeste,79.59,0.3052363046068221,False,False
3130309,MG,Sudeste,81.83,0.30505493948663004,False,False
3531407,SP,Sudeste,81.89,0.3050429447547881,False,False
5207907,GO,Centro-Oeste,61.02,0.3050019230043201,False,False
3510005,SP,Sudeste,81.57,0.30498486765179633,False,False
2100956,MA,Nordeste,82.37,0.3048711124875114,False,False
3126901,MG,Sudeste,56.84,0.30482954121314215,False,False
3539004,SP,Sudeste,86.19,0.30481667197118845,False,False
3158904,MG,Sudeste,73.05,0.3046639848724774,False,False
3522000,SP,Sudeste,65.74,0.30459208480483535,False,False
3515194,SP,Sudeste,68.68,0.30445817924393165,False,False
2514503,PB,Nordeste,43.03,0.30417516272897843,False,False
3513801,SP,Sudeste,57.22,0.30417359723496096,False,False
2102002,MA,Nordeste,88.39,0.30414375847000447,False,False
3505906,SP,Sudeste,72.94,0.3040710064285416,False,False
2803500,SE,Nordeste,45.77,0.30396078695007556,False,False
4204103,SC,Sul,78.9,0.3039174808660922,False,False
4215356,SC,Sul,94.5,0.30370855286939946,False,False
3305802,RJ,Sudeste,68.08,0.3031213102354674,False,False
2509008,PB,Nordeste,87.54,0.30310871712340903,False,False
4214003,SC,Sul,81.57,0.3030846949612872,False,False
2208908,PI,Nordeste,80.17,0.3030826370251539,False,False
2202901,PI,Nordeste,53.42,0.302984003935258,False,False
3157906,MG,Sudeste,74.74,0.30295111549153453,False,False
3104106,MG,Sudeste,85.32,0.30286482393173525,False,False
4216503,SC,Sul,51.18,0.3027909787892868,False,False
2917508,BA,Nordeste,40.65,0.3024657756265718,False,False
3502101,SP,Sudeste,68.85,0.3023832622358818,False,False
4107009,PR,Sul,84.43,0.3023166470624899,False,False
3549706,SP,Sudeste,68.0,0.30227211657882763,False,False
4202156,SC,Sul,97.49,0.3022503411469103,False,False
4120853,PR,Sul,98.65,0.3020753782379337,False,False
4207502,SC,Sul,70.89,0.30200921209641074,False,False
3123528,MG,Sudeste,85.97,0.30165504790739367,False,False
3115508,MG,Sudeste,79.21,0.30159516838169337,False,False
2105807,MA,Nordeste,82.24,0.3013324901793545,False,False
3528106,SP,Sudeste,85.83,0.30132377377474906,False,False
3136504,MG,Sudeste,87.5,0.3012694302581393,False,False
3155504,MG,Sudeste,80.09,0.30094327184226494,False,False
4217204,SC,Sul,79.83,0.30093124229731877,False,False
4121604,PR,Sul,74.89,0.30088328174141676,False,False
4125308,PR,Sul,95.06,0.30078852295047775,False,False
5001003,MS,Centro-Oeste,52.99,0.30031456816122043,False,False
4125506,PR,Sul,74.09,0.3003019969631101,False,False
4211058,SC,Sul,73.15,0.30028070096352627,False,False
4216354,SC,Sul,80.08,0.29970941275134494,False,False
2511806,PB,Nordeste,45.43,0.2995213399724513,False,False
4120309,PR,Sul,90.32,0.2993026260159024,False,False
4101804,PR,Sul,75.91,0.29920852193440145,False,False
3167202,MG,Sudeste,61.66,0.2991536576573149,False,False
3519402,SP,Sudeste,77.53,0.29848311143404954,False,False
3101508,MG,Sudeste,56.23,0.29846005334267517,False,False
3130408,MG,Sudeste,77.92,0.2977498052459629,False,False
4202206,SC,Sul,77.0,0.29754376829537876,False,False
3304755,RJ,Sudeste,57.64,0.2973568901370541,False,False
4104204,PR,Sul,77.25,0.2971583012478997,False,False
2802205,SE,Nordeste,40.95,0.2969091526130209,False,False
3138401,MG,Sudeste,61.49,0.29677778009355305,False,False
4219507,SC,Sul,77.71,0.29673838186450413,False,False
3171154,MG,Sudeste,60.42,0.29669649368794215,False,False
3133907,MG,Sudeste,82.35,0.29610296410395975,False,False
3168804,MG,Sudeste,70.2,0.2958594163225882,False,False
3111150,MG,Sudeste,86.94,0.29584643417771705,False,False
3551900,SP,Sudeste,59.12,0.2951680411770081,False,False
3520905,SP,Sudeste,69.4,0.2950999567996197,False,False
2513968,PB,Nordeste,86.21,0.2950032192589909,False,False
1302108,AM,Norte,79.79,0.2947067969165543,False,False
4101705,PR,Sul,77.67,0.2945352933154368,False,False
4202537,SC,Sul,83.79,0.29433761512932166,False,False
2301901,CE,Nordeste,82.81,0.2943166137092524,False,False
2303600,CE,Nordeste,82.13,0.29416633602968323,False,False
2913606,BA,Nordeste,44.91,0.293559963154927,False,False
3536505,SP,Sudeste,67.61,0.29352101102736633,False,False
4116208,PR,Sul,73.24,0.2934611051072534,False,False
4207700,SC,Sul,76.39,0.293127777150944,False,False
4207908,SC,Sul,84.51,0.29310769347178856,False,False
4118006,PR,Sul,77.92,0.2928444139520032,False,False
5000252,MS,Centro-Oeste,78.44,0.29277764624845093,False,False
3110004,MG,Sudeste,67.04,0.29271616430529224,False,False
3538006,SP,Sudeste,72.57,0.2926225844794754,False,False
2933505,BA,Nordeste,50.2,0.2925705584752671,False,False
3161601,MG,Sudeste,73.37,0.2923737747409389,False,False
2105658,MA,Nordeste,93.48,0.29230905197795576,False,False
4105508,PR,Sul,85.94,0.29198813832132314,False,False
3526605,SP,Sudeste,68.32,0.2919755034920117,False,False
4106407,PR,Sul,83.83,0.29195254996000336,False,False
2100709,MA,Nordeste,82.89,0.29174782700531965,False,False
2111722,MA,Nordeste,91.46,0.29173470849319083,False,False
3529906,SP,Sudeste,61.68,0.29171486188827633,False,False
3119708,MG,Sudeste,78.52,0.29146279518688256,False,False
4119509,PR,Sul,68.01,0.29134672228569414,False,False
3553955,SP,Sudeste,87.68,0.291117899583033,False,False
1303007,AM,Norte,71.99,0.29107732463098546,False,False
3536802,SP,Sudeste,59.61,0.29098955138203497,False,False
4209706,SC,Sul,55.07,0.29065766388126046,False,False
4204004,SC,Sul,80.06,0.2904880483458658,False,False
2501203,PB,Nordeste,82.27,0.2904785315913225,False,False
3508702,SP,Sudeste,78.01,0.2903470765112215,False,False
3141306,MG,Sudeste,86.11,0.29007398632266734,False,False
2803203,SE,Nordeste,37.6,0.2900192537340547,False,False
4215653,SC,Sul,68.89,0.28988590800838726,False,False
3503802,SP,Sudeste,69.18,0.28969711300285944,False,False
4212056,SC,Sul,86.67,0.28966264329725083,False,False
2313302,CE,Nordeste,80.69,0.28939767608327915,False,False
3163300,MG,Sudeste,58.97,0.28937510364797914,False,False
5204201,GO,Centro-Oeste,63.64,0.2893559397761522,False,False
3547908,SP,Sudeste,66.29,0.2893028793234177,False,False
2802106,SE,Nordeste,45.2,0.2892937705688018,False,False
3108602,MG,Sudeste,83.96,0.28928840400451505,False,False
3144904,MG,Sudeste,88.32,0.2891721193980105,False,False
5213509,GO,Centro-Oeste,70.54,0.2890322414466362,False,False
2100873,MA,Nordeste,92.19,0.28895180682263505,False,False
4107850,PR,Sul,84.02,0.2889097214990654,False,False
2105104,MA,Nordeste,72.05,0.2888553231740084,False,False
2516003,PB,Nordeste,83.17,0.288792489110052,False,False
1718865,TO,Norte,27.63,0.2884222347447154,False,False
3523305,SP,Sudeste,74.85,0.28841428907239913,False,False
3542800,SP,Sudeste,72.19,0.28824614937929915,False,False
3153400,MG,Sudeste,73.84,0.2881146747996429,False,False
3171105,MG,Sudeste,82.7,0.2879475640550302,False,False
3502705,SP,Sudeste,79.25,0.2879270267182465,False,False
2929354,BA,Nordeste,41.29,0.28764645761687363,False,False
2110609,MA,Nordeste,85.86,0.28761310068941964,False,False
3505203,SP,Sudeste,76.3,0.2875955969438307,False,False
4211207,SC,Sul,77.71,0.2868210881533002,False,False
3501509,SP,Sudeste,85.88,0.28644041872261833,False,False
4118451,PR,Sul,98.76,0.28641657513808677,False,False
3536307,SP,Sudeste,65.89,0.2861353540212574,False,False
4103354,PR,Sul,82.86,0.28603138683966334,False,False
3142809,MG,Sudeste,66.47,0.2855156262637949,False,False
4214201,SC,Sul,76.54,0.2854214721271454,False,False
3139300,MG,Sudeste,31.37,0.2853028405794951,False,False
3541703,SP,Sudeste,77.3,0.28510477372607584,False,False
5103809,MT,Centro-Oeste,81.15,0.2848320700328634,False,False
4215000,SC,Sul,71.68,0.284670714909973,False,False
2207553,PI,Nordeste,87.57,0.2843701019202838,False,False
3112703,MG,Sudeste,70.33,0.28410974870799477,False,False
3300233,RJ,Sudeste,73.38,0.28407801904026786,False,False
3537503,SP,Sudeste,65.45,0.2838463309469257,False,False
3120151,MG,Sudeste,42.86,0.28370685003205875,False,False
2800506,SE,Nordeste,37.94,0.2832340762818923,False,False
3557303,SP,Sudeste,62.29,0.28314015261179554,False,False
4200556,SC,Sul,75.68,0.2829102711174601,False,False
3537206,SP,Sudeste,55.23,0.28267606927006983,False,False
3552601,SP,Sudeste,87.83,0.2825987003488075,False,False
4121109,PR,Sul,79.17,0.28246192254568325,False,False
3553203,SP,Sudeste,79.79,0.2822688220599092,False,False
3142601,MG,Sudeste,66.96,0.28212935056597993,False,False
4114609,PR,Sul,82.9,0.2817371275947869,False,False
3535309,SP,Sudeste,65.5,0.28161734242289627,False,False
2203453,PI,Nordeste,82.37,0.28097108875242693,False,False
2207793,PI,Nordeste,90.91,0.2809572847556607,False,False
3133303,MG,Sudeste,62.9,0.2809236623365835,False,False
3502200,SP,Sudeste,64.6,0.28056017056227595,False,False
2928604,BA,Nordeste,53.68,0.2804445337989019,False,False
3535002,SP,Sudeste,73.93,0.2803709208199938,False,False
2211506,PI,Nordeste,86.35,0.2801303950300094,False,False
3505807,SP,Sudeste,69.26,0.28006662592877407,False,False
3108206,MG,Sudeste,67.37,0.2800494380842336,False,False
5107156,MT,Centro-Oeste,61.54,0.2798882197428371,False,False
4102307,PR,Sul,82.56,0.27985964349089604,False,False
3548302,SP,Sudeste,89.94,0.27984954934071676,False,False
4126504,PR,Sul,71.2,0.27899426460013504,False,False
2110104,MA,Nordeste,94.64,0.27866125988075663,False,False
2705903,AL,Nordeste,87.89,0.2782844330740586,False,False
3301405,RJ,Sudeste,62.34,0.27819692049425,False,False
2923803,BA,Nordeste,59.75,0.27819478257195834,False,False
5006259,MS,Centro-Oeste,51.42,0.27793914982937323,False,False
4209151,SC,Sul,59.24,0.27777810618751575,False,False
3121209,MG,Sudeste,71.33,0.2775478033200465,False,False
1505205,PA,Norte,35.58,0.2774793992643049,False,False
2914703,BA,Nordeste,51.85,0.27732774812297495,False,False
3300407,RJ,Sudeste,68.24,0.2772476371735813,False,False
3137007,MG,Sudeste,40.81,0.2770073942199878,False,False
3115300,MG,Sudeste,51.37,0.27695528991314494,False,False
3304524,RJ,Sudeste,73.07,0.2768105193081371,False,False
3542206,SP,Sudeste,74.86,0.2765740125800839,False,False
3157252,MG,Sudeste,74.13,0.27657255014363585,False,False
3167608,MG,Sudeste,72.05,0.27654454822442126,False,False
3526209,SP,Sudeste,71.26,0.2764831093570368,False,False
3506508,SP,Sudeste,83.37,0.2764390007126132,False,False
5104542,MT,Centro-Oeste,82.62,0.27621153458730563,False,False
2925402,BA,Nordeste,39.88,0.2760093472874615,False,False
3505351,SP,Sudeste,78.61,0.2758857296764456,False,False
2100105,MA,Nordeste,83.87,0.27545761398461543,False,False
3508801,SP,Sudeste,80.31,0.27537279940222825,False,False
4202602,SC,Sul,60.03,0.27524887325417485,False,False
3509304,SP,Sudeste,74.92,0.2752437320713383,False,False
3528908,SP,Sudeste,68.18,0.2750141178936323,False,False
3305133,RJ,Sudeste,79.79,0.2747795508937528,False,False
5003108,MS,Centro-Oeste,55.6,0.2747693115811555,False,False
3511508,SP,Sudeste,74.32,0.27471173266765,False,False
3138674,MG,Sudeste,70.49,0.2746309027566196,False,False
2802908,SE,Nordeste,41.89,0.27390063558304045,False,False
3548005,SP,Sudeste,70.98,0.2737691590630002,False,False
2306900,CE,Nordeste,82.34,0.2737147028664862,False,False
2108900,MA,Nordeste,84.2,0.2736092680264923,False,False
3514403,SP,Sudeste,73.96,0.27340462253063397,False,False
1504752,PA,Norte,64.4,0.2732699660562445,False,False
3509957,SP,Sudeste,67.79,0.27273498355438214,False,False
3136900,MG,Sudeste,84.63,0.27240172720071837,False,False
3157104,MG,Sudeste,48.56,0.2721787797748032,False,False
4121406,PR,Sul,90.75,0.2721026708844609,False,False
3102100,MG,Sudeste,87.95,0.2720707652785364,False,False
3510203,SP,Sudeste,74.28,0.2720336446101859,False,False
2903706,BA,Nordeste,52.83,0.27194225355553686,False,False
3522901,SP,Sudeste,55.24,0.27176841958160064,False,False
3113305,MG,Sudeste,61.47,0.27170314203623125,False,False
4123501,PR,Sul,85.67,0.2715340518632394,False,False
3523008,SP,Sudeste,64.54,0.2714495039440246,False,False
3524204,SP,Sudeste,88.54,0.271376502378128,False,False
3534203,SP,Sudeste,65.13,0.2709217064155958,False,False
3107901,MG,Sudeste,66.1,0.27086636571984857,False,False
4103024,PR,Sul,88.89,0.27083616499832114,False,False
2924603,BA,Nordeste,45.32,0.27063666288054006,False,False
3538501,SP,Sudeste,79.49,0.2702616563877018,False,False
3520442,SP,Sudeste,80.03,0.2701119226122367,False,False
3502507,SP,Sudeste,60.23,0.2699027947299274,False,False
1508308,PA,Norte,50.84,0.26978051958225724,False,False
3124203,MG,Sudeste,74.56,0.26957833466725084,False,False
2104305,MA,Nordeste,92.31,0.26945663903224076,False,False
3542107,SP,Sudeste,89.73,0.2693961714964833,False,False
3116704,MG,Sudeste,71.44,0.26922555735645837,False,False
2106003,MA,Nordeste,84.9,0.2690004806249685,False,False
3504305,SP,Sudeste,82.57,0.26899006358954164,False,False
3122306,MG,Sudeste,71.87,0.2687592730195592,False,False
4107801,PR,Sul,82.84,0.2686166615010261,False,False
4104600,PR,Sul,86.69,0.26842322170470223,False,False
1502509,PA,Norte,57.97,0.26840679671161544,False,False
4107405,PR,Sul,88.76,0.26831061936963857,False,False
3165552,MG,Sudeste,60.0,0.26829413129429097,False,False
4103701,PR,Sul,88.5,0.2682581172885407,False,False
2801504,SE,Nordeste,38.74,0.2679782239975373,False,False
3152808,MG,Sudeste,63.8,0.26782808493303034,False,False
2910057,BA,Nordeste,45.59,0.267487841802235,False,False
2105963,MA,Nordeste,91.69,0.26722126300537885,False,False
3537107,SP,Sudeste,89.22,0.26704211410671497,False,False
2514206,PB,Nordeste,92.74,0.26672756344031695,False,False
4117008,PR,Sul,100.0,0.26665008356402375,False,False
4212270,SC,Sul,89.74,0.26660080507140604,False,False
3145455,MG,Sudeste,74.79,0.26649310766414647,False,False
1300201,AM,Norte,63.81,0.26626429894724524,False,False
3544251,SP,Sudeste,76.83,0.2661842278751515,False,False
4202503,SC,Sul,80.08,0.2660245977793095,False,False
4106704,PR,Sul,75.49,0.2658064022471382,False,False
4202073,SC,Sul,63.82,0.2657490294304098,False,False
2910206,BA,Nordeste,80.78,0.2656912380198384,False,False
3517208,SP,Sudeste,70.48,0.26553287426787253,False,False
4120150,PR,Sul,87.37,0.265452616733938,False,False
3501608,SP,Sudeste,72.52,0.26518030728482345,False,False
2105203,MA,Nordeste,89.25,0.2650268174774298,False,False
3536703,SP,Sudeste,57.52,0.2649216793551104,False,False
3513702,SP,Sudeste,70.96,0.26481819826385816,False,False
2931400,BA,Nordeste,52.33,0.2639755909628438,False,False
4122404,PR,Sul,80.13,0.26390305630914535,False,False
2932101,BA,Nordeste,55.1,0.2636285988279844,False,False
4127882,PR,Sul,70.22,0.26305478633257556,False,False
3168200,MG,Sudeste,66.67,0.262992046101604,False,False
4126900,PR,Sul,98.03,0.2629592435648736,False,False
4128005,PR,Sul,86.82,0.26269384130329865,False,False
4107546,PR,Sul,76.95,0.26268917359742733,False,False
2904852,BA,Nordeste,40.81,0.26254348546350686,False,False
3170404,MG,Sudeste,66.44,0.2624953431721369,False,False
3120409,MG,Sudeste,81.96,0.26241744286538754,False,False
1303957,AM,Norte,61.82,0.2623899513717845,False,False
3123304,MG,Sudeste,85.76,0.26236173042469546,False,False
3500402,SP,Sudeste,77.9,0.2623510726421508,False,False
1700350,TO,Norte,85.87,0.2618261468725197,False,False
3306156,RJ,Sudeste,87.7,0.2618067284826426,False,False
3541901,SP,Sudeste,77.8,0.2617152615721156,False,False
3507456,SP,Sudeste,75.01,0.2615679089537477,False,False
4210308,SC,Sul,84.93,0.26134143272626825,False,False
4117057,PR,Sul,83.28,0.26133172489224915,False,False
4118402,PR,Sul,86.9,0.2612707825315337,False,False
1504000,PA,Norte,61.26,0.26117498119982263,False,False
4121505,PR,Sul,89.63,0.26115715845019116,False,False
2106409,MA,Nordeste,73.6,0.2611054634288768,False,False
3100401,MG,Sudeste,89.17,0.2610247284135607,False,False
3539509,SP,Sudeste,72.39,0.2609717833904547,False,False
3170529,MG,Sudeste,56.86,0.26095041539774166,False,False
3531001,SP,Sudeste,86.17,0.2608769097233791,False,False
3504206,SP,Sudeste,79.23,0.26086382770645217,False,False
3149903,MG,Sudeste,75.77,0.26083647644201186,False,False
3152170,MG,Sudeste,78.64,0.26077892656559215,False,False
3554607,SP,Sudeste,60.0,0.26072021437098114,False,False
3154606,MG,Sudeste,57.77,0.26048963036117323,False,False
2508703,PB,Nordeste,74.19,0.26046411132149005,False,False
2106607,MA,Nordeste,76.3,0.2604375464210442,False,False
3161007,MG,Sudeste,76.01,0.2602947696158487,False,False
3136959,MG,Sudeste,53.16,0.26005604170171653,False,False
4109757,PR,Sul,83.17,0.2598767569629588,False,False
2103505,MA,Nordeste,66.2,0.25982644754717665,False,False
3144672,MG,Sudeste,62.32,0.25975185894281966,False,False
4119905,PR,Sul,82.7,0.2596524570320055,False,False
1301951,AM,Norte,87.61,0.2595062177095584,False,False
3150570,MG,Sudeste,60.15,0.2595017054713302,False,False
3534104,SP,Sudeste,79.29,0.2593251753331396,False,False
4122701,PR,Sul,99.13,0.25931613165359946,False,False
3527405,SP,Sudeste,78.28,0.2592777572255471,False,False
2516508,PB,Nordeste,83.73,0.2586774196675217,False,False
3123205,MG,Sudeste,71.22,0.25857416299990155,False,False
3547403,SP,Sudeste,78.95,0.25830257098197795,False,False
4204178,SC,Sul,46.39,0.2582353020604869,False,False
2804003,SE,Nordeste,36.38,0.25804868614325843,False,False
4100707,PR,Sul,78.02,0.2580186204771298,False,False
3500105,SP,Sudeste,82.63,0.2577693708248046,False,False
4205209,SC,Sul,71.45,0.2576979590852111,False,False
3533007,SP,Sudeste,72.36,0.2575446600084024,False,False
4205456,SC,Sul,73.15,0.2574493272438205,False,False
3136207,MG,Sudeste,69.78,0.2574408375378437,False,False
3528700,SP,Sudeste,82.86,0.2574150199824795,False,False
1600238,AP,Norte,82.25,0.25733545677541214,False,False
4118709,PR,Sul,95.91,0.2570827398809092,False,False
3136702,MG,Sudeste,56.5,0.2568229887271419,False,False
4126355,PR,Sul,96.67,0.2566498919733639,False,False
2510105,PB,Nordeste,71.25,0.2566094199293275,False,False
3520509,SP,Sudeste,71.98,0.2565916089567566,False,False
3534302,SP,Sudeste,63.0,0.25657066912730714,False,False
4128708,PR,Sul,79.57,0.25649554340674535,False,False
3110103,MG,Sudeste,61.76,0.2564895289846184,False,False
3529500,SP,Sudeste,79.15,0.2563727863402863,False,False
2903904,BA,Nordeste,43.63,0.25632050747574114,False,False
3510906,SP,Sudeste,78.36,0.25608735467130866,False,False
3539608,SP,Sudeste,84.91,0.25596561673466295,False,False
4208708,SC,Sul,76.27,0.25574474082675425,False,False
5100359,MT,Centro-Oeste,82.38,0.25561460011023046,False,False
3300258,RJ,Sudeste,63.35,0.2552577211006821,False,False
2301208,CE,Nordeste,82.89,0.2552401830235122,False,False
4117404,PR,Sul,91.56,0.2550769422665428,False,False
2203230,PI,Nordeste,93.63,0.25506584443802144,False,False
3162955,MG,Sudeste,71.27,0.2549708940881779,False,False
3539400,SP,Sudeste,64.22,0.25488187712126553,False,False
1507607,PA,Norte,52.32,0.2548580469271085,False,False
2305506,CE,Nordeste,65.46,0.254727312051282,False,False
3300951,RJ,Sudeste,61.46,0.25458896111726687,False,False
2512788,PB,Nordeste,90.91,0.25439494554744346,False,False
2109205,MA,Nordeste,50.29,0.2542822945482261,False,False
5201801,GO,Centro-Oeste,58.01,0.2539396640830453,False,False
3529005,SP,Sudeste,72.39,0.25392827613154584,False,False
1506302,PA,Norte,61.88,0.2538502337650071,False,False
1506906,PA,Norte,61.8,0.25377653942889816,False,False
4205001,SC,Sul,81.28,0.2537634300802424,False,False
3162203,MG,Sudeste,87.34,0.25357085073258356,False,False
3515400,SP,Sudeste,77.27,0.2534144635517076,False,False
3503406,SP,Sudeste,88.19,0.2533393966233237,False,False
4102000,PR,Sul,86.35,0.25316129715657887,False,False
4120507,PR,Sul,61.47,0.2531488408770129,False,False
2410108,RN,Nordeste,25.23,0.2531431674737017,False,False
3544806,SP,Sudeste,82.94,0.2531281156484288,False,False
1101104,RO,Norte,85.43,0.2530208495440623,False,False
2929008,BA,Nordeste,45.0,0.2526829032890449,False,False
3140407,MG,Sudeste,85.5,0.2525459157912093,False,False
3128600,MG,Sudeste,68.44,0.25243857607370745,False,False
5205307,GO,Centro-Oeste,58.69,0.25225931924347605,False,False
2302008,CE,Nordeste,74.63,0.25225403994910894,False,False
2202729,PI,Nordeste,95.45,0.252107581035337,False,False
3541802,SP,Sudeste,87.45,0.25185509670116585,False,False
4117503,PR,Sul,76.57,0.251796437229793,False,False
5101001,MT,Centro-Oeste,81.72,0.25147389177262386,False,False
2112852,MA,Nordeste,93.91,0.25135544917232583,False,False
3109105,MG,Sudeste,69.34,0.251029205637266,False,False
4111209,PR,Sul,83.31,0.2509472012770967,False,False
3505104,SP,Sudeste,84.04,0.2509397254414258,False,False
3507803,SP,Sudeste,69.93,0.250731215997747,False,False
3103405,MG,Sudeste,57.31,0.2507211881995875,False,False
3130200,MG,Sudeste,74.85,0.2506258883361447,False,False
3111309,MG,Sudeste,73.07,0.2506159875235997,False,False
2109502,MA,Nordeste,58.5,0.2505944792722417,False,False
4107207,PR,Sul,95.9,0.2504388754863983,False,False
3510104,SP,Sudeste,84.06,0.25024062360531657,False,False
3513850,SP,Sudeste,63.64,0.2501931662436859,False,False
3514700,SP,Sudeste,91.66,0.2501625964640932,False,False
2500601,PB,Nordeste,66.06,0.2500775503926499,False,False
2504504,PB,Nordeste,64.95,0.25001087497284935,False,False
2109239,MA,Nordeste,88.77,0.24998584022508907,False,False
2903300,BA,Nordeste,50.32,0.2499851250487176,False,False
3140159,MG,Sudeste,73.04,0.24994161881452812,False,False
3506409,SP,Sudeste,83.12,0.2498303200586915,False,False
3170503,MG,Sudeste,58.54,0.2498229096488576,False,False
2509800,PB,Nordeste,64.58,0.24977714207097232,False,False
2616183,PE,Nordeste,87.33,0.24975207207133357,False,False
2201945,PI,Nordeste,94.15,0.24959305817521804,False,False
4207205,SC,Sul,63.53,0.24923144192434957,False,False
3557105,SP,Sudeste,67.01,0.2491168826059349,False,False
4128401,PR,Sul,84.77,0.24907114439628805,False,False
4119806,PR,Sul,92.88,0.24897437154072877,False,False
4211108,SC,Sul,60.91,0.24882931449018797,False,False
2311900,CE,Nordeste,81.29,0.24849023711749632,False,False
4113205,PR,Sul,85.11,0.24847168769026462,False,False
3528205,SP,Sudeste,93.62,0.2482860095235841,False,False
2405900,RN,Nordeste,58.62,0.24819166216966848,False,False
4128203,PR,Sul,81.75,0.24811417606367306,False,False
3513108,SP,Sudeste,69.73,0.2480236827692039,False,False
2901353,BA,Nordeste,46.01,0.24783362530994865,False,False
4117297,PR,Sul,100.0,0.247823104311003,False,False
4125100,PR,Sul,86.63,0.2477043508798947,False,False
3511201,SP,Sudeste,70.59,0.247555571856066,False,False
3203320,ES,Sudeste,77.41,0.247474765600722,False,False
4116703,PR,Sul,94.45,0.24743306896811684,False,False
3114006,MG,Sudeste,86.37,0.24738715080321588,False,False
2200053,PI,Nordeste,93.22,0.24721508496036065,False,False
4123006,PR,Sul,90.49,0.24703817480483697,False,False
3520806,SP,Sudeste,93.75,0.24699251927845503,False,False
4124202,PR,Sul,84.92,0.24692282162203275,False,False
2903409,BA,Nordeste,46.23,0.2469051826718543,False,False
1501907,PA,Norte,64.48,0.24679362431594443,False,False
3129657,MG,Sudeste,73.17,0.2467897597329033,False,False
3536901,SP,Sudeste,83.33,0.24674023958552121,False,False
3157278,MG,Sudeste,53.89,0.24635415552892648,False,False
3535804,SP,Sudeste,64.11,0.24618776579417637,False,False
4102505,PR,Sul,85.04,0.24591422439458735,False,False
4119004,PR,Sul,97.22,0.24568230811361302,False,False
3504602,SP,Sudeste,73.08,0.24554653437617097,False,False
3165578,MG,Sudeste,80.75,0.24549854896095505,False,False
2102077,MA,Nordeste,91.84,0.24534147750281585,False,False
3163201,MG,Sudeste,85.35,0.24530839067597043,False,False
3548609,SP,Sudeste,77.34,0.24519552391972027,False,False
2101004,MA,Nordeste,71.41,0.24513131765911056,False,False
3102050,MG,Sudeste,88.39,0.24510187246979503,False,False
3158409,MG,Sudeste,88.24,0.2448220008659739,False,False
4117255,PR,Sul,92.61,0.24459324450107625,False,False
4109807,PR,Sul,79.41,0.24456729348610082,False,False
3113701,MG,Sudeste,68.08,0.24437063810550252,False,False
3139102,MG,Sudeste,67.85,0.24425191123594472,False,False
3109451,MG,Sudeste,42.07,0.2441761274177358,False,False
3511904,SP,Sudeste,70.95,0.24416404708668124,False,False
2409704,RN,Nordeste,36.69,0.24412100756494093,False,False
3133105,MG,Sudeste,71.12,0.24406122141291797,False,False
3166709,MG,Sudeste,54.4,0.24386036931916966,False,False
2907202,BA,Nordeste,23.93,0.2436184376362329,False,False
3512704,SP,Sudeste,63.36,0.24352884259731666,False,False
2101350,MA,Nordeste,90.91,0.24314331246513182,False,False
3523404,SP,Sudeste,78.03,0.24306358209447368,False,False
1508050,PA,Norte,75.74,0.24301278389224795,False,False
4116505,PR,Sul,55.56,0.2428210184385068,False,False
3109501,MG,Sudeste,74.07,0.24276386573603143,False,False
4114351,PR,Sul,92.31,0.2427607825251122,False,False
3546405,SP,Sudeste,67.28,0.24270551145138214,False,False
3524907,SP,Sudeste,76.59,0.24240655740751005,False,False
3504701,SP,Sudeste,100.0,0.2422903647509456,False,False
3509007,SP,Sudeste,69.03,0.24217600437107198,False,False
3112505,MG,Sudeste,68.55,0.2420987908275631,False,False
2803609,SE,Nordeste,32.69,0.2420331764749928,False,False
4115739,PR,Sul,82.38,0.24189047371875205,False,False
4124806,PR,Sul,86.71,0.24186303920408558,False,False
3133402,MG,Sudeste,67.01,0.2417504024604379,False,False
4115754,PR,Sul,84.9,0.24167571237042992,False,False
3550506,SP,Sudeste,88.44,0.241610694979746,False,False
3504404,SP,Sudeste,86.33,0.24153487388946976,False,False
4120804,PR,Sul,81.77,0.24153114666421716,False,False
3513900,SP,Sudeste,81.98,0.2414416289508083,False,False
3149309,MG,Sudeste,66.53,0.2412430283890871,False,False
4212650,SC,Sul,73.14,0.24120852072082546,False,False
5208301,GO,Centro-Oeste,81.41,0.2411403890232643,False,False
2511004,PB,Nordeste,92.03,0.24109646814344757,False,False
3104601,MG,Sudeste,80.77,0.24083269030448246,False,False
5209200,GO,Centro-Oeste,68.97,0.24071649869605152,False,False
4205803,SC,Sul,73.88,0.240604224696358,False,False
3115458,MG,Sudeste,42.89,0.2405742787765212,False,False
3501202,SP,Sudeste,85.0,0.24055753415351958,False,False
4113007,PR,Sul,88.65,0.24006109261972317,False,False
3548401,SP,Sudeste,86.9,0.23990620441828037,False,False
1100502,RO,Norte,84.97,0.23989146802656522,False,False
3140100,MG,Sudeste,74.19,0.23980290497878481,False,False
3133709,MG,Sudeste,78.25,0.239582756555701,False,False
4113304,PR,Sul,83.41,0.2395825060236773,False,False
1505700,PA,Norte,54.51,0.2395293622233304,False,False
1200138,AC,Norte,35.56,0.23952226772981722,False,False
3203346,ES,Sudeste,79.75,0.23951068079123156,False,False
4210852,SC,Sul,76.67,0.23949674815044503,False,False
4127858,PR,Sul,92.08,0.23944949541895047,False,False
2908002,BA,Nordeste,49.19,0.23943916059192522,False,False
4126272,PR,Sul,88.41,0.23938680482256666,False,False
4120200,PR,Sul,92.52,0.23923824932222218,False,False
4104303,PR,Sul,87.39,0.23901973491568695,False,False
3554656,SP,Sudeste,78.57,0.23899536116326886,False,False
2208304,PI,Nordeste,77.56,0.23884593947017227,False,False
2209559,PI,Nordeste,89.37,0.2388140114994536,False,False
3551306,SP,Sudeste,100.0,0.23844136562827908,False,False
3149002,MG,Sudeste,66.23,0.2384278484116833,False,False
4110656,PR,Sul,100.0,0.2383953264267507,False,False
5200308,GO,Centro-Oeste,80.46,0.23838860741139475,False,False
4111902,PR,Sul,82.59,0.2380980654934291,False,False
2929206,BA,Nordeste,43.03,0.23804023756705694,False,False
2100600,MA,Nordeste,58.04,0.23796719573108627,False,False
5206602,GO,Centro-Oeste,72.73,0.23794138604840337,False,False
4123857,PR,Sul,79.22,0.23787798585560058,False,False
3523602,SP,Sudeste,72.88,0.23786754901690188,False,False
1300102,AM,Norte,85.46,0.23785600554587474,False,False
2210052,PI,Nordeste,94.34,0.2376054228375244,False,False
3550803,SP,Sudeste,76.36,0.23752217894344768,False,False
1100148,RO,Norte,86.67,0.23744608170782663,False,False
4127957,PR,Sul,90.53,0.23742204996315414,False,False
3133501,MG,Sudeste,81.09,0.23736785889920592,False,False
4107538,PR,Sul,88.55,0.23725431409281705,False,False
2110203,MA,Nordeste,68.21,0.23723248721205617,False,False
4109203,PR,Sul,88.79,0.2371642489318873,False,False
4110706,PR,Sul,87.68,0.2370880499334237,False,False
3529609,SP,Sudeste,83.34,0.2368706948910013,False,False
2514552,PB,Nordeste,88.89,0.23673060202091956,False,False
4117107,PR,Sul,94.19,0.236524418369694,False,False
3140530,MG,Sudeste,61.67,0.23648889593985126,False,False
3122108,MG,Sudeste,59.29,0.2362232008169119,False,False
3120003,MG,Sudeste,61.1,0.23572090159453954,False,False
3542503,SP,Sudeste,87.38,0.2353405021962105,False,False
3201605,ES,Sudeste,78.53,0.235059147980996,False,False
2515203,PB,Nordeste,89.36,0.23495689322372362,False,False
4115002,PR,Sul,86.33,0.23464919861464087,False,False
3552551,SP,Sudeste,100.0,0.2346178913329103,False,False
2108009,MA,Nordeste,84.11,0.23448827768221317,False,False
4117602,PR,Sul,64.81,0.2344678393600833,False,False
3547106,SP,Sudeste,86.58,0.23446006452903642,False,False
2513356,PB,Nordeste,63.16,0.23444408855375395,False,False
3556701,SP,Sudeste,72.2,0.2343718633327426,False,False
3304557,RJ,Sudeste,67.98,0.23426483600885542,False,False
2203404,PI,Nordeste,84.73,0.2340314797076586,False,False
4103008,PR,Sul,93.99,0.23390151739556828,False,False
3306305,RJ,Sudeste,71.47,0.23369555262792224,False,False
3159100,MG,Sudeste,73.58,0.23368811835418002,False,False
3102704,MG,Sudeste,70.96,0.2335437527331596,False,False
3300803,RJ,Sudeste,63.71,0.2334558383703866,False,False
3134202,MG,Sudeste,68.46,0.23344860728565053,False,False
4116059,PR,Sul,90.74,0.23330164448324317,False,False
2608503,PE,Nordeste,74.64,0.23312198702893216,False,False
2910503,BA,Nordeste,40.37,0.23307003954407515,False,False
4114708,PR,Sul,87.95,0.23268571000250612,False,False
4105003,PR,Sul,86.39,0.2326526587970875,False,False
3168705,MG,Sudeste,65.18,0.23262185152609022,False,False
1500503,PA,Norte,45.64,0.2326207271802744,False,False
2401602,RN,Nordeste,32.74,0.2323220137531114,False,False
2606101,PE,Nordeste,75.64,0.23230251187966972,False,False
3116001,MG,Sudeste,36.3,0.23218282835875645,False,False
2210201,PI,Nordeste,94.44,0.23217899731230038,False,False
4115606,PR,Sul,81.4,0.23207693165280593,False,False
4115408,PR,Sul,91.34,0.23190971252503956,False,False
3204401,ES,Sudeste,79.81,0.23185214596022446,False,False
4123956,PR,Sul,85.91,0.2317342527665068,False,False
3534757,SP,Sudeste,89.86,0.2316803671650026,False,False
2407203,RN,Nordeste,43.0,0.23159632668904995,False,False
3544509,SP,Sudeste,84.68,0.2315264827371866,False,False
2517407,PB,Nordeste,93.75,0.23150125257570642,False,False
2615904,PE,Nordeste,81.05,0.23147483810213865,False,False
2513307,PB,Nordeste,62.2,0.2314063877947605,False,False
4109005,PR,Sul,96.85,0.23134484230053318,False,False
4116109,PR,Sul,88.02,0.2313164687635764,False,False
3532702,SP,Sudeste,93.7,0.23129111825054494,False,False
3103900,MG,Sudeste,84.27,0.23127912740640805,False,False
3109303,MG,Sudeste,63.78,0.23117609545419593,False,False
2313104,CE,Nordeste,83.75,0.23116998854323834,False,False
3150406,MG,Sudeste,86.52,0.23095019027778793,False,False
3202009,ES,Sudeste,82.23,0.23091417029143255,False,False
3117603,MG,Sudeste,80.88,0.2307591089773031,False,False
3109006,MG,Sudeste,77.86,0.23070655967479367,False,False
4114807,PR,Sul,85.42,0.23040360704957394,False,False
4108551,PR,Sul,88.74,0.23028989879447892,False,False
2928000,BA,Nordeste,36.99,0.23003509049509446,False,False
4128633,PR,Sul,86.47,0.22992002428750136,False,False
2928802,BA,Nordeste,44.37,0.22988833582012125,False,False
3204500,ES,Sudeste,85.4,0.22975578054374254,False,False
1507904,PA,Norte,70.8,0.22971514718379174,False,False
3555109,SP,Sudeste,98.24,0.22968239838312543,False,False
2209401,PI,Nordeste,67.99,0.22962417227856255,False,False
4211850,SC,Sul,80.77,0.22956163092300022,False,False
3520707,SP,Sudeste,76.67,0.22937825292382613,False,False
4127502,PR,Sul,84.41,0.22936778944443798,False,False
3505005,SP,Sudeste,83.72,0.22908345221570026,False,False
2601003,PE,Nordeste,70.12,0.22904072020625652,False,False
3106705,MG,Sudeste,64.48,0.2290341831960446,False,False
4205506,SC,Sul,79.6,0.22896742954735974,False,False
3507753,SP,Sudeste,92.16,0.22876875574896738,False,False
4123824,PR,Sul,88.15,0.22876772484050453,False,False
2211407,PI,Nordeste,92.31,0.22860454220466078,False,False
2611408,PE,Nordeste,81.94,0.22858476637308708,False,False
3549607,SP,Sudeste,58.41,0.2285201352326733,False,False
3527504,SP,Sudeste,87.5,0.22850794785911802,False,False
3142403,MG,Sudeste,88.97,0.22816377889881773,False,False
4126652,PR,Sul,83.23,0.2281527487037792,False,False
3139706,MG,Sudeste,80.81,0.22808656880520853,False,False
4120408,PR,Sul,92.65,0.2280784052509934,False,False
4116901,PR,Sul,90.21,0.22755002328564194,False,False
4111100,PR,Sul,95.11,0.22743249339215732,False,False
3127388,MG,Sudeste,69.22,0.2274215936063092,False,False
4100459,PR,Sul,86.67,0.22740441508818435,False,False
2205953,PI,Nordeste,86.34,0.22732297126775827,False,False
2103901,MA,Nordeste,94.03,0.22705800499661657,False,False
2103125,MA,Nordeste,95.05,0.22704162604860262,False,False
2611002,PE,Nordeste,61.03,0.2268673915456805,False,False
3546702,SP,Sudeste,83.2,0.2268402901472532,False,False
1303569,AM,Norte,49.55,0.2267523647443509,False,False
3533205,SP,Sudeste,66.22,0.22663067661370548,False,False
4103206,PR,Sul,64.4,0.22652012442587435,False,False
3157401,MG,Sudeste,56.25,0.2258864125247633,False,False
3507209,SP,Sudeste,75.0,0.22585626372816292,False,False
3137205,MG,Sudeste,81.01,0.22580326310709373,False,False
4101309,PR,Sul,91.17,0.22558959866172085,False,False
2807501,SE,Nordeste,57.77,0.22540956496046144,False,False
4119103,PR,Sul,87.09,0.22540098991235605,False,False
3103603,MG,Sudeste,46.88,0.2252483012753768,False,False
3524600,SP,Sudeste,77.43,0.22521675847404302,False,False
5206503,GO,Centro-Oeste,63.17,0.22494930965266544,False,False
3164605,MG,Sudeste,82.62,0.22466499071041535,False,False
3134103,MG,Sudeste,53.42,0.22463288219866173,False,False
2702207,AL,Nordeste,46.55,0.22440753176597208,False,False
3534500,SP,Sudeste,92.0,0.22429919512637164,False,False
4108452,PR,Sul,88.04,0.224286559962003,False,False
2414100,RN,Nordeste,58.05,0.22421811057472216,False,False
3127800,MG,Sudeste,83.02,0.2242131144574237,False,False
4110409,PR,Sul,97.78,0.22418899725486965,False,False
2806305,SE,Nordeste,41.86,0.22395125019084725,False,False
3170107,MG,Sudeste,60.79,0.22381755901803604,False,False
3501905,SP,Sudeste,72.37,0.22370788208844108,False,False
2103158,MA,Nordeste,89.96,0.22368988045563212,False,False
3137601,MG,Sudeste,66.14,0.22362265208657053,False,False
3141207,MG,Sudeste,87.82,0.22347034206270028,False,False
3135100,MG,Sudeste,63.91,0.22341167443280802,False,False
4126603,PR,Sul,88.39,0.22331293220801507,False,False
4202099,SC,Sul,72.31,0.22327945329602172,False,False
2205904,PI,Nordeste,91.1,0.22309408231977637,False,False
3532306,SP,Sudeste,62.04,0.2230876278934664,False,False
3161700,MG,Sudeste,89.67,0.22306802421145108,False,False
3526001,SP,Sudeste,89.82,0.2228406386364144,False,False
2613909,PE,Nordeste,81.03,0.22283498673137386,False,False
2201770,PI,Nordeste,67.35,0.22273630652473553,False,False
2510709,PB,Nordeste,87.87,0.22272027275479772,False,False
2914307,BA,Nordeste,42.72,0.2226740188935507,False,False
3113206,MG,Sudeste,82.02,0.22246304943313003,False,False
4108908,PR,Sul,84.72,0.22246081429711845,False,False
2500734,PB,Nordeste,100.0,0.2222494298619859,False,False
3551207,SP,Sudeste,89.24,0.2222465509128392,False,False
3124906,MG,Sudeste,67.87,0.22221143452352257,False,False
2602407,PE,Nordeste,73.85,0.22221026135844898,False,False
4125357,PR,Sul,83.23,0.22219517575884903,False,False
3143708,MG,Sudeste,71.24,0.2219088362222564,False,False
4120358,PR,Sul,96.25,0.2217642407982421,False,False
2209450,PI,Nordeste,100.0,0.22175757267997775,False,False
2921708,BA,Nordeste,47.03,0.22162804305745018,False,False
3543253,SP,Sudeste,83.0,0.2216249478165994,False,False
3532843,SP,Sudeste,100.0,0.22152758810532494,False,False
3119005,MG,Sudeste,62.09,0.22131138430431146,False,False
3167806,MG,Sudeste,80.9,0.22127170322277437,False,False
5101837,MT,Centro-Oeste,86.98,0.2212652253206348,False,False
4102901,PR,Sul,86.8,0.22114880314732394,False,False
4112702,PR,Sul,81.77,0.22107488960484778,False,False
2608909,PE,Nordeste,76.69,0.22098088908610866,False,False
4119400,PR,Sul,81.51,0.2208887559960812,False,False
2604502,PE,Nordeste,63.18,0.22085066937084705,False,False
4110607,PR,Sul,69.79,0.22061653522463284,False,False
4107736,PR,Sul,93.25,0.22057005530901777,False,False
3112059,MG,Sudeste,61.4,0.22039118901514718,False,False
3545100,SP,Sudeste,71.54,0.2203423676967852,False,False
4118600,PR,Sul,90.02,0.22026542745347857,False,False
4114500,PR,Sul,89.25,0.22021064730220435,False,False
3538105,SP,Sudeste,69.18,0.22018051128386393,False,False
3533106,SP,Sudeste,90.48,0.21993230657218607,False,False
3550209,SP,Sudeste,73.94,0.21989096891793622,False,False
1506187,PA,Norte,68.03,0.21970198590322412,False,False
3131307,MG,Sudeste,68.15,0.21969959371995085,False,False
3548203,SP,Sudeste,62.03,0.2196873170467963,False,False
2205276,PI,Nordeste,78.45,0.2195591891494039,False,False
3543006,SP,Sudeste,80.17,0.21932025348777553,False,False
3202454,ES,Sudeste,82.66,0.21920383804677177,False,False
5107297,MT,Centro-Oeste,85.71,0.21918168678707597,False,False
3534005,SP,Sudeste,73.29,0.21899373125820232,False,False
3551108,SP,Sudeste,59.34,0.21882277660080612,False,False
3536257,SP,Sudeste,87.47,0.21864753692087754,False,False
2206308,PI,Nordeste,58.33,0.21858813315444214,False,False
2107605,MA,Nordeste,58.35,0.2185470003305985,False,False
2101731,MA,Nordeste,75.16,0.21851288124124976,False,False
2210953,PI,Nordeste,73.17,0.21850685249001045,False,False
4127205,PR,Sul,94.74,0.21847470912449082,False,False
2102200,MA,Nordeste,84.84,0.21846205148170791,False,False
4123907,PR,Sul,95.61,0.2184172326145787,False,False
2210904,PI,Nordeste,74.76,0.21840293376437425,False,False
3143104,MG,Sudeste,63.88,0.21838061163934075,False,False
4127403,PR,Sul,83.07,0.2182752942769151,False,False
3146602,MG,Sudeste,66.67,0.21811358531139285,False,False
3509809,SP,Sudeste,60.39,0.21804120026110965,False,False
5204607,GO,Centro-Oeste,87.23,0.2179445032661689,False,False
4112405,PR,Sul,98.98,0.21786329910222682,False,False
4120101,PR,Sul,91.17,0.21782145857685706,False,False
2102408,MA,Nordeste,74.58,0.2177479226894992,False,False
1503457,PA,Norte,55.48,0.21739919640429392,False,False
3515509,SP,Sudeste,76.79,0.21732817605493332,False,False
4124020,PR,Sul,84.13,0.21725188138953735,False,False
2209302,PI,Nordeste,88.07,0.2172294330680115,False,False
2504850,PB,Nordeste,91.67,0.21707612980896016,False,False
3134707,MG,Sudeste,25.78,0.21706852240643926,False,False
4102703,PR,Sul,96.77,0.2168474506960066,False,False
3514924,SP,Sudeste,88.79,0.21682269519115327,False,False
3128808,MG,Sudeste,74.12,0.21654357996772083,False,False
1505502,PA,Norte,68.68,0.21652591299356672,False,False
4119657,PR,Sul,91.11,0.2165210891126696,False,False
4119707,PR,Sul,85.92,0.2164182209387687,False,False
4108957,PR,Sul,86.02,0.2163830395469904,False,False
3553302,SP,Sudeste,70.72,0.21632502057404765,False,False
2606309,PE,Nordeste,62.65,0.21631457632952897,False,False
3163409,MG,Sudeste,67.0,0.21621451532838917,False,False
3515202,SP,Sudeste,82.91,0.21604278841858915,False,False
2307650,CE,Nordeste,83.93,0.21599546632787864,False,False
3504008,SP,Sudeste,67.89,0.21593806391402628,False,False
2616100,PE,Nordeste,63.8,0.21573258240650456,False,False
3129806,MG,Sudeste,64.45,0.21568102614426585,False,False
2106631,MA,Nordeste,76.21,0.21567705686958832,False,False
2311504,CE,Nordeste,83.94,0.21560699162402686,False,False
2407609,RN,Nordeste,33.84,0.21537119289248813,False,False
1704600,TO,Norte,60.87,0.2152219673486499,False,False
4117909,PR,Sul,86.46,0.21519998980084945,False,False
3134608,MG,Sudeste,80.64,0.21518492406484763,False,False
4101002,PR,Sul,83.04,0.2151105352384749,False,False
2104057,MA,Nordeste,64.51,0.21501165810944584,False,False
3144409,MG,Sudeste,69.33,0.21471490936628995,False,False
1600204,AP,Norte,49.78,0.2146049790644939,False,False
3554508,SP,Sudeste,71.49,0.21438687973061932,False,False
3106804,MG,Sudeste,81.33,0.2143495374413466,False,False
3546207,SP,Sudeste,88.16,0.21425848280083792,False,False
4108601,PR,Sul,79.8,0.21419333997123105,False,False
3532801,SP,Sudeste,78.64,0.21415038414622126,False,False
3518909,SP,Sudeste,95.31,0.21410486710527554,False,False
2902252,BA,Nordeste,30.7,0.21394731012885296,False,False
3555307,SP,Sudeste,64.71,0.21382208589232912,False,False
2516409,PB,Nordeste,65.46,0.2137486597153288,False,False
3101409,MG,Sudeste,77.98,0.2137437257290918,False,False
2510600,PB,Nordeste,100.0,0.21369027403822244,False,False
4106308,PR,Sul,90.89,0.2136889107164243,False,False
2803906,SE,Nordeste,48.47,0.2131895070830496,False,False
4125704,PR,Sul,83.09,0.21317234449202652,False,False
3164308,MG,Sudeste,80.33,0.21310297700971068,False,False
3553005,SP,Sudeste,82.78,0.21298016887359797,False,False
2403103,RN,Nordeste,54.51,0.2126326967457368,False,False
4120705,PR,Sul,95.15,0.21258030808593992,False,False
2603702,PE,Nordeste,60.49,0.2125560271489858,False,False
4104907,PR,Sul,85.09,0.21250055016795924,False,False
3106655,MG,Sudeste,80.49,0.21225978208489601,False,False
4110805,PR,Sul,85.78,0.21224923320067848,False,False
2509339,PB,Nordeste,94.53,0.2121709173112491,False,False
3515608,SP,Sudeste,98.0,0.2119198390603936,False,False
4107108,PR,Sul,87.02,0.21150386654875328,False,False
2409407,RN,Nordeste,53.63,0.21139023236463253,False,False
4103040,PR,Sul,85.81,0.21135879385584366,False,False
4100301,PR,Sul,90.22,0.21121893908645256,False,False
4124608,PR,Sul,93.11,0.211088420306647,False,False
3538303,SP,Sudeste,82.94,0.2109774565412508,False,False
1100288,RO,Norte,87.17,0.2107972607448943,False,False
2610202,PE,Nordeste,92.79,0.21074439712520127,False,False
3535903,SP,Sudeste,75.08,0.21063362365895982,False,False
5102603,MT,Centro-Oeste,53.03,0.2105853158063109,False,False
4109906,PR,Sul,81.53,0.21025620773279124,False,False
3118601,MG,Sudeste,67.34,0.21022518069298984,False,False
2102556,MA,Nordeste,81.42,0.2101727789578906,False,False
2307403,CE,Nordeste,83.97,0.21015643424764335,False,False
3122470,MG,Sudeste,69.72,0.2100949165000828,False,False
4125902,PR,Sul,90.11,0.21000673853325605,False,False
4113502,PR,Sul,89.2,0.2099814727944037,False,False
3515905,SP,Sudeste,92.78,0.20970684381806848,False,False
2202554,PI,Nordeste,68.91,0.2096643873870391,False,False
4111704,PR,Sul,91.43,0.20958167164444122,False,False
3107802,MG,Sudeste,55.48,0.20953003371783735,False,False
1505486,PA,Norte,54.82,0.20904317265015068,False,False
3160108,MG,Sudeste,63.51,0.2089012660438354,False,False
4117206,PR,Sul,100.0,0.2088357599554796,False,False
4110300,PR,Sul,92.74,0.2088054700351489,False,False
3148400,MG,Sudeste,85.82,0.20860463775526164,False,False
1505031,PA,Norte,67.35,0.20852634690764413,False,False
4108320,PR,Sul,80.06,0.20840799093469548,False,False
4112108,PR,Sul,91.0,0.20775802044711678,False,False
4215687,SC,Sul,79.41,0.20744519876393908,False,False
2513505,PB,Nordeste,96.96,0.20729704272216587,False,False
3130606,MG,Sudeste,88.02,0.20725923358392664,False,False
3128501,MG,Sudeste,90.21,0.20722258348269437,False,False
5103908,MT,Centro-Oeste,93.33,0.2071840756105145,False,False
3102506,MG,Sudeste,75.32,0.20715853181427116,False,False
3124104,MG,Sudeste,65.74,0.2068346319123289,False,False
3524808,SP,Sudeste,77.95,0.20678799436599257,False,False
4120333,PR,Sul,89.26,0.2067203447594188,False,False
1504406,PA,Norte,47.22,0.20671215198446855,False,False
3165560,MG,Sudeste,90.0,0.20648818174038178,False,False
1721208,TO,Norte,48.57,0.20635410723972175,False,False
4114005,PR,Sul,91.69,0.2063387096380923,False,False
2615706,PE,Nordeste,86.94,0.20629999897784765,False,False
4103305,PR,Sul,91.67,0.2062882509616813,False,False
2401859,RN,Nordeste,48.81,0.20628525116136562,False,False
2613800,PE,Nordeste,59.41,0.20625842355160684,False,False
4109104,PR,Sul,90.63,0.20608053131946344,False,False
3529658,SP,Sudeste,53.57,0.20579297053816098,False,False
2112407,MA,Nordeste,88.92,0.20570862819275196,False,False
2210631,PI,Nordeste,96.83,0.20568209739923804,False,False
4102752,PR,Sul,93.12,0.20546027564625005,False,False
3108107,MG,Sudeste,59.63,0.2054162251193319,False,False
2110039,MA,Nordeste,96.42,0.20540879597778028,False,False
4122172,PR,Sul,85.3,0.20538355460813892,False,False
4122800,PR,Sul,96.47,0.20530721785400846,False,False
4114401,PR,Sul,80.14,0.20516757752751336,False,False
5220009,GO,Centro-Oeste,81.09,0.2051430160609693,False,False
5106802,MT,Centro-Oeste,83.72,0.2050582407770918,False,False
3200805,ES,Sudeste,74.5,0.20470867630365353,False,False
4124707,PR,Sul,87.65,0.2045909350231883,False,False
4122305,PR,Sul,89.84,0.20458886973164397,False,False
4101606,PR,Sul,82.84,0.20445510549885276,False,False
3141702,MG,Sudeste,67.45,0.2043981517725405,False,False
3145901,MG,Sudeste,76.12,0.20415800117103156,False,False
4113908,PR,Sul,91.8,0.20414123215636512,False,False
3155702,MG,Sudeste,85.63,0.2039900989554786,False,False
2202604,PI,Nordeste,85.08,0.2039341901297762,False,False
4124103,PR,Sul,69.84,0.20382380189469473,False,False
2104651,MA,Nordeste,88.84,0.20357828444227807,False,False
3200607,ES,Sudeste,74.47,0.20354901708085243,False,False
3153004,MG,Sudeste,93.9,0.203287211436898,False,False
1301704,AM,Norte,62.62,0.20328088981690334,False,False
2101400,MA,Nordeste,53.24,0.20322686221201022,False,False
1713957,TO,Norte,34.1,0.20320103201600773,False,False
3158102,MG,Sudeste,65.38,0.20311336828403734,False,False
2607109,PE,Nordeste,84.62,0.20288540067026123,False,False
2401453,RN,Nordeste,48.1,0.20277255936793254,False,False
3112406,MG,Sudeste,69.82,0.20276137957076423,False,False
2202026,PI,Nordeste,100.0,0.2026565299206598,False,False
3127370,MG,Sudeste,82.13,0.20256397144382263,False,False
4127007,PR,Sul,96.0,0.20249312533285782,False,False
2207850,PI,Nordeste,81.28,0.20244250132072686,False,False
2509156,PB,Nordeste,94.51,0.20241421337562016,False,False
3141405,MG,Sudeste,81.16,0.20233069648314142,False,False
2104800,MA,Nordeste,54.15,0.20224378580646712,False,False
4128104,PR,Sul,78.85,0.20223878198981515,False,False
2108058,MA,Nordeste,82.7,0.20219972042065187,False,False
3536604,SP,Sudeste,75.08,0.20198603691911485,False,False
2505006,PB,Nordeste,83.65,0.20186678407867148,False,False
3518008,SP,Sudeste,100.0,0.2017209473511789,False,False
2503753,PB,Nordeste,96.43,0.2016824409025052,False,False
4104402,PR,Sul,91.06,0.2015904394117304,False,False
2200806,PI,Nordeste,100.0,0.20140821739087447,False,False
3105905,MG,Sudeste,85.73,0.20126608283876907,False,False
3131158,MG,Sudeste,73.03,0.20122361529091692,False,False
2408300,RN,Nordeste,47.68,0.2011043627330414,False,False
3537701,SP,Sudeste,96.52,0.20098908105301302,False,False
3302106,RJ,Sudeste,73.81,0.20097582792423588,False,False
2203420,PI,Nordeste,94.64,0.2008612436621663,False,False
4117453,PR,Sul,90.79,0.20076629085908487,False,False
1200179,AC,Norte,44.66,0.20074620144067531,False,False
4107751,PR,Sul,90.51,0.20070523194469292,False,False
2611705,PE,Nordeste,71.53,0.20066454255659608,False,False
1506500,PA,Norte,55.05,0.20064513304410808,False,False
2210607,PI,Nordeste,72.96,0.200609584831446,False,False
3200409,ES,Sudeste,87.28,0.2005508687118322,False,False
3169802,MG,Sudeste,73.96,0.20031089418552686,False,False
2111029,MA,Nordeste,77.08,0.20028517851593577,False,False
3156403,MG,Sudeste,87.26,0.20024315037444512,False,False
3516705,SP,Sudeste,77.64,0.2002166910983656,False,False
2411205,RN,Nordeste,39.87,0.2002156283795821,False,False
3122801,MG,Sudeste,100.0,0.20010874835261538,False,False
3154507,MG,Sudeste,79.14,0.2000485701113902,False,False
3135803,MG,Sudeste,61.75,0.1998899876491611,False,False
3508900,SP,Sudeste,80.01,0.199758758895209,False,False
3201001,ES,Sudeste,86.03,0.1997323458201841,False,False
3103009,MG,Sudeste,80.0,0.19972157671683285,False,False
2108108,MA,Nordeste,94.51,0.1997099925071944,False,False
2611101,PE,Nordeste,72.81,0.19969274692553624,False,False
3545506,SP,Sudeste,89.89,0.19965877122328413,False,False
4101853,PR,Sul,100.0,0.19963670257855695,False,False
3501806,SP,Sudeste,90.0,0.19955505913514068,False,False
2404853,RN,Nordeste,66.41,0.19951550533927281,False,False
3201308,ES,Sudeste,68.17,0.1995091939631436,False,False
4118204,PR,Sul,72.94,0.1992257316741755,False,False
3159704,MG,Sudeste,85.0,0.19911434118111873,False,False
3148806,MG,Sudeste,88.94,0.19906228892848127,False,False
2610103,PE,Nordeste,70.48,0.19900848832370477,False,False
3555604,SP,Sudeste,77.64,0.19896866555663334,False,False
2203859,PI,Nordeste,100.0,0.19893473310829535,False,False
2807105,SE,Nordeste,48.4,0.19872181320763724,False,False
3120904,MG,Sudeste,74.51,0.19869099228012466,False,False
3124609,MG,Sudeste,93.79,0.19861878909477962,False,False
2112704,MA,Nordeste,96.36,0.19838979858096883,False,False
3503000,SP,Sudeste,78.16,0.1983804705631266,False,False
5221809,GO,Centro-Oeste,80.38,0.1983456139509195,False,False
3522802,SP,Sudeste,74.71,0.19822636987009215,False,False
2100907,MA,Nordeste,88.33,0.19819434263408225,False,False
2208700,PI,Nordeste,92.09,0.1981720250183763,False,False
4126405,PR,Sul,97.66,0.19789256002322744,False,False
3141801,MG,Sudeste,82.11,0.19778263692743947,False,False
3101631,MG,Sudeste,85.44,0.1976841211493335,False,False
2601052,PE,Nordeste,57.64,0.19766929603750039,False,False
2601300,PE,Nordeste,93.86,0.1976567266645699,False,False
4102604,PR,Sul,86.61,0.19729678673665463,False,False
4112504,PR,Sul,82.31,0.1972292050699183,False,False
3116407,MG,Sudeste,97.95,0.19717944295067344,False,False
2933257,BA,Nordeste,72.2,0.19712974146654352,False,False
2102804,MA,Nordeste,59.28,0.19709941942806541,False,False
2604908,PE,Nordeste,85.7,0.19705562211887956,False,False
2102606,MA,Nordeste,90.16,0.19672917568184345,False,False
2700904,AL,Nordeste,100.0,0.19664624255400467,False,False
3300936,RJ,Sudeste,67.43,0.1966010318601161,False,False
1502400,PA,Norte,43.11,0.19654975556018994,False,False
3202553,ES,Sudeste,82.56,0.1964735844891187,False,False
2204600,PI,Nordeste,93.33,0.19639778312720188,False,False
3302700,RJ,Sudeste,67.76,0.1962595730602728,False,False
3111101,MG,Sudeste,65.9,0.19622132096645653,False,False
2600302,PE,Nordeste,77.42,0.1961399806126291,False,False
2204006,PI,Nordeste,100.0,0.19600861466310526,False,False
2205003,PI,Nordeste,88.74,0.19598390516513398,False,False
2706505,AL,Nordeste,55.07,0.19586197516165735,False,False
1508001,PA,Norte,61.34,0.19582922669323863,False,False
2800209,SE,Nordeste,37.51,0.19571251432133147,False,False
4112306,PR,Sul,98.28,0.1956516820048016,False,False
4119608,PR,Sul,80.45,0.1955557580836547,False,False
4113452,PR,Sul,91.57,0.19550997078586657,False,False
2604007,PE,Nordeste,72.65,0.1954967785075555,False,False
2100154,MA,Nordeste,77.15,0.19548082497148406,False,False
4118303,PR,Sul,96.88,0.19547327185389812,False,False
2204808,PI,Nordeste,100.0,0.19544452030569812,False,False
4115101,PR,Sul,70.41,0.19540547661075883,False,False
2208007,PI,Nordeste,62.61,0.19536494789398914,False,False
3151701,MG,Sudeste,69.53,0.1953422641804572,False,False
5107701,MT,Centro-Oeste,64.17,0.1953094165268409,False,False
1302306,AM,Norte,54.12,0.19524964660190822,False,False
3304110,RJ,Sudeste,81.06,0.19522469172784365,False,False
3171204,MG,Sudeste,69.8,0.19516561919472258,False,False
3203601,ES,Sudeste,86.5,0.19498910813855286,False,False
2300754,CE,Nordeste,86.94,0.194962227503476,False,False
2924504,BA,Nordeste,75.72,0.194941917893356,False,False
2804508,SE,Nordeste,45.95,0.1949344122878893,False,False
4103800,PR,Sul,89.25,0.19470662890145776,False,False
3503703,SP,Sudeste,89.0,0.19467868132915084,False,False
3103207,MG,Sudeste,90.55,0.194631680065488,False,False
3138906,MG,Sudeste,75.27,0.1945939085530127,False,False
2511103,PB,Nordeste,93.08,0.1941577606624921,False,False
3110806,MG,Sudeste,45.99,0.19394165241435707,False,False
3126802,MG,Sudeste,68.21,0.1939187626461966,False,False
2205532,PI,Nordeste,98.31,0.19387967056064204,False,False
3546256,SP,Sudeste,95.83,0.19384118299804926,False,False
2109908,MA,Nordeste,58.71,0.1938144312738675,False,False
3106309,MG,Sudeste,72.38,0.19379981056896078,False,False
5222203,GO,Centro-Oeste,86.22,0.19376304687929963,False,False
3510708,SP,Sudeste,84.71,0.19368706996618376,False,False
3509106,SP,Sudeste,90.48,0.1935091355514878,False,False
3105509,MG,Sudeste,74.47,0.19347072374122234,False,False
2908705,BA,Nordeste,81.33,0.1933886745163138,False,False
2100832,MA,Nordeste,48.95,0.1932438501504194,False,False
3160702,MG,Sudeste,70.71,0.19314746562033272,False,False
3529807,SP,Sudeste,71.04,0.19309755399958706,False,False
3147402,MG,Sudeste,65.99,0.1930620821688267,False,False
5219308,GO,Centro-Oeste,75.81,0.19297534899309104,False,False
3124500,MG,Sudeste,85.37,0.19294449036620298,False,False
2102036,MA,Nordeste,80.43,0.1927594961377334,False,False
4115804,PR,Sul,90.37,0.19272762999944112,False,False
2404705,RN,Nordeste,32.47,0.19235718801402293,False,False
1501808,PA,Norte,59.78,0.19226635252687022,False,False
3521606,SP,Sudeste,97.29,0.1922407072993489,False,False
3201902,ES,Sudeste,85.66,0.19216800369753365,False,False
3148004,MG,Sudeste,67.07,0.19213093322413485,False,False
4118105,PR,Sul,85.89,0.1920305066119329,False,False
2108207,MA,Nordeste,85.22,0.1919852490735156,False,False
3136108,MG,Sudeste,92.0,0.191901116669375,False,False
5005608,MS,Centro-Oeste,42.69,0.19179642389427415,False,False
1501725,PA,Norte,85.67,0.19167610254695164,False,False
2913804,BA,Nordeste,49.37,0.19161121308910697,False,False
4125209,PR,Sul,98.18,0.19152400704014208,False,False
5206909,GO,Centro-Oeste,80.77,0.1915170434009872,False,False
2604106,PE,Nordeste,65.08,0.191221615949407,False,False
3153608,MG,Sudeste,67.15,0.19121741401450967,False,False
4127106,PR,Sul,75.63,0.19104865246302974,False,False
3204104,ES,Sudeste,81.65,0.19097732844919857,False,False
3548054,SP,Sudeste,72.53,0.19087966910917964,False,False
2504405,PB,Nordeste,93.35,0.19082643728721163,False,False
4105706,PR,Sul,78.69,0.1907935382118986,False,False
4100905,PR,Sul,93.09,0.19079351151693125,False,False
2210300,PI,Nordeste,88.85,0.19074637836823988,False,False
2109809,MA,Nordeste,69.72,0.19068645571218565,False,False
2403707,RN,Nordeste,65.5,0.19062713333352954,False,False
1702158,TO,Norte,52.23,0.1904818315089228,False,False
3530201,SP,Sudeste,92.58,0.19046921244550089,False,False
3158003,MG,Sudeste,69.24,0.19018536224898652,False,False
4115457,PR,Sul,93.94,0.19010776453212863,False,False
5106703,MT,Centro-Oeste,88.87,0.19003065988678194,False,False
4128302,PR,Sul,95.64,0.1899739289687508,False,False
4127908,PR,Sul,79.13,0.18979896173154207,False,False
3121407,MG,Sudeste,90.56,0.1896762810249812,False,False
2513000,PB,Nordeste,79.9,0.18961110027532077,False,False
2108454,MA,Nordeste,68.14,0.18949797524689635,False,False
4110052,PR,Sul,89.47,0.1894844024116603,False,False
2209500,PI,Nordeste,90.0,0.18942563014275782,False,False
2111607,MA,Nordeste,92.31,0.18931434441016667,False,False
2516706,PB,Nordeste,95.44,0.18922425768805962,False,False
4124400,PR,Sul,87.66,0.18898243709189372,False,False
3125200,MG,Sudeste,100.0,0.18883822188415825,False,False
4126009,PR,Sul,100.0,0.18876512760763034,False,False
3114808,MG,Sudeste,96.49,0.18865739381459448,False,False
4103909,PR,Sul,94.38,0.1885825180641578,False,False
3119906,MG,Sudeste,86.96,0.18848079566574852,False,False
4110078,PR,Sul,86.18,0.18839703348428613,False,False
3107000,MG,Sudeste,96.43,0.18826664252337358,False,False
1100809,RO,Norte,61.95,0.18823353618419206,False,False
3149408,MG,Sudeste,100.0,0.1880717852764666,False,False
2514453,PB,Nordeste,80.32,0.187996823533102,False,False
3115706,MG,Sudeste,85.56,0.18799563835958827,False,False
2105153,MA,Nordeste,85.97,0.1879352912450004,False,False
2304277,CE,Nordeste,86.21,0.18782249159456776,False,False
2501302,PB,Nordeste,82.45,0.18765639214984844,False,False
1300060,AM,Norte,72.27,0.1875773853791781,False,False
4114906,PR,Sul,84.67,0.187553389743782,False,False
3134400,MG,Sudeste,71.07,0.18751398749272738,False,False
3127404,MG,Sudeste,73.79,0.18727399206825804,False,False
4111605,PR,Sul,100.0,0.18709616912442167,False,False
3532108,SP,Sudeste,76.5,0.18708164587846773,False,False
3117306,MG,Sudeste,69.52,0.18655677718249794,False,False
3106200,MG,Sudeste,70.38,0.1865531953045222,False,False
2926806,BA,Nordeste,69.8,0.18637259887807892,False,False
4112801,PR,Sul,94.13,0.18635481783225696,False,False
4102208,PR,Sul,100.0,0.18627741534265788,False,False
2205151,PI,Nordeste,98.25,0.186150017689328,False,False
4122107,PR,Sul,90.33,0.18614390330267755,False,False
2108504,MA,Nordeste,56.56,0.18584592844527015,False,False
3166956,MG,Sudeste,92.86,0.1856606617636866,False,False
2601805,PE,Nordeste,87.75,0.18556726408096794,False,False
3125606,MG,Sudeste,68.9,0.18550502487163592,False,False
5221908,GO,Centro-Oeste,83.33,0.18546945263333497,False,False
2201572,PI,Nordeste,100.0,0.18538735479151927,False,False
4117214,PR,Sul,96.31,0.18529285086722982,False,False
5212600,GO,Centro-Oeste,59.78,0.1852233112152102,False,False
2703007,AL,Nordeste,100.0,0.1851790863101953,False,False
4109708,PR,Sul,81.74,0.18513532624050666,False,False
3303955,RJ,Sudeste,66.08,0.18513393997855646,False,False
4120903,PR,Sul,80.24,0.18507306030186432,False,False
5006275,MS,Centro-Oeste,86.41,0.1849673509938155,False,False
3122702,MG,Sudeste,76.37,0.18479666794298838,False,False
4124905,PR,Sul,97.29,0.18457206084368255,False,False
2707503,AL,Nordeste,75.61,0.18453470766607732,False,False
2205854,PI,Nordeste,70.08,0.18450152620912727,False,False
3158805,MG,Sudeste,86.83,0.18440652625335396,False,False
5200159,GO,Centro-Oeste,81.82,0.18440033149526341,False,False
3101706,MG,Sudeste,58.54,0.18436635955576888,False,False
2501807,PB,Nordeste,50.19,0.1843111964603537,False,False
3165909,MG,Sudeste,89.17,0.18427315821239462,False,False
1508084,PA,Norte,67.86,0.18426623027060873,False,False
5108204,MT,Centro-Oeste,91.39,0.1841484978960377,False,False
3152402,MG,Sudeste,59.53,0.18389970723802754,False,False
3119807,MG,Sudeste,93.07,0.18376975164104783,False,False
4123808,PR,Sul,89.79,0.18368076166156966,False,False
3151107,MG,Sudeste,73.93,0.18364241221961441,False,False
3160009,MG,Sudeste,93.64,0.18356720471538446,False,False
5003157,MS,Centro-Oeste,87.75,0.1835127559983055,False,False
2104081,MA,Nordeste,97.22,0.1835046386242721,False,False
2612208,PE,Nordeste,82.76,0.18342556060944812,False,False
5103601,MT,Centro-Oeste,93.44,0.18331807833287697,False,False
4123709,PR,Sul,89.54,0.1832247598927694,False,False
4112603,PR,Sul,84.62,0.18300696005116449,False,False
4116406,PR,Sul,89.51,0.18278309819388117,False,False
4128625,PR,Sul,86.18,0.18274580454369285,False,False
2905701,BA,Nordeste,48.95,0.18261817546028433,False,False
1501105,PA,Norte,65.32,0.18260509784562864,False,False
3533254,SP,Sudeste,97.74,0.18259702311916548,False,False
4106001,PR,Sul,89.04,0.18249925774458134,False,False
4128534,PR,Sul,89.42,0.18248973145386307,False,False
2609006,PE,Nordeste,81.32,0.18247237600784122,False,False
3112901,MG,Sudeste,73.79,0.18246324620477528,False,False
3104205,MG,Sudeste,88.92,0.18245198881672703,False,False
4101101,PR,Sul,81.67,0.1824379682816984,False,False
5213806,GO,Centro-Oeste,63.58,0.1822136879226328,False,False
3166303,MG,Sudeste,82.89,0.1821677621686022,False,False
3202900,ES,Sudeste,82.99,0.18212683515918707,False,False
4117701,PR,Sul,79.37,0.18203366919648326,False,False
3155603,MG,Sudeste,83.77,0.1819621606266378,False,False
2925303,BA,Nordeste,58.1,0.18189212336426525,False,False
4121802,PR,Sul,88.77,0.18188843406525432,False,False
3527801,SP,Sudeste,86.96,0.18181598228003396,False,False
5219605,GO,Centro-Oeste,59.95,0.18166104674375033,False,False
4104709,PR,Sul,88.51,0.1814396703464381,False,False
2501104,PB,Nordeste,95.29,0.18141446823151247,False,False
3200300,ES,Sudeste,88.13,0.18126042543499468,False,False
3134806,MG,Sudeste,64.28,0.18125018885393826,False,False
3110400,MG,Sudeste,91.43,0.18107458580775462,False,False
2112456,MA,Nordeste,72.43,0.1810737259538592,False,False
4116604,PR,Sul,86.94,0.18100414845737173,False,False
3155306,MG,Sudeste,85.27,0.18092587947078365,False,False
3103108,MG,Sudeste,93.33,0.1808810141070641,False,False
5107107,MT,Centro-Oeste,89.46,0.18062359579566462,False,False
3112604,MG,Sudeste,65.12,0.18051415403849227,False,False
4117271,PR,Sul,95.12,0.1804977741681976,False,False
5007406,MS,Centro-Oeste,60.78,0.1802867344093471,False,False
5107305,MT,Centro-Oeste,84.23,0.18027643747392136,False,False
2107357,MA,Nordeste,87.77,0.18019379662315313,False,False
2307205,CE,Nordeste,84.27,0.18015684672445922,False,False
2909000,BA,Nordeste,84.71,0.18007572392144391,False,False
4101150,PR,Sul,100.0,0.18005716070474026,False,False
4113734,PR,Sul,95.42,0.18003508313329106,False,False
2111672,MA,Nordeste,73.6,0.17997771413527633,False,False
4107256,PR,Sul,74.02,0.17982125172284685,False,False
3203908,ES,Sudeste,84.68,0.1796906162039833,False,False
4118808,PR,Sul,94.31,0.1796834821563371,False,False
4121307,PR,Sul,96.63,0.1796654172195761,False,False
1508035,PA,Norte,91.42,0.17954371498372904,False,False
2306009,CE,Nordeste,84.43,0.17952446795262542,False,False
4108007,PR,Sul,85.56,0.1793595204341493,False,False
1506138,PA,Norte,66.0,0.1792981459164852,False,False
2919553,BA,Nordeste,46.85,0.17929767889101944,False,False
2310001,CE,Nordeste,78.95,0.17928163885978804,False,False
3163003,MG,Sudeste,87.15,0.17922971440117608,False,False
2512705,PB,Nordeste,68.86,0.17914381004197602,False,False
5007976,MS,Centro-Oeste,93.61,0.17905616457072998,False,False
3553609,SP,Sudeste,82.14,0.17905208249083263,False,False
3136009,MG,Sudeste,62.17,0.17904482773212393,False,False
2925204,BA,Nordeste,68.97,0.17896444689250812,False,False
2302206,CE,Nordeste,84.29,0.17887857351060799,False,False
3149705,MG,Sudeste,92.23,0.1787806306260023,False,False
2614600,PE,Nordeste,87.1,0.17876399825898165,False,False
3166006,MG,Sudeste,94.33,0.1786615243723848,False,False
2111573,MA,Nordeste,56.89,0.17864242789654744,False,False
2701100,AL,Nordeste,90.59,0.17853545252880001,False,False
3555356,SP,Sudeste,82.39,0.1784619574962687,False,False
1302801,AM,Norte,44.76,0.1783372570706697,False,False
2105476,MA,Nordeste,72.41,0.17832280179308477,False,False
4126678,PR,Sul,86.11,0.1780459505705435,False,False
4101903,PR,Sul,91.58,0.1780400859267635,False,False
4118907,PR,Sul,90.49,0.17786001337955207,False,False
2615003,PE,Nordeste,68.77,0.1775653716430641,False,False
2209708,PI,Nordeste,84.64,0.17752511749876512,False,False
4102802,PR,Sul,79.57,0.17749096322923752,False,False
4121901,PR,Sul,88.34,0.17733254675607188,False,False
4107553,PR,Sul,97.34,0.1773187522499271,False,False
2210102,PI,Nordeste,97.68,0.1771762307549452,False,False
2312502,CE,Nordeste,85.2,0.17702514770757355,False,False
4107702,PR,Sul,94.44,0.17696914479558498,False,False
4110508,PR,Sul,88.32,0.17692749274160227,False,False
4114203,PR,Sul,93.0,0.17691682603043812,False,False
4104253,PR,Sul,73.73,0.17659458504408207,False,False
2708105,AL,Nordeste,100.0,0.17656568013581742,False,False
3115201,MG,Sudeste,85.2,0.17647665718242977,False,False
4106605,PR,Sul,84.06,0.17626091065255367,False,False
3148103,MG,Sudeste,73.78,0.17615263379711557,False,False
3302205,RJ,Sudeste,76.34,0.1760619642707999,False,False
2110906,MA,Nordeste,84.38,0.17603117952391306,False,False
2314102,CE,Nordeste,87.03,0.17588489758361345,False,False
3126703,MG,Sudeste,61.63,0.17585954640133317,False,False
2506509,PB,Nordeste,93.53,0.17581919759634354,False,False
4125753,PR,Sul,88.85,0.17571660695257627,False,False
1501451,PA,Norte,72.03,0.17568484749135846,False,False
2609204,PE,Nordeste,81.54,0.17567182053428904,False,False
5100300,MT,Centro-Oeste,83.69,0.1756404351906258,False,False
2507705,PB,Nordeste,66.42,0.17553893514396995,False,False
4112959,PR,Sul,73.4,0.17546757465138765,False,False
3111408,MG,Sudeste,56.14,0.17538180302237746,False,False
2206696,PI,Nordeste,97.78,0.17522135174117226,False,False
3543204,SP,Sudeste,93.72,0.17515767924970632,False,False
2206654,PI,Nordeste,100.0,0.17508195980904956,False,False
2931350,BA,Nordeste,61.49,0.1749813779475608,False,False
1303908,AM,Norte,55.15,0.17496588644700992,False,False
3159209,MG,Sudeste,91.67,0.17496512348814727,False,False
3115359,MG,Sudeste,88.18,0.17495669613238007,False,False
2500775,PB,Nordeste,100.0,0.17488828685233518,False,False
3302908,RJ,Sudeste,79.06,0.17487922843046214,False,False
4126801,PR,Sul,80.83,0.1748276868610257,False,False
2206050,PI,Nordeste,89.17,0.17481838277636938,False,False
3169356,MG,Sudeste,78.38,0.17480768040327488,False,False
3203700,ES,Sudeste,92.6,0.1747563305056661,False,False
4111506,PR,Sul,82.77,0.17472526980383835,False,False
2211605,PI,Nordeste,100.0,0.17455922202960386,False,False
5002209,MS,Centro-Oeste,63.16,0.17441130882284447,False,False
3169604,MG,Sudeste,59.16,0.17434390534931907,False,False
3109808,MG,Sudeste,90.0,0.1743151953493847,False,False
2806404,SE,Nordeste,46.98,0.17420964095057676,False,False
5208004,GO,Centro-Oeste,70.44,0.17400141846999206,False,False
4106852,PR,Sul,100.0,0.17387507972475194,False,False
5205059,GO,Centro-Oeste,84.21,0.17379552353662617,False,False
2508000,PB,Nordeste,86.78,0.17378491036712154,False,False
4122008,PR,Sul,94.26,0.17363774109336652,False,False
5107925,MT,Centro-Oeste,86.67,0.17359107293929119,False,False
4103156,PR,Sul,100.0,0.17352035951203693,False,False
5106281,MT,Centro-Oeste,66.74,0.17327505585787464,False,False
4121703,PR,Sul,86.4,0.17325144251879315,False,False
3141603,MG,Sudeste,93.14,0.17319583492502544,False,False
3111705,MG,Sudeste,96.97,0.17315464393568722,False,False
3159357,MG,Sudeste,75.5,0.1731047636431603,False,False
3126000,MG,Sudeste,85.82,0.17303887267633564,False,False
4106555,PR,Sul,97.88,0.17301361943483226,False,False
2110005,MA,Nordeste,67.09,0.17277648064325424,False,False
4108106,PR,Sul,97.21,0.17258475893985234,False,False
2304459,CE,Nordeste,88.64,0.17253591159906373,False,False
2200459,PI,Nordeste,78.66,0.17252442563651219,False,False
3115805,MG,Sudeste,88.9,0.17250473208720227,False,False
3142304,MG,Sudeste,64.13,0.17248222116612805,False,False
3122207,MG,Sudeste,82.4,0.17241410610771551,False,False
3128204,MG,Sudeste,90.91,0.17241380111492932,False,False
3540259,SP,Sudeste,74.17,0.17241358807853377,False,False
3301157,RJ,Sudeste,53.96,0.1721414806122128,False,False
3204005,ES,Sudeste,90.23,0.1721196872016632,False,False
3160900,MG,Sudeste,89.93,0.17207536985334845,False,False
1710904,TO,Norte,51.02,0.17196931677523788,False,False
5107792,MT,Centro-Oeste,85.67,0.17194194402811644,False,False
2202133,PI,Nordeste,96.88,0.17190234636235477,False,False
3170206,MG,Sudeste,66.57,0.1718922339425001,False,False
5211305,GO,Centro-Oeste,76.06,0.17165627397135544,False,False
2510659,PB,Nordeste,100.0,0.17160193658896725,False,False
2609105,PE,Nordeste,93.36,0.17160053736111205,False,False
5200100,GO,Centro-Oeste,81.97,0.1714544656959804,False,False
4210704,SC,Sul,67.98,0.17141900586092682,False,False
4110904,PR,Sul,70.84,0.17141754037827586,False,False
4115507,PR,Sul,79.97,0.17132796961079455,False,False
3121704,MG,Sudeste,96.8,0.17124106268318395,False,False
2102101,MA,Nordeste,65.26,0.1712360138269027,False,False
2504033,PB,Nordeste,70.59,0.17119636632208007,False,False
1100296,RO,Norte,94.7,0.17119309375229813,False,False
3536570,SP,Sudeste,70.83,0.17099348583886598,False,False
2206951,PI,Nordeste,95.56,0.17087784170185966,False,False
4128658,PR,Sul,88.42,0.17079872354354114,False,False
1501204,PA,Norte,52.09,0.17058668066258212,False,False
5007109,MS,Centro-Oeste,49.81,0.17055403435254168,False,False
1302207,AM,Norte,61.55,0.17051880680385467,False,False
3172004,MG,Sudeste,41.64,0.17039044339871812,False,False
2605400,PE,Nordeste,89.69,0.17034382040369916,False,False
3145372,MG,Sudeste,83.67,0.17032414752748107,False,False
2202091,PI,Nordeste,100.0,0.17012918765575236,False,False
5104104,MT,Centro-Oeste,69.15,0.17009000213794315,False,False
3156700,MG,Sudeste,71.51,0.17002906247686936,False,False
3100203,MG,Sudeste,66.96,0.16996886027318606,False,False
1500305,PA,Norte,52.94,0.16986972221893615,False,False
2110856,MA,Nordeste,76.82,0.16983200310735214,False,False
3137502,MG,Sudeste,82.28,0.16974767591495749,False,False
2202083,PI,Nordeste,93.46,0.16965989431493658,False,False
2109304,MA,Nordeste,67.9,0.16945733413557337,False,False
4108700,PR,Sul,89.01,0.16939470130362438,False,False
2902906,BA,Nordeste,52.15,0.16937748570767266,False,False
3147501,MG,Sudeste,100.0,0.16937175202061017,False,False
3145356,MG,Sudeste,63.81,0.16928127376414867,False,False
4124509,PR,Sul,96.08,0.16927882268401637,False,False
3544707,SP,Sudeste,88.57,0.16922568752860598,False,False
2309607,CE,Nordeste,87.37,0.16911741657489182,False,False
3304151,RJ,Sudeste,75.88,0.16910339387682927,False,False
4112207,PR,Sul,93.14,0.16906216274760055,False,False
2101970,MA,Nordeste,89.9,0.16899401500545794,False,False
2908606,BA,Nordeste,54.56,0.16890816362519498,False,False
3157005,MG,Sudeste,85.24,0.16877271789149415,False,False
2103802,MA,Nordeste,60.8,0.1687407686033638,False,False
3148202,MG,Sudeste,86.5,0.16849276709779976,False,False
2515807,PB,Nordeste,96.02,0.16848265887913555,False,False
4102406,PR,Sul,86.63,0.16845755136631616,False,False
3526308,SP,Sudeste,77.16,0.16842209477062903,False,False
5206206,GO,Centro-Oeste,74.92,0.16841301835837866,False,False
3204906,ES,Sudeste,73.76,0.16837549011088312,False,False
3164704,MG,Sudeste,77.18,0.1683563534158956,False,False
2205516,PI,Nordeste,87.68,0.16827258014019222,False,False
2802502,SE,Nordeste,39.6,0.1682105714187813,False,False
4213401,SC,Sul,71.08,0.16781004927829854,False,False
2920502,BA,Nordeste,62.77,0.16751494964188776,False,False
3114303,MG,Sudeste,80.71,0.16747827949457886,False,False
2206506,PI,Nordeste,89.83,0.16728479930391552,False,False
2930402,BA,Nordeste,47.95,0.1670847949576217,False,False
4122503,PR,Sul,97.55,0.16703833529509174,False,False
4103107,PR,Sul,69.42,0.16692808278967775,False,False
5207352,GO,Centro-Oeste,81.86,0.16685411525570623,False,False
2616506,PE,Nordeste,73.69,0.16683906237571985,False,False
2512754,PB,Nordeste,60.05,0.16680833050964028,False,False
2112902,MA,Nordeste,64.53,0.16678154615301322,False,False
4113403,PR,Sul,91.46,0.16673930340792537,False,False
4107504,PR,Sul,92.25,0.1666278286798282,False,False
2509503,PB,Nordeste,78.09,0.16662235352321347,False,False
4126702,PR,Sul,85.01,0.16653164964993525,False,False
2802809,SE,Nordeste,54.62,0.16651695325068552,False,False
5005400,MS,Centro-Oeste,55.97,0.16646549439899613,False,False
3135357,MG,Sudeste,88.24,0.1663119261935056,False,False
2209971,PI,Nordeste,98.4,0.16630515887628278,False,False
2508554,PB,Nordeste,97.15,0.1662861651992851,False,False
3143153,MG,Sudeste,93.33,0.16626818962473072,False,False
5217302,GO,Centro-Oeste,75.66,0.16620106230674328,False,False
2923001,BA,Nordeste,64.65,0.16606103034912512,False,False
4100608,PR,Sul,88.77,0.16601881287735748,False,False
3160959,MG,Sudeste,92.62,0.16600220066658772,False,False
4114104,PR,Sul,71.6,0.1659436223861304,False,False
3515129,SP,Sudeste,82.76,0.16590133476237662,False,False
4120606,PR,Sul,88.88,0.1657928071492622,False,False
1713304,TO,Norte,64.82,0.16553966658830072,False,False
3106606,MG,Sudeste,74.81,0.1655371276116582,False,False
3164902,MG,Sudeste,87.77,0.16547682335149944,False,False
2920452,BA,Nordeste,46.37,0.165452849741656,False,False
2918100,BA,Nordeste,43.85,0.16539013930318522,False,False
2513802,PB,Nordeste,96.72,0.1652841487846703,False,False
3150703,MG,Sudeste,76.2,0.16512800087701807,False,False
1304104,AM,Norte,72.26,0.1650934249330574,False,False
3106408,MG,Sudeste,97.98,0.1649637132261081,False,False
3143807,MG,Sudeste,95.1,0.16481654645186733,False,False
2708709,AL,Nordeste,50.23,0.16464500154135428,False,False
4121752,PR,Sul,90.1,0.16461873617948367,False,False
5000856,MS,Centro-Oeste,88.05,0.16458699251111522,False,False
2608602,PE,Nordeste,89.48,0.16450509123612223,False,False
1504901,PA,Norte,61.41,0.16448875756763737,False,False
2207355,PI,Nordeste,88.89,0.16440215295484423,False,False
3305158,RJ,Sudeste,81.54,0.1643363119364068,False,False
2512747,PB,Nordeste,83.29,0.16429398368942294,False,False
2602506,PE,Nordeste,86.62,0.1642853301496616,False,False
2929057,BA,Nordeste,63.83,0.1641783268666082,False,False
3144300,MG,Sudeste,67.46,0.16415435465516923,False,False
2707701,AL,Nordeste,52.06,0.1640020723076903,False,False
2706604,AL,Nordeste,52.74,0.16396888388933842,False,False
4106803,PR,Sul,95.51,0.16392250161182886,False,False
4104055,PR,Sul,89.17,0.16384012250654925,False,False
3130556,MG,Sudeste,98.17,0.16381389820148684,False,False
4117800,PR,Sul,90.8,0.16376992641949265,False,False
2927200,BA,Nordeste,52.8,0.16376539603007373,False,False
5221304,GO,Centro-Oeste,96.76,0.16375164029823142,False,False
3119609,MG,Sudeste,48.21,0.1635938089424233,False,False
3157658,MG,Sudeste,73.98,0.16348763742146769,False,False
2107209,MA,Nordeste,72.62,0.163273935815892,False,False
2207405,PI,Nordeste,100.0,0.16323807921498018,False,False
2933406,BA,Nordeste,64.36,0.16322518948837283,False,False
2906402,BA,Nordeste,47.44,0.16290553509746958,False,False
3138682,MG,Sudeste,68.75,0.16289425570293292,False,False
2912004,BA,Nordeste,84.0,0.16286466419515552,False,False
1100940,RO,Norte,88.93,0.1628567870510434,False,False
2512077,PB,Nordeste,73.57,0.16247472539070584,False,False
2206803,PI,Nordeste,77.64,0.16246378458017904,False,False
3200102,ES,Sudeste,94.5,0.16229991818190645,False,False
3151800,MG,Sudeste,81.97,0.16227768855533853,False,False
4122602,PR,Sul,89.13,0.1621221283888853,False,False
2610509,PE,Nordeste,84.81,0.1620573330191853,False,False
3525409,SP,Sudeste,79.94,0.16195371494195632,False,False
2512507,PB,Nordeste,96.37,0.16186492729687119,False,False
2208551,PI,Nordeste,100.0,0.16181627124457273,False,False
3163904,MG,Sudeste,88.21,0.1618157623314242,False,False
2930600,BA,Nordeste,49.1,0.16174161040235235,False,False
5003801,MS,Centro-Oeste,68.71,0.16159234439525394,False,False
4127304,PR,Sul,76.62,0.16157749247848824,False,False
3161056,MG,Sudeste,85.67,0.16148172908073663,False,False
2607000,PE,Nordeste,82.57,0.16145709056822655,False,False
4119251,PR,Sul,100.0,0.16144137539535755,False,False
2109007,MA,Nordeste,85.33,0.16138034148062402,False,False
4113254,PR,Sul,58.86,0.16133499361468984,False,False
2515104,PB,Nordeste,76.24,0.16131981532609618,False,False
1716505,TO,Norte,64.68,0.161304815805228,False,False
2802700,SE,Nordeste,55.93,0.1612593280170777,False,False
3145877,MG,Sudeste,78.3,0.16108885296039338,False,False
2909307,BA,Nordeste,51.15,0.16108746229708004,False,False
4123105,PR,Sul,100.0,0.16105585888828947,False,False
2601508,PE,Nordeste,83.12,0.16105271445036765,False,False
1101203,RO,Norte,84.09,0.16079054870491455,False,False
2926202,BA,Nordeste,54.27,0.16077663463705033,False,False
1710508,TO,Norte,84.42,0.16071379704188699,False,False
1100601,RO,Norte,90.07,0.16060242813298417,False,False
2515930,PB,Nordeste,66.75,0.16054830904465173,False,False
2500502,PB,Nordeste,70.04,0.16050219718385192,False,False
2927705,BA,Nordeste,53.7,0.1604169311283436,False,False
2512606,PB,Nordeste,100.0,0.16029338670196822,False,False
4123402,PR,Sul,84.46,0.16028702129642566,False,False
3114501,MG,Sudeste,88.08,0.16026387166623468,False,False
2508802,PB,Nordeste,83.1,0.16022884954957956,False,False
3131802,MG,Sudeste,82.44,0.16019110359204872,False,False
2201903,PI,Nordeste,100.0,0.16010166526714917,False,False
2805505,SE,Nordeste,47.72,0.16009700323467954,False,False
4103479,PR,Sul,76.91,0.1600939413890094,False,False
2504108,PB,Nordeste,90.97,0.15988784425594324,False,False
4125803,PR,Sul,91.61,0.15984744905130033,False,False
4101051,PR,Sul,91.3,0.1598461814495873,False,False
2600104,PE,Nordeste,85.05,0.1595783091106483,False,False
3162658,MG,Sudeste,88.24,0.15956650759483448,False,False
3200706,ES,Sudeste,81.05,0.15953763852977276,False,False
1501576,PA,Norte,71.68,0.15952607385517145,False,False
3105301,MG,Sudeste,97.53,0.15944463828659305,False,False
2210409,PI,Nordeste,96.27,0.1592862488284767,False,False
1501253,PA,Norte,57.63,0.15928603618737752,False,False
3149804,MG,Sudeste,85.93,0.15927552872375972,False,False
3162401,MG,Sudeste,84.07,0.15924072319789648,False,False
2604155,PE,Nordeste,95.24,0.15906692702568015,False,False
3204351,ES,Sudeste,83.29,0.15904569988354492,False,False
3202702,ES,Sudeste,85.0,0.15900979150025468,False,False
5209291,GO,Centro-Oeste,82.67,0.15893305538729444,False,False
3138609,MG,Sudeste,63.47,0.1588344067930226,False,False
5212105,GO,Centro-Oeste,70.57,0.15882625082847818,False,False
3100807,MG,Sudeste,89.63,0.1586221059871049,False,False
2508307,PB,Nordeste,79.17,0.15859502246205642,False,False
3108800,MG,Sudeste,93.33,0.15851693958147606,False,False
2110302,MA,Nordeste,74.94,0.15846601100191207,False,False
5206305,GO,Centro-Oeste,84.16,0.15838128735959656,False,False
2603405,PE,Nordeste,94.64,0.1582711332269914,False,False
5207535,GO,Centro-Oeste,78.58,0.15814152877354776,False,False
1504950,PA,Norte,62.33,0.15803917426781344,False,False
3200169,ES,Sudeste,88.62,0.15803514705104454,False,False
3128303,MG,Sudeste,59.72,0.1579802570411528,False,False
1508357,PA,Norte,80.11,0.15785197905570925,False,False
2504603,PB,Nordeste,90.53,0.15781624569885094,False,False
3304409,RJ,Sudeste,76.82,0.1576385719125628,False,False
2207108,PI,Nordeste,95.0,0.15747828278421622,False,False
1500131,PA,Norte,83.17,0.15731720063031843,False,False
3516804,SP,Sudeste,81.75,0.15730911916028884,False,False
2918001,BA,Nordeste,52.32,0.1572864577685129,False,False
2517209,PB,Nordeste,95.15,0.15710462502539033,False,False
2207207,PI,Nordeste,96.67,0.15707821585248044,False,False
5219407,GO,Centro-Oeste,85.73,0.15702896956805543,False,False
3170057,MG,Sudeste,82.42,0.15698572863484855,False,False
3123700,MG,Sudeste,73.92,0.1569439485557239,False,False
3203056,ES,Sudeste,81.02,0.15689764964559896,False,False
2509909,PB,Nordeste,81.71,0.15689062717575433,False,False
2210706,PI,Nordeste,90.54,0.15686982592407223,False,False
2301000,CE,Nordeste,86.63,0.15685313738902085,False,False
3300902,RJ,Sudeste,82.34,0.15667621268759838,False,False
3143302,MG,Sudeste,75.4,0.15649473228364924,False,False
5104526,MT,Centro-Oeste,83.58,0.15649000479021738,False,False
4100509,PR,Sul,91.25,0.15645944028343797,False,False
2930204,BA,Nordeste,44.05,0.15643430703578326,False,False
5000807,MS,Centro-Oeste,74.99,0.15635970021517223,False,False
1101484,RO,Norte,84.3,0.1563371846790057,False,False
2505907,PB,Nordeste,87.76,0.15630445667801124,False,False
2931509,BA,Nordeste,44.51,0.15628581239765682,False,False
5213707,GO,Centro-Oeste,83.99,0.15588779055325694,False,False
4107157,PR,Sul,83.82,0.1557510397867775,False,False
3136652,MG,Sudeste,68.37,0.15572155356204154,False,False
3147956,MG,Sudeste,96.43,0.1556812420704148,False,False
2605004,PE,Nordeste,90.02,0.1556250747028529,False,False
3149200,MG,Sudeste,82.5,0.1555087251315229,False,False
2102903,MA,Nordeste,71.29,0.1554913736331168,False,False
3155009,MG,Sudeste,100.0,0.15525930856676598,False,False
3119955,MG,Sudeste,98.34,0.15523206595639222,False,False
3104007,MG,Sudeste,85.42,0.15520352597923653,False,False
3202306,ES,Sudeste,82.76,0.15519243853582484,False,False
1101401,RO,Norte,79.62,0.1551733656290426,False,False
2403004,RN,Nordeste,64.52,0.1550821470662404,False,False
3146305,MG,Sudeste,67.6,0.15492505899320158,False,False
2104602,MA,Nordeste,74.83,0.154793245534311,False,False
2702108,AL,Nordeste,98.9,0.15477088978028647,False,False
2613305,PE,Nordeste,85.78,0.1547120980093643,False,False
4107124,PR,Sul,100.0,0.15462089239198012,False,False
2101301,MA,Nordeste,87.89,0.1545978358070853,False,False
2803708,SE,Nordeste,57.9,0.15456359356145435,False,False
2930709,BA,Nordeste,57.44,0.15453536781909885,False,False
5210158,GO,Centro-Oeste,100.0,0.15442427498632658,False,False
4116802,PR,Sul,95.45,0.15438021163109394,False,False
2923407,BA,Nordeste,58.6,0.15437361602376407,False,False
2103257,MA,Nordeste,87.47,0.15432000609580668,False,False
2112209,MA,Nordeste,76.33,0.15421046584100348,False,False
2508505,PB,Nordeste,84.73,0.1541913519988701,False,False
2515609,PB,Nordeste,85.55,0.15392229462395512,False,False
3528304,SP,Sudeste,96.67,0.15366011813756478,False,False
3136801,MG,Sudeste,81.88,0.15359904922495377,False,False
3300159,RJ,Sudeste,75.2,0.1535695286699369,False,False
2919702,BA,Nordeste,61.38,0.15355035836930855,False,False
2301109,CE,Nordeste,86.79,0.15334176043359796,False,False
3204252,ES,Sudeste,90.87,0.15332500535078197,False,False
3135001,MG,Sudeste,53.62,0.15319510439988476,False,False
4127809,PR,Sul,91.41,0.15309342160733164,False,False
4122651,PR,Sul,95.04,0.15306899959199882,False,False
3105202,MG,Sudeste,87.1,0.15299760630715845,False,False
2107407,MA,Nordeste,69.51,0.15299094692262527,False,False
4110953,PR,Sul,89.62,0.15294834301572294,False,False
2516805,PB,Nordeste,92.03,0.15293023259334737,False,False
4126306,PR,Sul,91.78,0.1528742478758098,False,False
1508126,PA,Norte,80.68,0.15282151860063473,False,False
3202603,ES,Sudeste,87.7,0.15276694010458405,False,False
2605608,PE,Nordeste,89.78,0.15275176612921731,False,False
3116803,MG,Sudeste,81.36,0.15270253271814752,False,False
5204409,GO,Centro-Oeste,82.96,0.15259209093237106,False,False
3113107,MG,Sudeste,92.31,0.15242488653277902,False,False
3303856,RJ,Sudeste,81.04,0.152298601549683,False,False
1600535,AP,Norte,74.5,0.15227509936754027,False,False
2405405,RN,Nordeste,39.53,0.15220828282653293,False,False
2204303,PI,Nordeste,100.0,0.15213747745474449,False,False
2902708,BA,Nordeste,43.97,0.1520376175310235,False,False
1100379,RO,Norte,87.9,0.1520349619947688,False,False
2701407,AL,Nordeste,84.08,0.1520306694971196,False,False
3203007,ES,Sudeste,78.19,0.15193024442751432,False,False
5008008,MS,Centro-Oeste,82.48,0.15192370835257715,False,False
4121208,PR,Sul,91.66,0.15188736746523157,False,False
2506004,PB,Nordeste,88.47,0.15181756665703852,False,False
2211704,PI,Nordeste,93.33,0.1517791230022056,False,False
4104428,PR,Sul,83.61,0.15174655688876063,False,False
3144607,MG,Sudeste,70.92,0.15169780445996922,False,False
3140209,MG,Sudeste,87.29,0.15156996398323483,False,False
2615102,PE,Nordeste,94.44,0.15156949895571423,False,False
3171303,MG,Sudeste,75.03,0.1514746101785529,False,False
2616001,PE,Nordeste,64.45,0.15140625608105351,False,False
3129608,MG,Sudeste,72.73,0.15137232674500486,False,False
2112233,MA,Nordeste,89.2,0.15134947607919383,False,False
3105004,MG,Sudeste,88.98,0.1513261891236553,False,False
3521101,SP,Sudeste,73.67,0.15110138274953175,False,False
2701506,AL,Nordeste,72.29,0.15107539735231584,False,False
3168903,MG,Sudeste,76.88,0.15084807136702003,False,False
4111308,PR,Sul,88.81,0.15080223866164574,False,False
4113429,PR,Sul,89.15,0.15078407662118024,False,False
2203701,PI,Nordeste,85.16,0.15073275520043333,False,False
2517100,PB,Nordeste,91.3,0.1507276932876039,False,False
2210391,PI,Nordeste,90.83,0.15054642667128584,False,False
2505279,PB,Nordeste,74.41,0.15053395059111188,False,False
1600808,AP,Norte,49.25,0.15049364271517238,False,False
2507309,PB,Nordeste,53.02,0.150457667095018,False,False
2102754,MA,Nordeste,87.08,0.15033645349134997,False,False
2504355,PB,Nordeste,85.85,0.1502269292115752,False,False
2411908,RN,Nordeste,84.13,0.1501618310903623,False,False
1101450,RO,Norte,82.45,0.15007903514934365,False,False
2200277,PI,Nordeste,87.29,0.15005795059260707,False,False
3101300,MG,Sudeste,90.32,0.1500106473778101,False,False
3125507,MG,Sudeste,100.0,0.14991546386332769,False,False
2506905,PB,Nordeste,47.73,0.14989509595739517,False,False
2105906,MA,Nordeste,73.26,0.1498639477724371,False,False
5107750,MT,Centro-Oeste,94.44,0.14984384605964016,False,False
3130903,MG,Sudeste,83.51,0.14982199733954168,False,False
1720002,TO,Norte,84.62,0.1496034461798982,False,False
3205150,ES,Sudeste,90.45,0.14955051154543172,False,False
2511202,PB,Nordeste,57.26,0.14951481556233995,False,False
1100189,RO,Norte,82.34,0.14944750521869474,False,False
3123908,MG,Sudeste,89.88,0.14941236470711003,False,False
2203305,PI,Nordeste,100.0,0.14932105686763703,False,False
3164407,MG,Sudeste,98.61,0.14928763358427918,False,False
3125952,MG,Sudeste,84.04,0.14907671276692205,False,False
3126109,MG,Sudeste,84.33,0.14906573363318598,False,False
3150505,MG,Sudeste,86.04,0.1490283948565335,False,False
2112308,MA,Nordeste,63.49,0.14900153107374928,False,False
1504059,PA,Norte,61.55,0.1489504348564158,False,False
1708254,TO,Norte,65.46,0.14893987976903858,False,False
2406205,RN,Nordeste,29.81,0.14888120717633463,False,False
3103801,MG,Sudeste,96.77,0.14879194624683761,False,False
2210375,PI,Nordeste,79.17,0.14877673546387588,False,False
2106706,MA,Nordeste,61.62,0.1486512488694697,False,False
4127965,PR,Sul,91.76,0.14863544545363205,False,False
2101806,MA,Nordeste,84.33,0.14850568625181357,False,False
3168002,MG,Sudeste,86.36,0.14834204533573198,False,False
3109402,MG,Sudeste,59.83,0.14833762361518757,False,False
4112751,PR,Sul,90.83,0.14831934641650255,False,False
2705309,AL,Nordeste,48.38,0.14825423248276534,False,False
2500106,PB,Nordeste,91.99,0.14816594745520165,False,False
3163805,MG,Sudeste,91.64,0.14803003471064555,False,False
2911907,BA,Nordeste,39.91,0.14783945688411834,False,False
2922003,BA,Nordeste,61.24,0.14767432277447134,False,False
2111631,MA,Nordeste,72.36,0.1475955679440077,False,False
2104008,MA,Nordeste,86.81,0.14750514249348098,False,False
2508604,PB,Nordeste,69.91,0.14746867881903875,False,False
4103602,PR,Sul,76.62,0.14745344621565082,False,False
1100320,RO,Norte,85.43,0.14739794218803964,False,False
2515005,PB,Nordeste,95.19,0.14738796882214,False,False
2503407,PB,Nordeste,93.55,0.14734011976166228,False,False
2614402,PE,Nordeste,93.42,0.1472053357316291,False,False
3133758,MG,Sudeste,88.88,0.14697654674660113,False,False
3145109,MG,Sudeste,86.77,0.14692873313664404,False,False
3165008,MG,Sudeste,92.9,0.14689239489771896,False,False
5204805,GO,Centro-Oeste,83.95,0.14688490961944312,False,False
5204250,GO,Centro-Oeste,75.46,0.14686428154690404,False,False
5107198,MT,Centro-Oeste,66.65,0.14676704809562083,False,False
3112109,MG,Sudeste,83.98,0.14676180836445588,False,False
2614204,PE,Nordeste,73.83,0.14674492926572483,False,False
3143401,MG,Sudeste,85.24,0.14669960559584144,False,False
3139250,MG,Sudeste,62.19,0.14669946044163956,False,False
2603926,PE,Nordeste,100.0,0.14662572908980956,False,False
2209856,PI,Nordeste,100.0,0.14661053005203417,False,False
2208858,PI,Nordeste,100.0,0.1466022117403309,False,False
2505600,PB,Nordeste,46.65,0.1466003095237442,False,False
2206407,PI,Nordeste,73.44,0.14659733144812392,False,False
2407005,RN,Nordeste,49.15,0.1465662136034149,False,False
2513984,PB,Nordeste,100.0,0.146480233732547,False,False
2400901,RN,Nordeste,48.0,0.14647739040424895,False,False
5100201,MT,Centro-Oeste,90.68,0.14647264830350334,False,False
2406403,RN,Nordeste,59.26,0.14647065052208796,False,False
2932903,BA,Nordeste,46.74,0.14637516775932954,False,False
2805307,SE,Nordeste,48.09,0.14635087521950593,False,False
3125101,MG,Sudeste,74.91,0.14620306062638277,False,False
2611507,PE,Nordeste,62.58,0.1460433655224686,False,False
2606507,PE,Nordeste,78.66,0.1460321273990134,False,False
2101772,MA,Nordeste,75.03,0.14597096821704553,False,False
2200400,PI,Nordeste,91.23,0.14595170063415785,False,False
1507300,PA,Norte,46.51,0.14594810094165492,False,False
1304203,AM,Norte,50.64,0.14581442771672828,False,False
1301159,AM,Norte,57.68,0.14569695315337935,False,False
2108306,MA,Nordeste,78.48,0.14566066662270194,False,False
1200500,AC,Norte,77.18,0.14563267443403946,False,False
5107354,MT,Centro-Oeste,65.68,0.14563100968286033,False,False
2101707,MA,Nordeste,82.19,0.14562209263891399,False,False
3122504,MG,Sudeste,87.1,0.14551532156612002,False,False
1200427,AC,Norte,67.07,0.14550231984382633,False,False
5208152,GO,Centro-Oeste,94.65,0.14545351879705065,False,False
2512721,PB,Nordeste,70.45,0.14542406241810274,False,False
3108008,MG,Sudeste,80.64,0.14540550058036525,False,False
1101492,RO,Norte,86.03,0.1452637668394514,False,False
2509396,PB,Nordeste,85.81,0.14525497721267291,False,False
5212303,GO,Centro-Oeste,89.33,0.1451334546914418,False,False
3161205,MG,Sudeste,89.97,0.14504893823112242,False,False
2202653,PI,Nordeste,83.61,0.14492541826124325,False,False
3164803,MG,Sudeste,100.0,0.14482342784648594,False,False
1707207,TO,Norte,64.19,0.14455755893709143,False,False
3144201,MG,Sudeste,85.56,0.1445490280375755,False,False
1700251,TO,Norte,89.7,0.14444482811208806,False,False
2608453,PE,Nordeste,63.8,0.14438619665445096,False,False
3164100,MG,Sudeste,86.17,0.14432976187402555,False,False
1101435,RO,Norte,87.71,0.14431232341315345,False,False
2203206,PI,Nordeste,98.61,0.1441899938595455,False,False
3150158,MG,Sudeste,82.91,0.14415817235531717,False,False
5201207,GO,Centro-Oeste,85.71,0.14415087901917215,False,False
2102705,MA,Nordeste,74.8,0.144147143520674,False,False
1101500,RO,Norte,81.51,0.14409455586055317,False,False
4111407,PR,Sul,91.25,0.14406037013681894,False,False
5106190,MT,Centro-Oeste,95.48,0.14399983956646498,False,False
2412559,RN,Nordeste,43.39,0.14399624921365783,False,False
2102374,MA,Nordeste,75.34,0.14397695633539168,False,False
2307007,CE,Nordeste,86.26,0.1437386741696341,False,False
2209955,PI,Nordeste,93.18,0.1437350420393994,False,False
2610905,PE,Nordeste,69.62,0.14348944291409904,False,False
2202455,PI,Nordeste,90.0,0.14338960812936108,False,False
2100501,MA,Nordeste,80.35,0.14337039326051285,False,False
2103000,MA,Nordeste,61.08,0.1432762503896926,False,False
1505650,PA,Norte,69.95,0.14327271920638143,False,False
1720937,TO,Norte,82.14,0.14313618876540066,False,False
2611533,PE,Nordeste,97.5,0.14308530999569616,False,False
2306405,CE,Nordeste,88.17,0.14306999413028126,False,False
2507804,PB,Nordeste,84.71,0.143003151826997,False,False
3203163,ES,Sudeste,96.36,0.14296227663192143,False,False
3204658,ES,Sudeste,94.48,0.14291480772516343,False,False
5207105,GO,Centro-Oeste,93.51,0.14288833570067105,False,False
5106240,MT,Centro-Oeste,84.77,0.1428845330989753,False,False
3515806,SP,Sudeste,71.43,0.1428653432189519,False,False
2708303,AL,Nordeste,100.0,0.14286035714175158,False,False
2502003,PB,Nordeste,72.03,0.14285011539493828,False,False
1712009,TO,Norte,60.15,0.14283507366995732,False,False
3153905,MG,Sudeste,67.57,0.14283316647561609,False,False
3147600,MG,Sudeste,92.22,0.1427755692037775,False,False
2515401,PB,Nordeste,78.93,0.1426761498990907,False,False
3168101,MG,Sudeste,76.52,0.14249274504105322,False,False
2413508,RN,Nordeste,69.16,0.14245905983161594,False,False
1100155,RO,Norte,86.25,0.14239100044393943,False,False
1505635,PA,Norte,80.68,0.1423879677852198,False,False
4113601,PR,Sul,87.12,0.14225023260274758,False,False
2103406,MA,Nordeste,90.35,0.14224170248024787,False,False
5008305,MS,Centro-Oeste,80.95,0.14218153446595025,False,False
4122909,PR,Sul,80.61,0.1420739467891764,False,False
4118857,PR,Sul,74.96,0.14203659154896592,False,False
2910800,BA,Nordeste,48.66,0.14194710777016753,False,False
2111052,MA,Nordeste,57.02,0.14193489243111712,False,False
2918308,BA,Nordeste,43.19,0.14186688017109944,False,False
3540101,SP,Sudeste,100.0,0.14186059343873153,False,False
2412401,RN,Nordeste,57.66,0.14173471308942961,False,False
2607752,PE,Nordeste,87.6,0.14172795227872168,False,False
2920106,BA,Nordeste,56.32,0.14169571749018234,False,False
3161106,MG,Sudeste,67.11,0.14163024470202445,False,False
2210979,PI,Nordeste,76.47,0.14157010664617561,False,False
3152709,MG,Sudeste,93.02,0.1415486280841846,False,False
3150901,MG,Sudeste,89.75,0.14148881234870173,False,False
3200136,ES,Sudeste,98.54,0.1414269899498655,False,False
2613206,PE,Nordeste,72.92,0.14139778594462668,False,False
5200852,GO,Centro-Oeste,79.35,0.14139506025155724,False,False
2507507,PB,Nordeste,65.56,0.14136797205096882,False,False
5101605,MT,Centro-Oeste,72.9,0.14133144062037198,False,False
2501534,PB,Nordeste,79.08,0.14130549559442307,False,False
3130705,MG,Sudeste,63.25,0.14126480992195617,False,False
2914109,BA,Nordeste,89.15,0.1412324944939247,False,False
2703205,AL,Nordeste,67.59,0.14118458574307677,False,False
2101939,MA,Nordeste,95.12,0.14117251254946572,False,False
2703304,AL,Nordeste,74.43,0.14115134866556397,False,False
1502152,PA,Norte,75.15,0.1411179961589771,False,False
2500205,PB,Nordeste,91.53,0.14102098570568128,False,False
3556958,SP,Sudeste,100.0,0.1410078930319277,False,False
2607950,PE,Nordeste,91.57,0.14085752118961162,False,False
3304508,RJ,Sudeste,76.11,0.1407719346800686,False,False
2109106,MA,Nordeste,67.43,0.14071440688109593,False,False
3127602,MG,Sudeste,92.52,0.14069691105201615,False,False
3170651,MG,Sudeste,78.86,0.14067405503745856,False,False
3126208,MG,Sudeste,81.52,0.14063249605453165,False,False
1501956,PA,Norte,69.29,0.1406184895539158,False,False
1504109,PA,Norte,75.69,0.14059596723893678,False,False
2408409,RN,Nordeste,47.65,0.14052986299971887,False,False
3515301,SP,Sudeste,90.91,0.14051957457179406,False,False
2702355,AL,Nordeste,63.62,0.1404617826148575,False,False
3161908,MG,Sudeste,89.57,0.14041421349980263,False,False
2400406,RN,Nordeste,51.12,0.14035875045324298,False,False
2502805,PB,Nordeste,75.95,0.14034268764045074,False,False
4119301,PR,Sul,75.64,0.14033634002208673,False,False
2206209,PI,Nordeste,57.46,0.1403152676998272,False,False
3116308,MG,Sudeste,90.91,0.14029056136865714,False,False
1300029,AM,Norte,67.85,0.14023023313303515,False,False
2109551,MA,Nordeste,72.26,0.14022943396942092,False,False
1600212,AP,Norte,85.39,0.14019347590384748,False,False
2703759,AL,Nordeste,91.65,0.13998392608039134,False,False
4111555,PR,Sul,90.84,0.13995639591405504,False,False
3121100,MG,Sudeste,80.91,0.1399402715674488,False,False
2804805,SE,Nordeste,39.14,0.1399248959521067,False,False
1505437,PA,Norte,67.8,0.1398637223270737,False,False
1507458,PA,Norte,64.41,0.13986311395188655,False,False
2702603,AL,Nordeste,57.23,0.13984942841488268,False,False
5212006,GO,Centro-Oeste,86.54,0.1398354540988602,False,False
3129509,MG,Sudeste,70.04,0.13981923050134326,False,False
3201407,ES,Sudeste,83.91,0.13975874602050609,False,False
5100607,MT,Centro-Oeste,94.32,0.1395778317359744,False,False
3172202,MG,Sudeste,93.73,0.13941812419695612,False,False
1502939,PA,Norte,80.51,0.13936443797262502,False,False
5200209,GO,Centro-Oeste,100.0,0.13918308185218853,False,False
2500403,PB,Nordeste,91.5,0.13917352155303586,False,False
4102109,PR,Sul,90.7,0.13913231920129182,False,False
2906501,BA,Nordeste,49.04,0.1391233318616766,False,False
2605806,PE,Nordeste,76.42,0.13905805481727973,False,False
2615201,PE,Nordeste,73.23,0.13904913416467868,False,False
4122156,PR,Sul,91.29,0.13903837665808383,False,False
2915809,BA,Nordeste,41.23,0.1390165427143591,False,False
5201108,GO,Centro-Oeste,80.58,0.1389562230348852,False,False
2610004,PE,Nordeste,59.69,0.13894702830805722,False,False
4112900,PR,Sul,84.91,0.1389357748427703,False,False
2911857,BA,Nordeste,48.99,0.13885609389238926,False,False
2500577,PB,Nordeste,80.07,0.13867527308689817,False,False
3148905,MG,Sudeste,97.06,0.13867463994722065,False,False
1503754,PA,Norte,47.21,0.13863227449560014,False,False
3150604,MG,Sudeste,82.79,0.13861393139398434,False,False
4107520,PR,Sul,77.78,0.13861111949924246,False,False
2806503,SE,Nordeste,52.33,0.13861005298570694,False,False
3204708,ES,Sudeste,87.46,0.13851086699626527,False,False
2112100,MA,Nordeste,69.9,0.13850333894131217,False,False
4100103,PR,Sul,87.87,0.138497334971357,False,False
3108305,MG,Sudeste,80.2,0.13840977089600584,False,False
5103700,MT,Centro-Oeste,82.11,0.13839251997749527,False,False
2704203,AL,Nordeste,58.78,0.13837072221836386,False,False
3204807,ES,Sudeste,88.25,0.1383299754693442,False,False
4105607,PR,Sul,92.41,0.13832784934811224,False,False
2804102,SE,Nordeste,62.74,0.1383011898349219,False,False
2800100,SE,Nordeste,63.29,0.1382889761216444,False,False
3168309,MG,Sudeste,81.84,0.13826535453935146,False,False
2503902,PB,Nordeste,86.34,0.13825412785584637,False,False
2610608,PE,Nordeste,75.52,0.13821667606431046,False,False
2514701,PB,Nordeste,87.87,0.13815000967118382,False,False
5002100,MS,Centro-Oeste,60.37,0.13808317518999966,False,False
2200202,PI,Nordeste,95.92,0.1380637460157324,False,False
3131000,MG,Sudeste,66.93,0.13799747690938458,False,False
4103958,PR,Sul,91.95,0.13798454216771394,False,False
2804458,SE,Nordeste,64.42,0.1378462216776081,False,False
2201176,PI,Nordeste,91.5,0.13771791727395477,False,False
5103957,MT,Centro-Oeste,97.62,0.13758058422637193,False,False
2709103,AL,Nordeste,60.68,0.13754580719838755,False,False
3201704,ES,Sudeste,86.81,0.1375100808048851,False,False
2925907,BA,Nordeste,54.74,0.13749913016749551,False,False
1301605,AM,Norte,52.3,0.13747666011456575,False,False
2610806,PE,Nordeste,63.5,0.13745405073303785,False,False
5105507,MT,Centro-Oeste,64.61,0.13736869925804948,False,False
2800308,SE,Nordeste,56.41,0.1373652211203755,False,False
2408607,RN,Nordeste,44.85,0.13736083487227216,False,False
2804409,SE,Nordeste,42.37,0.13730741200952767,False,False
2206753,PI,Nordeste,93.94,0.1372987925848948,False,False
3160603,MG,Sudeste,100.0,0.13726602326566503,False,False
4105102,PR,Sul,77.11,0.13720466645422327,False,False
2202711,PI,Nordeste,79.03,0.13714087288867127,False,False
3123403,MG,Sudeste,100.0,0.1371335797873127,False,False
2111805,MA,Nordeste,65.54,0.13709037407531174,False,False
2411106,RN,Nordeste,70.37,0.13708691090137257,False,False
1200013,AC,Norte,68.7,0.13706125465983418,False,False
2601706,PE,Nordeste,68.24,0.13699787732885516,False,False
2201705,PI,Nordeste,87.6,0.1369324784972286,False,False
2414753,RN,Nordeste,83.33,0.13690663901997588,False,False
3153301,MG,Sudeste,92.99,0.13689091920797097,False,False
2931053,BA,Nordeste,83.27,0.136881474947798,False,False
4116307,PR,Sul,71.43,0.13687467118890423,False,False
2205573,PI,Nordeste,85.37,0.1367961687705729,False,False
1504604,PA,Norte,56.71,0.13678943225498974,False,False
5217203,GO,Centro-Oeste,84.7,0.13675548057341358,False,False
2403301,RN,Nordeste,67.45,0.13670299633556796,False,False
1100254,RO,Norte,82.6,0.136695832315138,False,False
3167301,MG,Sudeste,96.67,0.136670192888367,False,False
3547007,SP,Sudeste,89.62,0.13665299808588574,False,False
2806800,SE,Nordeste,51.98,0.1366483804288204,False,False
2510303,PB,Nordeste,100.0,0.13651954365840105,False,False
2401503,RN,Nordeste,75.01,0.13649139166750596,False,False
3154200,MG,Sudeste,80.34,0.13648842110929216,False,False
3133808,MG,Sudeste,89.2,0.13646223048471473,False,False
2513927,PB,Nordeste,79.45,0.13640869651368906,False,False
2411700,RN,Nordeste,54.35,0.13627852494995873,False,False
3202405,ES,Sudeste,81.42,0.1362668956697438,False,False
2807402,SE,Nordeste,60.34,0.13626086698938905,False,False
2205524,PI,Nordeste,100.0,0.13623218758974076,False,False
2502201,PB,Nordeste,88.89,0.13618899696667927,False,False
2705804,AL,Nordeste,50.87,0.13613818730746552,False,False
3170750,MG,Sudeste,77.77,0.13589683283087584,False,False
4108650,PR,Sul,89.95,0.135880582836519,False,False
2505808,PB,Nordeste,95.45,0.13582361690509423,False,False
3116506,MG,Sudeste,86.67,0.13576797771424715,False,False
1304005,AM,Norte,57.71,0.13575792804657147,False,False
2500908,PB,Nordeste,80.85,0.13575603598306965,False,False
1506559,PA,Norte,81.15,0.13574153722513246,False,False
2203503,PI,Nordeste,88.04,0.1356996972718185,False,False
2208650,PI,Nordeste,92.31,0.13567103202329472,False,False
4117305,PR,Sul,82.22,0.1355908192738559,False,False
2919405,BA,Nordeste,99.16,0.13554451151250343,False,False
4111001,PR,Sul,89.07,0.13553858409505998,False,False
3205200,ES,Sudeste,79.89,0.13553713238478277,False,False
2502300,PB,Nordeste,87.96,0.13551684321541477,False,False
2203354,PI,Nordeste,56.92,0.13546896570456893,False,False
2205565,PI,Nordeste,85.31,0.13544599970311644,False,False
5214804,GO,Centro-Oeste,86.36,0.13542382095279634,False,False
4115903,PR,Sul,89.83,0.13535870647752388,False,False
3132008,MG,Sudeste,100.0,0.1352531639442765,False,False
1200336,AC,Norte,58.34,0.13523777616119123,False,False
3202652,ES,Sudeste,87.63,0.13523689351077245,False,False
5214903,GO,Centro-Oeste,73.61,0.13515405610157974,False,False
2509701,PB,Nordeste,86.39,0.13513817857283467,False,False
4101655,PR,Sul,81.61,0.13511499782585243,False,False
2104107,MA,Nordeste,84.96,0.13509843610173608,False,False
2201101,PI,Nordeste,86.12,0.13508232998782377,False,False
3170701,MG,Sudeste,69.43,0.1350328802895462,False,False
3147808,MG,Sudeste,84.06,0.13476964286031493,False,False
2209906,PI,Nordeste,96.92,0.13470493677776726,False,False
2502409,PB,Nordeste,62.83,0.13464471875763367,False,False
2301406,CE,Nordeste,87.27,0.1346390158060127,False,False
3152600,MG,Sudeste,92.17,0.13463322342941142,False,False
1507953,PA,Norte,56.13,0.13455454386296536,False,False
1703305,TO,Norte,45.65,0.13454303432622128,False,False
3205069,ES,Sudeste,89.6,0.1345121111886295,False,False
2918555,BA,Nordeste,52.37,0.13446273344444126,False,False
2515971,PB,Nordeste,86.74,0.13444030651803243,False,False
2801108,SE,Nordeste,64.44,0.1344295543525229,False,False
1300839,AM,Norte,49.41,0.13431365538067952,False,False
2401404,RN,Nordeste,47.04,0.13429617598818808,False,False
5108808,MT,Centro-Oeste,81.88,0.13426877951823174,False,False
2201988,PI,Nordeste,91.43,0.13423729131381643,False,False
3131109,MG,Sudeste,63.6,0.13423266841278295,False,False
3151008,MG,Sudeste,81.32,0.1341773859923618,False,False
2406601,RN,Nordeste,46.11,0.13406951176405787,False,False
2916005,BA,Nordeste,67.69,0.1340157992843673,False,False
3205309,ES,Sudeste,79.24,0.13391097634069546,False,False
2401206,RN,Nordeste,48.12,0.1338046854617746,False,False
3203106,ES,Sudeste,80.6,0.1337703577092826,False,False
2601904,PE,Nordeste,65.6,0.1337383765518423,False,False
1720804,TO,Norte,57.42,0.13371804635604556,False,False
2403806,RN,Nordeste,54.27,0.1336702064383851,False,False
1101559,RO,Norte,88.17,0.13365274987108902,False,False
2705101,AL,Nordeste,55.15,0.13362959202725833,False,False
3104908,MG,Sudeste,85.34,0.13351548264072713,False,False
2404200,RN,Nordeste,46.43,0.13345777457253874,False,False
3120607,MG,Sudeste,95.93,0.13343161578444498,False,False
3304706,RJ,Sudeste,81.37,0.13342209883949616,False,False
1101609,RO,Norte,86.26,0.13335544914019162,False,False
1304302,AM,Norte,84.91,0.1332698720665319,False,False
3126406,MG,Sudeste,84.87,0.13323319393828706,False,False
2209377,PI,Nordeste,88.44,0.1332002565543849,False,False
3162708,MG,Sudeste,95.5,0.13315160997593586,False,False
3124302,MG,Sudeste,83.0,0.13314658156553197,False,False
2105302,MA,Nordeste,60.08,0.13303190803673806,False,False
2803807,SE,Nordeste,65.52,0.13302345777960198,False,False
3145703,MG,Sudeste,92.31,0.13296663504605172,False,False
2203107,PI,Nordeste,100.0,0.13290330215055873,False,False
2205359,PI,Nordeste,91.89,0.13289821936369525,False,False
2310704,CE,Nordeste,86.72,0.13279139058916462,False,False
2806107,SE,Nordeste,58.91,0.13272815759321582,False,False
1503002,PA,Norte,68.83,0.13272310216368516,False,False
2414605,RN,Nordeste,50.85,0.13265917439703462,False,False
2612455,PE,Nordeste,90.91,0.13251811710862713,False,False
2104404,MA,Nordeste,82.42,0.1324927789337376,False,False
1504976,PA,Norte,66.98,0.13238101602239277,False,False
2612471,PE,Nordeste,92.85,0.13237679422247056,False,False
3203130,ES,Sudeste,79.65,0.1323562040990353,False,False
2404804,RN,Nordeste,64.29,0.132342315768962,False,False
1100031,RO,Norte,86.89,0.13223357736787597,False,False
2111300,MA,Nordeste,63.85,0.13217952637493907,False,False
2510501,PB,Nordeste,87.05,0.13217674072616709,False,False
2513604,PB,Nordeste,88.73,0.13217334850215487,False,False
3203353,ES,Sudeste,94.37,0.13215723696977225,False,False
2801702,SE,Nordeste,44.43,0.1321187946170042,False,False
5107883,MT,Centro-Oeste,84.38,0.13207757074148763,False,False
2900504,BA,Nordeste,91.46,0.13204518273500002,False,False
2509107,PB,Nordeste,65.73,0.1320167324491112,False,False
2708204,AL,Nordeste,77.25,0.131976037561553,False,False
5106158,MT,Centro-Oeste,88.65,0.13197548108758947,False,False
3200201,ES,Sudeste,75.2,0.13187108947940498,False,False
2516151,PB,Nordeste,96.0,0.1317686453981617,False,False
3123601,MG,Sudeste,72.83,0.1317603068516093,False,False
3203809,ES,Sudeste,74.37,0.13175915341840788,False,False
2501351,PB,Nordeste,78.24,0.13170683985530682,False,False
5203906,GO,Centro-Oeste,90.21,0.13169167620811326,False,False
2606903,PE,Nordeste,90.66,0.13164166977801783,False,False
5106299,MT,Centro-Oeste,93.44,0.13164083809041596,False,False
2705408,AL,Nordeste,89.25,0.13163608131825638,False,False
3203304,ES,Sudeste,97.09,0.13159377126178362,False,False
1502772,PA,Norte,79.23,0.13158848007002852,False,False
3205036,ES,Sudeste,82.42,0.1314219111680356,False,False
3110707,MG,Sudeste,82.72,0.13138937542001586,False,False
2503704,PB,Nordeste,68.6,0.1313655949173219,False,False
2613701,PE,Nordeste,60.31,0.13123720246504844,False,False
2504157,PB,Nordeste,81.98,0.13116994629302162,False,False
1100072,RO,Norte,91.15,0.13105917919503957,False,False
1703800,TO,Norte,60.7,0.13097332172326556,False,False
1505494,PA,Norte,56.18,0.130962915191411,False,False
2507606,PB,Nordeste,83.74,0.13092138572823717,False,False
2705200,AL,Nordeste,52.21,0.13086829351416354,False,False
3163508,MG,Sudeste,82.21,0.13083965762440658,False,False
2205409,PI,Nordeste,85.77,0.13079694430930863,False,False
3301876,RJ,Sudeste,78.1,0.1307580359915662,False,False
1100700,RO,Norte,81.15,0.1307215131317516,False,False
5106224,MT,Centro-Oeste,86.86,0.130718972065917,False,False
2402006,RN,Nordeste,53.46,0.13071344218882788,False,False
3300605,RJ,Sudeste,72.82,0.13064616760412903,False,False
2501708,PB,Nordeste,94.45,0.13054615151786636,False,False
2513406,PB,Nordeste,68.39,0.13052336174835888,False,False
5001102,MS,Centro-Oeste,78.94,0.13051064394873754,False,False
5215504,GO,Centro-Oeste,93.7,0.1304683638132173,False,False
3102852,MG,Sudeste,82.97,0.13045538385414981,False,False
5004601,MS,Centro-Oeste,90.01,0.13044182347423988,False,False
2614006,PE,Nordeste,69.0,0.1303347820357525,False,False
1100049,RO,Norte,84.77,0.13033410257391517,False,False
2924405,BA,Nordeste,45.04,0.13030787110932487,False,False
2111250,MA,Nordeste,79.04,0.13030219674561705,False,False
5221403,GO,Centro-Oeste,73.78,0.13020565530135778,False,False
3108701,MG,Sudeste,97.2,0.13007582490225536,False,False
1200435,AC,Norte,66.63,0.1300573614023914,False,False
5102637,MT,Centro-Oeste,84.02,0.12990010345482647,False,False
5004809,MS,Centro-Oeste,33.01,0.12988814985736294,False,False
2412906,RN,Nordeste,47.58,0.1297454281780138,False,False
1304260,AM,Norte,56.01,0.12969651315167538,False,False
2603207,PE,Nordeste,69.52,0.1296368682434665,False,False
4104451,PR,Sul,77.13,0.129628010665352,False,False
3156908,MG,Sudeste,87.19,0.1296202097790785,False,False
3129103,MG,Sudeste,19.05,0.12960648091801574,False,False
2407302,RN,Nordeste,53.11,0.12954002080384963,False,False
2510808,PB,Nordeste,84.46,0.1295397896163777,False,False
2613008,PE,Nordeste,75.04,0.12953624609345377,False,False
2516300,PB,Nordeste,86.92,0.1293025694566793,False,False
2306553,CE,Nordeste,91.32,0.12928842500068252,False,False
3118304,MG,Sudeste,84.05,0.12928835015447956,False,False
3105707,MG,Sudeste,40.0,0.12918074822726258,False,False
3147907,MG,Sudeste,81.12,0.12918029456801386,False,False
1715002,TO,Norte,95.61,0.129175127216976,False,False
2613602,PE,Nordeste,81.49,0.12916714019024908,False,False
2110708,MA,Nordeste,64.34,0.12916023150751416,False,False
5211701,GO,Centro-Oeste,87.88,0.12915272058849922,False,False
3118700,MG,Sudeste,91.13,0.12914440248453413,False,False
5219258,GO,Centro-Oeste,83.33,0.12907979128271027,False,False
2603009,PE,Nordeste,79.75,0.1289500919570153,False,False
2205250,PI,Nordeste,84.0,0.1289450783712825,False,False
2208502,PI,Nordeste,62.9,0.12894154134745367,False,False
3125903,MG,Sudeste,100.0,0.12888865231601157,False,False
2608701,PE,Nordeste,96.3,0.12882327871573288,False,False
5216452,GO,Centro-Oeste,91.84,0.12879243633633025,False,False
5220058,GO,Centro-Oeste,91.3,0.1287821817882103,False,False
2914901,BA,Nordeste,49.86,0.12877832157157884,False,False
2201556,PI,Nordeste,100.0,0.12871544170164853,False,False
3165305,MG,Sudeste,97.22,0.1286684008445142,False,False
2406106,RN,Nordeste,51.51,0.12859557995558413,False,False
2205458,PI,Nordeste,73.29,0.1285413532573484,False,False
2202703,PI,Nordeste,98.5,0.1284870869798915,False,False
1200351,AC,Norte,77.01,0.1284741676922587,False,False
2806206,SE,Nordeste,57.2,0.12844929283575393,False,False
2701001,AL,Nordeste,87.5,0.1284093473050208,False,False
5209101,GO,Centro-Oeste,87.78,0.1283866932746195,False,False
3159407,MG,Sudeste,88.1,0.1283709794886609,False,False
2702900,AL,Nordeste,55.81,0.1283695267891878,False,False
5103304,MT,Centro-Oeste,74.63,0.128264277017246,False,False
3148756,MG,Sudeste,95.38,0.12823140102485156,False,False
5206800,GO,Centro-Oeste,87.87,0.12823110748067093,False,False
2700706,AL,Nordeste,57.96,0.12820125565846807,False,False
1715101,TO,Norte,55.68,0.1281679303372499,False,False
5108956,MT,Centro-Oeste,93.86,0.1281322808477096,False,False
3166907,MG,Sudeste,85.45,0.12805917955738771,False,False
1300904,AM,Norte,75.18,0.12804773672408218,False,False
3158300,MG,Sudeste,96.16,0.12803016148463756,False,False
2605152,PE,Nordeste,79.07,0.12795682723629337,False,False
2615409,PE,Nordeste,64.89,0.12789403861993046,False,False
2207009,PI,Nordeste,86.91,0.12789275769126185,False,False
2503001,PB,Nordeste,64.59,0.1278483027527352,False,False
1505601,PA,Norte,87.36,0.12779695262958982,False,False
2201960,PI,Nordeste,91.2,0.12776980898751236,False,False
1100114,RO,Norte,87.39,0.12767511676941196,False,False
1501501,PA,Norte,75.97,0.12759412163781397,False,False
2506608,PB,Nordeste,85.82,0.1275443624106146,False,False
2501500,PB,Nordeste,81.57,0.12747608169647262,False,False
2702009,AL,Nordeste,96.71,0.12745344209961817,False,False
2305308,CE,Nordeste,90.63,0.127440374265716,False,False
2408003,RN,Nordeste,56.51,0.12743838758970322,False,False
2517001,PB,Nordeste,89.0,0.1272064723743946,False,False
2800407,SE,Nordeste,58.02,0.12701585057393575,False,False
2803302,SE,Nordeste,65.83,0.1270117853002716,False,False
3151206,MG,Sudeste,68.95,0.12697541996897618,False,False
5103437,MT,Centro-Oeste,84.01,0.12693641693358143,False,False
4122206,PR,Sul,74.87,0.1269068601679301,False,False
3160801,MG,Sudeste,78.79,0.12674963497297637,False,False
3118502,MG,Sudeste,94.86,0.1267117742544506,False,False
3131901,MG,Sudeste,85.16,0.12668607596556536,False,False
2501153,PB,Nordeste,59.09,0.12665850198322673,False,False
2514404,PB,Nordeste,82.35,0.12653056152795092,False,False
2402402,RN,Nordeste,76.15,0.12650582380875736,False,False
2403905,RN,Nordeste,61.9,0.12647255736752017,False,False
2406809,RN,Nordeste,70.0,0.12647233321883863,False,False
2706000,AL,Nordeste,91.58,0.1264707098542279,False,False
2505105,PB,Nordeste,87.31,0.1264175867638426,False,False
2512101,PB,Nordeste,73.59,0.1264024704974571,False,False
5104906,MT,Centro-Oeste,87.86,0.12639272748180072,False,False
2202539,PI,Nordeste,80.1,0.12623922827039336,False,False
5221080,GO,Centro-Oeste,90.11,0.12620320236520655,False,False
2204659,PI,Nordeste,61.26,0.12617510479177055,False,False
3145505,MG,Sudeste,96.88,0.12614013354461662,False,False
3114204,MG,Sudeste,82.14,0.12609646171636227,False,False
2807600,SE,Nordeste,52.71,0.12607226988213113,False,False
2903607,BA,Nordeste,40.96,0.12606680562083433,False,False
2503209,PB,Nordeste,76.3,0.12602958189638622,False,False
5222005,GO,Centro-Oeste,87.89,0.12599743147049836,False,False
3202801,ES,Sudeste,76.86,0.12599592579591565,False,False
1507805,PA,Norte,59.68,0.12592470923906574,False,False
2504074,PB,Nordeste,89.42,0.12590582320034033,False,False
3146008,MG,Sudeste,76.83,0.1258825517251686,False,False
5219001,GO,Centro-Oeste,98.87,0.12571410147594736,False,False
1501758,PA,Norte,93.22,0.12564019536464655,False,False
5106372,MT,Centro-Oeste,85.84,0.12561051582197866,False,False
5218052,GO,Centro-Oeste,95.4,0.12557916198558738,False,False
2603900,PE,Nordeste,91.6,0.12553696254154767,False,False
2608750,PE,Nordeste,74.38,0.12553261795554954,False,False
3134301,MG,Sudeste,76.32,0.12544787629650442,False,False
2502151,PB,Nordeste,93.25,0.1254109223349931,False,False
5106315,MT,Centro-Oeste,100.0,0.12521556446802276,False,False
1101708,RO,Norte,79.23,0.1251479499709315,False,False
3105103,MG,Sudeste,82.89,0.12514707246637363,False,False
1505106,PA,Norte,71.88,0.12510211700153195,False,False
2506202,PB,Nordeste,69.23,0.12509920881523856,False,False
5106174,MT,Centro-Oeste,80.62,0.12507001582419017,False,False
4109658,PR,Sul,72.05,0.12505283613457094,False,False
3143203,MG,Sudeste,61.8,0.12503412439587266,False,False
3111200,MG,Sudeste,86.6,0.12498678467150962,False,False
3143450,MG,Sudeste,92.47,0.12497303730864523,False,False
2701803,AL,Nordeste,59.65,0.1248979058666095,False,False
2700102,AL,Nordeste,67.84,0.12488397269928629,False,False
1506104,PA,Norte,67.48,0.1248141413912283,False,False
2908903,BA,Nordeste,48.92,0.12475741451557514,False,False
5107768,MT,Centro-Oeste,82.11,0.12475346361414875,False,False
3138708,MG,Sudeste,94.74,0.12475151608890676,False,False
1717206,TO,Norte,48.53,0.12473709936604183,False,False
5002704,MS,Centro-Oeste,63.52,0.12458242161887009,False,False
2927309,BA,Nordeste,62.84,0.12457522868907432,False,False
3138625,MG,Sudeste,81.79,0.12455214883153741,False,False
2400802,RN,Nordeste,45.03,0.12426576007141486,False,False
2702306,AL,Nordeste,99.38,0.12417648212114964,False,False
3152204,MG,Sudeste,79.13,0.12414190987282431,False,False
5218391,GO,Centro-Oeste,94.0,0.12413304510814678,False,False
2515500,PB,Nordeste,95.2,0.12413083584561416,False,False
1507474,PA,Norte,56.33,0.12411384378179979,False,False
2803005,SE,Nordeste,74.37,0.12410769618439152,False,False
2511400,PB,Nordeste,69.29,0.12399840310809196,False,False
2705705,AL,Nordeste,58.52,0.1239499551810012,False,False
2311959,CE,Nordeste,95.63,0.123937186237608,False,False
3133600,MG,Sudeste,75.55,0.12389334458318646,False,False
2504702,PB,Nordeste,86.86,0.12376352825200634,False,False
2513208,PB,Nordeste,79.95,0.12374028952990808,False,False
2904209,BA,Nordeste,80.32,0.12371300803185255,False,False
2201200,PI,Nordeste,68.9,0.12365369148809423,False,False
2924009,BA,Nordeste,42.56,0.1236108273821893,False,False
2111102,MA,Nordeste,79.02,0.12356388022767167,False,False
3113503,MG,Sudeste,79.7,0.12351767139675078,False,False
2607802,PE,Nordeste,68.81,0.12349066677353235,False,False
1508407,PA,Norte,67.59,0.123395188834129,False,False
3138203,MG,Sudeste,73.29,0.12332913904775476,False,False
2407252,RN,Nordeste,63.1,0.12332320040739335,False,False
2906303,BA,Nordeste,46.76,0.12330106653931762,False,False
2202406,PI,Nordeste,69.78,0.12326829538359786,False,False
2201150,PI,Nordeste,92.61,0.12318772326651634,False,False
2200509,PI,Nordeste,82.69,0.12306770476250352,False,False
3171501,MG,Sudeste,81.36,0.12304607033966927,False,False
2102150,MA,Nordeste,72.24,0.12304193826635033,False,False
2707305,AL,Nordeste,55.45,0.12296507183146779,False,False
2501005,PB,Nordeste,65.32,0.12290952631197685,False,False
4106100,PR,Sul,74.87,0.1228873528083035,False,False
5205901,GO,Centro-Oeste,81.36,0.12284747492219017,False,False
5106422,MT,Centro-Oeste,56.81,0.12276767268110653,False,False
2514107,PB,Nordeste,82.29,0.12276105338869317,False,False
5220686,GO,Centro-Oeste,94.74,0.12274711290155312,False,False
2606804,PE,Nordeste,75.35,0.12272947089540982,False,False
3164472,MG,Sudeste,86.25,0.1226872133361569,False,False
2704609,AL,Nordeste,98.84,0.12256869082427062,False,False
2209609,PI,Nordeste,87.15,0.12238767804850445,False,False
3200904,ES,Sudeste,88.41,0.1223875511397357,False,False
2503555,PB,Nordeste,61.74,0.12238347568598802,False,False
3154002,MG,Sudeste,87.3,0.12235967769991693,False,False
1712157,TO,Norte,90.91,0.12228077293613261,False,False
2614303,PE,Nordeste,64.0,0.1221791475036067,False,False
3120201,MG,Sudeste,86.35,0.12214091843190832,False,False
2703809,AL,Nordeste,58.26,0.12212504451354467,False,False
3202207,ES,Sudeste,72.63,0.12211224031418827,False,False
5220264,GO,Centro-Oeste,88.69,0.12209813960198353,False,False
2902807,BA,Nordeste,64.85,0.12205671847359972,False,False
2909703,BA,Nordeste,62.93,0.12202101109886873,False,False
3165404,MG,Sudeste,91.01,0.12190432320134398,False,False
3102001,MG,Sudeste,88.43,0.12189098011594911,False,False
2921807,BA,Nordeste,93.67,0.12185350344484251,False,False
3102209,MG,Sudeste,89.36,0.12182378104345962,False,False
1101005,RO,Norte,93.15,0.12178887082439878,False,False
3109709,MG,Sudeste,84.67,0.1217412429993541,False,False
5205703,GO,Centro-Oeste,100.0,0.12171488724183159,False,False
3304128,RJ,Sudeste,75.79,0.12170286074803109,False,False
3157807,MG,Sudeste,69.39,0.12166163858830774,False,False
2901155,BA,Nordeste,53.12,0.12159244838746848,False,False
2602803,PE,Nordeste,70.19,0.12158677915981575,False,False
1100130,RO,Norte,67.72,0.1215833039256434,False,False
3150539,MG,Sudeste,86.14,0.12156144649939582,False,False
5103205,MT,Centro-Oeste,81.12,0.12154022216957734,False,False
1303601,AM,Norte,66.73,0.12152495725716188,False,False
2605301,PE,Nordeste,77.08,0.12150687994559618,False,False
3114907,MG,Sudeste,100.0,0.12146748687978169,False,False
2303907,CE,Nordeste,87.37,0.12140945155774142,False,False
3106002,MG,Sudeste,76.6,0.12137265812517292,False,False
2208874,PI,Nordeste,78.95,0.12136111859481583,False,False
5004106,MS,Centro-Oeste,64.13,0.12135387559441213,False,False
2904803,BA,Nordeste,92.47,0.12126775787996993,False,False
3306008,RJ,Sudeste,73.64,0.12125444382287888,False,False
2929305,BA,Nordeste,53.21,0.12123445954215437,False,False
2516755,PB,Nordeste,79.22,0.12118486588091465,False,False
2501609,PB,Nordeste,81.47,0.12114096563244407,False,False
1503044,PA,Norte,70.29,0.12105978969021561,False,False
5104203,MT,Centro-Oeste,98.2,0.12103504348710013,False,False
2603603,PE,Nordeste,71.45,0.12100413795434325,False,False
5106653,MT,Centro-Oeste,83.33,0.12089177691500992,False,False
2503803,PB,Nordeste,91.67,0.12084185582100174,False,False
5106182,MT,Centro-Oeste,93.57,0.12082960041006788,False,False
3167400,MG,Sudeste,77.79,0.1207269018922022,False,False
3201506,ES,Sudeste,86.44,0.12064569852067292,False,False
4113759,PR,Sul,72.63,0.12064273450194934,False,False
3114600,MG,Sudeste,89.31,0.12057413083491916,False,False
5107875,MT,Centro-Oeste,93.3,0.12053522776977618,False,False
2201739,PI,Nordeste,85.01,0.12051694921835548,False,False
2106755,MA,Nordeste,78.98,0.12047009754674944,False,False
2607653,PE,Nordeste,66.87,0.1204393557537474,False,False
1506708,PA,Norte,77.03,0.12043730265465785,False,False
3107406,MG,Sudeste,65.96,0.12038452050122127,False,False
3125804,MG,Sudeste,80.13,0.1203337371367385,False,False
3170602,MG,Sudeste,80.0,0.12027532462637754,False,False
2209153,PI,Nordeste,77.54,0.12021431437724005,False,False
2611804,PE,Nordeste,92.15,0.12020824169265495,False,False
2906105,BA,Nordeste,83.03,0.12020102961285122,False,False
2702405,AL,Nordeste,49.8,0.12019699297475969,False,False
2402105,RN,Nordeste,55.39,0.1201797105381811,False,False
1716208,TO,Norte,63.49,0.12010418671473666,False,False
3160207,MG,Sudeste,68.92,0.1200986935771036,False,False
1200328,AC,Norte,64.54,0.12009002783419731,False,False
2802304,SE,Nordeste,41.37,0.12006497554514423,False,False
2919926,BA,Nordeste,59.77,0.1200063371471641,False,False
3168051,MG,Sudeste,86.96,0.1199858317956897,False,False
2608404,PE,Nordeste,72.72,0.11986054587982238,False,False
5220108,GO,Centro-Oeste,83.97,0.11984461541250921,False,False
2409605,RN,Nordeste,64.62,0.11983933937460027,False,False
3104304,MG,Sudeste,93.84,0.11983207641200307,False,False
2204402,PI,Nordeste,55.62,0.11981892750028507,False,False
1503408,PA,Norte,50.17,0.11980239560010103,False,False
2603801,PE,Nordeste,73.26,0.11979138517787576,False,False
3113008,MG,Sudeste,67.74,0.11975346196100574,False,False
3160504,MG,Sudeste,95.45,0.11974524015239851,False,False
3110608,MG,Sudeste,81.6,0.11974512211366797,False,False
3117009,MG,Sudeste,82.11,0.11971367014407032,False,False
3203403,ES,Sudeste,85.07,0.11971231249746074,False,False
3117207,MG,Sudeste,85.71,0.11968433272819577,False,False
2400703,RN,Nordeste,81.37,0.11967704060400126,False,False
2905503,BA,Nordeste,45.92,0.1196675557127801,False,False
3112000,MG,Sudeste,91.28,0.11966163164481197,False,False
1100015,RO,Norte,78.15,0.11963426175357339,False,False
1506203,PA,Norte,62.07,0.11954293842629514,False,False
5104500,MT,Centro-Oeste,83.33,0.11949681440851158,False,False
5215306,GO,Centro-Oeste,89.4,0.11947651057444823,False,False
1506351,PA,Norte,63.21,0.11946929004793745,False,False
2600401,PE,Nordeste,77.71,0.1194644129178526,False,False
5209457,GO,Centro-Oeste,96.19,0.11940807153347827,False,False
1502707,PA,Norte,58.96,0.11934499259452065,False,False
5107065,MT,Centro-Oeste,90.7,0.11926328943961444,False,False
1716109,TO,Norte,81.53,0.11922531236457355,False,False
2917359,BA,Nordeste,64.17,0.11920066738970983,False,False
3144805,MG,Sudeste,77.82,0.11919512159385401,False,False
3114709,MG,Sudeste,92.86,0.1191882685395768,False,False
2206670,PI,Nordeste,81.97,0.11914700283300116,False,False
2505709,PB,Nordeste,89.5,0.11905280088505615,False,False
5103452,MT,Centro-Oeste,70.87,0.11904464292838601,False,False
2912806,BA,Nordeste,73.7,0.11902878037458574,False,False
2105401,MA,Nordeste,77.48,0.11896859055299842,False,False
5205109,GO,Centro-Oeste,79.19,0.1189671036512552,False,False
2610400,PE,Nordeste,66.47,0.11894152810317403,False,False
3205101,ES,Sudeste,78.23,0.1189375864607724,False,False
2505303,PB,Nordeste,86.96,0.11882396426371704,False,False
2413201,RN,Nordeste,52.24,0.11880035611826903,False,False
3121506,MG,Sudeste,100.0,0.11877934202041061,False,False
2614501,PE,Nordeste,71.09,0.11876084762126717,False,False
1706506,TO,Norte,52.09,0.11868389572135325,False,False
2101509,MA,Nordeste,70.04,0.11867494104285586,False,False
2933307,BA,Nordeste,62.12,0.1186114681290568,False,False
5108006,MT,Centro-Oeste,84.72,0.11861091315874539,False,False
2922250,BA,Nordeste,48.82,0.1185149715102789,False,False
2509206,PB,Nordeste,70.07,0.11841971746808085,False,False
3204955,ES,Sudeste,96.0,0.11833873590331505,False,False
5204508,GO,Centro-Oeste,69.0,0.11824307064315019,False,False
2210508,PI,Nordeste,87.03,0.11816809256701248,False,False
1101302,RO,Norte,86.69,0.11815335932294847,False,False
5211503,GO,Centro-Oeste,80.69,0.1181455799814263,False,False
5106265,MT,Centro-Oeste,83.97,0.11808946356966045,False,False
3159308,MG,Sudeste,75.52,0.1180473124912875,False,False
1715507,TO,Norte,87.5,0.11774990861661759,False,False
2705507,AL,Nordeste,91.48,0.11771101824728272,False,False
2924900,BA,Nordeste,69.19,0.11770712705389834,False,False
2205805,PI,Nordeste,76.67,0.11769130175002963,False,False
2919959,BA,Nordeste,74.43,0.11762895166246044,False,False
2503605,PB,Nordeste,80.29,0.11759514787396753,False,False
3165701,MG,Sudeste,90.01,0.11757879688222485,False,False
3145000,MG,Sudeste,89.5,0.11755263161389784,False,False
2706109,AL,Nordeste,90.03,0.11750467878098621,False,False
3132206,MG,Sudeste,92.01,0.11746739059119411,False,False
2915106,BA,Nordeste,56.74,0.11735384190349775,False,False
5211909,GO,Centro-Oeste,76.65,0.11722328295114326,False,False
5200050,GO,Centro-Oeste,72.55,0.11713735276579326,False,False
2308377,CE,Nordeste,92.66,0.11709420289880194,False,False
2922201,BA,Nordeste,67.35,0.11703599483180033,False,False
2801405,SE,Nordeste,62.68,0.11700964409828299,False,False
3146255,MG,Sudeste,83.05,0.11697527835943584,False,False
5212253,GO,Centro-Oeste,100.0,0.11695644190341609,False,False
2505352,PB,Nordeste,78.93,0.1169118625359991,False,False
2112001,MA,Nordeste,75.49,0.11690929227625889,False,False
2924702,BA,Nordeste,78.52,0.1168300022615545,False,False
5107404,MT,Centro-Oeste,90.93,0.11678562451944159,False,False
5205471,GO,Centro-Oeste,90.08,0.11677918402629207,False,False
5107180,MT,Centro-Oeste,83.98,0.11674465844102824,False,False
1715754,TO,Norte,96.93,0.11673303279169189,False,False
5107248,MT,Centro-Oeste,84.79,0.1167153768501645,False,False
2903201,BA,Nordeste,59.17,0.11669015915108318,False,False
5102850,MT,Centro-Oeste,84.06,0.11663546887020729,False,False
1600303,AP,Norte,62.72,0.11660331498360639,False,False
3115102,MG,Sudeste,87.92,0.11638451206838099,False,False
2801900,SE,Nordeste,70.77,0.1163251441322132,False,False
2912509,BA,Nordeste,72.05,0.1162901344469221,False,False
5102678,MT,Centro-Oeste,85.71,0.11628990928018555,False,False
2613503,PE,Nordeste,69.39,0.11627592905400971,False,False
3164209,MG,Sudeste,84.27,0.116250865139942,False,False
3156452,MG,Sudeste,76.6,0.11619526254404103,False,False
2202208,PI,Nordeste,81.07,0.11615642450747257,False,False
2202778,PI,Nordeste,74.7,0.1161323604983383,False,False
2512036,PB,Nordeste,74.61,0.11611308620254553,False,False
2616308,PE,Nordeste,69.69,0.11610597347044084,False,False
3171071,MG,Sudeste,97.45,0.11610259588510932,False,False
2910008,BA,Nordeste,56.3,0.11609914431977776,False,False
2412807,RN,Nordeste,50.53,0.11605801748692715,False,False
2512200,PB,Nordeste,71.08,0.11603283719511716,False,False
3137809,MG,Sudeste,91.84,0.11603064644791866,False,False
2800605,SE,Nordeste,46.88,0.11601579143398769,False,False
3204302,ES,Sudeste,86.58,0.11597829048389689,False,False
2211209,PI,Nordeste,57.7,0.11589088140498449,False,False
2910776,BA,Nordeste,85.88,0.11586639191494075,False,False
3135308,MG,Sudeste,88.93,0.1158243945239615,False,False
5002951,MS,Centro-Oeste,72.14,0.11582027640415511,False,False
3204609,ES,Sudeste,90.21,0.11573641816629407,False,False
4108809,PR,Sul,78.69,0.11572363726541415,False,False
5106505,MT,Centro-Oeste,56.23,0.11570920937592646,False,False
3158607,MG,Sudeste,80.11,0.11559384536364452,False,False
5215207,GO,Centro-Oeste,100.0,0.1155439824502232,False,False
2403202,RN,Nordeste,76.25,0.11543687978123475,False,False
5102686,MT,Centro-Oeste,81.16,0.11539371592219995,False,False
3107208,MG,Sudeste,74.01,0.11534339733874167,False,False
2202174,PI,Nordeste,66.59,0.1153269526382247,False,False
2605905,PE,Nordeste,86.38,0.11531509586965011,False,False
1200203,AC,Norte,59.49,0.11531418738500018,False,False
2922409,BA,Nordeste,70.85,0.11527181303435775,False,False
5102793,MT,Centro-Oeste,93.3,0.11522416355235575,False,False
1707652,TO,Norte,84.78,0.11522146904555931,False,False
2207702,PI,Nordeste,51.3,0.1151332357115459,False,False
2206357,PI,Nordeste,75.0,0.11512049763923765,False,False
2806701,SE,Nordeste,85.27,0.11507210442783929,False,False
2201929,PI,Nordeste,72.62,0.1150714736547058,False,False
3302304,RJ,Sudeste,83.37,0.11505699402756356,False,False
5219100,GO,Centro-Oeste,89.08,0.11502254947527862,False,False
2923035,BA,Nordeste,86.51,0.11501462836425887,False,False
2704005,AL,Nordeste,72.26,0.11487163307479262,False,False
2800670,SE,Nordeste,47.28,0.11479700355868497,False,False
2200707,PI,Nordeste,89.59,0.11478831465547797,False,False
5219357,GO,Centro-Oeste,100.0,0.11476602896443934,False,False
2918902,BA,Nordeste,81.34,0.11474123104368705,False,False
3202504,ES,Sudeste,84.92,0.11473818739760712,False,False
2600203,PE,Nordeste,80.64,0.11468118602601547,False,False
2201507,PI,Nordeste,80.58,0.11465319561975364,False,False
2932606,BA,Nordeste,77.79,0.11464963497697421,False,False
2402501,RN,Nordeste,60.86,0.11461182272879678,False,False
3152131,MG,Sudeste,82.21,0.11458498568234733,False,False
2208205,PI,Nordeste,54.26,0.11458283428274875,False,False
2916104,BA,Nordeste,53.78,0.11456074776088852,False,False
3118908,MG,Sudeste,96.63,0.1145029415492229,False,False
2906899,BA,Nordeste,61.28,0.1145025708331336,False,False
5209937,GO,Centro-Oeste,86.33,0.11449202071245752,False,False
5105176,MT,Centro-Oeste,88.25,0.11448344563479679,False,False
2412500,RN,Nordeste,67.99,0.11447431866166272,False,False
2607703,PE,Nordeste,92.8,0.11446891727854171,False,False
3124807,MG,Sudeste,79.96,0.11438102395670344,False,False
5200506,GO,Centro-Oeste,100.0,0.11433881079346897,False,False
2208106,PI,Nordeste,89.63,0.11427278651567715,False,False
5210802,GO,Centro-Oeste,92.64,0.11418573691338399,False,False
2202851,PI,Nordeste,76.59,0.11411413179520556,False,False
3152501,MG,Sudeste,76.54,0.11407643782669977,False,False
3123809,MG,Sudeste,78.42,0.11403879875100303,False,False
5200605,GO,Centro-Oeste,90.91,0.11400353733660185,False,False
2405207,RN,Nordeste,53.68,0.11396310281989278,False,False
1718881,TO,Norte,83.69,0.11388812450752385,False,False
2405504,RN,Nordeste,44.11,0.11382765409411834,False,False
2932002,BA,Nordeste,63.29,0.1138210643724484,False,False
5221700,GO,Centro-Oeste,89.0,0.11379375638506119,False,False
2615300,PE,Nordeste,90.04,0.11370521271478949,False,False
2206902,PI,Nordeste,92.11,0.11366686844114601,False,False
5106257,MT,Centro-Oeste,78.46,0.11350246154177215,False,False
3201159,ES,Sudeste,81.85,0.11347054948823278,False,False
2204154,PI,Nordeste,88.24,0.11344059335005456,False,False
2414209,RN,Nordeste,56.1,0.1134381446979078,False,False
3202108,ES,Sudeste,87.24,0.11343689703997359,False,False
3148301,MG,Sudeste,88.14,0.11343360163579301,False,False
1700301,TO,Norte,49.57,0.1133974344924218,False,False
2612307,PE,Nordeste,83.38,0.11334689414908385,False,False
2103208,MA,Nordeste,75.33,0.11329625152693881,False,False
1702901,TO,Norte,55.63,0.11324521380216991,False,False
2411809,RN,Nordeste,72.98,0.1131353848115693,False,False
1600709,AP,Norte,57.68,0.11309654538718765,False,False
2931707,BA,Nordeste,52.12,0.11308451379418294,False,False
3150109,MG,Sudeste,58.18,0.11304680817825956,False,False
1506112,PA,Norte,70.7,0.11292995677500123,False,False
3127503,MG,Sudeste,98.33,0.11290600073387848,False,False
3104809,MG,Sudeste,81.89,0.11289885293468523,False,False
2917409,BA,Nordeste,89.78,0.11272425072147342,False,False
3147303,MG,Sudeste,84.33,0.11272374556717144,False,False
3163607,MG,Sudeste,79.72,0.11269179165963329,False,False
3127206,MG,Sudeste,93.69,0.11267008179718106,False,False
2406155,RN,Nordeste,55.56,0.11263202854720561,False,False
2704906,AL,Nordeste,79.49,0.11256123330326413,False,False
2902005,BA,Nordeste,58.56,0.11255379441985776,False,False
5214051,GO,Centro-Oeste,91.21,0.11255364716563009,False,False
2707404,AL,Nordeste,52.62,0.1125522365584774,False,False
1715705,TO,Norte,30.67,0.11255050501733924,False,False
3144706,MG,Sudeste,78.49,0.11247680058284017,False,False
2612802,PE,Nordeste,87.74,0.11246766167263916,False,False
3137403,MG,Sudeste,91.02,0.11243735511715243,False,False
2702553,AL,Nordeste,60.29,0.11242257988792105,False,False
2703601,AL,Nordeste,46.26,0.11241958266888391,False,False
3138658,MG,Sudeste,94.27,0.1123657082769674,False,False
2405603,RN,Nordeste,60.89,0.1122875439585321,False,False
5200829,GO,Centro-Oeste,88.27,0.11228316733999018,False,False
5107859,MT,Centro-Oeste,54.83,0.11225805790805148,False,False
1200385,AC,Norte,55.75,0.112183352584576,False,False
3110301,MG,Sudeste,78.24,0.11213404989062736,False,False
2402303,RN,Nordeste,51.13,0.11211638572546406,False,False
1705557,TO,Norte,72.81,0.11205222897782292,False,False
2413706,RN,Nordeste,59.6,0.11204828169369743,False,False
5004908,MS,Centro-Oeste,80.7,0.11204304457836824,False,False
3104452,MG,Sudeste,91.56,0.11193937879942815,False,False
2921906,BA,Nordeste,62.32,0.11192906108011037,False,False
2513653,PB,Nordeste,76.02,0.11189121565599278,False,False
2901007,BA,Nordeste,71.46,0.1118412630997815,False,False
3101805,MG,Sudeste,68.82,0.11175607490117191,False,False
3155108,MG,Sudeste,93.44,0.1117421289821682,False,False
2904308,BA,Nordeste,71.35,0.11171179591602344,False,False
3130655,MG,Sudeste,83.11,0.11167871872539988,False,False
3155801,MG,Sudeste,84.74,0.11158642723647785,False,False
2918407,BA,Nordeste,49.67,0.11153965749338449,False,False
3157500,MG,Sudeste,83.86,0.11148640447624086,False,False
2919801,BA,Nordeste,63.37,0.11147562865246184,False,False
1718840,TO,Norte,94.12,0.11147532970424961,False,False
5210562,GO,Centro-Oeste,93.1,0.11144279610396232,False,False
5222054,GO,Centro-Oeste,86.98,0.11140572122685669,False,False
3146503,MG,Sudeste,84.88,0.11135888422822844,False,False
3146552,MG,Sudeste,90.42,0.11134009964903346,False,False
2307809,CE,Nordeste,93.27,0.11132110053326033,False,False
2921450,BA,Nordeste,75.69,0.11130601497375421,False,False
2931004,BA,Nordeste,72.08,0.11118586728647058,False,False
2609808,PE,Nordeste,81.59,0.11117009176948367,False,False
2902500,BA,Nordeste,61.23,0.11109283469088714,False,False
2615508,PE,Nordeste,78.75,0.11103008190339739,False,False
2111078,MA,Nordeste,60.05,0.1109795939674992,False,False
3135902,MG,Sudeste,88.66,0.1109473307623922,False,False
2413805,RN,Nordeste,97.29,0.11094473477666315,False,False
2204501,PI,Nordeste,68.63,0.11087584099638591,False,False
3200359,ES,Sudeste,95.97,0.1108291957354521,False,False
1702554,TO,Norte,81.69,0.11068867110976899,False,False
1703206,TO,Norte,82.61,0.11063901776760751,False,False
3304102,RJ,Sudeste,65.93,0.1105966311606122,False,False
3129707,MG,Sudeste,68.17,0.11055748514716815,False,False
5221502,GO,Centro-Oeste,100.0,0.11055371522159431,False,False
3115904,MG,Sudeste,54.86,0.11053193649854914,False,False
3115003,MG,Sudeste,86.51,0.11048781879063864,False,False
5205208,GO,Centro-Oeste,86.32,0.11048204394979429,False,False
2910701,BA,Nordeste,51.42,0.11040821098102396,False,False
2605103,PE,Nordeste,95.38,0.11040285076177887,False,False
3154705,MG,Sudeste,93.33,0.1103994340345812,False,False
3121605,MG,Sudeste,74.35,0.11017501738090471,False,False
3129202,MG,Sudeste,83.61,0.11013590985703405,False,False
2909802,BA,Nordeste,53.65,0.1101015756169216,False,False
3101201,MG,Sudeste,95.15,0.11009085095356393,False,False
2210623,PI,Nordeste,51.41,0.11004498487309691,False,False
2933604,BA,Nordeste,49.84,0.11003885060675982,False,False
3161403,MG,Sudeste,81.94,0.11001541488963985,False,False
2930774,BA,Nordeste,46.84,0.11000317672474705,False,False
5204300,GO,Centro-Oeste,91.0,0.10994049183169674,False,False
2503100,PB,Nordeste,96.41,0.10988853420601932,False,False
2410702,RN,Nordeste,60.0,0.10988219996466889,False,False
5219506,GO,Centro-Oeste,100.0,0.10987809249954712,False,False
3121902,MG,Sudeste,82.04,0.10982776442585303,False,False
5221197,GO,Centro-Oeste,84.19,0.10975309358897398,False,False
1707405,TO,Norte,63.43,0.10964152472610453,False,False
5007307,MS,Centro-Oeste,71.94,0.10958037116105142,False,False
2702801,AL,Nordeste,59.86,0.10957376756856638,False,False
1501782,PA,Norte,55.7,0.10954583132794271,False,False
3154408,MG,Sudeste,73.92,0.10952892088972829,False,False
1714880,TO,Norte,46.94,0.10946724268469149,False,False
3111002,MG,Sudeste,87.4,0.10943245222860931,False,False
2602704,PE,Nordeste,93.67,0.10939723296730032,False,False
2609501,PE,Nordeste,72.17,0.10934217710745486,False,False
3153103,MG,Sudeste,85.46,0.10933715898992812,False,False
3153509,MG,Sudeste,80.92,0.10931559153353293,False,False
2209658,PI,Nordeste,70.15,0.10930024088547036,False,False
2904605,BA,Nordeste,69.01,0.10926212891024956,False,False
3118809,MG,Sudeste,96.1,0.10918634967784226,False,False
5216304,GO,Centro-Oeste,92.07,0.10908782640389705,False,False
2211001,PI,Nordeste,80.58,0.10903126399899624,False,False
1508209,PA,Norte,75.79,0.10891018804761335,False,False
2917201,BA,Nordeste,70.4,0.10885990363505958,False,False
2928703,BA,Nordeste,55.76,0.10883681837229948,False,False
1100304,RO,Norte,78.47,0.10881436436037899,False,False
3126307,MG,Sudeste,81.58,0.10873978925835741,False,False
3301207,RJ,Sudeste,74.91,0.10869780982288124,False,False
3163102,MG,Sudeste,93.33,0.10868517121398992,False,False
3150307,MG,Sudeste,87.75,0.10851522770495099,False,False
2923209,BA,Nordeste,58.91,0.10851407641416846,False,False
2805901,SE,Nordeste,44.23,0.10851056866180417,False,False
2704500,AL,Nordeste,51.73,0.10849377323339351,False,False
1503903,PA,Norte,77.9,0.1084883432737081,False,False
3165602,MG,Sudeste,92.86,0.1084368156714203,False,False
2411429,RN,Nordeste,77.78,0.10830843470536361,False,False
1200252,AC,Norte,71.86,0.10829585188200162,False,False
2706307,AL,Nordeste,52.31,0.10829051014632762,False,False
2910404,BA,Nordeste,68.56,0.10824795419935919,False,False
2604809,PE,Nordeste,94.16,0.10815810070769603,False,False
2513851,PB,Nordeste,69.66,0.10804922008377188,False,False
1701002,TO,Norte,58.27,0.10801160627611994,False,False
2411403,RN,Nordeste,51.46,0.10800379311690458,False,False
2702504,AL,Nordeste,66.79,0.10790759237154274,False,False
2413409,RN,Nordeste,60.25,0.10790306404675341,False,False
2927903,BA,Nordeste,69.96,0.10783118999151832,False,False
3111507,MG,Sudeste,77.37,0.10781127696237569,False,False
3135506,MG,Sudeste,88.71,0.10780808925806222,False,False
3169901,MG,Sudeste,81.12,0.10779935598371256,False,False
2702702,AL,Nordeste,82.35,0.10778829117018378,False,False
1711506,TO,Norte,75.25,0.10771320062959859,False,False
2606002,PE,Nordeste,71.64,0.10767379444535824,False,False
5103007,MT,Centro-Oeste,71.79,0.1076260152057835,False,False
3169109,MG,Sudeste,87.79,0.10760884761063148,False,False
3201209,ES,Sudeste,74.83,0.10753264568075767,False,False
2410207,RN,Nordeste,77.87,0.10752908754932179,False,False
5206701,GO,Centro-Oeste,86.23,0.10750249936850644,False,False
2919009,BA,Nordeste,71.36,0.10747425563194123,False,False
5105606,MT,Centro-Oeste,76.58,0.10741217139299807,False,False
2204105,PI,Nordeste,80.99,0.10738949101757661,False,False
2700508,AL,Nordeste,50.09,0.10737223112872421,False,False
2413003,RN,Nordeste,89.66,0.10729659373930048,False,False
2908507,BA,Nordeste,51.65,0.10726153185021095,False,False
2914208,BA,Nordeste,62.01,0.10724868929631735,False,False
2901700,BA,Nordeste,52.07,0.10721753824673468,False,False
2915502,BA,Nordeste,60.8,0.1071991118066472,False,False
2701209,AL,Nordeste,86.08,0.10719453636041941,False,False
2202251,PI,Nordeste,81.63,0.10718587732912264,False,False
2913507,BA,Nordeste,63.43,0.10715718521247178,False,False
2206001,PI,Nordeste,87.76,0.10711273615390042,False,False
2400604,RN,Nordeste,73.17,0.10708778320403872,False,False
2926657,BA,Nordeste,64.7,0.10707594226014627,False,False
2700300,AL,Nordeste,62.87,0.10705531706899092,False,False
3159001,MG,Sudeste,78.02,0.10703678839205087,False,False
2916856,BA,Nordeste,93.86,0.10702370127102384,False,False
5213103,GO,Centro-Oeste,87.0,0.10702026219387688,False,False
3200508,ES,Sudeste,71.49,0.10695772749410229,False,False
3171709,MG,Sudeste,85.46,0.10695684689425629,False,False
3302452,RJ,Sudeste,80.89,0.1068991437851819,False,False
5217104,GO,Centro-Oeste,84.22,0.10688553475286892,False,False
1507102,PA,Norte,76.68,0.10672929200839425,False,False
2513901,PB,Nordeste,72.24,0.1067167617245318,False,False
2914505,BA,Nordeste,57.27,0.10671666783591079,False,False
2100055,MA,Nordeste,70.62,0.10671080884796727,False,False
2901957,BA,Nordeste,62.45,0.1067002676173703,False,False
1200302,AC,Norte,78.72,0.10668909719740076,False,False
3104403,MG,Sudeste,89.57,0.10660684306247603,False,False
2923902,BA,Nordeste,63.69,0.1066015924475495,False,False
3153707,MG,Sudeste,83.27,0.10652288347384223,False,False
5217609,GO,Centro-Oeste,82.4,0.10650272932218044,False,False
2605509,PE,Nordeste,94.94,0.1064084430953546,False,False
2513158,PB,Nordeste,72.92,0.10636156888895063,False,False
2709202,AL,Nordeste,57.76,0.10631971135038802,False,False
2927101,BA,Nordeste,48.56,0.10630870114259604,False,False
3156205,MG,Sudeste,93.42,0.1063049007662896,False,False
5101407,MT,Centro-Oeste,76.41,0.10630004585078079,False,False
2915601,BA,Nordeste,62.02,0.10626025475758845,False,False
5213855,GO,Centro-Oeste,100.0,0.10625508743606002,False,False
2912301,BA,Nordeste,77.26,0.10623965580635712,False,False
5006358,MS,Centro-Oeste,69.69,0.1062326650740664,False,False
2500536,PB,Nordeste,75.89,0.10617355234937242,False,False
2905008,BA,Nordeste,69.16,0.10610023624820253,False,False
5209606,GO,Centro-Oeste,66.67,0.1060987380079656,False,False
2700805,AL,Nordeste,73.77,0.10607944019802254,False,False
2408201,RN,Nordeste,82.74,0.10607119545766087,False,False
5218805,GO,Centro-Oeste,97.02,0.10606026272831741,False,False
5218508,GO,Centro-Oeste,85.21,0.1060252775729484,False,False
3150802,MG,Sudeste,83.9,0.10602486343270923,False,False
2900801,BA,Nordeste,69.0,0.10596472652121952,False,False
2929602,BA,Nordeste,81.97,0.10595653202526663,False,False
2709004,AL,Nordeste,68.49,0.1059363701067581,False,False
3136603,MG,Sudeste,86.55,0.10593375699835214,False,False
2603108,PE,Nordeste,88.75,0.10589672570547566,False,False
3116605,MG,Sudeste,87.01,0.10588419237413,False,False
1200393,AC,Norte,73.31,0.1058052022987203,False,False
2928406,BA,Nordeste,64.71,0.1058030281062729,False,False
5002902,MS,Centro-Oeste,61.51,0.10579706287148077,False,False
2905156,BA,Nordeste,46.97,0.10579335953023515,False,False
2925006,BA,Nordeste,60.32,0.10579198005642193,False,False
1702109,TO,Norte,55.46,0.10577376649830961,False,False
2916906,BA,Nordeste,91.58,0.10575043185506296,False,False
3116159,MG,Sudeste,76.37,0.10572907652636293,False,False
5220280,GO,Centro-Oeste,100.0,0.10572438517279956,False,False
2503308,PB,Nordeste,79.94,0.10570890219623645,False,False
2306702,CE,Nordeste,88.5,0.10566529258249184,False,False
4121000,PR,Sul,66.62,0.10564916919228216,False,False
5007695,MS,Centro-Oeste,71.89,0.10564196509483961,False,False
3128006,MG,Sudeste,80.63,0.10553773987884947,False,False
5101209,MT,Centro-Oeste,92.86,0.10549138522623475,False,False
2925501,BA,Nordeste,54.1,0.10547989263912291,False,False
2933208,BA,Nordeste,62.65,0.10544929284692152,False,False
2917300,BA,Nordeste,63.98,0.10543351541811243,False,False
2306306,CE,Nordeste,90.69,0.1054312517663128,False,False
3117801,MG,Sudeste,80.41,0.1054220962213023,False,False
1709005,TO,Norte,40.21,0.10534664001709704,False,False
2915007,BA,Nordeste,66.22,0.10527912033490196,False,False
2705002,AL,Nordeste,78.44,0.10506678389681759,False,False
3128907,MG,Sudeste,86.23,0.10504945429429058,False,False
3115474,MG,Sudeste,83.33,0.10504847501839751,False,False
2927804,BA,Nordeste,66.27,0.10501477695840505,False,False
2514909,PB,Nordeste,65.38,0.10497641007740487,False,False
2916609,BA,Nordeste,56.47,0.10485088864528921,False,False
3127339,MG,Sudeste,82.72,0.10483110949381445,False,False
5207402,GO,Centro-Oeste,90.53,0.1047444603727055,False,False
2103174,MA,Nordeste,75.36,0.1047340898588943,False,False
2926004,BA,Nordeste,55.94,0.10470226548096688,False,False
3158706,MG,Sudeste,90.0,0.10469771013655964,False,False
3122454,MG,Sudeste,67.8,0.10468921384527488,False,False
2506400,PB,Nordeste,78.38,0.10468897061953165,False,False
2904753,BA,Nordeste,44.32,0.10459220186266789,False,False
2911402,BA,Nordeste,54.76,0.10453070538601636,False,False
2207959,PI,Nordeste,78.68,0.10452301252722233,False,False
3100104,MG,Sudeste,90.44,0.10451560089933877,False,False
2912707,BA,Nordeste,60.34,0.10450392225687567,False,False
2204709,PI,Nordeste,85.77,0.10436143328648571,False,False
2804706,SE,Nordeste,56.13,0.10433455619381737,False,False
2930006,BA,Nordeste,76.51,0.10433342639859848,False,False
3204054,ES,Sudeste,88.66,0.1042420173132919,False,False
3140704,MG,Sudeste,83.31,0.10419444059874222,False,False
2918456,BA,Nordeste,73.31,0.10415549641632224,False,False
5000906,MS,Centro-Oeste,70.73,0.10409144006011288,False,False
3105400,MG,Sudeste,78.21,0.10406458649206,False,False
2902054,BA,Nordeste,59.22,0.10404699408938023,False,False
5205802,GO,Centro-Oeste,87.42,0.10399598709744269,False,False
3127057,MG,Sudeste,77.71,0.10392372634837417,False,False
5205513,GO,Centro-Oeste,90.96,0.10388374446957178,False,False
2304285,CE,Nordeste,95.56,0.10383611319184244,False,False
5002803,MS,Centro-Oeste,64.98,0.10382943591044182,False,False
2202752,PI,Nordeste,82.58,0.10376885498991874,False,False
5000203,MS,Centro-Oeste,87.41,0.10368726950687836,False,False
3205010,ES,Sudeste,79.82,0.10365836805701223,False,False
2514305,PB,Nordeste,76.33,0.10363332733394348,False,False
2929503,BA,Nordeste,67.42,0.10358796622818084,False,False
2101202,MA,Nordeste,73.34,0.10353734654511117,False,False
2911659,BA,Nordeste,54.37,0.10352673401638038,False,False
3117900,MG,Sudeste,93.7,0.10350948657650198,False,False
2709301,AL,Nordeste,98.45,0.10350635550812348,False,False
2901403,BA,Nordeste,59.3,0.10347983303112646,False,False
5107776,MT,Centro-Oeste,71.21,0.1034713165423905,False,False
3126604,MG,Sudeste,80.35,0.10340404682698887,False,False
2210656,PI,Nordeste,71.78,0.10338924171501543,False,False
2918209,BA,Nordeste,84.67,0.10329902742529116,False,False
1705607,TO,Norte,51.33,0.10325976555642102,False,False
1501600,PA,Norte,78.54,0.10322299334566477,False,False
3147204,MG,Sudeste,76.0,0.10315732557987742,False,False
5214606,GO,Centro-Oeste,84.0,0.10315126075121639,False,False
3109600,MG,Sudeste,87.03,0.10314091677530463,False,False
2904001,BA,Nordeste,60.89,0.10312410796390897,False,False
2903805,BA,Nordeste,56.41,0.1031079768488278,False,False
5213004,GO,Centro-Oeste,89.26,0.10307223231500633,False,False
2916302,BA,Nordeste,42.3,0.10297595144902003,False,False
2906873,BA,Nordeste,49.22,0.10292811185749452,False,False
5002159,MS,Centro-Oeste,89.76,0.10287045175560154,False,False
2926301,BA,Nordeste,54.91,0.10285963809422781,False,False
2904407,BA,Nordeste,61.45,0.10285769949284868,False,False
3108909,MG,Sudeste,83.09,0.10285644441857816,False,False
3119500,MG,Sudeste,90.41,0.10281702336424978,False,False
3155405,MG,Sudeste,63.37,0.10276809121826837,False,False
5107941,MT,Centro-Oeste,84.22,0.10274970331946466,False,False
2707602,AL,Nordeste,76.15,0.10265313015869543,False,False
5215009,GO,Centro-Oeste,94.39,0.10263362784798581,False,False
3142106,MG,Sudeste,88.88,0.10261913265915476,False,False
5001508,MS,Centro-Oeste,62.99,0.10254192634576002,False,False
3171600,MG,Sudeste,83.09,0.10253911357856949,False,False
2914406,BA,Nordeste,61.68,0.10251329102781599,False,False
2803104,SE,Nordeste,49.32,0.10242969808177108,False,False
2928208,BA,Nordeste,58.32,0.10237667921053485,False,False
2927002,BA,Nordeste,57.6,0.10230075238655516,False,False
2508109,PB,Nordeste,76.53,0.10229306157935081,False,False
5104559,MT,Centro-Oeste,73.43,0.10225881136490447,False,False
3157302,MG,Sudeste,92.46,0.10209292203113397,False,False
5205406,GO,Centro-Oeste,96.26,0.10208304885217596,False,False
5202502,GO,Centro-Oeste,87.59,0.10202409938538941,False,False
2908804,BA,Nordeste,82.0,0.10199804972982797,False,False
2905107,BA,Nordeste,55.88,0.1019782302229961,False,False
2926608,BA,Nordeste,59.14,0.10196873891208659,False,False
2708956,AL,Nordeste,75.2,0.10196278400227204,False,False
2913903,BA,Nordeste,56.35,0.10195658569126209,False,False
3117108,MG,Sudeste,89.51,0.10190289102653466,False,False
5007802,MS,Centro-Oeste,69.07,0.10189015890682321,False,False
2905602,BA,Nordeste,52.87,0.10185642277734254,False,False
3203205,ES,Sudeste,75.01,0.10184230692431136,False,False
2911600,BA,Nordeste,79.93,0.10180810836254901,False,False
2403400,RN,Nordeste,55.29,0.10173969792974479,False,False
2309805,CE,Nordeste,92.87,0.10171841330602602,False,False
2111003,MA,Nordeste,68.62,0.10168992655305444,False,False
4125001,PR,Sul,78.21,0.1015610206578693,False,False
1100023,RO,Norte,79.5,0.10154194129694671,False,False
5213053,GO,Centro-Oeste,100.0,0.10153321361137432,False,False
1707009,TO,Norte,67.39,0.10151264899126651,False,False
5105309,MT,Centro-Oeste,77.98,0.1014522702255314,False,False
5205497,GO,Centro-Oeste,66.36,0.10144030557610365,False,False
3169000,MG,Sudeste,74.26,0.10136869554892325,False,False
3165503,MG,Sudeste,81.9,0.1012945877564045,False,False
1508100,PA,Norte,60.89,0.10127571784388388,False,False
3149150,MG,Sudeste,63.67,0.10124746093311533,False,False
2612604,PE,Nordeste,83.37,0.10117667568444633,False,False
2905206,BA,Nordeste,67.56,0.10107870919894411,False,False
2404408,RN,Nordeste,71.53,0.10101052237258346,False,False
2913200,BA,Nordeste,68.62,0.1010006486329231,False,False
1506609,PA,Norte,62.87,0.10096607678299653,False,False
2803401,SE,Nordeste,50.44,0.10089796569490844,False,False
1707306,TO,Norte,59.29,0.1008935743766803,False,False
1720200,TO,Norte,53.09,0.10088847366189703,False,False
2932200,BA,Nordeste,54.99,0.10082749750723692,False,False
1100056,RO,Norte,89.69,0.10081402893331727,False,False
2912103,BA,Nordeste,59.08,0.1008089593216773,False,False
5006002,MS,Centro-Oeste,57.56,0.10079469299063976,False,False
3203502,ES,Sudeste,83.62,0.10075734030001562,False,False
2902302,BA,Nordeste,74.12,0.10075273540346703,False,False
1200104,AC,Norte,71.27,0.10068599506566207,False,False
2410603,RN,Nordeste,95.45,0.10062698680486938,False,False
5103858,MT,Centro-Oeste,73.95,0.10062174799264431,False,False
2414456,RN,Nordeste,35.76,0.10061342452945356,False,False
2206704,PI,Nordeste,84.68,0.1005946321164774,False,False
5200175,GO,Centro-Oeste,91.83,0.10038267962955731,False,False
3129004,MG,Sudeste,84.66,0.10037247434894965,False,False
2933059,BA,Nordeste,60.21,0.10037024322207219,False,False
2909604,BA,Nordeste,69.47,0.10034332247255981,False,False
2708600,AL,Nordeste,75.05,0.10029162084272525,False,False
2925105,BA,Nordeste,59.99,0.10021632852359019,False,False
2914653,BA,Nordeste,49.63,0.10020048334209702,False,False
2919058,BA,Nordeste,88.35,0.10019780851228717,False,False
2407401,RN,Nordeste,68.81,0.10018889214219856,False,False
2930766,BA,Nordeste,64.62,0.10011556790486763,False,False
3138500,MG,Sudeste,86.54,0.10011277712043731,False,False
2508901,PB,Nordeste,80.61,0.10009965403310972,False,False
2106300,MA,Nordeste,76.09,0.10004509416182016,False,False
2502607,PB,Nordeste,60.47,0.09990304218053582,False,False
2900702,BA,Nordeste,52.3,0.09988145585504266,False,False
5000609,MS,Centro-Oeste,65.74,0.09985949100738,False,False
2204907,PI,Nordeste,58.62,0.09976188314319503,False,False
5100409,MT,Centro-Oeste,83.82,0.09972012110012662,False,False
2210938,PI,Nordeste,74.81,0.09965470855384896,False,False
1200609,AC,Norte,66.27,0.09962255836416102,False,False
2515302,PB,Nordeste,64.45,0.09959729214252165,False,False
2922730,BA,Nordeste,64.84,0.0995232113752231,False,False
2704807,AL,Nordeste,68.96,0.09945921481572374,False,False
5107040,MT,Centro-Oeste,73.66,0.09942216543776132,False,False
3141900,MG,Sudeste,94.64,0.09941077149180869,False,False
3137304,MG,Sudeste,89.44,0.09936228283487396,False,False
5007505,MS,Centro-Oeste,63.93,0.09935914082668126,False,False
3168606,MG,Sudeste,69.59,0.09933869977577958,False,False
2925758,BA,Nordeste,47.11,0.09933535294072261,False,False
2600807,PE,Nordeste,72.44,0.09932146619604161,False,False
2917607,BA,Nordeste,72.47,0.09926974502812393,False,False
2204204,PI,Nordeste,73.73,0.09918953130804896,False,False
3112653,MG,Sudeste,71.3,0.09918574998196938,False,False
2920304,BA,Nordeste,95.8,0.09917457637394271,False,False
2805703,SE,Nordeste,52.37,0.09913447263505347,False,False
2302107,CE,Nordeste,87.79,0.09913030170437381,False,False
2908309,BA,Nordeste,84.63,0.09912619379116454,False,False
5210604,GO,Centro-Oeste,97.82,0.0991219880399798,False,False
5005152,MS,Centro-Oeste,64.62,0.09906512430726351,False,False
2602308,PE,Nordeste,73.54,0.0990228156520518,False,False
2311306,CE,Nordeste,88.7,0.09898191652244387,False,False
2303006,CE,Nordeste,93.95,0.09891905805299603,False,False
2912400,BA,Nordeste,58.71,0.09891084618103313,False,False
2930907,BA,Nordeste,59.51,0.09890668610848723,False,False
2606606,PE,Nordeste,73.23,0.09885545407967503,False,False
3105608,MG,Sudeste,76.66,0.0988243534359862,False,False
5215231,GO,Centro-Oeste,67.05,0.09876702542928097,False,False
2206100,PI,Nordeste,64.15,0.09874862319803585,False,False
2929909,BA,Nordeste,63.96,0.09871825217429223,False,False
2906006,BA,Nordeste,59.98,0.09868356341426841,False,False
2932309,BA,Nordeste,58.52,0.09866814303022227,False,False
2930154,BA,Nordeste,58.19,0.09866607053751314,False,False
1703701,TO,Norte,82.22,0.09860823847117106,False,False
1708304,TO,Norte,75.32,0.0985941734668646,False,False
3118205,MG,Sudeste,100.0,0.09859394501470198,False,False
2930105,BA,Nordeste,46.97,0.09858708273503922,False,False
2608255,PE,Nordeste,69.4,0.09854792568361742,False,False
2924652,BA,Nordeste,90.92,0.09854296854622832,False,False
3122405,MG,Sudeste,90.53,0.09850366638143809,False,False
5004700,MS,Centro-Oeste,74.13,0.09846565145032599,False,False
2401008,RN,Nordeste,63.95,0.09841168968251159,False,False
5107743,MT,Centro-Oeste,70.0,0.09840082813279166,False,False
1502764,PA,Norte,73.13,0.0983707916968426,False,False
2909109,BA,Nordeste,69.63,0.0982891040499332,False,False
2924801,BA,Nordeste,63.07,0.09826316468160001,False,False
3161809,MG,Sudeste,88.67,0.09824448586626315,False,False
2933455,BA,Nordeste,77.58,0.09820620184848865,False,False
2614857,PE,Nordeste,84.0,0.09818513432522936,False,False
2911303,BA,Nordeste,66.48,0.09817933005971229,False,False
2400505,RN,Nordeste,55.55,0.09817145341345199,False,False
5221551,GO,Centro-Oeste,93.2,0.09814608037134162,False,False
5107263,MT,Centro-Oeste,94.0,0.09813825149262397,False,False
3300506,RJ,Sudeste,76.1,0.0980832331113548,False,False
3145059,MG,Sudeste,83.01,0.09805148812062356,False,False
1721307,TO,Norte,70.4,0.09802079487546536,False,False
1200054,AC,Norte,71.71,0.0980165981067242,False,False
3114402,MG,Sudeste,78.7,0.09801342146710326,False,False
2926509,BA,Nordeste,51.91,0.09799320905045288,False,False
1507003,PA,Norte,61.52,0.0979268148903647,False,False
2707107,AL,Nordeste,51.16,0.09792118495886713,False,False
2306801,CE,Nordeste,89.1,0.09783407427232921,False,False
3170479,MG,Sudeste,86.35,0.09781600769203214,False,False
5202601,GO,Centro-Oeste,96.78,0.09781037901133999,False,False
5107909,MT,Centro-Oeste,72.76,0.09779126685435832,False,False
1707553,TO,Norte,83.77,0.09775729217567203,False,False
2909505,BA,Nordeste,78.22,0.0977111896973865,False,False
1500958,PA,Norte,72.25,0.09767764821547908,False,False
2410801,RN,Nordeste,72.21,0.09758440132472311,False,False
1502756,PA,Norte,76.31,0.09756144051945326,False,False
2203800,PI,Nordeste,79.66,0.09755135287534858,False,False
5214879,GO,Centro-Oeste,91.67,0.09755033443724556,False,False
3156809,MG,Sudeste,67.2,0.09755014551642058,False,False
2501401,PB,Nordeste,59.99,0.09744020764820731,False,False
5217708,GO,Centro-Oeste,96.69,0.09740671027771901,False,False
2928109,BA,Nordeste,54.2,0.09739191515215359,False,False
2701704,AL,Nordeste,63.75,0.09737351416685433,False,False
5108303,MT,Centro-Oeste,95.66,0.0973269425213196,False,False
3202256,ES,Sudeste,81.79,0.09730476500398137,False,False
3139805,MG,Sudeste,93.75,0.097301356898574,False,False
5201702,GO,Centro-Oeste,72.55,0.09720819010674704,False,False
2611903,PE,Nordeste,98.17,0.09717826290354678,False,False
2209005,PI,Nordeste,75.05,0.09708855683852124,False,False
2906600,BA,Nordeste,70.32,0.09708483684481006,False,False
5003702,MS,Centro-Oeste,62.01,0.09707222836920591,False,False
2910305,BA,Nordeste,83.25,0.09702535225402345,False,False
1100064,RO,Norte,78.27,0.09695510660282936,False,False
2906907,BA,Nordeste,60.05,0.09693330081013922,False,False
2918803,BA,Nordeste,64.4,0.09686120762835095,False,False
2900603,BA,Nordeste,54.61,0.0968438037196874,False,False
3158508,MG,Sudeste,89.84,0.09679324991238691,False,False
1702703,TO,Norte,88.73,0.09670333931405914,False,False
5108857,MT,Centro-Oeste,85.48,0.0966560810171486,False,False
5106216,MT,Centro-Oeste,80.17,0.09662926571364248,False,False
2704708,AL,Nordeste,67.28,0.09661778008141748,False,False
2501575,PB,Nordeste,77.78,0.09660291482644787,False,False
5108352,MT,Centro-Oeste,76.28,0.09646993222615953,False,False
3146206,MG,Sudeste,75.86,0.09634014183759973,False,False
2913309,BA,Nordeste,49.38,0.09626293442361122,False,False
3138351,MG,Sudeste,91.75,0.09625507208576242,False,False
1600279,AP,Norte,81.63,0.09622268711964516,False,False
2706703,AL,Nordeste,73.02,0.0962172859367798,False,False
2910909,BA,Nordeste,82.25,0.09613168845757576,False,False
2907509,BA,Nordeste,68.43,0.09612534683663117,False,False
2108405,MA,Nordeste,78.04,0.09608163274678122,False,False
2916401,BA,Nordeste,57.24,0.09606281782589988,False,False
2106102,MA,Nordeste,72.08,0.09602202657263458,False,False
1200708,AC,Norte,69.89,0.09602179795758645,False,False
1300086,AM,Norte,63.24,0.09588151524315582,False,False
3127354,MG,Sudeste,80.77,0.09579638251252452,False,False
2926707,BA,Nordeste,82.63,0.09578403348579834,False,False
2919504,BA,Nordeste,60.64,0.09575070172579286,False,False
2806909,SE,Nordeste,78.21,0.09573699951376456,False,False
3140555,MG,Sudeste,89.29,0.09570158942824127,False,False
2709400,AL,Nordeste,63.92,0.09564821056771286,False,False
3154903,MG,Sudeste,76.05,0.09564115359744224,False,False
2904506,BA,Nordeste,81.62,0.09559623261324067,False,False
3171006,MG,Sudeste,68.22,0.09553355446460869,False,False
2110807,MA,Nordeste,71.07,0.09545001806137829,False,False
2703106,AL,Nordeste,59.83,0.09542844355386254,False,False
2111904,MA,Nordeste,79.16,0.09542495312819842,False,False
2512002,PB,Nordeste,72.94,0.09535917667068941,False,False
5220702,GO,Centro-Oeste,72.59,0.09534276097673992,False,False
2205508,PI,Nordeste,70.86,0.09532978214459926,False,False
2921401,BA,Nordeste,55.55,0.09532837073760601,False,False
5211800,GO,Centro-Oeste,95.59,0.09531393015779586,False,False
1301506,AM,Norte,61.02,0.09524222464115752,False,False
3120508,MG,Sudeste,87.87,0.09521322296202774,False,False
1718659,TO,Norte,42.86,0.09519571400047498,False,False
2708402,AL,Nordeste,73.99,0.09517574663908689,False,False
2931202,BA,Nordeste,59.61,0.0951440625989728,False,False
1701051,TO,Norte,75.0,0.09510306602451919,False,False
3153806,MG,Sudeste,100.0,0.09503710319402409,False,False
2311264,CE,Nordeste,91.94,0.09503365106467804,False,False
5219456,GO,Centro-Oeste,100.0,0.09502466257950241,False,False
2308906,CE,Nordeste,92.35,0.09500076502098494,False,False
2200608,PI,Nordeste,92.78,0.09497337017533625,False,False
3146750,MG,Sudeste,73.22,0.09497254304571316,False,False
2209872,PI,Nordeste,64.85,0.09495805276211565,False,False
3135209,MG,Sudeste,51.15,0.09489353702589283,False,False
2931905,BA,Nordeste,60.77,0.09486259369230014,False,False
2916708,BA,Nordeste,80.02,0.09482065001696599,False,False
3156106,MG,Sudeste,92.76,0.09480068224571488,False,False
2908408,BA,Nordeste,50.86,0.09477983904178694,False,False
2908101,BA,Nordeste,74.83,0.0947692561130638,False,False
3106101,MG,Sudeste,73.88,0.09476042550770546,False,False
2908200,BA,Nordeste,52.82,0.09467403148803281,False,False
2933174,BA,Nordeste,84.12,0.09463466058004769,False,False
2906857,BA,Nordeste,64.8,0.09457338713208474,False,False
1700707,TO,Norte,83.24,0.0945306658286461,False,False
3131703,MG,Sudeste,75.02,0.09451051703360029,False,False
3139904,MG,Sudeste,90.33,0.09450658334072568,False,False
5102702,MT,Centro-Oeste,75.03,0.09449258528125357,False,False
5105580,MT,Centro-Oeste,83.59,0.09443495904726328,False,False
5002308,MS,Centro-Oeste,80.35,0.09441670937515448,False,False
1721257,TO,Norte,82.35,0.09440561710116317,False,False
2920007,BA,Nordeste,57.32,0.09439341510373193,False,False
3135704,MG,Sudeste,79.48,0.0943796411098065,False,False
5200258,GO,Centro-Oeste,66.89,0.09437923351248188,False,False
2909406,BA,Nordeste,67.93,0.0943501083344813,False,False
5210208,GO,Centro-Oeste,90.13,0.09431305179863757,False,False
2928505,BA,Nordeste,48.36,0.0942754377934471,False,False
5211602,GO,Centro-Oeste,100.0,0.09422290720002455,False,False
3102605,MG,Sudeste,79.13,0.09421377943909097,False,False
1718758,TO,Norte,53.18,0.09420587380012956,False,False
2411007,RN,Nordeste,66.96,0.09420388992672286,False,False
3111804,MG,Sudeste,92.91,0.09417559671667387,False,False
2911808,BA,Nordeste,49.51,0.09416462038439097,False,False
2707206,AL,Nordeste,69.53,0.09415135181910707,False,False
2511608,PB,Nordeste,79.22,0.09414431022630157,False,False
1720259,TO,Norte,91.45,0.09411670413669036,False,False
2111763,MA,Nordeste,77.35,0.09399759975465327,False,False
2910602,BA,Nordeste,45.2,0.09384275761893002,False,False
1702208,TO,Norte,63.24,0.09376743470109088,False,False
3107604,MG,Sudeste,85.06,0.09368486944119593,False,False
3129301,MG,Sudeste,81.86,0.09359243735003997,False,False
2901502,BA,Nordeste,69.98,0.09358486666769825,False,False
5003900,MS,Centro-Oeste,98.36,0.09356309208310258,False,False
5103361,MT,Centro-Oeste,98.46,0.09350694044844973,False,False
2905305,BA,Nordeste,44.74,0.09349939411610496,False,False
1712801,TO,Norte,49.49,0.09348755707830295,False,False
1702406,TO,Norte,61.36,0.09346063287785798,False,False
2207801,PI,Nordeste,78.27,0.09343933025051393,False,False
2907806,BA,Nordeste,61.2,0.09341834721522753,False,False
3166402,MG,Sudeste,80.77,0.0933763117095851,False,False
3122355,MG,Sudeste,73.58,0.09332255691078234,False,False
3130002,MG,Sudeste,79.07,0.09325605179224494,False,False
5215405,GO,Centro-Oeste,96.77,0.09325357945668418,False,False
2706406,AL,Nordeste,69.84,0.09321298109815768,False,False
2906808,BA,Nordeste,56.43,0.09318398159876992,False,False
2709152,AL,Nordeste,72.41,0.09310544718507482,False,False
2921500,BA,Nordeste,50.26,0.09307673026489297,False,False
2915205,BA,Nordeste,62.16,0.09302935422033463,False,False
2932457,BA,Nordeste,43.52,0.09300199515399686,False,False
3136520,MG,Sudeste,83.97,0.0929916826695587,False,False
3149606,MG,Sudeste,91.4,0.09298713193465574,False,False
2408508,RN,Nordeste,81.49,0.09294722229327601,False,False
2408904,RN,Nordeste,74.94,0.0929239734768747,False,False
2514602,PB,Nordeste,71.35,0.09288175308595652,False,False
3117504,MG,Sudeste,83.66,0.09284779545052776,False,False
5214507,GO,Centro-Oeste,81.85,0.09283550641655439,False,False
5103254,MT,Centro-Oeste,78.57,0.09283444061388058,False,False
5007935,MS,Centro-Oeste,94.13,0.09281215597892334,False,False
3110509,MG,Sudeste,73.53,0.09279096860841,False,False
5204904,GO,Centro-Oeste,83.32,0.0927656261177799,False,False
3139607,MG,Sudeste,71.74,0.0927095313075098,False,False
2105609,MA,Nordeste,79.08,0.09270220847252791,False,False
5100805,MT,Centro-Oeste,87.19,0.09269160383356324,False,False
1101468,RO,Norte,79.58,0.09268943244362061,False,False
5106307,MT,Centro-Oeste,76.17,0.09241247945251606,False,False
2312106,CE,Nordeste,94.68,0.09239879639312897,False,False
2205557,PI,Nordeste,79.88,0.09237359974811372,False,False
3135605,MG,Sudeste,78.96,0.09232552392532342,False,False
5006408,MS,Centro-Oeste,70.28,0.0923096499926907,False,False
1711803,TO,Norte,63.66,0.09230585403735034,False,False
3108404,MG,Sudeste,89.2,0.09228841463936548,False,False
5208400,GO,Centro-Oeste,90.43,0.09226023945338563,False,False
3142254,MG,Sudeste,74.64,0.09222258659637728,False,False
3166105,MG,Sudeste,74.58,0.09221101696233468,False,False
3107505,MG,Sudeste,78.16,0.09220999190878612,False,False
2301950,CE,Nordeste,90.47,0.09217774000987411,False,False
3165800,MG,Sudeste,88.89,0.09217483002760102,False,False
2929255,BA,Nordeste,57.09,0.09213908966139282,False,False
2703502,AL,Nordeste,92.86,0.09212520995090946,False,False
5202353,GO,Centro-Oeste,97.37,0.09209746496391852,False,False
1506583,PA,Norte,73.35,0.09198504419350659,False,False
3127107,MG,Sudeste,70.41,0.09190799049936003,False,False
2901205,BA,Nordeste,60.54,0.09190101937264374,False,False
2313906,CE,Nordeste,92.14,0.09189675163296694,False,False
3169505,MG,Sudeste,80.69,0.0918472701802501,False,False
5007950,MS,Centro-Oeste,78.14,0.0918020986358301,False,False
2603504,PE,Nordeste,81.65,0.0917991518266414,False,False
2701902,AL,Nordeste,79.27,0.09178114649291404,False,False
3118007,MG,Sudeste,80.9,0.09176604578944145,False,False
3132909,MG,Sudeste,82.85,0.09172842553924365,False,False
3201100,ES,Sudeste,79.87,0.09172166873840806,False,False
3150208,MG,Sudeste,84.72,0.09171372681395296,False,False
3134905,MG,Sudeste,82.52,0.0917091132819977,False,False
2500700,PB,Nordeste,78.27,0.09167378750928115,False,False
5203559,GO,Centro-Oeste,99.11,0.09166297957640591,False,False
3132503,MG,Sudeste,81.26,0.0916363214305363,False,False
2516201,PB,Nordeste,72.13,0.09163614471553,False,False
2102309,MA,Nordeste,75.2,0.09163598226658067,False,False
5101852,MT,Centro-Oeste,68.66,0.09157542717703154,False,False
5208707,GO,Centro-Oeste,80.01,0.09154051804238926,False,False
3138005,MG,Sudeste,96.29,0.09149218047554884,False,False
2901908,BA,Nordeste,40.29,0.09143410999590815,False,False
3112307,MG,Sudeste,74.5,0.09139316076763793,False,False
3162104,MG,Sudeste,80.9,0.09133658346793633,False,False
1703826,TO,Norte,81.33,0.09130910911562438,False,False
2602209,PE,Nordeste,94.13,0.09119933233349493,False,False
2200103,PI,Nordeste,80.81,0.0911891394020977,False,False
2916807,BA,Nordeste,60.77,0.09117965811972513,False,False
2507002,PB,Nordeste,70.69,0.09110447517481048,False,False
2615607,PE,Nordeste,76.24,0.0910888944044126,False,False
2311207,CE,Nordeste,94.81,0.09106757587964057,False,False
5202155,GO,Centro-Oeste,84.46,0.09093919531146165,False,False
5105200,MT,Centro-Oeste,69.28,0.09092438225126442,False,False
2910859,BA,Nordeste,53.18,0.09091136521402127,False,False
5106455,MT,Centro-Oeste,97.37,0.09089059428215392,False,False
3146909,MG,Sudeste,81.91,0.09087894080179644,False,False
5201504,GO,Centro-Oeste,91.72,0.09084886777565088,False,False
5221577,GO,Centro-Oeste,90.96,0.09084144409636438,False,False
1600402,AP,Norte,66.16,0.0907908888921929,False,False
3120706,MG,Sudeste,97.03,0.0907789179496316,False,False
3163706,MG,Sudeste,89.2,0.09075689408339765,False,False
2933158,BA,Nordeste,58.46,0.09072845011545659,False,False
3102308,MG,Sudeste,78.89,0.0906482563979754,False,False
2313559,CE,Nordeste,95.46,0.09064190881567379,False,False
2903508,BA,Nordeste,72.37,0.09055913750211295,False,False
5101803,MT,Centro-Oeste,79.79,0.0905563835543757,False,False
5003256,MS,Centro-Oeste,76.55,0.09052686600669846,False,False
3154150,MG,Sudeste,84.83,0.09041606964221656,False,False
3151503,MG,Sudeste,73.29,0.09041550995599082,False,False
3172103,MG,Sudeste,76.47,0.0903671473027175,False,False
1703057,TO,Norte,62.26,0.09035019526398955,False,False
2302404,CE,Nordeste,90.27,0.09034604416357878,False,False
3162922,MG,Sudeste,79.73,0.0903437309313377,False,False
5006200,MS,Centro-Oeste,79.56,0.09029910775682642,False,False
3171808,MG,Sudeste,75.98,0.09026313121377691,False,False
2414407,RN,Nordeste,63.98,0.09024165131694475,False,False
2110658,MA,Nordeste,70.36,0.09013097178212828,False,False
5103056,MT,Centro-Oeste,80.36,0.09008484544270348,False,False
5205521,GO,Centro-Oeste,78.69,0.09008200491259731,False,False
2922656,BA,Nordeste,59.8,0.09007999296001648,False,False
3144656,MG,Sudeste,79.29,0.09003555164705863,False,False
2914604,BA,Nordeste,67.93,0.0900299621601048,False,False
3103702,MG,Sudeste,85.0,0.09001463714399087,False,False
2931301,BA,Nordeste,58.56,0.09000741848625675,False,False
1703891,TO,Norte,63.23,0.08989586568690061,False,False
3140001,MG,Sudeste,73.8,0.08988273602885083,False,False
2902658,BA,Nordeste,78.83,0.08985916957471156,False,False
2700409,AL,Nordeste,56.36,0.08953225953498876,False,False
2907558,BA,Nordeste,76.38,0.08951937725433792,False,False
2926400,BA,Nordeste,66.04,0.08948570811946288,False,False
3109907,MG,Sudeste,83.13,0.08942615714129576,False,False
3123007,MG,Sudeste,76.2,0.08937756330736442,False,False
2904704,BA,Nordeste,47.2,0.08932637304766057,False,False
2900405,BA,Nordeste,44.74,0.08931632749257475,False,False
2932408,BA,Nordeste,59.6,0.0892540582683125,False,False
2901304,BA,Nordeste,78.87,0.08915566753381965,False,False
3146701,MG,Sudeste,80.86,0.08912867975462435,False,False
2918753,BA,Nordeste,54.87,0.08912022145620375,False,False
3121308,MG,Sudeste,79.77,0.0890637481164205,False,False
1200401,AC,Norte,69.25,0.08900426445736968,False,False
3101003,MG,Sudeste,75.48,0.0890035372474957,False,False
2708501,AL,Nordeste,61.55,0.08899337068896618,False,False
2802601,SE,Nordeste,73.17,0.08894573330839245,False,False
2203255,PI,Nordeste,74.58,0.08891330517243931,False,False
1720903,TO,Norte,72.31,0.0888699593974544,False,False
2203750,PI,Nordeste,75.48,0.08886819062686423,False,False
2909901,BA,Nordeste,52.08,0.08886148286473788,False,False
5215603,GO,Centro-Oeste,87.69,0.08873908596810016,False,False
2907707,BA,Nordeste,58.05,0.08852157280884695,False,False
2903003,BA,Nordeste,61.63,0.08846285529849186,False,False
2921609,BA,Nordeste,63.92,0.08846268777747911,False,False
2207934,PI,Nordeste,75.0,0.08843433066148564,False,False
5211404,GO,Centro-Oeste,100.0,0.08839560163312428,False,False
1711902,TO,Norte,59.32,0.08830354391575566,False,False
2914000,BA,Nordeste,56.31,0.08816949089496001,False,False
5203104,GO,Centro-Oeste,88.0,0.08812744995100953,False,False
2209203,PI,Nordeste,74.64,0.08810256588643767,False,False
2929370,BA,Nordeste,53.25,0.08805324443776033,False,False
5203575,GO,Centro-Oeste,76.1,0.08805280987530559,False,False
2413300,RN,Nordeste,65.4,0.08798435818660996,False,False
2307254,CE,Nordeste,98.39,0.08795604936178571,False,False
4110003,PR,Sul,74.26,0.08782447770136804,False,False
5100250,MT,Centro-Oeste,87.64,0.08779447136842122,False,False
2313708,CE,Nordeste,100.0,0.0877472180182321,False,False
5204656,GO,Centro-Oeste,88.7,0.08770298012219734,False,False
2105500,MA,Nordeste,64.03,0.08768811206548786,False,False
2923050,BA,Nordeste,58.54,0.0876249113306036,False,False
2922706,BA,Nordeste,49.53,0.08756188576856214,False,False
5006903,MS,Centro-Oeste,64.86,0.08755630156582409,False,False
3133006,MG,Sudeste,83.34,0.08753601788640976,False,False
2902609,BA,Nordeste,56.15,0.08752126073760112,False,False
2608107,PE,Nordeste,90.5,0.08744845047043848,False,False
3111903,MG,Sudeste,85.38,0.08743146064769643,False,False
3204203,ES,Sudeste,81.01,0.08738775252188338,False,False
5005707,MS,Centro-Oeste,72.64,0.0873646432936534,False,False
5204557,GO,Centro-Oeste,79.65,0.08720342424099094,False,False
2925253,BA,Nordeste,58.88,0.08719454766381644,False,False
3127073,MG,Sudeste,72.53,0.08715595776391684,False,False
2112506,MA,Nordeste,73.69,0.08711881688813627,False,False
5214705,GO,Centro-Oeste,93.33,0.08707286530398096,False,False
2706901,AL,Nordeste,72.64,0.08701856843851738,False,False
1600600,AP,Norte,74.95,0.08687964211612877,False,False
2901106,BA,Nordeste,66.4,0.086876468687009,False,False
2108702,MA,Nordeste,59.22,0.08682086672358617,False,False
2915304,BA,Nordeste,69.19,0.0867909537835073,False,False
2921203,BA,Nordeste,64.36,0.08671404401701165,False,False
2920700,BA,Nordeste,47.08,0.08668678068795503,False,False
1100106,RO,Norte,71.04,0.08662081777183178,False,False
2931608,BA,Nordeste,78.0,0.08656600561036397,False,False
2406908,RN,Nordeste,66.07,0.08649832635540919,False,False
5203939,GO,Centro-Oeste,100.0,0.08648435080841546,False,False
3107109,MG,Sudeste,72.32,0.08645591598537729,False,False
2502102,PB,Nordeste,72.22,0.08638625020820742,False,False
2911709,BA,Nordeste,72.16,0.08633603189594427,False,False
1100346,RO,Norte,79.8,0.08626452613495497,False,False
2806008,SE,Nordeste,68.18,0.08618206739370776,False,False
3101607,MG,Sudeste,76.61,0.08617425913616458,False,False
2606705,PE,Nordeste,76.48,0.08614712415646827,False,False
5207600,GO,Centro-Oeste,100.0,0.08611913124326613,False,False
5204854,GO,Centro-Oeste,95.75,0.08605274065631062,False,False
2700607,AL,Nordeste,61.28,0.08601835059900428,False,False
2704401,AL,Nordeste,64.85,0.0859353090946139,False,False
2208809,PI,Nordeste,63.07,0.08590053928788789,False,False
3156007,MG,Sudeste,78.22,0.08580718596767828,False,False
2920601,BA,Nordeste,74.72,0.08579929848693627,False,False
2208601,PI,Nordeste,68.63,0.08576237149253765,False,False
3151602,MG,Sudeste,77.22,0.08572228033349617,False,False
2924306,BA,Nordeste,68.84,0.08559469195245416,False,False
5205000,GO,Centro-Oeste,93.58,0.08552067416623398,False,False
3145604,MG,Sudeste,82.48,0.08551021442476954,False,False
2211357,PI,Nordeste,65.77,0.08546820242141352,False,False
5108907,MT,Centro-Oeste,79.11,0.0854593480352327,False,False
5002407,MS,Centro-Oeste,80.18,0.0854493009739887,False,False
3119302,MG,Sudeste,85.98,0.08544887068875494,False,False
5216403,GO,Centro-Oeste,100.0,0.08544831387601802,False,False
1600055,AP,Norte,69.59,0.08541265391702932,False,False
2920908,BA,Nordeste,46.98,0.08540599337016747,False,False
2925600,BA,Nordeste,54.79,0.08539179608430233,False,False
2705606,AL,Nordeste,68.12,0.08537081642918223,False,False
5214408,GO,Centro-Oeste,86.92,0.0853607829661984,False,False
2203909,PI,Nordeste,75.38,0.08531779754450551,False,False
3201803,ES,Sudeste,90.32,0.08530437545822898,False,False
5101902,MT,Centro-Oeste,82.37,0.08530250984852367,False,False
3135050,MG,Sudeste,68.2,0.0851598091706067,False,False
2202059,PI,Nordeste,76.04,0.08514199622661883,False,False
1706100,TO,Norte,66.41,0.08502772853268871,False,False
2915908,BA,Nordeste,55.77,0.08501581463308919,False,False
2921005,BA,Nordeste,77.23,0.08500450479388648,False,False
2922102,BA,Nordeste,52.72,0.08492879411620653,False,False
2703700,AL,Nordeste,70.91,0.08492847554170942,False,False
1717800,TO,Norte,77.78,0.08490780152019121,False,False
1709500,TO,Norte,64.26,0.08489358696387996,False,False
2903276,BA,Nordeste,72.44,0.08488129690869302,False,False
1706258,TO,Norte,62.88,0.0848213755952076,False,False
3120300,MG,Sudeste,78.88,0.08478002051619857,False,False
1717503,TO,Norte,53.89,0.08472875696306546,False,False
2612406,PE,Nordeste,69.7,0.08471809973462315,False,False
2924058,BA,Nordeste,67.83,0.08470281299006165,False,False
2905909,BA,Nordeste,65.88,0.08469687764329387,False,False
1718303,TO,Norte,52.26,0.08469381368571928,False,False
2609709,PE,Nordeste,88.28,0.08467669774786735,False,False
2504009,PB,Nordeste,69.34,0.08458370058672796,False,False
2905800,BA,Nordeste,51.44,0.0844846150074281,False,False
2612901,PE,Nordeste,71.07,0.08432746811915483,False,False
2100550,MA,Nordeste,64.35,0.08431076474738197,False,False
5204102,GO,Centro-Oeste,88.5,0.08415180407190925,False,False
2923704,BA,Nordeste,58.18,0.08410383824660723,False,False
2506301,PB,Nordeste,75.44,0.08401678328905957,False,False
2903102,BA,Nordeste,66.54,0.08401322032173425,False,False
2201408,PI,Nordeste,74.48,0.08390125297322955,False,False
2804300,SE,Nordeste,65.53,0.08389593496501559,False,False
2510006,PB,Nordeste,70.04,0.08382796787214498,False,False
5219712,GO,Centro-Oeste,97.88,0.08373876184173729,False,False
3140803,MG,Sudeste,76.02,0.0837223831186393,False,False
5007703,MS,Centro-Oeste,78.92,0.08364923327106658,False,False
1200450,AC,Norte,54.42,0.08359339798134482,False,False
1718907,TO,Norte,56.87,0.08358605370700228,False,False
3169703,MG,Sudeste,73.89,0.08353506144140765,False,False
1701309,TO,Norte,53.42,0.08341507184197323,False,False
5212907,GO,Centro-Oeste,100.0,0.08336605703290068,False,False
3122900,MG,Sudeste,89.2,0.08334311424741843,False,False
1300607,AM,Norte,68.16,0.08334079128491774,False,False
2614709,PE,Nordeste,79.54,0.08330400667256689,False,False
2900900,BA,Nordeste,50.46,0.08328924334382495,False,False
2408953,RN,Nordeste,51.04,0.08317623202660565,False,False
5216007,GO,Centro-Oeste,92.2,0.08314374438013772,False,False
3167004,MG,Sudeste,88.0,0.0831000354505175,False,False
5203401,GO,Centro-Oeste,95.49,0.0829690650052245,False,False
2910107,BA,Nordeste,78.99,0.08294252659681015,False,False
2708006,AL,Nordeste,58.3,0.08291495289847503,False,False
1713700,TO,Norte,67.62,0.08284698054049326,False,False
2100477,MA,Nordeste,71.77,0.08277661613440153,False,False
2310852,CE,Nordeste,95.27,0.08277313636486534,False,False
2911105,BA,Nordeste,50.18,0.08276582607898725,False,False
3101904,MG,Sudeste,71.35,0.08275542007623872,False,False
3125002,MG,Sudeste,74.29,0.0827392207627685,False,False
2304202,CE,Nordeste,91.83,0.08266693512628578,False,False
2414704,RN,Nordeste,50.0,0.08265775645176708,False,False
2504207,PB,Nordeste,66.36,0.08265545865477077,False,False
5106000,MT,Centro-Oeste,65.81,0.08263941969273797,False,False
1714302,TO,Norte,72.71,0.08261160552595515,False,False
2300507,CE,Nordeste,100.0,0.08259162178840414,False,False
2925808,BA,Nordeste,56.56,0.08258036081816308,False,False
5106752,MT,Centro-Oeste,78.48,0.08255231035637169,False,False
5106273,MT,Centro-Oeste,90.36,0.08228243666870626,False,False
5210307,GO,Centro-Oeste,100.0,0.08224606264691975,False,False
2706802,AL,Nordeste,70.52,0.0822223917392476,False,False
2907103,BA,Nordeste,59.27,0.08220709725520736,False,False
1712504,TO,Norte,67.06,0.08218052104638414,False,False
3106903,MG,Sudeste,83.13,0.0821588182941178,False,False
2918605,BA,Nordeste,70.72,0.08213069926972434,False,False
2208403,PI,Nordeste,75.38,0.08206675021475582,False,False
3144003,MG,Sudeste,78.49,0.08198730405199581,False,False
2926905,BA,Nordeste,69.3,0.08197819614214368,False,False
2211100,PI,Nordeste,78.15,0.08194817285331216,False,False
2412104,RN,Nordeste,74.16,0.08184487238635113,False,False
5216908,GO,Centro-Oeste,89.42,0.08165107979221951,False,False
2308203,CE,Nordeste,99.18,0.0816192820513734,False,False
3156304,MG,Sudeste,83.48,0.0815656348720149,False,False
2209351,PI,Nordeste,73.41,0.08150481656853177,False,False
5107602,MT,Centro-Oeste,76.49,0.08149590474547516,False,False
2917706,BA,Nordeste,59.94,0.08142435321297804,False,False
2932507,BA,Nordeste,66.3,0.08142405360737615,False,False
3167509,MG,Sudeste,89.83,0.08138832590208593,False,False
2516102,PB,Nordeste,73.58,0.08130047045858779,False,False
2805208,SE,Nordeste,47.4,0.0812219090048748,False,False
2701357,AL,Nordeste,89.3,0.0811892273124792,False,False
2907608,BA,Nordeste,55.68,0.08110010546538306,False,False
5213400,GO,Centro-Oeste,100.0,0.08084966035853298,False,False
3171402,MG,Sudeste,76.2,0.08077022094745709,False,False
5003306,MS,Centro-Oeste,61.82,0.08060578110221057,False,False
3139003,MG,Sudeste,80.71,0.0805526846476141,False,False
2701605,AL,Nordeste,79.42,0.08054255389344793,False,False
5218300,GO,Centro-Oeste,87.99,0.08053001730412293,False,False
2921104,BA,Nordeste,76.52,0.08050787518643672,False,False
2203271,PI,Nordeste,77.86,0.08047571936169003,False,False
2900108,BA,Nordeste,67.68,0.08045339212717557,False,False
2703908,AL,Nordeste,72.34,0.08043911694226705,False,False
1720309,TO,Norte,59.57,0.08043184801841853,False,False
3134509,MG,Sudeste,91.71,0.08041920184876764,False,False
2923605,BA,Nordeste,76.69,0.08039362401490492,False,False
3144375,MG,Sudeste,74.69,0.08037112386923793,False,False
3140605,MG,Sudeste,73.08,0.08016829312809733,False,False
2900207,BA,Nordeste,52.72,0.08012963401031706,False,False
1722081,TO,Norte,65.27,0.07992753751942587,False,False
2923357,BA,Nordeste,52.24,0.07992233876951288,False,False
2804904,SE,Nordeste,51.17,0.07985413902735085,False,False
2708907,AL,Nordeste,74.27,0.07980854159228085,False,False
2500304,PB,Nordeste,63.59,0.07963930534684026,False,False
3125309,MG,Sudeste,69.72,0.07961332277541079,False,False
5209705,GO,Centro-Oeste,80.39,0.07955745875691714,False,False
5219803,GO,Centro-Oeste,78.96,0.0795429796564807,False,False
2202802,PI,Nordeste,75.17,0.07951921004776949,False,False
2907905,BA,Nordeste,49.48,0.07946880052296422,False,False
5212204,GO,Centro-Oeste,87.96,0.07944606289998302,False,False
2912905,BA,Nordeste,63.41,0.07934484206669899,False,False
2502508,PB,Nordeste,74.04,0.07933353004808774,False,False
5219738,GO,Centro-Oeste,98.1,0.07921250838977119,False,False
5220157,GO,Centro-Oeste,96.84,0.07912506418796272,False,False
3142700,MG,Sudeste,72.28,0.07911910691993022,False,False
2605707,PE,Nordeste,74.5,0.07905472857245258,False,False
5200902,GO,Centro-Oeste,85.0,0.07904768675112618,False,False
3134004,MG,Sudeste,79.4,0.07902400496127586,False,False
3169406,MG,Sudeste,77.02,0.07902373116155167,False,False
2901601,BA,Nordeste,69.71,0.07900274963561564,False,False
3152907,MG,Sudeste,81.98,0.07881624183906441,False,False
3132602,MG,Sudeste,75.25,0.07878706924099951,False,False
5002001,MS,Centro-Oeste,78.25,0.07865671108204847,False,False
3149507,MG,Sudeste,81.66,0.07860472123218627,False,False
2910750,BA,Nordeste,64.28,0.0785508600469703,False,False
2703403,AL,Nordeste,79.66,0.07840081388960693,False,False
5103502,MT,Centro-Oeste,80.34,0.07839132657284974,False,False
2707008,AL,Nordeste,75.86,0.0783548389777395,False,False
2931806,BA,Nordeste,75.13,0.07829850860903836,False,False
5101704,MT,Centro-Oeste,71.75,0.07821644463946142,False,False
5000708,MS,Centro-Oeste,56.32,0.07820876260180713,False,False
2205599,PI,Nordeste,74.83,0.07816775467949842,False,False
2202000,PI,Nordeste,77.64,0.07791202112502853,False,False
5212956,GO,Centro-Oeste,94.21,0.07784549701318706,False,False
3149101,MG,Sudeste,78.65,0.07777875452913477,False,False
5219209,GO,Centro-Oeste,92.17,0.07777473805065116,False,False
2303808,CE,Nordeste,92.37,0.07776839614189925,False,False
2927507,BA,Nordeste,51.41,0.07768646230735675,False,False
5215652,GO,Centro-Oeste,96.91,0.07766559810047607,False,False
2104206,MA,Nordeste,75.86,0.0776540257836111,False,False
1711951,TO,Norte,51.61,0.07764497250621316,False,False
5217401,GO,Centro-Oeste,76.73,0.07749318446315,False,False
5106208,MT,Centro-Oeste,77.42,0.07744125622783858,False,False
5003504,MS,Centro-Oeste,72.2,0.07739822981509945,False,False
3120102,MG,Sudeste,76.6,0.07738245429986934,False,False
3140308,MG,Sudeste,40.23,0.0772655708681482,False,False
2912202,BA,Nordeste,80.96,0.07715618530195699,False,False
5218003,GO,Centro-Oeste,65.5,0.07714464675585044,False,False
5220603,GO,Centro-Oeste,94.18,0.07714359647150949,False,False
2210003,PI,Nordeste,70.55,0.07711458454448718,False,False
2310407,CE,Nordeste,98.97,0.07710632920777775,False,False
2922052,BA,Nordeste,54.0,0.07708011681373625,False,False
2925931,BA,Nordeste,75.63,0.07704179680623287,False,False
2930303,BA,Nordeste,62.58,0.07701895088513634,False,False
1700400,TO,Norte,66.12,0.07697040939499146,False,False
5203500,GO,Centro-Oeste,87.36,0.07691804353832356,False,False
3130507,MG,Sudeste,70.97,0.0768540658636487,False,False
3123106,MG,Sudeste,71.19,0.07681700341076318,False,False
3145802,MG,Sudeste,72.73,0.07674310072366919,False,False
3117876,MG,Sudeste,76.23,0.07674236570095315,False,False
5213905,GO,Centro-Oeste,94.97,0.07671688749737197,False,False
5218789,GO,Centro-Oeste,100.0,0.07670458645868045,False,False
5207808,GO,Centro-Oeste,94.12,0.07668669889891136,False,False
5220207,GO,Centro-Oeste,96.58,0.07665400092185415,False,False
3104502,MG,Sudeste,79.27,0.07664584538955083,False,False
5212055,GO,Centro-Oeste,92.86,0.0766403891307801,False,False
5004304,MS,Centro-Oeste,72.6,0.07663781116952063,False,False
5208103,GO,Centro-Oeste,92.11,0.0766191755921798,False,False
2111532,MA,Nordeste,72.67,0.07654580058936516,False,False
2933000,BA,Nordeste,68.27,0.07644630865911518,False,False
2505238,PB,Nordeste,55.57,0.07643447133093412,False,False
1500347,PA,Norte,71.47,0.0764209302192148,False,False
2706422,AL,Nordeste,72.57,0.07635481486363888,False,False
2310803,CE,Nordeste,93.42,0.07618455195217803,False,False
2404101,RN,Nordeste,76.5,0.07614238640618097,False,False
1702307,TO,Norte,65.18,0.07603708966999857,False,False
3140506,MG,Sudeste,78.19,0.07598615469204992,False,False
5108055,MT,Centro-Oeste,80.45,0.07597972511876518,False,False
3131505,MG,Sudeste,75.97,0.07596159858427387,False,False
1705508,TO,Norte,71.73,0.07595525269361617,False,False
2912608,BA,Nordeste,50.1,0.07595423843002941,False,False
1715259,TO,Norte,78.33,0.0759026252010775,False,False
3132107,MG,Sudeste,74.4,0.07589295770056878,False,False
3116100,MG,Sudeste,79.89,0.07587018399690497,False,False
2205300,PI,Nordeste,60.88,0.07579150777241471,False,False
2205102,PI,Nordeste,65.03,0.0757319585231606,False,False
5203807,GO,Centro-Oeste,88.37,0.07571908719465839,False,False
1101757,RO,Norte,73.98,0.07569575147839874,False,False
2906824,BA,Nordeste,53.85,0.07569149261019485,False,False
3159605,MG,Sudeste,77.75,0.07567007647959377,False,False
1720655,TO,Norte,60.32,0.07555131029110601,False,False
5108600,MT,Centro-Oeste,79.87,0.07553002017766984,False,False
2929750,BA,Nordeste,69.88,0.07551163838961564,False,False
5203302,GO,Centro-Oeste,79.66,0.07550173462864421,False,False
5213756,GO,Centro-Oeste,89.75,0.07543135538995463,False,False
2305803,CE,Nordeste,91.09,0.07540642875200013,False,False
2701308,AL,Nordeste,63.64,0.07530035369714592,False,False
2310100,CE,Nordeste,89.72,0.07515553467933915,False,False
5218102,GO,Centro-Oeste,93.85,0.07509560800356571,False,False
2205581,PI,Nordeste,57.68,0.07501230722629204,False,False
2917805,BA,Nordeste,73.43,0.07497980092796627,False,False
1716653,TO,Norte,68.11,0.07497237177296895,False,False
3132701,MG,Sudeste,78.38,0.07496907480175032,False,False
2906204,BA,Nordeste,61.93,0.074829610990298,False,False
5215900,GO,Centro-Oeste,90.93,0.07482274340055618,False,False
1712454,TO,Norte,64.09,0.07478624012702235,False,False
2901809,BA,Nordeste,76.91,0.07474763302931946,False,False
2305704,CE,Nordeste,93.67,0.074731659370452,False,False
2926103,BA,Nordeste,49.59,0.07471443445361561,False,False
2514008,PB,Nordeste,70.93,0.07445843688975183,False,False
2313757,CE,Nordeste,94.53,0.07442027430371893,False,False
2909208,BA,Nordeste,62.1,0.07437282009414649,False,False
5201306,GO,Centro-Oeste,96.96,0.07431575326681854,False,False
2921054,BA,Nordeste,74.67,0.07422252593510122,False,False
3127305,MG,Sudeste,70.16,0.07392084249987459,False,False
5219902,GO,Centro-Oeste,92.8,0.07388950357195935,False,False
2302503,CE,Nordeste,91.7,0.07385282834211437,False,False
3130051,MG,Sudeste,77.48,0.07381191892209653,False,False
5210000,GO,Centro-Oeste,93.05,0.0737979770519627,False,False
5002605,MS,Centro-Oeste,65.15,0.07371450587393666,False,False
3128105,MG,Sudeste,77.54,0.07367431263780892,False,False
2916203,BA,Nordeste,69.8,0.0736341500461624,False,False
3164431,MG,Sudeste,82.78,0.07361053140816345,False,False
5215801,GO,Centro-Oeste,96.02,0.07359483223686897,False,False
3125705,MG,Sudeste,74.5,0.07358095624181273,False,False
3145208,MG,Sudeste,74.65,0.07356278640087623,False,False
5105259,MT,Centro-Oeste,79.72,0.07355304922673615,False,False
3128709,MG,Sudeste,75.02,0.07348329868353015,False,False
5106828,MT,Centro-Oeste,75.09,0.07340570278269969,False,False
5103379,MT,Centro-Oeste,73.6,0.07338050356508845,False,False
5214101,GO,Centro-Oeste,97.73,0.0733593161292292,False,False
2807303,SE,Nordeste,63.65,0.07333120654125704,False,False
2902104,BA,Nordeste,42.67,0.07311371614002275,False,False
1101807,RO,Norte,79.0,0.07303962219422333,False,False
3127008,MG,Sudeste,81.25,0.07297408617953656,False,False
3116902,MG,Sudeste,80.36,0.072971500101812,False,False
3114105,MG,Sudeste,91.09,0.07288245582646835,False,False
2904050,BA,Nordeste,77.27,0.07288132810636788,False,False
2708808,AL,Nordeste,72.35,0.07273044235836489,False,False
5211206,GO,Centro-Oeste,92.31,0.07255159514502928,False,False
5221601,GO,Centro-Oeste,79.5,0.07251386422941662,False,False
1718501,TO,Norte,53.26,0.0724362111796887,False,False
2402907,RN,Nordeste,68.42,0.07243505884724526,False,False
5220504,GO,Centro-Oeste,87.16,0.0724017848022616,False,False
5221452,GO,Centro-Oeste,100.0,0.07237458529935434,False,False
1100452,RO,Norte,76.0,0.07228430380103273,False,False
5215256,GO,Centro-Oeste,94.44,0.0722004972336077,False,False
2200251,PI,Nordeste,76.86,0.07216219967561503,False,False
3152105,MG,Sudeste,74.0,0.07213622464376504,False,False
3101102,MG,Sudeste,73.88,0.07213386921610733,False,False
2405702,RN,Nordeste,64.57,0.07212166238140891,False,False
5006309,MS,Centro-Oeste,68.56,0.07204265312665678,False,False
2202307,PI,Nordeste,56.55,0.07204065284466356,False,False
2921302,BA,Nordeste,66.03,0.07196962725006495,False,False
2707909,AL,Nordeste,64.86,0.07190358984985788,False,False
2918506,BA,Nordeste,58.49,0.07189511352746743,False,False
2927606,BA,Nordeste,57.57,0.07175573871459934,False,False
5107578,MT,Centro-Oeste,73.44,0.07152604692652503,False,False
1716604,TO,Norte,72.18,0.07151888219277441,False,False
5210406,GO,Centro-Oeste,90.82,0.07146076810781925,False,False
5210901,GO,Centro-Oeste,94.2,0.0714278519351245,False,False
3132404,MG,Sudeste,81.13,0.07138645610228334,False,False
3143906,MG,Sudeste,79.33,0.071349994380087,False,False
1701903,TO,Norte,63.0,0.07124521535421693,False,False
2801603,SE,Nordeste,66.1,0.07121971574668352,False,False
5107958,MT,Centro-Oeste,76.99,0.07121724624797705,False,False
2201309,PI,Nordeste,75.06,0.07116295797676608,False,False
2922904,BA,Nordeste,55.7,0.0711087468663926,False,False
1703909,TO,Norte,70.37,0.0710390486188151,False,False
2305233,CE,Nordeste,97.67,0.07094880845869311,False,False
5108105,MT,Centro-Oeste,75.48,0.07089729222632833,False,False
1709302,TO,Norte,61.37,0.07085343348649058,False,False
2924108,BA,Nordeste,58.4,0.07082662136480944,False,False
5201454,GO,Centro-Oeste,90.8,0.0708155137554726,False,False
2101905,MA,Nordeste,69.33,0.07080935270023506,False,False
5214861,GO,Centro-Oeste,98.25,0.07072537656411688,False,False
1718550,TO,Norte,59.79,0.07069858282248816,False,False
2305902,CE,Nordeste,98.24,0.07067316354394255,False,False
2802403,SE,Nordeste,60.49,0.0706246283743448,False,False
3133204,MG,Sudeste,77.94,0.0705651591469421,False,False
3127701,MG,Sudeste,71.88,0.0705331303519103,False,False
2905404,BA,Nordeste,67.67,0.0702401068422571,False,False
5107008,MT,Centro-Oeste,68.22,0.07023478885189913,False,False
2700201,AL,Nordeste,77.35,0.07023370565445658,False,False
2920809,BA,Nordeste,59.49,0.07018237430366041,False,False
1718451,TO,Norte,47.37,0.07003693978613713,False,False
2313500,CE,Nordeste,94.39,0.07003443478132637,False,False
2915353,BA,Nordeste,54.42,0.06994798869167962,False,False
2928901,BA,Nordeste,73.25,0.06990043373947782,False,False
5007554,MS,Centro-Oeste,75.58,0.06971588821237332,False,False
3139409,MG,Sudeste,75.94,0.06952148833128335,False,False
3124005,MG,Sudeste,79.9,0.0694705896557552,False,False
3130804,MG,Sudeste,92.55,0.06946876498837452,False,False
2919157,BA,Nordeste,67.04,0.06942397489812473,False,False
3138807,MG,Sudeste,75.85,0.06932798607057397,False,False
5219704,GO,Centro-Oeste,97.34,0.06927871987837746,False,False
2210383,PI,Nordeste,65.22,0.06927380621447889,False,False
2925709,BA,Nordeste,62.46,0.06919841808839405,False,False
2204352,PI,Nordeste,71.87,0.06918878567881488,False,False
2302305,CE,Nordeste,94.82,0.0691857981682929,False,False
2312403,CE,Nordeste,94.34,0.06914723245878304,False,False
5203203,GO,Centro-Oeste,93.05,0.06910385982508851,False,False
5220405,GO,Centro-Oeste,83.52,0.06900488341598612,False,False
3128253,MG,Sudeste,78.63,0.06897653855673912,False,False
5208905,GO,Centro-Oeste,79.76,0.06895354872410178,False,False
3144102,MG,Sudeste,76.19,0.06890758713458103,False,False
3119104,MG,Sudeste,78.81,0.0688750834868876,False,False
3157609,MG,Sudeste,78.67,0.06885907451758605,False,False
5001904,MS,Centro-Oeste,62.65,0.0688558782306118,False,False
5215702,GO,Centro-Oeste,77.06,0.06879447397983164,False,False
1703883,TO,Norte,68.61,0.06874451762046768,False,False
5209408,GO,Centro-Oeste,67.14,0.06864369235501507,False,False
5105101,MT,Centro-Oeste,79.87,0.06854748982402409,False,False
3169307,MG,Sudeste,71.07,0.06836875941173572,False,False
2911006,BA,Nordeste,53.92,0.06834892440378117,False,False
2312809,CE,Nordeste,100.0,0.06831557764668812,False,False
2311108,CE,Nordeste,94.06,0.06824927885603022,False,False
2932804,BA,Nordeste,62.37,0.06823736523009206,False,False
5004403,MS,Centro-Oeste,57.38,0.06809997127227023,False,False
5203962,GO,Centro-Oeste,74.14,0.06806432687503092,False,False
2207900,PI,Nordeste,70.11,0.06792684117348026,False,False
5218706,GO,Centro-Oeste,96.08,0.06790874564431983,False,False
1702000,TO,Norte,71.03,0.06783867341420675,False,False
1703842,TO,Norte,60.1,0.06776916032877564,False,False
2928950,BA,Nordeste,73.57,0.06765852912206806,False,False
5207253,GO,Centro-Oeste,89.78,0.06763904194295584,False,False
5006606,MS,Centro-Oeste,78.41,0.06747555209732539,False,False
1703867,TO,Norte,75.64,0.0674705904840885,False,False
3131604,MG,Sudeste,79.12,0.06740294345382727,False,False
5207501,GO,Centro-Oeste,100.0,0.06727441941900925,False,False
2313401,CE,Nordeste,90.31,0.06716905995920354,False,False
5204003,GO,Centro-Oeste,98.69,0.06713451700846639,False,False
5108402,MT,Centro-Oeste,70.79,0.06701994132195878,False,False
5201603,GO,Centro-Oeste,96.1,0.06690450553135761,False,False
2309508,CE,Nordeste,95.36,0.06680535057094739,False,False
1718709,TO,Norte,60.25,0.06680158404318318,False,False
1718006,TO,Norte,60.36,0.06655895525612318,False,False
1703073,TO,Norte,47.43,0.06652069125188838,False,False
3162500,MG,Sudeste,76.15,0.06637483262890737,False,False
3129905,MG,Sudeste,69.08,0.06624312278113012,False,False
2304236,CE,Nordeste,97.67,0.06607641721293224,False,False
1716307,TO,Norte,44.35,0.06606573225543089,False,False
5213772,GO,Centro-Oeste,93.98,0.06600975202820505,False,False
1707108,TO,Norte,75.24,0.0659454653545416,False,False
5222302,GO,Centro-Oeste,87.57,0.06578450696869301,False,False
5209804,GO,Centro-Oeste,97.25,0.06575482936438093,False,False
5106232,MT,Centro-Oeste,76.35,0.06568286509143248,False,False
2923506,BA,Nordeste,78.31,0.06566952740264373,False,False
2312601,CE,Nordeste,96.05,0.06558571510733528,False,False
1722107,TO,Norte,61.39,0.06551284703015257,False,False
5005004,MS,Centro-Oeste,58.31,0.06537653245917818,False,False
2922300,BA,Nordeste,60.33,0.06530201122975056,False,False
5208608,GO,Centro-Oeste,91.69,0.06528277322792271,False,False
1701101,TO,Norte,70.65,0.06514521806516939,False,False
3103751,MG,Sudeste,79.46,0.06504924872973263,False,False
5200803,GO,Centro-Oeste,78.43,0.06504271828468386,False,False
3114550,MG,Sudeste,78.06,0.06499713577779294,False,False
2906709,BA,Nordeste,68.41,0.06494742861677855,False,False
2931103,BA,Nordeste,64.27,0.06483284453019386,False,False
3147105,MG,Sudeste,76.14,0.06455942680660562,False,False
2922607,BA,Nordeste,70.55,0.06454232690761084,False,False
5200134,GO,Centro-Oeste,80.42,0.06451664609844714,False,False
2304509,CE,Nordeste,98.8,0.06446206110452987,False,False
2304806,CE,Nordeste,92.48,0.06446185529901186,False,False
5213087,GO,Centro-Oeste,91.18,0.06442725211376994,False,False
5208509,GO,Centro-Oeste,65.59,0.06441581007511461,False,False
2913101,BA,Nordeste,56.4,0.06439629860329137,False,False
5208806,GO,Centro-Oeste,89.67,0.06432677001991796,False,False
2911204,BA,Nordeste,73.19,0.06424384963326744,False,False
2929800,BA,Nordeste,51.5,0.06415678047971643,False,False
2305605,CE,Nordeste,100.0,0.06399261518638337,False,False
2311801,CE,Nordeste,93.43,0.06392562541545062,False,False
2305100,CE,Nordeste,100.0,0.06377086022156778,False,False
2902203,BA,Nordeste,62.63,0.06334108926697024,False,False
1704105,TO,Norte,71.43,0.06322965522932521,False,False
2917003,BA,Nordeste,58.88,0.06316692011806231,False,False
5216809,GO,Centro-Oeste,95.91,0.0631596235986319,False,False
2907004,BA,Nordeste,68.9,0.06309226385294656,False,False
5106778,MT,Centro-Oeste,73.69,0.06307674005306281,False,False
5212501,GO,Centro-Oeste,78.77,0.06290688914241938,False,False
5209150,GO,Centro-Oeste,80.63,0.06281031390364449,False,False
2907400,BA,Nordeste,47.06,0.06272497721051246,False,False
3110905,MG,Sudeste,69.49,0.06256350980620401,False,False
5102504,MT,Centro-Oeste,70.84,0.06253897588548235,False,False
5102694,MT,Centro-Oeste,59.28,0.06251562276617106,False,False
2304269,CE,Nordeste,95.06,0.062387294799154704,False,False
2928307,BA,Nordeste,53.65,0.062383711779547255,False,False
2307908,CE,Nordeste,100.0,0.06237208058034604,False,False
2303931,CE,Nordeste,95.85,0.062314791143012666,False,False
2304657,CE,Nordeste,96.24,0.06216092610841701,False,False
5212709,GO,Centro-Oeste,77.92,0.062136033420363904,False,False
2918357,BA,Nordeste,70.44,0.06212913135841333,False,False
2304608,CE,Nordeste,94.49,0.062127028944197187,False,False
5212808,GO,Centro-Oeste,97.69,0.061878529638090096,False,False
5203609,GO,Centro-Oeste,80.85,0.06176859621388982,False,False
2922805,BA,Nordeste,75.09,0.06166194747020755,False,False
2929404,BA,Nordeste,62.58,0.061572280534985896,False,False
3119401,MG,Sudeste,71.1,0.06142897150218834,False,False
5007208,MS,Centro-Oeste,63.9,0.06123692786706498,False,False
3113404,MG,Sudeste,74.56,0.06114365052337083,False,False
3146107,MG,Sudeste,76.33,0.06106134949516471,False,False
2314003,CE,Nordeste,93.2,0.060904897672965426,False,False
5221007,GO,Centro-Oeste,97.48,0.0606572046274877,False,False
5206404,GO,Centro-Oeste,83.64,0.06063761406266998,False,False
1713809,TO,Norte,61.98,0.060545338793791356,False,False
5218904,GO,Centro-Oeste,96.36,0.06037184213372618,False,False
2302057,CE,Nordeste,99.57,0.06028655700874722,False,False
2309003,CE,Nordeste,100.0,0.05973790125952147,False,False
2300804,CE,Nordeste,95.45,0.05954770863911662,False,False
5214838,GO,Centro-Oeste,89.86,0.05917568024156373,False,False
2310258,CE,Nordeste,99.39,0.05911190500556313,False,False
2609303,PE,Nordeste,65.93,0.059083688944542155,False,False
5218607,GO,Centro-Oeste,94.45,0.05895007293786288,False,False
1714203,TO,Norte,74.92,0.05865266816054752,False,False
2930808,BA,Nordeste,62.78,0.05862236497482287,False,False
5209952,GO,Centro-Oeste,85.85,0.058553364387392615,False,False
5219753,GO,Centro-Oeste,75.09,0.05848719357146755,False,False
5214002,GO,Centro-Oeste,70.56,0.05813630043564334,False,False
2706208,AL,Nordeste,77.35,0.05805472840170325,False,False
2308807,CE,Nordeste,99.01,0.05798419559767604,False,False
2903235,BA,Nordeste,78.02,0.05794766501457382,False,False
3103504,MG,Sudeste,72.16,0.057804879403831784,False,False
2911501,BA,Nordeste,63.15,0.0577781608463331,False,False
3113800,MG,Sudeste,79.65,0.05773821768134623,False,False
2312007,CE,Nordeste,99.29,0.05735357904839766,False,False
2303402,CE,Nordeste,97.01,0.05729489889586262,False,False
5204953,GO,Centro-Oeste,91.7,0.05702483574540087,False,False
5202809,GO,Centro-Oeste,91.02,0.056958489005836006,False,False
3130101,MG,Sudeste,75.1,0.05678899698898897,False,False
2304301,CE,Nordeste,97.91,0.05606474117543009,False,False
2919603,BA,Nordeste,72.22,0.0558619450497361,False,False
5204706,GO,Centro-Oeste,92.65,0.055670383073307655,False,False
2900355,BA,Nordeste,78.14,0.05559867135004636,False,False
2923308,BA,Nordeste,66.14,0.05425964795000597,False,False
5210109,GO,Centro-Oeste,76.94,0.054083300634656266,False,False
2304251,CE,Nordeste,98.09,0.05391031000490509,False,False
2308351,CE,Nordeste,100.0,0.05358384045217221,False,False
5108501,MT,Centro-Oeste,67.82,0.053276570573656465,False,False
2920205,BA,Nordeste,70.04,0.05315423475921668,False,False
5104609,MT,Centro-Oeste,72.48,0.053145198352695544,False,False
2304905,CE,Nordeste,100.0,0.052989369577501826,False,False
2308005,CE,Nordeste,97.98,0.05228118927092637,False,False
5101258,MT,Centro-Oeste,76.25,0.05226944427194525,False,False
5211008,GO,Centro-Oeste,63.62,0.05222129550839334,False,False
2307635,CE,Nordeste,96.17,0.05210954368420575,False,False
2916500,BA,Nordeste,60.84,0.05197092483318102,False,False
5201405,GO,Centro-Oeste,74.89,0.05192023526489406,False,False
2304004,CE,Nordeste,100.0,0.05191810598487121,False,False
5107206,MT,Centro-Oeste,78.52,0.05099079791464212,False,False
2900306,BA,Nordeste,56.47,0.05091793512163322,False,False
2308609,CE,Nordeste,100.0,0.05057702010893028,False,False
5200555,GO,Centro-Oeste,87.69,0.050500000190284514,False,False
5104807,MT,Centro-Oeste,77.56,0.050245916246181875,False,False
2919900,BA,Nordeste,46.48,0.04981355077021806,False,False
2929701,BA,Nordeste,50.32,0.04972528724402638,False,False
2913457,BA,Nordeste,65.57,0.04916747936235431,False,False
5221858,GO,Centro-Oeste,71.21,0.048853339259665604,False,False
2313005,CE,Nordeste,98.98,0.04884663192936378,False,False
2304350,CE,Nordeste,100.0,0.04819336021395799,False,False
3154804,MG,Sudeste,79.49,0.047228584977998866,False,False
3143005,MG,Sudeste,77.9,0.046997043602492766,False,False
2306207,CE,Nordeste,97.05,0.046673174544910705,False,False
2303105,CE,Nordeste,99.49,0.04652011407825914,False,False
2313252,CE,Nordeste,96.93,0.04619122293076094,False,False
3141108,MG,Sudeste,73.4,0.046091788586043674,False,False
2303303,CE,Nordeste,94.99,0.04576214537030127,False,False
5105622,MT,Centro-Oeste,76.91,0.04566687077081152,False,False
5105002,MT,Centro-Oeste,70.6,0.045519597328562124,False,False
2301257,CE,Nordeste,100.0,0.04539377444658432,False,False
5220454,GO,Centro-Oeste,68.86,0.04507516374141123,False,False
2303956,CE,Nordeste,99.55,0.044917243569014324,False,False
3122009,MG,Sudeste,75.06,0.044863330193126924,False,False
2311231,CE,Nordeste,98.7,0.04483993087078277,False,False
5103353,MT,Centro-Oeste,65.17,0.04464174951315569,False,False
2312908,CE,Nordeste,96.85,0.04405589487556962,False,False
2300606,CE,Nordeste,98.73,0.04390805798585352,False,False
2313203,CE,Nordeste,98.5,0.0436202580007598,False,False
2300705,CE,Nordeste,97.69,0.04358952369510304,False,False
2303659,CE,Nordeste,98.84,0.04345087599627136,False,False
2312700,CE,Nordeste,100.0,0.04264944947528667,False,False
2309409,CE,Nordeste,99.18,0.042477161833509254,False,False
2311405,CE,Nordeste,98.2,0.04214858656011123,False,False
2309201,CE,Nordeste,100.0,0.042090518710390705,False,False
2305001,CE,Nordeste,98.18,0.04111436669535707,False,False
2310209,CE,Nordeste,96.01,0.040951280599287265,False,False
5105150,MT,Centro-Oeste,68.59,0.03982255313900073,False,False
2309102,CE,Nordeste,96.97,0.03964535107810091,False,False
2304707,CE,Nordeste,98.7,0.03958044385619828,False,False
2305332,CE,Nordeste,98.7,0.039473941109025086,False,False
2300200,CE,Nordeste,98.59,0.03797129871220823,False,False
2302800,CE,Nordeste,96.5,0.037668732364769614,False,False
2304103,CE,Nordeste,97.3,0.0372205705513791,False,False
5205455,GO,Centro-Oeste,76.55,0.03701723551368689,False,False
2306603,CE,Nordeste,99.62,0.03661977745809493,False,False
2310951,CE,Nordeste,100.0,0.03592561503259895,False,False
2312205,CE,Nordeste,96.6,0.035049280872095225,False,False
2309904,CE,Nordeste,98.5,0.034431666430125976,False,False
2302602,CE,Nordeste,97.57,0.03404304397485751,False,False
2310902,CE,Nordeste,99.35,0.03334671328199493,False,False
2308500,CE,Nordeste,99.13,0.03303632735566258,False,False
2305654,CE,Nordeste,99.11,0.03255407187967211,False,False
2301604,CE,Nordeste,99.35,0.03139551639281996,False,False
2306108,CE,Nordeste,96.55,0.02966303414667549,False,False
2305209,CE,Nordeste,98.05,0.02957861627378278,False,False
2313609,CE,Nordeste,96.67,0.02798041201597195,False,False
2311009,CE,Nordeste,99.34,0.026932465896911423,False,False
2311702,CE,Nordeste,98.04,0.026596966553413946,False,False
2313955,CE,Nordeste,99.23,0.026485341246819546,False,False
2312304,CE,Nordeste,97.2,0.026278410483229462,False,False
2309300,CE,Nordeste,98.81,0.02497133236192677,False,False
2310506,CE,Nordeste,99.77,0.020417582231127853,False,False
